Workbook
Name camusat_ocm: '[1]CAMUSAT OCM DB'!$A$1:$G$431
Name ihs_ocm: '[1]IHS OCM DB'!$A$1:$U$1703

Sheet Cells Huawei 23032026 8h
A1: Alarm Source | B1: Site code | C1: Ticket ID | D1: Powerco | E1: Topologie | F1: Alarm Name | G1: Summary | H1: Alarm Location Info | I1: First Occurred On | J1: Duration | K1: Possible Cause | L1: Raw Alarm Severity | M1: Domain | N1: Alarm Identifier | O1: Clearance Status | P1: Alarm Occurrences | Q1: Action Plan | R1: Action de resolution | S1: Date de resolution | T1: Comment | U1: Porteur | V1: RCA | W1: Causes | X1: SBC | Y1: Ville | Z1: Region | AA1: Temps | AB1: Nombre | AC1: STATUT Cells | AD1: Ages Cells | AE1: Jour d'extraction | AF1: SEMAINE | AG1: Occurrence
A2: SUO_222_H_Buea-Bakwere-Town-MTN | B2: =LEFT(A2,7) -> SUO_222 | C2: INC-20260323-00001351 | D2: #N/A | E2: #N/A | F2: BBU CPRI Interface Error | G2: Cabinet No.=0, Subrack No.=0, Slot No.=4, Port No.=0, Sub Port No.=0, Board Type=UBBP, Specific Problem=Receive No Signal Equipment Alarm | H2: Cabinet No.=0, Subrack No.=0, Slot No.=4, Port No.=0, Sub Port No.=0, Board Type=UBBP, Specific Problem=Receive No Signal | I2: 2026-03-22 23:52:30 | J2: =NOW()-I2 -> 4.8633595 | K2: INVALID_MESSAGE_RECEIVED | L2: Major | M2: RAN | N2: 160657224 1 OCM_NEW_U2020_RAN BBU CPRI Interface Error | O2: Uncleared | P2: 1 | T2: 19/03/2026: Relance faite a MTN ce jour || Escalade faite a silvain 18/03/2026 : Power instability || Mail sent to MTN | U2: MTN | V2: #N/A | W2: #N/A | Y2: =VLOOKUP(B2, [2]SBC!A$1:P$65536, 11, 0) -> Buéa | Z2: =LEFT(B2,3) -> SUO | AA2: =IF(J2 < 1/24, "T<1H", IF(AND(J2<2/24, J2>1/24), "1H<T<2H", IF(AND(J2<4/24, J2>2/24), "2H<T<4H", IF(AND(J2<8/24, J2>4/24), "4H<T<8H", IF(AND(J2<16/24, J2>8/24), "8H<T<16H",IF(AND(J2<24/24, J2>16/24),"16H<T<24H", IF(AND(J2<48/24, J2>24/24),"24H<T<48H",IF(AND(J2<72/24, J2>24/24),"48H<T<72H", "T>72H")))))))) -> T>72H | AB2: 1 | AC2: DOWN | AD2: Old case | AE2: 23/03/2026 8h | AF2: W13
A3: ADM_048_H_Ngd-Q-Haoussa_L | B3: =LEFT(A3,7) -> ADM_048 | C3: INC-20260322-00014363 | D3: #N/A | E3: #N/A | F3: Cell Unavailable | G3: eNodeB Function Name=ADM_048_H_Ngd-Q-Haoussa_L, Local Cell ID=63, Cell FDD TDD indication=TDD, NB-IoT Cell Flag=FALSE, Cell Name=ADM_048_H_Ngd-Q-Haoussa_L26_33, eNodeB ID=21048, Cell ID=63, Specific Problem=RF Power OFF Processing Error Alarm | H3: eNodeB Function Name=ADM_048_H_Ngd-Q-Haoussa_L, Local Cell ID=63, Cell FDD TDD indication=TDD, NB-IoT Cell Flag=FALSE, Cell Name=ADM_048_H_Ngd-Q-Haoussa_L26_33, eNodeB ID=21048, Cell ID=63, Specific Problem=RF Power OFF | I3: 2026-03-22 20:44:19 | J3: =NOW()-I3 -> 4.9940424 | K3: Unknown Probable Cause | L3: Major | M3: RAN-4G | N3: 160548282 1 OCM_NEW_U2020_RAN Cell Unavailable | O3: Uncleared | P3: 1 | T3: 23/03/2026 : Probable disjonction des breakers || Check Connectivite entre BBU & RRU/Check FO ou SFP | U3: TELEINFRA | V3: disjonction au niveau de DC | W3: disjonction des breakers | Y3: =VLOOKUP(B3, [2]SBC!A$1:P$65536, 11, 0) -> Ngaoundere | Z3: =LEFT(B3,3) -> ADM | AA3: =IF(J3 < 1/24, "T<1H", IF(AND(J3<2/24, J3>1/24), "1H<T<2H", IF(AND(J3<4/24, J3>2/24), "2H<T<4H", IF(AND(J3<8/24, J3>4/24), "4H<T<8H", IF(AND(J3<16/24, J3>8/24), "8H<T<16H",IF(AND(J3<24/24, J3>16/24),"16H<T<24H", IF(AND(J3<48/24, J3>24/24),"24H<T<48H",IF(AND(J3<72/24, J3>24/24),"48H<T<72H", "T>72H")))))))) -> T>72H | AB3: 1 | AC3: Up | AD3: New case | AE3: 23/03/2026 8h | AF3: W13
A4: ADM_048_H_Ngd-Q-Haoussa_L | B4: =LEFT(A4,7) -> ADM_048 | C4: INC-20260322-00014363 | D4: #N/A | E4: #N/A | F4: Cell Unavailable | G4: eNodeB Function Name=ADM_048_H_Ngd-Q-Haoussa_L, Local Cell ID=62, Cell FDD TDD indication=TDD, NB-IoT Cell Flag=FALSE, Cell Name=ADM_048_H_Ngd-Q-Haoussa_L26_23, eNodeB ID=21048, Cell ID=62, Specific Problem=RF Power OFF Processing Error Alarm | H4: eNodeB Function Name=ADM_048_H_Ngd-Q-Haoussa_L, Local Cell ID=62, Cell FDD TDD indication=TDD, NB-IoT Cell Flag=FALSE, Cell Name=ADM_048_H_Ngd-Q-Haoussa_L26_23, eNodeB ID=21048, Cell ID=62, Specific Problem=RF Power OFF | I4: 2026-03-22 20:44:19 | J4: =NOW()-I4 -> 4.9940424 | K4: Unknown Probable Cause | L4: Major | M4: RAN-4G | N4: 160548281 1 OCM_NEW_U2020_RAN Cell Unavailable | O4: Uncleared | P4: 1 | T4: 23/03/2026 : Probable disjonction des breakers || Check Connectivite entre BBU & RRU/Check FO ou SFP | U4: TELEINFRA | V4: disjonction au niveau de DC | W4: disjonction des breakers | Y4: =VLOOKUP(B4, [2]SBC!A$1:P$65536, 11, 0) -> Ngaoundere | Z4: =LEFT(B4,3) -> ADM | AA4: =IF(J4 < 1/24, "T<1H", IF(AND(J4<2/24, J4>1/24), "1H<T<2H", IF(AND(J4<4/24, J4>2/24), "2H<T<4H", IF(AND(J4<8/24, J4>4/24), "4H<T<8H", IF(AND(J4<16/24, J4>8/24), "8H<T<16H",IF(AND(J4<24/24, J4>16/24),"16H<T<24H", IF(AND(J4<48/24, J4>24/24),"24H<T<48H",IF(AND(J4<72/24, J4>24/24),"48H<T<72H", "T>72H")))))))) -> T>72H | AB4: 1 | AC4: Up | AD4: New case | AE4: 23/03/2026 8h | AF4: W13
A5: ADM_048_H_Ngd-Q-Haoussa_L | B5: =LEFT(A5,7) -> ADM_048 | C5: INC-20260322-00014363 | D5: #N/A | E5: #N/A | F5: Cell Unavailable | G5: eNodeB Function Name=ADM_048_H_Ngd-Q-Haoussa_L, Local Cell ID=61, Cell FDD TDD indication=TDD, NB-IoT Cell Flag=FALSE, Cell Name=ADM_048_H_Ngd-Q-Haoussa_L26_13, eNodeB ID=21048, Cell ID=61, Specific Problem=RF Power OFF Processing Error Alarm | H5: eNodeB Function Name=ADM_048_H_Ngd-Q-Haoussa_L, Local Cell ID=61, Cell FDD TDD indication=TDD, NB-IoT Cell Flag=FALSE, Cell Name=ADM_048_H_Ngd-Q-Haoussa_L26_13, eNodeB ID=21048, Cell ID=61, Specific Problem=RF Power OFF | I5: 2026-03-22 20:44:19 | J5: =NOW()-I5 -> 4.9940424 | K5: Unknown Probable Cause | L5: Major | M5: RAN-4G | N5: 160548280 1 OCM_NEW_U2020_RAN Cell Unavailable | O5: Uncleared | P5: 1 | T5: 23/03/2026 : Probable disjonction des breakers || Check Connectivite entre BBU & RRU/Check FO ou SFP | U5: TELEINFRA | V5: disjonction au niveau de DC | W5: disjonction des breakers | Y5: =VLOOKUP(B5, [2]SBC!A$1:P$65536, 11, 0) -> Ngaoundere | Z5: =LEFT(B5,3) -> ADM | AA5: =IF(J5 < 1/24, "T<1H", IF(AND(J5<2/24, J5>1/24), "1H<T<2H", IF(AND(J5<4/24, J5>2/24), "2H<T<4H", IF(AND(J5<8/24, J5>4/24), "4H<T<8H", IF(AND(J5<16/24, J5>8/24), "8H<T<16H",IF(AND(J5<24/24, J5>16/24),"16H<T<24H", IF(AND(J5<48/24, J5>24/24),"24H<T<48H",IF(AND(J5<72/24, J5>24/24),"48H<T<72H", "T>72H")))))))) -> T>72H | AB5: 1 | AC5: Up | AD5: New case | AE5: 23/03/2026 8h | AF5: W13
A6: ADM_048_H_Ngd-Q-Haoussa_L | B6: =LEFT(A6,7) -> ADM_048 | C6: INC-20260322-00014363 | D6: #N/A | E6: #N/A | F6: Cell Unavailable | G6: eNodeB Function Name=ADM_048_H_Ngd-Q-Haoussa_L, Local Cell ID=52, Cell FDD TDD indication=TDD, NB-IoT Cell Flag=FALSE, Cell Name=ADM_048_H_Ngd-Q-Haoussa_L26_22, eNodeB ID=21048, Cell ID=52, Specific Problem=RF Power OFF Processing Error Alarm | H6: eNodeB Function Name=ADM_048_H_Ngd-Q-Haoussa_L, Local Cell ID=52, Cell FDD TDD indication=TDD, NB-IoT Cell Flag=FALSE, Cell Name=ADM_048_H_Ngd-Q-Haoussa_L26_22, eNodeB ID=21048, Cell ID=52, Specific Problem=RF Power OFF | I6: 2026-03-22 20:44:19 | J6: =NOW()-I6 -> 4.9940424 | K6: Unknown Probable Cause | L6: Major | M6: RAN-4G | N6: 160548278 1 OCM_NEW_U2020_RAN Cell Unavailable | O6: Uncleared | P6: 1 | T6: 23/03/2026 : Probable disjonction des breakers || Check Connectivite entre BBU & RRU/Check FO ou SFP | U6: TELEINFRA | V6: disjonction au niveau de DC | W6: disjonction des breakers | Y6: =VLOOKUP(B6, [2]SBC!A$1:P$65536, 11, 0) -> Ngaoundere | Z6: =LEFT(B6,3) -> ADM | AA6: =IF(J6 < 1/24, "T<1H", IF(AND(J6<2/24, J6>1/24), "1H<T<2H", IF(AND(J6<4/24, J6>2/24), "2H<T<4H", IF(AND(J6<8/24, J6>4/24), "4H<T<8H", IF(AND(J6<16/24, J6>8/24), "8H<T<16H",IF(AND(J6<24/24, J6>16/24),"16H<T<24H", IF(AND(J6<48/24, J6>24/24),"24H<T<48H",IF(AND(J6<72/24, J6>24/24),"48H<T<72H", "T>72H")))))))) -> T>72H | AB6: 1 | AC6: Up | AD6: New case | AE6: 23/03/2026 8h | AF6: W13
A7: ADM_048_H_Ngd-Q-Haoussa_L | B7: =LEFT(A7,7) -> ADM_048 | C7: INC-20260322-00014363 | D7: #N/A | E7: #N/A | F7: Cell Unavailable | G7: eNodeB Function Name=ADM_048_H_Ngd-Q-Haoussa_L, Local Cell ID=12, Cell FDD TDD indication=FDD, NB-IoT Cell Flag=FALSE, Cell Name=ADM_048_H_Ngd-Q-Haoussa_L8_2, eNodeB ID=21048, Cell ID=12, Specific Problem=RF Power OFF Processing Error Alarm | H7: eNodeB Function Name=ADM_048_H_Ngd-Q-Haoussa_L, Local Cell ID=12, Cell FDD TDD indication=FDD, NB-IoT Cell Flag=FALSE, Cell Name=ADM_048_H_Ngd-Q-Haoussa_L8_2, eNodeB ID=21048, Cell ID=12, Specific Problem=RF Power OFF | I7: 2026-03-22 20:44:19 | J7: =NOW()-I7 -> 4.9940424 | K7: Unknown Probable Cause | L7: Major | M7: RAN-4G | N7: 160548277 1 OCM_NEW_U2020_RAN Cell Unavailable | O7: Uncleared | P7: 1 | T7: 23/03/2026 : Probable disjonction des breakers || Check Connectivite entre BBU & RRU/Check FO ou SFP | U7: TELEINFRA | V7: disjonction au niveau de DC | W7: disjonction des breakers | Y7: =VLOOKUP(B7, [2]SBC!A$1:P$65536, 11, 0) -> Ngaoundere | Z7: =LEFT(B7,3) -> ADM | AA7: =IF(J7 < 1/24, "T<1H", IF(AND(J7<2/24, J7>1/24), "1H<T<2H", IF(AND(J7<4/24, J7>2/24), "2H<T<4H", IF(AND(J7<8/24, J7>4/24), "4H<T<8H", IF(AND(J7<16/24, J7>8/24), "8H<T<16H",IF(AND(J7<24/24, J7>16/24),"16H<T<24H", IF(AND(J7<48/24, J7>24/24),"24H<T<48H",IF(AND(J7<72/24, J7>24/24),"48H<T<72H", "T>72H")))))))) -> T>72H | AB7: 1 | AC7: Up | AD7: New case | AE7: 23/03/2026 8h | AF7: W13
A8: ADM_048_H_Ngd-Q-Haoussa_L | B8: =LEFT(A8,7) -> ADM_048 | C8: INC-20260322-00014363 | D8: #N/A | E8: #N/A | F8: Cell Unavailable | G8: eNodeB Function Name=ADM_048_H_Ngd-Q-Haoussa_L, Local Cell ID=53, Cell FDD TDD indication=TDD, NB-IoT Cell Flag=FALSE, Cell Name=ADM_048_H_Ngd-Q-Haoussa_L26_32, eNodeB ID=21048, Cell ID=53, Specific Problem=RF Power OFF Processing Error Alarm | H8: eNodeB Function Name=ADM_048_H_Ngd-Q-Haoussa_L, Local Cell ID=53, Cell FDD TDD indication=TDD, NB-IoT Cell Flag=FALSE, Cell Name=ADM_048_H_Ngd-Q-Haoussa_L26_32, eNodeB ID=21048, Cell ID=53, Specific Problem=RF Power OFF | I8: 2026-03-22 20:44:19 | J8: =NOW()-I8 -> 4.9940424 | K8: Unknown Probable Cause | L8: Major | M8: RAN-4G | N8: 160548279 1 OCM_NEW_U2020_RAN Cell Unavailable | O8: Uncleared | P8: 1 | T8: 23/03/2026 : Probable disjonction des breakers || Check Connectivite entre BBU & RRU/Check FO ou SFP | U8: TELEINFRA | V8: disjonction au niveau de DC | W8: disjonction des breakers | Y8: =VLOOKUP(B8, [2]SBC!A$1:P$65536, 11, 0) -> Ngaoundere | Z8: =LEFT(B8,3) -> ADM | AA8: =IF(J8 < 1/24, "T<1H", IF(AND(J8<2/24, J8>1/24), "1H<T<2H", IF(AND(J8<4/24, J8>2/24), "2H<T<4H", IF(AND(J8<8/24, J8>4/24), "4H<T<8H", IF(AND(J8<16/24, J8>8/24), "8H<T<16H",IF(AND(J8<24/24, J8>16/24),"16H<T<24H", IF(AND(J8<48/24, J8>24/24),"24H<T<48H",IF(AND(J8<72/24, J8>24/24),"48H<T<72H", "T>72H")))))))) -> T>72H | AB8: 1 | AC8: Up | AD8: New case | AE8: 23/03/2026 8h | AF8: W13
A9: ADM_048_H_Ngd-Q-Haoussa_L | B9: =LEFT(A9,7) -> ADM_048 | C9: INC-20260322-00014363 | D9: #N/A | E9: #N/A | F9: Cell Unavailable | G9: eNodeB Function Name=ADM_048_H_Ngd-Q-Haoussa_L, Local Cell ID=1, Cell FDD TDD indication=FDD, NB-IoT Cell Flag=FALSE, Cell Name=ADM_048_H_Ngd-Q-Haoussa_L7_1, eNodeB ID=21048, Cell ID=1, Specific Problem=RF Power OFF Processing Error Alarm | H9: eNodeB Function Name=ADM_048_H_Ngd-Q-Haoussa_L, Local Cell ID=1, Cell FDD TDD indication=FDD, NB-IoT Cell Flag=FALSE, Cell Name=ADM_048_H_Ngd-Q-Haoussa_L7_1, eNodeB ID=21048, Cell ID=1, Specific Problem=RF Power OFF | I9: 2026-03-22 20:44:19 | J9: =NOW()-I9 -> 4.9940424 | K9: Unknown Probable Cause | L9: Major | M9: RAN-4G | N9: 160548283 1 OCM_NEW_U2020_RAN Cell Unavailable | O9: Uncleared | P9: 1 | T9: 23/03/2026 : Probable disjonction des breakers || Check Connectivite entre BBU & RRU/Check FO ou SFP | U9: TELEINFRA | V9: disjonction au niveau de DC | W9: disjonction des breakers | Y9: =VLOOKUP(B9, [2]SBC!A$1:P$65536, 11, 0) -> Ngaoundere | Z9: =LEFT(B9,3) -> ADM | AA9: =IF(J9 < 1/24, "T<1H", IF(AND(J9<2/24, J9>1/24), "1H<T<2H", IF(AND(J9<4/24, J9>2/24), "2H<T<4H", IF(AND(J9<8/24, J9>4/24), "4H<T<8H", IF(AND(J9<16/24, J9>8/24), "8H<T<16H",IF(AND(J9<24/24, J9>16/24),"16H<T<24H", IF(AND(J9<48/24, J9>24/24),"24H<T<48H",IF(AND(J9<72/24, J9>24/24),"48H<T<72H", "T>72H")))))))) -> T>72H | AB9: 1 | AC9: Up | AD9: New case | AE9: 23/03/2026 8h | AF9: W13
A10: ADM_048_H_Ngd-Q-Haoussa_L | B10: =LEFT(A10,7) -> ADM_048 | C10: INC-20260322-00014363 | D10: #N/A | E10: #N/A | F10: Cell Unavailable | G10: eNodeB Function Name=ADM_048_H_Ngd-Q-Haoussa_L, Local Cell ID=11, Cell FDD TDD indication=FDD, NB-IoT Cell Flag=FALSE, Cell Name=ADM_048_H_Ngd-Q-Haoussa_L8_1, eNodeB ID=21048, Cell ID=11, Specific Problem=RF Power OFF Processing Error Alarm | H10: eNodeB Function Name=ADM_048_H_Ngd-Q-Haoussa_L, Local Cell ID=11, Cell FDD TDD indication=FDD, NB-IoT Cell Flag=FALSE, Cell Name=ADM_048_H_Ngd-Q-Haoussa_L8_1, eNodeB ID=21048, Cell ID=11, Specific Problem=RF Power OFF | I10: 2026-03-22 20:44:19 | J10: =NOW()-I10 -> 4.9940424 | K10: Unknown Probable Cause | L10: Major | M10: RAN-4G | N10: 160548276 1 OCM_NEW_U2020_RAN Cell Unavailable | O10: Uncleared | P10: 1 | T10: 23/03/2026 : Probable disjonction des breakers || Check Connectivite entre BBU & RRU/Check FO ou SFP | U10: TELEINFRA | V10: disjonction au niveau de DC | W10: disjonction des breakers | Y10: =VLOOKUP(B10, [2]SBC!A$1:P$65536, 11, 0) -> Ngaoundere | Z10: =LEFT(B10,3) -> ADM | AA10: =IF(J10 < 1/24, "T<1H", IF(AND(J10<2/24, J10>1/24), "1H<T<2H", IF(AND(J10<4/24, J10>2/24), "2H<T<4H", IF(AND(J10<8/24, J10>4/24), "4H<T<8H", IF(AND(J10<16/24, J10>8/24), "8H<T<16H",IF(AND(J10<24/24, J10>16/24),"16H<T<24H", IF(AND(J10<48/24, J10>24/24),"24H<T<48H",IF(AND(J10<72/24, J10>24/24),"48H<T<72H", "T>72H")))))))) -> T>72H | AB10: 1 | AC10: Up | AD10: New case | AE10: 23/03/2026 8h | AF10: W13
A11: ADM_048_H_Ngd-Q-Haoussa_L | B11: =LEFT(A11,7) -> ADM_048 | C11: INC-20260322-00014363 | D11: #N/A | E11: #N/A | F11: Cell Unavailable | G11: eNodeB Function Name=ADM_048_H_Ngd-Q-Haoussa_L, Local Cell ID=2, Cell FDD TDD indication=FDD, NB-IoT Cell Flag=FALSE, Cell Name=ADM_048_H_Ngd-Q-Haoussa_L7_2, eNodeB ID=21048, Cell ID=2, Specific Problem=RF Power OFF Processing Error Alarm | H11: eNodeB Function Name=ADM_048_H_Ngd-Q-Haoussa_L, Local Cell ID=2, Cell FDD TDD indication=FDD, NB-IoT Cell Flag=FALSE, Cell Name=ADM_048_H_Ngd-Q-Haoussa_L7_2, eNodeB ID=21048, Cell ID=2, Specific Problem=RF Power OFF | I11: 2026-03-22 20:44:19 | J11: =NOW()-I11 -> 4.9940424 | K11: Unknown Probable Cause | L11: Major | M11: RAN-4G | N11: 160548274 1 OCM_NEW_U2020_RAN Cell Unavailable | O11: Uncleared | P11: 1 | T11: 23/03/2026 : Probable disjonction des breakers || Check Connectivite entre BBU & RRU/Check FO ou SFP | U11: TELEINFRA | V11: disjonction au niveau de DC | W11: disjonction des breakers | Y11: =VLOOKUP(B11, [2]SBC!A$1:P$65536, 11, 0) -> Ngaoundere | Z11: =LEFT(B11,3) -> ADM | AA11: =IF(J11 < 1/24, "T<1H", IF(AND(J11<2/24, J11>1/24), "1H<T<2H", IF(AND(J11<4/24, J11>2/24), "2H<T<4H", IF(AND(J11<8/24, J11>4/24), "4H<T<8H", IF(AND(J11<16/24, J11>8/24), "8H<T<16H",IF(AND(J11<24/24, J11>16/24),"16H<T<24H", IF(AND(J11<48/24, J11>24/24),"24H<T<48H",IF(AND(J11<72/24, J11>24/24),"48H<T<72H", "T>72H")))))))) -> T>72H | AB11: 1 | AC11: Up | AD11: New case | AE11: 23/03/2026 8h | AF11: W13
A12: ADM_048_H_Ngd-Q-Haoussa_L | B12: =LEFT(A12,7) -> ADM_048 | C12: INC-20260322-00014363 | D12: #N/A | E12: #N/A | F12: Cell Unavailable | G12: eNodeB Function Name=ADM_048_H_Ngd-Q-Haoussa_L, Local Cell ID=3, Cell FDD TDD indication=FDD, NB-IoT Cell Flag=FALSE, Cell Name=ADM_048_H_Ngd-Q-Haoussa_L7_3, eNodeB ID=21048, Cell ID=3, Specific Problem=RF Power OFF Processing Error Alarm | H12: eNodeB Function Name=ADM_048_H_Ngd-Q-Haoussa_L, Local Cell ID=3, Cell FDD TDD indication=FDD, NB-IoT Cell Flag=FALSE, Cell Name=ADM_048_H_Ngd-Q-Haoussa_L7_3, eNodeB ID=21048, Cell ID=3, Specific Problem=RF Power OFF | I12: 2026-03-22 20:44:19 | J12: =NOW()-I12 -> 4.9940424 | K12: Unknown Probable Cause | L12: Major | M12: RAN-4G | N12: 160548275 1 OCM_NEW_U2020_RAN Cell Unavailable | O12: Uncleared | P12: 1 | T12: 23/03/2026 : Probable disjonction des breakers || Check Connectivite entre BBU & RRU/Check FO ou SFP | U12: TELEINFRA | V12: disjonction au niveau de DC | W12: disjonction des breakers | Y12: =VLOOKUP(B12, [2]SBC!A$1:P$65536, 11, 0) -> Ngaoundere | Z12: =LEFT(B12,3) -> ADM | AA12: =IF(J12 < 1/24, "T<1H", IF(AND(J12<2/24, J12>1/24), "1H<T<2H", IF(AND(J12<4/24, J12>2/24), "2H<T<4H", IF(AND(J12<8/24, J12>4/24), "4H<T<8H", IF(AND(J12<16/24, J12>8/24), "8H<T<16H",IF(AND(J12<24/24, J12>16/24),"16H<T<24H", IF(AND(J12<48/24, J12>24/24),"24H<T<48H",IF(AND(J12<72/24, J12>24/24),"48H<T<72H", "T>72H")))))))) -> T>72H | AB12: 1 | AC12: Up | AD12: New case | AE12: 23/03/2026 8h | AF12: W13
A13: ADM_048_H_Ngd-Q-Haoussa_L | B13: =LEFT(A13,7) -> ADM_048 | C13: INC-20260322-00014363 | D13: #N/A | E13: #N/A | F13: Cell Unavailable | G13: eNodeB Function Name=ADM_048_H_Ngd-Q-Haoussa_L, Local Cell ID=42, Cell FDD TDD indication=TDD, NB-IoT Cell Flag=FALSE, Cell Name=ADM_048_H_Ngd-Q-Haoussa_L26_21, eNodeB ID=21048, Cell ID=42, Specific Problem=RF Power OFF Processing Error Alarm | H13: eNodeB Function Name=ADM_048_H_Ngd-Q-Haoussa_L, Local Cell ID=42, Cell FDD TDD indication=TDD, NB-IoT Cell Flag=FALSE, Cell Name=ADM_048_H_Ngd-Q-Haoussa_L26_21, eNodeB ID=21048, Cell ID=42, Specific Problem=RF Power OFF | I13: 2026-03-22 20:44:22 | J13: =NOW()-I13 -> 4.9940076 | K13: Unknown Probable Cause | L13: Major | M13: RAN-4G | N13: 160548291 1 OCM_NEW_U2020_RAN Cell Unavailable | O13: Uncleared | P13: 1 | T13: 23/03/2026 : Probable disjonction des breakers || Check Connectivite entre BBU & RRU/Check FO ou SFP | U13: TELEINFRA | V13: disjonction au niveau de DC | W13: disjonction des breakers | Y13: =VLOOKUP(B13, [2]SBC!A$1:P$65536, 11, 0) -> Ngaoundere | Z13: =LEFT(B13,3) -> ADM | AA13: =IF(J13 < 1/24, "T<1H", IF(AND(J13<2/24, J13>1/24), "1H<T<2H", IF(AND(J13<4/24, J13>2/24), "2H<T<4H", IF(AND(J13<8/24, J13>4/24), "4H<T<8H", IF(AND(J13<16/24, J13>8/24), "8H<T<16H",IF(AND(J13<24/24, J13>16/24),"16H<T<24H", IF(AND(J13<48/24, J13>24/24),"24H<T<48H",IF(AND(J13<72/24, J13>24/24),"48H<T<72H", "T>72H")))))))) -> T>72H | AB13: 1 | AC13: Up | AD13: New case | AE13: 23/03/2026 8h | AF13: W13
A14: ADM_048_H_Ngd-Q-Haoussa_L | B14: =LEFT(A14,7) -> ADM_048 | C14: INC-20260322-00014363 | D14: #N/A | E14: #N/A | F14: Cell Unavailable | G14: eNodeB Function Name=ADM_048_H_Ngd-Q-Haoussa_L, Local Cell ID=43, Cell FDD TDD indication=TDD, NB-IoT Cell Flag=FALSE, Cell Name=ADM_048_H_Ngd-Q-Haoussa_L26_31, eNodeB ID=21048, Cell ID=43, Specific Problem=RF Power OFF Processing Error Alarm | H14: eNodeB Function Name=ADM_048_H_Ngd-Q-Haoussa_L, Local Cell ID=43, Cell FDD TDD indication=TDD, NB-IoT Cell Flag=FALSE, Cell Name=ADM_048_H_Ngd-Q-Haoussa_L26_31, eNodeB ID=21048, Cell ID=43, Specific Problem=RF Power OFF | I14: 2026-03-22 20:44:22 | J14: =NOW()-I14 -> 4.9940076 | K14: Unknown Probable Cause | L14: Major | M14: RAN-4G | N14: 160548292 1 OCM_NEW_U2020_RAN Cell Unavailable | O14: Uncleared | P14: 1 | T14: 23/03/2026 : Probable disjonction des breakers || Check Connectivite entre BBU & RRU/Check FO ou SFP | U14: TELEINFRA | V14: disjonction au niveau de DC | W14: disjonction des breakers | Y14: =VLOOKUP(B14, [2]SBC!A$1:P$65536, 11, 0) -> Ngaoundere | Z14: =LEFT(B14,3) -> ADM | AA14: =IF(J14 < 1/24, "T<1H", IF(AND(J14<2/24, J14>1/24), "1H<T<2H", IF(AND(J14<4/24, J14>2/24), "2H<T<4H", IF(AND(J14<8/24, J14>4/24), "4H<T<8H", IF(AND(J14<16/24, J14>8/24), "8H<T<16H",IF(AND(J14<24/24, J14>16/24),"16H<T<24H", IF(AND(J14<48/24, J14>24/24),"24H<T<48H",IF(AND(J14<72/24, J14>24/24),"48H<T<72H", "T>72H")))))))) -> T>72H | AB14: 1 | AC14: Up | AD14: New case | AE14: 23/03/2026 8h | AF14: W13
... A17: ADM_048_H_Ngd-Q-Haoussa_L | B17: =LEFT(A17,7) -> ADM_048 | C17: INC-20260322-00014363 | D17: #N/A | E17: #N/A | F17: Cell Unavailable | G17: eNodeB Function Name=ADM_048_H_Ngd-Q-Haoussa_L, Local Cell ID=51, Cell FDD TDD indication=TDD, NB-IoT Cell Flag=FALSE, Cell Name=ADM_048_H_Ngd-Q-Haoussa_L26_12, eNodeB ID=21048, Cell ID=51, Specific Problem=RF Power OFF Processing Error Alarm | H17: eNodeB Function Name=ADM_048_H_Ngd-Q-Haoussa_L, Local Cell ID=51, Cell FDD TDD indication=TDD, NB-IoT Cell Flag=FALSE, Cell Name=ADM_048_H_Ngd-Q-Haoussa_L26_12, eNodeB ID=21048, Cell ID=51, Specific Problem=RF Power OFF | I17: 2026-03-22 20:44:22 | J17: =NOW()-I17 -> 4.9940076 | K17: Unknown Probable Cause | L17: Major | M17: RAN-4G | N17: 160548293 1 OCM_NEW_U2020_RAN Cell Unavailable | O17: Uncleared | P17: 1 | T17: 23/03/2026 : Probable disjonction des breakers || Check Connectivite entre BBU & RRU/Check FO ou SFP | U17: TELEINFRA | V17: disjonction au niveau de DC | W17: disjonction des breakers | Y17: =VLOOKUP(B17, [2]SBC!A$1:P$65536, 11, 0) -> Ngaoundere | Z17: =LEFT(B17,3) -> ADM | AA17: =IF(J17 < 1/24, "T<1H", IF(AND(J17<2/24, J17>1/24), "1H<T<2H", IF(AND(J17<4/24, J17>2/24), "2H<T<4H", IF(AND(J17<8/24, J17>4/24), "4H<T<8H", IF(AND(J17<16/24, J17>8/24), "8H<T<16H",IF(AND(J17<24/24, J17>16/24),"16H<T<24H", IF(AND(J17<48/24, J17>24/24),"24H<T<48H",IF(AND(J17<72/24, J17>24/24),"48H<T<72H", "T>72H")))))))) -> T>72H | AB17: 1 | AC17: Up | AD17: New case | AE17: 23/03/2026 8h | AF17: W13
A18: SUO_222_H_Buea-Bakwere-Town-MTN_L | B18: =LEFT(A18,7) -> SUO_222 | C18: INC-20260323-00001713 | D18: #N/A | E18: #N/A | F18: Cell Unavailable | G18: eNodeB Function Name=SUO_222_H_Buea-Bakwere-Town-MTN_L, Local Cell ID=21, Cell FDD TDD indication=FDD, NB-IoT Cell Flag=FALSE, Cell Name=SUO_222_H_Buea-Bakwere-Town-MTN_L18_1, eNodeB ID=15222, Cell ID=21, Specific Problem=RF module abnormal Processing Error Alarm | H18: eNodeB Function Name=SUO_222_H_Buea-Bakwere-Town-MTN_L, Local Cell ID=21, Cell FDD TDD indication=FDD, NB-IoT Cell Flag=FALSE, Cell Name=SUO_222_H_Buea-Bakwere-Town-MTN_L18_1, eNodeB ID=15222, Cell ID=21, Specific Problem=RF module abnormal | I18: 2026-03-23 02:08:00 | J18: =NOW()-I18 -> 4.7692623 | K18: Unknown Probable Cause | L18: Major | M18: RAN-4G | N18: 160657960 1 OCM_NEW_U2020_RAN Cell Unavailable | O18: Uncleared | P18: 1 | T18: 19/03/2026: Relance faite a MTN ce jour || Escalade faite a silvain 18/03/2026 : Power instability || Mail sent to MTN | U18: MTN | V18: #N/A | W18: #N/A | Y18: =VLOOKUP(B18, [2]SBC!A$1:P$65536, 11, 0) -> Buéa | Z18: =LEFT(B18,3) -> SUO | AA18: =IF(J18 < 1/24, "T<1H", IF(AND(J18<2/24, J18>1/24), "1H<T<2H", IF(AND(J18<4/24, J18>2/24), "2H<T<4H", IF(AND(J18<8/24, J18>4/24), "4H<T<8H", IF(AND(J18<16/24, J18>8/24), "8H<T<16H",IF(AND(J18<24/24, J18>16/24),"16H<T<24H", IF(AND(J18<48/24, J18>24/24),"24H<T<48H",IF(AND(J18<72/24, J18>24/24),"48H<T<72H", "T>72H")))))))) -> T>72H | AB18: 1 | AC18: DOWN | AD18: Old case | AE18: 23/03/2026 8h | AF18: W13
A19: NRD_040_H_Ouro-Kessoun_L | B19: =LEFT(A19,7) -> NRD_040 | C19: INC-20260323-00002332 | D19: #N/A | E19: #N/A | F19: Cell Unavailable | G19: eNodeB Function Name=NRD_040_H_Ouro-Kessoun_L, Local Cell ID=22, Cell FDD TDD indication=FDD, NB-IoT Cell Flag=FALSE, Cell Name=NRD_040_H_Ouro-Kessoun_L18_6S_2, eNodeB ID=16040, Cell ID=22, Specific Problem=RF module abnormal Processing Error Alarm | H19: eNodeB Function Name=NRD_040_H_Ouro-Kessoun_L, Local Cell ID=22, Cell FDD TDD indication=FDD, NB-IoT Cell Flag=FALSE, Cell Name=NRD_040_H_Ouro-Kessoun_L18_6S_2, eNodeB ID=16040, Cell ID=22, Specific Problem=RF module abnormal | I19: 2026-03-23 03:38:30 | J19: =NOW()-I19 -> 4.706415 | K19: Unknown Probable Cause | L19: Major | M19: RAN-4G | N19: 160680026 1 OCM_NEW_U2020_RAN Cell Unavailable | O19: Uncleared | P19: 1 | T19: 23/03/2026 : Relance faite ce jour au RM pour l'update du remplacement du PWC 18/03/2026 : Relance faite de nouveau ce matin au L3 pour revoir l'ETR 17032026. 35 Cells down. || Feeback IHS : Apres investigations, nous avons remplacé les redresseurs dans les sites dont tu m’as fait les mails à savoir : Zileng, Ouro-Kessoun, Pitoa Ville et le site en objet, mais ces redresseurs passent HS, l’action est de remplacer la baie. J’ai déjà commandé les baies de ces sites qui quittent Douala aujourd’hui, les issues seront résolus dans une semaine. || commande en cours | U19: IHS | V19: #N/A | W19: #N/A | Y19: =VLOOKUP(B19, [2]SBC!A$1:P$65536, 11, 0) -> Garoua | Z19: =LEFT(B19,3) -> NRD | AA19: =IF(J19 < 1/24, "T<1H", IF(AND(J19<2/24, J19>1/24), "1H<T<2H", IF(AND(J19<4/24, J19>2/24), "2H<T<4H", IF(AND(J19<8/24, J19>4/24), "4H<T<8H", IF(AND(J19<16/24, J19>8/24), "8H<T<16H",IF(AND(J19<24/24, J19>16/24),"16H<T<24H", IF(AND(J19<48/24, J19>24/24),"24H<T<48H",IF(AND(J19<72/24, J19>24/24),"48H<T<72H", "T>72H")))))))) -> T>72H | AB19: 1 | AC19: DOWN | AD19: New case | AE19: 23/03/2026 8h | AF19: W13
A20: NRD_040_H_Ouro-Kessoun_L | B20: =LEFT(A20,7) -> NRD_040 | C20: INC-20260323-00002332 | D20: #N/A | E20: #N/A | F20: Cell Unavailable | G20: eNodeB Function Name=NRD_040_H_Ouro-Kessoun_L, Local Cell ID=25, Cell FDD TDD indication=FDD, NB-IoT Cell Flag=FALSE, Cell Name=NRD_040_H_Ouro-Kessoun_L18_6S_5, eNodeB ID=16040, Cell ID=25, Specific Problem=RF module abnormal Processing Error Alarm | H20: eNodeB Function Name=NRD_040_H_Ouro-Kessoun_L, Local Cell ID=25, Cell FDD TDD indication=FDD, NB-IoT Cell Flag=FALSE, Cell Name=NRD_040_H_Ouro-Kessoun_L18_6S_5, eNodeB ID=16040, Cell ID=25, Specific Problem=RF module abnormal | I20: 2026-03-23 03:38:30 | J20: =NOW()-I20 -> 4.706415 | K20: Unknown Probable Cause | L20: Major | M20: RAN-4G | N20: 160680033 1 OCM_NEW_U2020_RAN Cell Unavailable | O20: Uncleared | P20: 1 | T20: 23/03/2026 : Relance faite ce jour au RM pour l'update du remplacement du PWC 18/03/2026 : Relance faite de nouveau ce matin au L3 pour revoir l'ETR 17032026. 35 Cells down. || Feeback IHS : Apres investigations, nous avons remplacé les redresseurs dans les sites dont tu m’as fait les mails à savoir : Zileng, Ouro-Kessoun, Pitoa Ville et le site en objet, mais ces redresseurs passent HS, l’action est de remplacer la baie. J’ai déjà commandé les baies de ces sites qui quittent Douala aujourd’hui, les issues seront résolus dans une semaine. || commande en cours | U20: IHS | V20: #N/A | W20: #N/A | Y20: =VLOOKUP(B20, [2]SBC!A$1:P$65536, 11, 0) -> Garoua | Z20: =LEFT(B20,3) -> NRD | AA20: =IF(J20 < 1/24, "T<1H", IF(AND(J20<2/24, J20>1/24), "1H<T<2H", IF(AND(J20<4/24, J20>2/24), "2H<T<4H", IF(AND(J20<8/24, J20>4/24), "4H<T<8H", IF(AND(J20<16/24, J20>8/24), "8H<T<16H",IF(AND(J20<24/24, J20>16/24),"16H<T<24H", IF(AND(J20<48/24, J20>24/24),"24H<T<48H",IF(AND(J20<72/24, J20>24/24),"48H<T<72H", "T>72H")))))))) -> T>72H | AB20: 1 | AC20: DOWN | AD20: New case | AE20: 23/03/2026 8h | AF20: W13
A21: NRD_040_H_Ouro-Kessoun_L | B21: =LEFT(A21,7) -> NRD_040 | C21: INC-20260323-00002332 | D21: #N/A | E21: #N/A | F21: Cell Unavailable | G21: eNodeB Function Name=NRD_040_H_Ouro-Kessoun_L, Local Cell ID=21, Cell FDD TDD indication=FDD, NB-IoT Cell Flag=FALSE, Cell Name=NRD_040_H_Ouro-Kessoun_L18_1, eNodeB ID=16040, Cell ID=21, Specific Problem=RF module abnormal Processing Error Alarm | H21: eNodeB Function Name=NRD_040_H_Ouro-Kessoun_L, Local Cell ID=21, Cell FDD TDD indication=FDD, NB-IoT Cell Flag=FALSE, Cell Name=NRD_040_H_Ouro-Kessoun_L18_1, eNodeB ID=16040, Cell ID=21, Specific Problem=RF module abnormal | I21: 2026-03-23 03:38:30 | J21: =NOW()-I21 -> 4.706415 | K21: Unknown Probable Cause | L21: Major | M21: RAN-4G | N21: 160680000 1 OCM_NEW_U2020_RAN Cell Unavailable | O21: Uncleared | P21: 1 | T21: 23/03/2026 : Relance faite ce jour au RM pour l'update du remplacement du PWC 18/03/2026 : Relance faite de nouveau ce matin au L3 pour revoir l'ETR 17032026. 35 Cells down. || Feeback IHS : Apres investigations, nous avons remplacé les redresseurs dans les sites dont tu m’as fait les mails à savoir : Zileng, Ouro-Kessoun, Pitoa Ville et le site en objet, mais ces redresseurs passent HS, l’action est de remplacer la baie. J’ai déjà commandé les baies de ces sites qui quittent Douala aujourd’hui, les issues seront résolus dans une semaine. || commande en cours | U21: IHS | V21: #N/A | W21: #N/A | Y21: =VLOOKUP(B21, [2]SBC!A$1:P$65536, 11, 0) -> Garoua | Z21: =LEFT(B21,3) -> NRD | AA21: =IF(J21 < 1/24, "T<1H", IF(AND(J21<2/24, J21>1/24), "1H<T<2H", IF(AND(J21<4/24, J21>2/24), "2H<T<4H", IF(AND(J21<8/24, J21>4/24), "4H<T<8H", IF(AND(J21<16/24, J21>8/24), "8H<T<16H",IF(AND(J21<24/24, J21>16/24),"16H<T<24H", IF(AND(J21<48/24, J21>24/24),"24H<T<48H",IF(AND(J21<72/24, J21>24/24),"48H<T<72H", "T>72H")))))))) -> T>72H | AB21: 1 | AC21: DOWN | AD21: New case | AE21: 23/03/2026 8h | AF21: W13
A22: ADM_048_H_Ngd-Q-Haoussa | B22: =LEFT(A22,7) -> ADM_048 | C22: INC-20260322-00014189 | D22: #N/A | E22: #N/A | F22: GSM Local Cell Unusable | G22: GBTS Function Name=ADM_048_H_Ngd-Q-Haoussa, Local Cell ID=0, Specific Problem=RF Resource Unavailable Quality of Service Alarm | H22: GBTS Function Name=ADM_048_H_Ngd-Q-Haoussa, Local Cell ID=0, Specific Problem=RF Resource Unavailable | I22: 2026-03-22 20:44:19 | J22: =NOW()-I22 -> 4.9940424 | K22: REDUCED_ALARM_REPORTING | L22: Major | M22: RAN-2G | N22: 160548273 1 OCM_NEW_U2020_RAN GSM Local Cell Unusable | O22: Uncleared | P22: 1 | T22: 23/03/2026 : Probable disjonction des breakers || Check Connectivite entre BBU & RRU/Check FO ou SFP | U22: TELEINFRA | V22: disjonction au niveau de DC | W22: disjonction des breakers | Y22: =VLOOKUP(B22, [2]SBC!A$1:P$65536, 11, 0) -> Ngaoundere | Z22: =LEFT(B22,3) -> ADM | AA22: =IF(J22 < 1/24, "T<1H", IF(AND(J22<2/24, J22>1/24), "1H<T<2H", IF(AND(J22<4/24, J22>2/24), "2H<T<4H", IF(AND(J22<8/24, J22>4/24), "4H<T<8H", IF(AND(J22<16/24, J22>8/24), "8H<T<16H",IF(AND(J22<24/24, J22>16/24),"16H<T<24H", IF(AND(J22<48/24, J22>24/24),"24H<T<48H",IF(AND(J22<72/24, J22>24/24),"48H<T<72H", "T>72H")))))))) -> T>72H | AB22: 1 | AC22: Up | AD22: New case | AE22: 23/03/2026 8h | AF22: W13
A23: ADM_048_H_Ngd-Q-Haoussa | B23: =LEFT(A23,7) -> ADM_048 | C23: INC-20260322-00014189 | D23: #N/A | E23: #N/A | F23: GSM Local Cell Unusable | G23: GBTS Function Name=ADM_048_H_Ngd-Q-Haoussa, Local Cell ID=2, Specific Problem=RF Resource Unavailable Quality of Service Alarm | H23: GBTS Function Name=ADM_048_H_Ngd-Q-Haoussa, Local Cell ID=2, Specific Problem=RF Resource Unavailable | I23: 2026-03-22 20:44:19 | J23: =NOW()-I23 -> 4.9940424 | K23: REDUCED_ALARM_REPORTING | L23: Major | M23: RAN-2G | N23: 160548271 1 OCM_NEW_U2020_RAN GSM Local Cell Unusable | O23: Uncleared | P23: 1 | T23: 23/03/2026 : Probable disjonction des breakers || Check Connectivite entre BBU & RRU/Check FO ou SFP | U23: TELEINFRA | V23: disjonction au niveau de DC | W23: disjonction des breakers | Y23: =VLOOKUP(B23, [2]SBC!A$1:P$65536, 11, 0) -> Ngaoundere | Z23: =LEFT(B23,3) -> ADM | AA23: =IF(J23 < 1/24, "T<1H", IF(AND(J23<2/24, J23>1/24), "1H<T<2H", IF(AND(J23<4/24, J23>2/24), "2H<T<4H", IF(AND(J23<8/24, J23>4/24), "4H<T<8H", IF(AND(J23<16/24, J23>8/24), "8H<T<16H",IF(AND(J23<24/24, J23>16/24),"16H<T<24H", IF(AND(J23<48/24, J23>24/24),"24H<T<48H",IF(AND(J23<72/24, J23>24/24),"48H<T<72H", "T>72H")))))))) -> T>72H | AB23: 1 | AC23: Up | AD23: New case | AE23: 23/03/2026 8h | AF23: W13
A24: ADM_048_H_Ngd-Q-Haoussa | B24: =LEFT(A24,7) -> ADM_048 | C24: INC-20260322-00014189 | D24: #N/A | E24: #N/A | F24: GSM Local Cell Unusable | G24: GBTS Function Name=ADM_048_H_Ngd-Q-Haoussa, Local Cell ID=1, Specific Problem=RF Resource Unavailable Quality of Service Alarm | H24: GBTS Function Name=ADM_048_H_Ngd-Q-Haoussa, Local Cell ID=1, Specific Problem=RF Resource Unavailable | I24: 2026-03-22 20:44:19 | J24: =NOW()-I24 -> 4.9940424 | K24: REDUCED_ALARM_REPORTING | L24: Major | M24: RAN-2G | N24: 160548272 1 OCM_NEW_U2020_RAN GSM Local Cell Unusable | O24: Uncleared | P24: 1 | T24: 23/03/2026 : Probable disjonction des breakers || Check Connectivite entre BBU & RRU/Check FO ou SFP | U24: TELEINFRA | V24: disjonction au niveau de DC | W24: disjonction des breakers | Y24: =VLOOKUP(B24, [2]SBC!A$1:P$65536, 11, 0) -> Ngaoundere | Z24: =LEFT(B24,3) -> ADM | AA24: =IF(J24 < 1/24, "T<1H", IF(AND(J24<2/24, J24>1/24), "1H<T<2H", IF(AND(J24<4/24, J24>2/24), "2H<T<4H", IF(AND(J24<8/24, J24>4/24), "4H<T<8H", IF(AND(J24<16/24, J24>8/24), "8H<T<16H",IF(AND(J24<24/24, J24>16/24),"16H<T<24H", IF(AND(J24<48/24, J24>24/24),"24H<T<48H",IF(AND(J24<72/24, J24>24/24),"48H<T<72H", "T>72H")))))))) -> T>72H | AB24: 1 | AC24: Up | AD24: New case | AE24: 23/03/2026 8h | AF24: W13
A25: SUO_222_H_Buea-Bakwere-Town-MTN | B25: =LEFT(A25,7) -> SUO_222 | C25: INC-20260323-00001354 | D25: #N/A | E25: #N/A | F25: GSM Local Cell Unusable | G25: GBTS Function Name=SUO_222_H_Buea-Bakwere-Town-MTN, Local Cell ID=3, Specific Problem=RF Resource Unavailable Quality of Service Alarm | H25: GBTS Function Name=SUO_222_H_Buea-Bakwere-Town-MTN, Local Cell ID=3, Specific Problem=RF Resource Unavailable | I25: 2026-03-22 23:59:38 | J25: =NOW()-I25 -> 4.8584058 | K25: REDUCED_ALARM_REPORTING | L25: Major | M25: RAN-2G | N25: 160657278 1 OCM_NEW_U2020_RAN GSM Local Cell Unusable | O25: Uncleared | P25: 1 | T25: 19/03/2026: Relance faite a MTN ce jour || Escalade faite a silvain 18/03/2026 : Power instability || Mail sent to MTN | U25: MTN | V25: #N/A | W25: #N/A | Y25: =VLOOKUP(B25, [2]SBC!A$1:P$65536, 11, 0) -> Buéa | Z25: =LEFT(B25,3) -> SUO | AA25: =IF(J25 < 1/24, "T<1H", IF(AND(J25<2/24, J25>1/24), "1H<T<2H", IF(AND(J25<4/24, J25>2/24), "2H<T<4H", IF(AND(J25<8/24, J25>4/24), "4H<T<8H", IF(AND(J25<16/24, J25>8/24), "8H<T<16H",IF(AND(J25<24/24, J25>16/24),"16H<T<24H", IF(AND(J25<48/24, J25>24/24),"24H<T<48H",IF(AND(J25<72/24, J25>24/24),"48H<T<72H", "T>72H")))))))) -> T>72H | AB25: 1 | AC25: DOWN | AD25: Old case | AE25: 23/03/2026 8h | AF25: W13
A26: NRD_040_H_Ouro-Kessoun | B26: =LEFT(A26,7) -> NRD_040 | C26: INC-20260323-00002332 | D26: #N/A | E26: #N/A | F26: GSM Local Cell Unusable | G26: GBTS Function Name=NRD_040_H_Ouro-Kessoun, Local Cell ID=4, Specific Problem=RF Resource Unavailable Quality of Service Alarm | H26: GBTS Function Name=NRD_040_H_Ouro-Kessoun, Local Cell ID=4, Specific Problem=RF Resource Unavailable | I26: 2026-03-23 03:25:36 | J26: =NOW()-I26 -> 4.7153734 | K26: REDUCED_ALARM_REPORTING | L26: Major | M26: RAN-2G | N26: 160677343 1 OCM_NEW_U2020_RAN GSM Local Cell Unusable | O26: Uncleared | P26: 1 | T26: 23/03/2026 : Relance faite ce jour au RM pour l'update du remplacement du PWC 18/03/2026 : Relance faite de nouveau ce matin au L3 pour revoir l'ETR 17032026. 35 Cells down. || Feeback IHS : Apres investigations, nous avons remplacé les redresseurs dans les sites dont tu m’as fait les mails à savoir : Zileng, Ouro-Kessoun, Pitoa Ville et le site en objet, mais ces redresseurs passent HS, l’action est de remplacer la baie. J’ai déjà commandé les baies de ces sites qui quittent Douala aujourd’hui, les issues seront résolus dans une semaine. || commande en cours | U26: IHS | V26: #N/A | W26: #N/A | Y26: =VLOOKUP(B26, [2]SBC!A$1:P$65536, 11, 0) -> Garoua | Z26: =LEFT(B26,3) -> NRD | AA26: =IF(J26 < 1/24, "T<1H", IF(AND(J26<2/24, J26>1/24), "1H<T<2H", IF(AND(J26<4/24, J26>2/24), "2H<T<4H", IF(AND(J26<8/24, J26>4/24), "4H<T<8H", IF(AND(J26<16/24, J26>8/24), "8H<T<16H",IF(AND(J26<24/24, J26>16/24),"16H<T<24H", IF(AND(J26<48/24, J26>24/24),"24H<T<48H",IF(AND(J26<72/24, J26>24/24),"48H<T<72H", "T>72H")))))))) -> T>72H | AB26: 1 | AC26: DOWN | AD26: New case | AE26: 23/03/2026 8h | AF26: W13
A27: NRD_040_H_Ouro-Kessoun | B27: =LEFT(A27,7) -> NRD_040 | C27: INC-20260323-00002332 | D27: #N/A | E27: #N/A | F27: GSM Local Cell Unusable | G27: GBTS Function Name=NRD_040_H_Ouro-Kessoun, Local Cell ID=3, Specific Problem=RF Resource Unavailable Quality of Service Alarm | H27: GBTS Function Name=NRD_040_H_Ouro-Kessoun, Local Cell ID=3, Specific Problem=RF Resource Unavailable | I27: 2026-03-23 03:38:36 | J27: =NOW()-I27 -> 4.7063456 | K27: REDUCED_ALARM_REPORTING | L27: Major | M27: RAN-2G | N27: 160680025 1 OCM_NEW_U2020_RAN GSM Local Cell Unusable | O27: Uncleared | P27: 1 | T27: 23/03/2026 : Relance faite ce jour au RM pour l'update du remplacement du PWC 18/03/2026 : Relance faite de nouveau ce matin au L3 pour revoir l'ETR 17032026. 35 Cells down. || Feeback IHS : Apres investigations, nous avons remplacé les redresseurs dans les sites dont tu m’as fait les mails à savoir : Zileng, Ouro-Kessoun, Pitoa Ville et le site en objet, mais ces redresseurs passent HS, l’action est de remplacer la baie. J’ai déjà commandé les baies de ces sites qui quittent Douala aujourd’hui, les issues seront résolus dans une semaine. || commande en cours | U27: IHS | V27: #N/A | W27: #N/A | Y27: =VLOOKUP(B27, [2]SBC!A$1:P$65536, 11, 0) -> Garoua | Z27: =LEFT(B27,3) -> NRD | AA27: =IF(J27 < 1/24, "T<1H", IF(AND(J27<2/24, J27>1/24), "1H<T<2H", IF(AND(J27<4/24, J27>2/24), "2H<T<4H", IF(AND(J27<8/24, J27>4/24), "4H<T<8H", IF(AND(J27<16/24, J27>8/24), "8H<T<16H",IF(AND(J27<24/24, J27>16/24),"16H<T<24H", IF(AND(J27<48/24, J27>24/24),"24H<T<48H",IF(AND(J27<72/24, J27>24/24),"48H<T<72H", "T>72H")))))))) -> T>72H | AB27: 1 | AC27: DOWN | AD27: New case | AE27: 23/03/2026 8h | AF27: W13
A28: NRD_040_H_Ouro-Kessoun | B28: =LEFT(A28,7) -> NRD_040 | C28: INC-20260323-00002332 | D28: #N/A | E28: #N/A | F28: GSM Local Cell Unusable | G28: GBTS Function Name=NRD_040_H_Ouro-Kessoun, Local Cell ID=2, Specific Problem=RF Resource Unavailable Quality of Service Alarm | H28: GBTS Function Name=NRD_040_H_Ouro-Kessoun, Local Cell ID=2, Specific Problem=RF Resource Unavailable | I28: 2026-03-23 03:38:36 | J28: =NOW()-I28 -> 4.7063456 | K28: REDUCED_ALARM_REPORTING | L28: Major | M28: RAN-2G | N28: 160680032 1 OCM_NEW_U2020_RAN GSM Local Cell Unusable | O28: Uncleared | P28: 1 | T28: 23/03/2026 : Relance faite ce jour au RM pour l'update du remplacement du PWC 18/03/2026 : Relance faite de nouveau ce matin au L3 pour revoir l'ETR 17032026. 35 Cells down. || Feeback IHS : Apres investigations, nous avons remplacé les redresseurs dans les sites dont tu m’as fait les mails à savoir : Zileng, Ouro-Kessoun, Pitoa Ville et le site en objet, mais ces redresseurs passent HS, l’action est de remplacer la baie. J’ai déjà commandé les baies de ces sites qui quittent Douala aujourd’hui, les issues seront résolus dans une semaine. || commande en cours | U28: IHS | V28: #N/A | W28: #N/A | Y28: =VLOOKUP(B28, [2]SBC!A$1:P$65536, 11, 0) -> Garoua | Z28: =LEFT(B28,3) -> NRD | AA28: =IF(J28 < 1/24, "T<1H", IF(AND(J28<2/24, J28>1/24), "1H<T<2H", IF(AND(J28<4/24, J28>2/24), "2H<T<4H", IF(AND(J28<8/24, J28>4/24), "4H<T<8H", IF(AND(J28<16/24, J28>8/24), "8H<T<16H",IF(AND(J28<24/24, J28>16/24),"16H<T<24H", IF(AND(J28<48/24, J28>24/24),"24H<T<48H",IF(AND(J28<72/24, J28>24/24),"48H<T<72H", "T>72H")))))))) -> T>72H | AB28: 1 | AC28: DOWN | AD28: New case | AE28: 23/03/2026 8h | AF28: W13
A29: SUO_222_H_Buea-Bakwere-Town-MTN | B29: =LEFT(A29,7) -> SUO_222 | C29: INC-20260323-00001353 | D29: #N/A | E29: #N/A | F29: Local Cell Unusable | G29: NodeB Function Name=SUO_222_H_Buea-Bakwere-Town-MTN_U, Local Cell ID=51450, Specific Problem=RF Board Unavailable Quality of Service Alarm | H29: NodeB Function Name=SUO_222_H_Buea-Bakwere-Town-MTN_U, Local Cell ID=51450, Specific Problem=RF Board Unavailable | I29: 2026-03-22 23:54:42 | J29: =NOW()-I29 -> 4.8618317 | K29: REDUCED_ALARM_REPORTING | L29: Major | M29: RAN | N29: 160657230 1 OCM_NEW_U2020_RAN Local Cell Unusable | O29: Uncleared | P29: 1 | T29: 19/03/2026: Relance faite a MTN ce jour || Escalade faite a silvain 18/03/2026 : Power instability || Mail sent to MTN | U29: MTN | V29: #N/A | W29: #N/A | Y29: =VLOOKUP(B29, [2]SBC!A$1:P$65536, 11, 0) -> Buéa | Z29: =LEFT(B29,3) -> SUO | AA29: =IF(J29 < 1/24, "T<1H", IF(AND(J29<2/24, J29>1/24), "1H<T<2H", IF(AND(J29<4/24, J29>2/24), "2H<T<4H", IF(AND(J29<8/24, J29>4/24), "4H<T<8H", IF(AND(J29<16/24, J29>8/24), "8H<T<16H",IF(AND(J29<24/24, J29>16/24),"16H<T<24H", IF(AND(J29<48/24, J29>24/24),"24H<T<48H",IF(AND(J29<72/24, J29>24/24),"48H<T<72H", "T>72H")))))))) -> T>72H | AB29: 1 | AC29: DOWN | AD29: Old case | AE29: 23/03/2026 8h | AF29: W13
A30: SUO_222_H_Buea-Bakwere-Town-MTN | B30: =LEFT(A30,7) -> SUO_222 | C30: INC-20260323-00001351 | D30: #N/A | E30: #N/A | F30: Local Cell Unusable | G30: NodeB Function Name=SUO_222_H_Buea-Bakwere-Town-MTN_U, Local Cell ID=51452, Specific Problem=RF Board Unavailable Quality of Service Alarm | H30: NodeB Function Name=SUO_222_H_Buea-Bakwere-Town-MTN_U, Local Cell ID=51452, Specific Problem=RF Board Unavailable | I30: 2026-03-22 23:54:42 | J30: =NOW()-I30 -> 4.8618317 | K30: REDUCED_ALARM_REPORTING | L30: Major | M30: RAN | N30: 160657234 1 OCM_NEW_U2020_RAN Local Cell Unusable | O30: Uncleared | P30: 1 | T30: 19/03/2026: Relance faite a MTN ce jour || Escalade faite a silvain 18/03/2026 : Power instability || Mail sent to MTN | U30: MTN | V30: #N/A | W30: #N/A | Y30: =VLOOKUP(B30, [2]SBC!A$1:P$65536, 11, 0) -> Buéa | Z30: =LEFT(B30,3) -> SUO | AA30: =IF(J30 < 1/24, "T<1H", IF(AND(J30<2/24, J30>1/24), "1H<T<2H", IF(AND(J30<4/24, J30>2/24), "2H<T<4H", IF(AND(J30<8/24, J30>4/24), "4H<T<8H", IF(AND(J30<16/24, J30>8/24), "8H<T<16H",IF(AND(J30<24/24, J30>16/24),"16H<T<24H", IF(AND(J30<48/24, J30>24/24),"24H<T<48H",IF(AND(J30<72/24, J30>24/24),"48H<T<72H", "T>72H")))))))) -> T>72H | AB30: 1 | AC30: DOWN | AD30: Old case | AE30: 23/03/2026 8h | AF30: W13
A31: SUO_222_H_Buea-Bakwere-Town-MTN | B31: =LEFT(A31,7) -> SUO_222 | C31: INC-20260323-00001351 | D31: #N/A | E31: #N/A | F31: Local Cell Unusable | G31: NodeB Function Name=SUO_222_H_Buea-Bakwere-Town-MTN_U, Local Cell ID=51451, Specific Problem=RF Board Unavailable Quality of Service Alarm | H31: NodeB Function Name=SUO_222_H_Buea-Bakwere-Town-MTN_U, Local Cell ID=51451, Specific Problem=RF Board Unavailable | I31: 2026-03-22 23:54:42 | J31: =NOW()-I31 -> 4.8618317 | K31: REDUCED_ALARM_REPORTING | L31: Major | M31: RAN | N31: 160657232 1 OCM_NEW_U2020_RAN Local Cell Unusable | O31: Uncleared | P31: 1 | T31: 19/03/2026: Relance faite a MTN ce jour || Escalade faite a silvain 18/03/2026 : Power instability || Mail sent to MTN | U31: MTN | V31: #N/A | W31: #N/A | Y31: =VLOOKUP(B31, [2]SBC!A$1:P$65536, 11, 0) -> Buéa | Z31: =LEFT(B31,3) -> SUO | AA31: =IF(J31 < 1/24, "T<1H", IF(AND(J31<2/24, J31>1/24), "1H<T<2H", IF(AND(J31<4/24, J31>2/24), "2H<T<4H", IF(AND(J31<8/24, J31>4/24), "4H<T<8H", IF(AND(J31<16/24, J31>8/24), "8H<T<16H",IF(AND(J31<24/24, J31>16/24),"16H<T<24H", IF(AND(J31<48/24, J31>24/24),"24H<T<48H",IF(AND(J31<72/24, J31>24/24),"48H<T<72H", "T>72H")))))))) -> T>72H | AB31: 1 | AC31: DOWN | AD31: Old case | AE31: 23/03/2026 8h | AF31: W13
A32: NRD_040_H_Ouro-Kessoun | B32: =LEFT(A32,7) -> NRD_040 | C32: INC-20260323-00002332 | D32: #N/A | E32: #N/A | F32: Local Cell Unusable | G32: NodeB Function Name=NRD_040_H_Ouro-Kessoun_U, Local Cell ID=52154, Specific Problem=Downlink RF Resource Unavailable Quality of Service Alarm | H32: NodeB Function Name=NRD_040_H_Ouro-Kessoun_U, Local Cell ID=52154, Specific Problem=Downlink RF Resource Unavailable | I32: 2026-03-23 03:23:58 | J32: =NOW()-I32 -> 4.7165076 | K32: REDUCED_ALARM_REPORTING | L32: Major | M32: RAN | N32: 160676653 1 OCM_NEW_U2020_RAN Local Cell Unusable | O32: Uncleared | P32: 1 | T32: 23/03/2026 : Relance faite ce jour au RM pour l'update du remplacement du PWC 18/03/2026 : Relance faite de nouveau ce matin au L3 pour revoir l'ETR 17032026. 35 Cells down. || Feeback IHS : Apres investigations, nous avons remplacé les redresseurs dans les sites dont tu m’as fait les mails à savoir : Zileng, Ouro-Kessoun, Pitoa Ville et le site en objet, mais ces redresseurs passent HS, l’action est de remplacer la baie. J’ai déjà commandé les baies de ces sites qui quittent Douala aujourd’hui, les issues seront résolus dans une semaine. || commande en cours | U32: IHS | V32: #N/A | W32: #N/A | Y32: =VLOOKUP(B32, [2]SBC!A$1:P$65536, 11, 0) -> Garoua | Z32: =LEFT(B32,3) -> NRD | AA32: =IF(J32 < 1/24, "T<1H", IF(AND(J32<2/24, J32>1/24), "1H<T<2H", IF(AND(J32<4/24, J32>2/24), "2H<T<4H", IF(AND(J32<8/24, J32>4/24), "4H<T<8H", IF(AND(J32<16/24, J32>8/24), "8H<T<16H",IF(AND(J32<24/24, J32>16/24),"16H<T<24H", IF(AND(J32<48/24, J32>24/24),"24H<T<48H",IF(AND(J32<72/24, J32>24/24),"48H<T<72H", "T>72H")))))))) -> T>72H | AB32: 1 | AC32: DOWN | AD32: New case | AE32: 23/03/2026 8h | AF32: W13
A33: NRD_040_H_Ouro-Kessoun | B33: =LEFT(A33,7) -> NRD_040 | C33: INC-20260323-00002332 | D33: #N/A | E33: #N/A | F33: Local Cell Unusable | G33: NodeB Function Name=NRD_040_H_Ouro-Kessoun_U, Local Cell ID=52154, Specific Problem=Uplink RF Resource Unavailable Quality of Service Alarm | H33: NodeB Function Name=NRD_040_H_Ouro-Kessoun_U, Local Cell ID=52154, Specific Problem=Uplink RF Resource Unavailable | I33: 2026-03-23 03:23:58 | J33: =NOW()-I33 -> 4.7165076 | K33: REDUCED_ALARM_REPORTING | L33: Major | M33: RAN | N33: 160676652 1 OCM_NEW_U2020_RAN Local Cell Unusable | O33: Uncleared | P33: 1 | T33: 23/03/2026 : Relance faite ce jour au RM pour l'update du remplacement du PWC 18/03/2026 : Relance faite de nouveau ce matin au L3 pour revoir l'ETR 17032026. 35 Cells down. || Feeback IHS : Apres investigations, nous avons remplacé les redresseurs dans les sites dont tu m’as fait les mails à savoir : Zileng, Ouro-Kessoun, Pitoa Ville et le site en objet, mais ces redresseurs passent HS, l’action est de remplacer la baie. J’ai déjà commandé les baies de ces sites qui quittent Douala aujourd’hui, les issues seront résolus dans une semaine. || commande en cours | U33: IHS | V33: #N/A | W33: #N/A | Y33: =VLOOKUP(B33, [2]SBC!A$1:P$65536, 11, 0) -> Garoua | Z33: =LEFT(B33,3) -> NRD | AA33: =IF(J33 < 1/24, "T<1H", IF(AND(J33<2/24, J33>1/24), "1H<T<2H", IF(AND(J33<4/24, J33>2/24), "2H<T<4H", IF(AND(J33<8/24, J33>4/24), "4H<T<8H", IF(AND(J33<16/24, J33>8/24), "8H<T<16H",IF(AND(J33<24/24, J33>16/24),"16H<T<24H", IF(AND(J33<48/24, J33>24/24),"24H<T<48H",IF(AND(J33<72/24, J33>24/24),"48H<T<72H", "T>72H")))))))) -> T>72H | AB33: 1 | AC33: DOWN | AD33: New case | AE33: 23/03/2026 8h | AF33: W13
A34: NRD_040_H_Ouro-Kessoun | B34: =LEFT(A34,7) -> NRD_040 | C34: INC-20260323-00002332 | D34: #N/A | E34: #N/A | F34: Local Cell Unusable | G34: NodeB Function Name=NRD_040_H_Ouro-Kessoun_U, Local Cell ID=52155, Specific Problem=Uplink RF Resource Unavailable Quality of Service Alarm | H34: NodeB Function Name=NRD_040_H_Ouro-Kessoun_U, Local Cell ID=52155, Specific Problem=Uplink RF Resource Unavailable | I34: 2026-03-23 03:23:59 | J34: =NOW()-I34 -> 4.7164961 | K34: REDUCED_ALARM_REPORTING | L34: Major | M34: RAN | N34: 160676662 1 OCM_NEW_U2020_RAN Local Cell Unusable | O34: Uncleared | P34: 1 | T34: 23/03/2026 : Relance faite ce jour au RM pour l'update du remplacement du PWC 18/03/2026 : Relance faite de nouveau ce matin au L3 pour revoir l'ETR 17032026. 35 Cells down. || Feeback IHS : Apres investigations, nous avons remplacé les redresseurs dans les sites dont tu m’as fait les mails à savoir : Zileng, Ouro-Kessoun, Pitoa Ville et le site en objet, mais ces redresseurs passent HS, l’action est de remplacer la baie. J’ai déjà commandé les baies de ces sites qui quittent Douala aujourd’hui, les issues seront résolus dans une semaine. || commande en cours | U34: IHS | V34: #N/A | W34: #N/A | Y34: =VLOOKUP(B34, [2]SBC!A$1:P$65536, 11, 0) -> Garoua | Z34: =LEFT(B34,3) -> NRD | AA34: =IF(J34 < 1/24, "T<1H", IF(AND(J34<2/24, J34>1/24), "1H<T<2H", IF(AND(J34<4/24, J34>2/24), "2H<T<4H", IF(AND(J34<8/24, J34>4/24), "4H<T<8H", IF(AND(J34<16/24, J34>8/24), "8H<T<16H",IF(AND(J34<24/24, J34>16/24),"16H<T<24H", IF(AND(J34<48/24, J34>24/24),"24H<T<48H",IF(AND(J34<72/24, J34>24/24),"48H<T<72H", "T>72H")))))))) -> T>72H | AB34: 1 | AC34: DOWN | AD34: New case | AE34: 23/03/2026 8h | AF34: W13
A35: NRD_040_H_Ouro-Kessoun | B35: =LEFT(A35,7) -> NRD_040 | C35: INC-20260323-00002332 | D35: #N/A | E35: #N/A | F35: Local Cell Unusable | G35: NodeB Function Name=NRD_040_H_Ouro-Kessoun_U, Local Cell ID=52153, Specific Problem=Downlink RF Resource Unavailable Quality of Service Alarm | H35: NodeB Function Name=NRD_040_H_Ouro-Kessoun_U, Local Cell ID=52153, Specific Problem=Downlink RF Resource Unavailable | I35: 2026-03-23 03:23:59 | J35: =NOW()-I35 -> 4.7164961 | K35: REDUCED_ALARM_REPORTING | L35: Major | M35: RAN | N35: 160676661 1 OCM_NEW_U2020_RAN Local Cell Unusable | O35: Uncleared | P35: 1 | T35: 23/03/2026 : Relance faite ce jour au RM pour l'update du remplacement du PWC 18/03/2026 : Relance faite de nouveau ce matin au L3 pour revoir l'ETR 17032026. 35 Cells down. || Feeback IHS : Apres investigations, nous avons remplacé les redresseurs dans les sites dont tu m’as fait les mails à savoir : Zileng, Ouro-Kessoun, Pitoa Ville et le site en objet, mais ces redresseurs passent HS, l’action est de remplacer la baie. J’ai déjà commandé les baies de ces sites qui quittent Douala aujourd’hui, les issues seront résolus dans une semaine. || commande en cours | U35: IHS | V35: #N/A | W35: #N/A | Y35: =VLOOKUP(B35, [2]SBC!A$1:P$65536, 11, 0) -> Garoua | Z35: =LEFT(B35,3) -> NRD | AA35: =IF(J35 < 1/24, "T<1H", IF(AND(J35<2/24, J35>1/24), "1H<T<2H", IF(AND(J35<4/24, J35>2/24), "2H<T<4H", IF(AND(J35<8/24, J35>4/24), "4H<T<8H", IF(AND(J35<16/24, J35>8/24), "8H<T<16H",IF(AND(J35<24/24, J35>16/24),"16H<T<24H", IF(AND(J35<48/24, J35>24/24),"24H<T<48H",IF(AND(J35<72/24, J35>24/24),"48H<T<72H", "T>72H")))))))) -> T>72H | AB35: 1 | AC35: DOWN | AD35: New case | AE35: 23/03/2026 8h | AF35: W13
A36: NRD_040_H_Ouro-Kessoun | B36: =LEFT(A36,7) -> NRD_040 | C36: INC-20260323-00002332 | D36: #N/A | E36: #N/A | F36: Local Cell Unusable | G36: NodeB Function Name=NRD_040_H_Ouro-Kessoun_U, Local Cell ID=52155, Specific Problem=Downlink RF Resource Unavailable Quality of Service Alarm | H36: NodeB Function Name=NRD_040_H_Ouro-Kessoun_U, Local Cell ID=52155, Specific Problem=Downlink RF Resource Unavailable | I36: 2026-03-23 03:23:59 | J36: =NOW()-I36 -> 4.7164961 | K36: REDUCED_ALARM_REPORTING | L36: Major | M36: RAN | N36: 160676663 1 OCM_NEW_U2020_RAN Local Cell Unusable | O36: Uncleared | P36: 1 | T36: 23/03/2026 : Relance faite ce jour au RM pour l'update du remplacement du PWC 18/03/2026 : Relance faite de nouveau ce matin au L3 pour revoir l'ETR 17032026. 35 Cells down. || Feeback IHS : Apres investigations, nous avons remplacé les redresseurs dans les sites dont tu m’as fait les mails à savoir : Zileng, Ouro-Kessoun, Pitoa Ville et le site en objet, mais ces redresseurs passent HS, l’action est de remplacer la baie. J’ai déjà commandé les baies de ces sites qui quittent Douala aujourd’hui, les issues seront résolus dans une semaine. || commande en cours | U36: IHS | V36: #N/A | W36: #N/A | Y36: =VLOOKUP(B36, [2]SBC!A$1:P$65536, 11, 0) -> Garoua | Z36: =LEFT(B36,3) -> NRD | AA36: =IF(J36 < 1/24, "T<1H", IF(AND(J36<2/24, J36>1/24), "1H<T<2H", IF(AND(J36<4/24, J36>2/24), "2H<T<4H", IF(AND(J36<8/24, J36>4/24), "4H<T<8H", IF(AND(J36<16/24, J36>8/24), "8H<T<16H",IF(AND(J36<24/24, J36>16/24),"16H<T<24H", IF(AND(J36<48/24, J36>24/24),"24H<T<48H",IF(AND(J36<72/24, J36>24/24),"48H<T<72H", "T>72H")))))))) -> T>72H | AB36: 1 | AC36: DOWN | AD36: New case | AE36: 23/03/2026 8h | AF36: W13
... A44: NRD_311_URH_NADOURA | B44: =LEFT(A44,7) -> NRD_311 | C44: INC-20260323-00002291 | D44: #N/A | E44: #N/A | F44: RF Unit CPRI Interface Error | G44: Cabinet No.=0, Subrack No.=70, Slot No.=0, Port No.=Port 0(West), Sub Port No.=NULL, Board Type=MRRU, Specific Problem=CPRI Interface Reception Error Communication Alarm | H44: Cabinet No.=0, Subrack No.=70, Slot No.=0, Port No.=Port 0(West), Sub Port No.=NULL, Board Type=MRRU, Specific Problem=CPRI Interface Reception Error | I44: 2026-03-23 03:17:04 | J44: =NOW()-I44 -> 4.7212993 | K44: CALL_ESTABLISHMENT_ERROR | L44: Major | M44: RAN | N44: 160675034 1 OCM_NEW_U2020_RAN RF Unit CPRI Interface Error | O44: Uncleared | P44: 1 | T44: 23/03/2026 : Besoin d'analyse BO RAN || Check Connectivite(FO et SFP) entre BBU & RRU | U44: TELEINFRA | V44: #N/A | W44: #N/A | Y44: =VLOOKUP(B44, [2]SBC!A$1:P$65536, 11, 0) -> #N/A | Z44: =LEFT(B44,3) -> NRD | AA44: =IF(J44 < 1/24, "T<1H", IF(AND(J44<2/24, J44>1/24), "1H<T<2H", IF(AND(J44<4/24, J44>2/24), "2H<T<4H", IF(AND(J44<8/24, J44>4/24), "4H<T<8H", IF(AND(J44<16/24, J44>8/24), "8H<T<16H",IF(AND(J44<24/24, J44>16/24),"16H<T<24H", IF(AND(J44<48/24, J44>24/24),"24H<T<48H",IF(AND(J44<72/24, J44>24/24),"48H<T<72H", "T>72H")))))))) -> T>72H | AB44: 1 | AC44: DOWN | AD44: New case | AE44: 23/03/2026 8h | AF44: W13
A45: ADM_048_H_Ngd-Q-Haoussa | B45: =LEFT(A45,7) -> ADM_048 | C45: INC-20260322-00014189 | D45: #N/A | E45: #N/A | F45: RF Unit DC Input Power Failure | G45: Cabinet No.=0, Subrack No.=62, Slot No.=0, Board Type=MRRU Equipment Alarm | H45: Cabinet No.=0, Subrack No.=62, Slot No.=0, Board Type=MRRU | I45: 2026-03-22 20:44:21 | J45: =NOW()-I45 -> 4.9940192 | K45: EXTERNAL_POWER_SUPPLY_FAILURE | L45: Major | M45: RAN | N45: 160548975 1 OCM_NEW_U2020_RAN RF Unit DC Input Power Failure | O45: Uncleared | P45: 1 | T45: 23/03/2026 : Probable disjonction des breakers || Check Connectivite entre BBU & RRU/Check FO ou SFP | U45: TELEINFRA | V45: disjonction au niveau de DC | W45: disjonction des breakers | Y45: =VLOOKUP(B45, [2]SBC!A$1:P$65536, 11, 0) -> Ngaoundere | Z45: =LEFT(B45,3) -> ADM | AA45: =IF(J45 < 1/24, "T<1H", IF(AND(J45<2/24, J45>1/24), "1H<T<2H", IF(AND(J45<4/24, J45>2/24), "2H<T<4H", IF(AND(J45<8/24, J45>4/24), "4H<T<8H", IF(AND(J45<16/24, J45>8/24), "8H<T<16H",IF(AND(J45<24/24, J45>16/24),"16H<T<24H", IF(AND(J45<48/24, J45>24/24),"24H<T<48H",IF(AND(J45<72/24, J45>24/24),"48H<T<72H", "T>72H")))))))) -> T>72H | AB45: 1 | AC45: Up | AD45: New case | AE45: 23/03/2026 8h | AF45: W13
A46: ADM_048_H_Ngd-Q-Haoussa | B46: =LEFT(A46,7) -> ADM_048 | C46: INC-20260322-00014189 | D46: #N/A | E46: #N/A | F46: RF Unit DC Input Power Failure | G46: Cabinet No.=0, Subrack No.=61, Slot No.=0, Board Type=MRRU Equipment Alarm | H46: Cabinet No.=0, Subrack No.=61, Slot No.=0, Board Type=MRRU | I46: 2026-03-22 20:44:21 | J46: =NOW()-I46 -> 4.9940192 | K46: EXTERNAL_POWER_SUPPLY_FAILURE | L46: Major | M46: RAN | N46: 160548976 1 OCM_NEW_U2020_RAN RF Unit DC Input Power Failure | O46: Uncleared | P46: 1 | T46: 23/03/2026 : Probable disjonction des breakers || Check Connectivite entre BBU & RRU/Check FO ou SFP | U46: TELEINFRA | V46: disjonction au niveau de DC | W46: disjonction des breakers | Y46: =VLOOKUP(B46, [2]SBC!A$1:P$65536, 11, 0) -> Ngaoundere | Z46: =LEFT(B46,3) -> ADM | AA46: =IF(J46 < 1/24, "T<1H", IF(AND(J46<2/24, J46>1/24), "1H<T<2H", IF(AND(J46<4/24, J46>2/24), "2H<T<4H", IF(AND(J46<8/24, J46>4/24), "4H<T<8H", IF(AND(J46<16/24, J46>8/24), "8H<T<16H",IF(AND(J46<24/24, J46>16/24),"16H<T<24H", IF(AND(J46<48/24, J46>24/24),"24H<T<48H",IF(AND(J46<72/24, J46>24/24),"48H<T<72H", "T>72H")))))))) -> T>72H | AB46: 1 | AC46: Up | AD46: New case | AE46: 23/03/2026 8h | AF46: W13
A47: ADM_048_H_Ngd-Q-Haoussa | B47: =LEFT(A47,7) -> ADM_048 | C47: INC-20260322-00014189 | D47: #N/A | E47: #N/A | F47: RF Unit DC Input Power Failure | G47: Cabinet No.=0, Subrack No.=80, Slot No.=0, Board Type=MRRU Equipment Alarm | H47: Cabinet No.=0, Subrack No.=80, Slot No.=0, Board Type=MRRU | I47: 2026-03-22 20:44:21 | J47: =NOW()-I47 -> 4.9940192 | K47: EXTERNAL_POWER_SUPPLY_FAILURE | L47: Major | M47: RAN | N47: 160548979 1 OCM_NEW_U2020_RAN RF Unit DC Input Power Failure | O47: Uncleared | P47: 1 | T47: 23/03/2026 : Probable disjonction des breakers || Check Connectivite entre BBU & RRU/Check FO ou SFP | U47: TELEINFRA | V47: disjonction au niveau de DC | W47: disjonction des breakers | Y47: =VLOOKUP(B47, [2]SBC!A$1:P$65536, 11, 0) -> Ngaoundere | Z47: =LEFT(B47,3) -> ADM | AA47: =IF(J47 < 1/24, "T<1H", IF(AND(J47<2/24, J47>1/24), "1H<T<2H", IF(AND(J47<4/24, J47>2/24), "2H<T<4H", IF(AND(J47<8/24, J47>4/24), "4H<T<8H", IF(AND(J47<16/24, J47>8/24), "8H<T<16H",IF(AND(J47<24/24, J47>16/24),"16H<T<24H", IF(AND(J47<48/24, J47>24/24),"24H<T<48H",IF(AND(J47<72/24, J47>24/24),"48H<T<72H", "T>72H")))))))) -> T>72H | AB47: 1 | AC47: Up | AD47: New case | AE47: 23/03/2026 8h | AF47: W13
A48: ADM_048_H_Ngd-Q-Haoussa | B48: =LEFT(A48,7) -> ADM_048 | C48: INC-20260322-00014189 | D48: #N/A | E48: #N/A | F48: RF Unit DC Input Power Failure | G48: Cabinet No.=0, Subrack No.=60, Slot No.=0, Board Type=MRRU Equipment Alarm | H48: Cabinet No.=0, Subrack No.=60, Slot No.=0, Board Type=MRRU | I48: 2026-03-22 20:44:21 | J48: =NOW()-I48 -> 4.9940192 | K48: EXTERNAL_POWER_SUPPLY_FAILURE | L48: Major | M48: RAN | N48: 160548977 1 OCM_NEW_U2020_RAN RF Unit DC Input Power Failure | O48: Uncleared | P48: 1 | T48: 23/03/2026 : Probable disjonction des breakers || Check Connectivite entre BBU & RRU/Check FO ou SFP | U48: TELEINFRA | V48: disjonction au niveau de DC | W48: disjonction des breakers | Y48: =VLOOKUP(B48, [2]SBC!A$1:P$65536, 11, 0) -> Ngaoundere | Z48: =LEFT(B48,3) -> ADM | AA48: =IF(J48 < 1/24, "T<1H", IF(AND(J48<2/24, J48>1/24), "1H<T<2H", IF(AND(J48<4/24, J48>2/24), "2H<T<4H", IF(AND(J48<8/24, J48>4/24), "4H<T<8H", IF(AND(J48<16/24, J48>8/24), "8H<T<16H",IF(AND(J48<24/24, J48>16/24),"16H<T<24H", IF(AND(J48<48/24, J48>24/24),"24H<T<48H",IF(AND(J48<72/24, J48>24/24),"48H<T<72H", "T>72H")))))))) -> T>72H | AB48: 1 | AC48: Up | AD48: New case | AE48: 23/03/2026 8h | AF48: W13
A49: ADM_048_H_Ngd-Q-Haoussa | B49: =LEFT(A49,7) -> ADM_048 | C49: INC-20260322-00014189 | D49: #N/A | E49: #N/A | F49: RF Unit DC Input Power Failure | G49: Cabinet No.=0, Subrack No.=81, Slot No.=0, Board Type=MRRU Equipment Alarm | H49: Cabinet No.=0, Subrack No.=81, Slot No.=0, Board Type=MRRU | I49: 2026-03-22 20:44:21 | J49: =NOW()-I49 -> 4.9940192 | K49: EXTERNAL_POWER_SUPPLY_FAILURE | L49: Major | M49: RAN | N49: 160548978 1 OCM_NEW_U2020_RAN RF Unit DC Input Power Failure | O49: Uncleared | P49: 1 | T49: 23/03/2026 : Probable disjonction des breakers || Check Connectivite entre BBU & RRU/Check FO ou SFP | U49: TELEINFRA | V49: disjonction au niveau de DC | W49: disjonction des breakers | Y49: =VLOOKUP(B49, [2]SBC!A$1:P$65536, 11, 0) -> Ngaoundere | Z49: =LEFT(B49,3) -> ADM | AA49: =IF(J49 < 1/24, "T<1H", IF(AND(J49<2/24, J49>1/24), "1H<T<2H", IF(AND(J49<4/24, J49>2/24), "2H<T<4H", IF(AND(J49<8/24, J49>4/24), "4H<T<8H", IF(AND(J49<16/24, J49>8/24), "8H<T<16H",IF(AND(J49<24/24, J49>16/24),"16H<T<24H", IF(AND(J49<48/24, J49>24/24),"24H<T<48H",IF(AND(J49<72/24, J49>24/24),"48H<T<72H", "T>72H")))))))) -> T>72H | AB49: 1 | AC49: Up | AD49: New case | AE49: 23/03/2026 8h | AF49: W13
A50: ADM_048_H_Ngd-Q-Haoussa | B50: =LEFT(A50,7) -> ADM_048 | C50: INC-20260322-00014189 | D50: #N/A | E50: #N/A | F50: RF Unit DC Input Power Failure | G50: Cabinet No.=0, Subrack No.=82, Slot No.=0, Board Type=MRRU Equipment Alarm | H50: Cabinet No.=0, Subrack No.=82, Slot No.=0, Board Type=MRRU | I50: 2026-03-22 20:44:21 | J50: =NOW()-I50 -> 4.9940192 | K50: EXTERNAL_POWER_SUPPLY_FAILURE | L50: Major | M50: RAN | N50: 160548981 1 OCM_NEW_U2020_RAN RF Unit DC Input Power Failure | O50: Uncleared | P50: 1 | T50: 23/03/2026 : Probable disjonction des breakers || Check Connectivite entre BBU & RRU/Check FO ou SFP | U50: TELEINFRA | V50: disjonction au niveau de DC | W50: disjonction des breakers | Y50: =VLOOKUP(B50, [2]SBC!A$1:P$65536, 11, 0) -> Ngaoundere | Z50: =LEFT(B50,3) -> ADM | AA50: =IF(J50 < 1/24, "T<1H", IF(AND(J50<2/24, J50>1/24), "1H<T<2H", IF(AND(J50<4/24, J50>2/24), "2H<T<4H", IF(AND(J50<8/24, J50>4/24), "4H<T<8H", IF(AND(J50<16/24, J50>8/24), "8H<T<16H",IF(AND(J50<24/24, J50>16/24),"16H<T<24H", IF(AND(J50<48/24, J50>24/24),"24H<T<48H",IF(AND(J50<72/24, J50>24/24),"48H<T<72H", "T>72H")))))))) -> T>72H | AB50: 1 | AC50: Up | AD50: New case | AE50: 23/03/2026 8h | AF50: W13
A51: EXN_217_H_Douggoy-Lopere-II | B51: =LEFT(A51,7) -> EXN_217 | C51: INC-20260322-00009476 | D51: #N/A | E51: #N/A | F51: RF Unit External Power Supply Insufficient | G51: Cabinet No.=0, Subrack No.=80, Slot No.=0, Power Port=NULL, Board Type=MRRU, Specific Problem=Cabinet Power Supply Abnormal Equipment Alarm | H51: Cabinet No.=0, Subrack No.=80, Slot No.=0, Power Port=NULL, Board Type=MRRU, Specific Problem=Cabinet Power Supply Abnormal | I51: 2026-03-22 14:51:36 | J51: =NOW()-I51 -> 5.2389845 | K51: BATTERY_FAILURE | L51: Minor | M51: RAN | N51: 160405077 1 OCM_NEW_U2020_RAN RF Unit External Power Supply Insufficient | O51: Uncleared | P51: 1 | T51: 23/03/2026 : Power instability || Mail sent to Camusat | U51: Camusat | V51: #N/A | W51: #N/A | Y51: =VLOOKUP(B51, [2]SBC!A$1:P$65536, 11, 0) -> Maroua | Z51: =LEFT(B51,3) -> EXN | AA51: =IF(J51 < 1/24, "T<1H", IF(AND(J51<2/24, J51>1/24), "1H<T<2H", IF(AND(J51<4/24, J51>2/24), "2H<T<4H", IF(AND(J51<8/24, J51>4/24), "4H<T<8H", IF(AND(J51<16/24, J51>8/24), "8H<T<16H",IF(AND(J51<24/24, J51>16/24),"16H<T<24H", IF(AND(J51<48/24, J51>24/24),"24H<T<48H",IF(AND(J51<72/24, J51>24/24),"48H<T<72H", "T>72H")))))))) -> T>72H | AB51: 1 | AC51: DOWN | AD51: New case | AE51: 23/03/2026 8h | AF51: W13
A52: EXN_217_H_Douggoy-Lopere-II | B52: =LEFT(A52,7) -> EXN_217 | C52: INC-20260322-00009476 | D52: #N/A | E52: #N/A | F52: RF Unit External Power Supply Insufficient | G52: Cabinet No.=0, Subrack No.=82, Slot No.=0, Power Port=NULL, Board Type=MRRU, Specific Problem=Cabinet Power Supply Abnormal Equipment Alarm | H52: Cabinet No.=0, Subrack No.=82, Slot No.=0, Power Port=NULL, Board Type=MRRU, Specific Problem=Cabinet Power Supply Abnormal | I52: 2026-03-22 14:51:45 | J52: =NOW()-I52 -> 5.2388803 | K52: BATTERY_FAILURE | L52: Minor | M52: RAN | N52: 160405119 1 OCM_NEW_U2020_RAN RF Unit External Power Supply Insufficient | O52: Uncleared | P52: 1 | T52: 23/03/2026 : Power instability || Mail sent to Camusat | U52: Camusat | V52: #N/A | W52: #N/A | Y52: =VLOOKUP(B52, [2]SBC!A$1:P$65536, 11, 0) -> Maroua | Z52: =LEFT(B52,3) -> EXN | AA52: =IF(J52 < 1/24, "T<1H", IF(AND(J52<2/24, J52>1/24), "1H<T<2H", IF(AND(J52<4/24, J52>2/24), "2H<T<4H", IF(AND(J52<8/24, J52>4/24), "4H<T<8H", IF(AND(J52<16/24, J52>8/24), "8H<T<16H",IF(AND(J52<24/24, J52>16/24),"16H<T<24H", IF(AND(J52<48/24, J52>24/24),"24H<T<48H",IF(AND(J52<72/24, J52>24/24),"48H<T<72H", "T>72H")))))))) -> T>72H | AB52: 1 | AC52: DOWN | AD52: New case | AE52: 23/03/2026 8h | AF52: W13
A53: EXN_217_H_Douggoy-Lopere-II | B53: =LEFT(A53,7) -> EXN_217 | C53: INC-20260322-00010582 | D53: #N/A | E53: #N/A | F53: RF Unit External Power Supply Insufficient | G53: Cabinet No.=0, Subrack No.=81, Slot No.=0, Power Port=NULL, Board Type=MRRU, Specific Problem=Cabinet Power Supply Abnormal Equipment Alarm | H53: Cabinet No.=0, Subrack No.=81, Slot No.=0, Power Port=NULL, Board Type=MRRU, Specific Problem=Cabinet Power Supply Abnormal | I53: 2026-03-22 15:35:57 | J53: =NOW()-I53 -> 5.2081859 | K53: BATTERY_FAILURE | L53: Minor | M53: RAN | N53: 160428209 1 OCM_NEW_U2020_RAN RF Unit External Power Supply Insufficient | O53: Uncleared | P53: 1 | T53: 23/03/2026 : Power instability || Mail sent to Camusat | U53: Camusat | V53: #N/A | W53: #N/A | Y53: =VLOOKUP(B53, [2]SBC!A$1:P$65536, 11, 0) -> Maroua | Z53: =LEFT(B53,3) -> EXN | AA53: =IF(J53 < 1/24, "T<1H", IF(AND(J53<2/24, J53>1/24), "1H<T<2H", IF(AND(J53<4/24, J53>2/24), "2H<T<4H", IF(AND(J53<8/24, J53>4/24), "4H<T<8H", IF(AND(J53<16/24, J53>8/24), "8H<T<16H",IF(AND(J53<24/24, J53>16/24),"16H<T<24H", IF(AND(J53<48/24, J53>24/24),"24H<T<48H",IF(AND(J53<72/24, J53>24/24),"48H<T<72H", "T>72H")))))))) -> T>72H | AB53: 1 | AC53: DOWN | AD53: New case | AE53: 23/03/2026 8h | AF53: W13
A54: SUO_222_H_Buea-Bakwere-Town-MTN | B54: =LEFT(A54,7) -> SUO_222 | C54: INC-20260323-00001357 | D54: #N/A | E54: #N/A | F54: RF Unit External Power Supply Insufficient | G54: Cabinet No.=0, Subrack No.=72, Slot No.=0, Specific Problem=Cabinet Power Supply Abnormal Equipment Alarm | H54: Cabinet No.=0, Subrack No.=72, Slot No.=0, Specific Problem=Cabinet Power Supply Abnormal | I54: 2026-03-22 23:52:30 | J54: =NOW()-I54 -> 4.8633595 | K54: BATTERY_FAILURE | L54: Major | M54: RAN | N54: 160657193 1 OCM_NEW_U2020_RAN RF Unit External Power Supply Insufficient | O54: Uncleared | P54: 1 | T54: 19/03/2026: Relance faite a MTN ce jour || Escalade faite a silvain 18/03/2026 : Power instability || Mail sent to MTN | U54: MTN | V54: #N/A | W54: #N/A | Y54: =VLOOKUP(B54, [2]SBC!A$1:P$65536, 11, 0) -> Buéa | Z54: =LEFT(B54,3) -> SUO | AA54: =IF(J54 < 1/24, "T<1H", IF(AND(J54<2/24, J54>1/24), "1H<T<2H", IF(AND(J54<4/24, J54>2/24), "2H<T<4H", IF(AND(J54<8/24, J54>4/24), "4H<T<8H", IF(AND(J54<16/24, J54>8/24), "8H<T<16H",IF(AND(J54<24/24, J54>16/24),"16H<T<24H", IF(AND(J54<48/24, J54>24/24),"24H<T<48H",IF(AND(J54<72/24, J54>24/24),"48H<T<72H", "T>72H")))))))) -> T>72H | AB54: 1 | AC54: DOWN | AD54: Old case | AE54: 23/03/2026 8h | AF54: W13
A55: SUO_222_H_Buea-Bakwere-Town-MTN | B55: =LEFT(A55,7) -> SUO_222 | C55: INC-20260323-00001359 | D55: #N/A | E55: #N/A | F55: RF Unit External Power Supply Insufficient | G55: Cabinet No.=0, Subrack No.=71, Slot No.=0, Specific Problem=Cabinet Power Supply Abnormal Equipment Alarm | H55: Cabinet No.=0, Subrack No.=71, Slot No.=0, Specific Problem=Cabinet Power Supply Abnormal | I55: 2026-03-23 01:17:17 | J55: =NOW()-I55 -> 4.8044822 | K55: BATTERY_FAILURE | L55: Major | M55: RAN | N55: 160657690 1 OCM_NEW_U2020_RAN RF Unit External Power Supply Insufficient | O55: Uncleared | P55: 1 | T55: 19/03/2026: Relance faite a MTN ce jour || Escalade faite a silvain 18/03/2026 : Power instability || Mail sent to MTN | U55: MTN | V55: #N/A | W55: #N/A | Y55: =VLOOKUP(B55, [2]SBC!A$1:P$65536, 11, 0) -> Buéa | Z55: =LEFT(B55,3) -> SUO | AA55: =IF(J55 < 1/24, "T<1H", IF(AND(J55<2/24, J55>1/24), "1H<T<2H", IF(AND(J55<4/24, J55>2/24), "2H<T<4H", IF(AND(J55<8/24, J55>4/24), "4H<T<8H", IF(AND(J55<16/24, J55>8/24), "8H<T<16H",IF(AND(J55<24/24, J55>16/24),"16H<T<24H", IF(AND(J55<48/24, J55>24/24),"24H<T<48H",IF(AND(J55<72/24, J55>24/24),"48H<T<72H", "T>72H")))))))) -> T>72H | AB55: 1 | AC55: DOWN | AD55: Old case | AE55: 23/03/2026 8h | AF55: W13
A56: SUO_222_H_Buea-Bakwere-Town-MTN | B56: =LEFT(A56,7) -> SUO_222 | C56: INC-20260323-00001356 | D56: #N/A | E56: #N/A | F56: RF Unit External Power Supply Insufficient | G56: Cabinet No.=0, Subrack No.=61, Slot No.=0, Specific Problem=Cabinet Power Supply Abnormal Equipment Alarm | H56: Cabinet No.=0, Subrack No.=61, Slot No.=0, Specific Problem=Cabinet Power Supply Abnormal | I56: 2026-03-23 01:18:55 | J56: =NOW()-I56 -> 4.8033479 | K56: BATTERY_FAILURE | L56: Major | M56: RAN | N56: 160657695 1 OCM_NEW_U2020_RAN RF Unit External Power Supply Insufficient | O56: Uncleared | P56: 1 | T56: 19/03/2026: Relance faite a MTN ce jour || Escalade faite a silvain 18/03/2026 : Power instability || Mail sent to MTN | U56: MTN | V56: #N/A | W56: #N/A | Y56: =VLOOKUP(B56, [2]SBC!A$1:P$65536, 11, 0) -> Buéa | Z56: =LEFT(B56,3) -> SUO | AA56: =IF(J56 < 1/24, "T<1H", IF(AND(J56<2/24, J56>1/24), "1H<T<2H", IF(AND(J56<4/24, J56>2/24), "2H<T<4H", IF(AND(J56<8/24, J56>4/24), "4H<T<8H", IF(AND(J56<16/24, J56>8/24), "8H<T<16H",IF(AND(J56<24/24, J56>16/24),"16H<T<24H", IF(AND(J56<48/24, J56>24/24),"24H<T<48H",IF(AND(J56<72/24, J56>24/24),"48H<T<72H", "T>72H")))))))) -> T>72H | AB56: 1 | AC56: DOWN | AD56: Old case | AE56: 23/03/2026 8h | AF56: W13
A57: SUO_222_H_Buea-Bakwere-Town-MTN | B57: =LEFT(A57,7) -> SUO_222 | C57: INC-20260323-00001352 | D57: #N/A | E57: #N/A | F57: RF Unit External Power Supply Insufficient | G57: Cabinet No.=0, Subrack No.=62, Slot No.=0, Specific Problem=Cabinet Power Supply Abnormal Equipment Alarm | H57: Cabinet No.=0, Subrack No.=62, Slot No.=0, Specific Problem=Cabinet Power Supply Abnormal | I57: 2026-03-23 01:18:55 | J57: =NOW()-I57 -> 4.8033479 | K57: BATTERY_FAILURE | L57: Major | M57: RAN | N57: 160657693 1 OCM_NEW_U2020_RAN RF Unit External Power Supply Insufficient | O57: Uncleared | P57: 1 | T57: 19/03/2026: Relance faite a MTN ce jour || Escalade faite a silvain 18/03/2026 : Power instability || Mail sent to MTN | U57: MTN | V57: #N/A | W57: #N/A | Y57: =VLOOKUP(B57, [2]SBC!A$1:P$65536, 11, 0) -> Buéa | Z57: =LEFT(B57,3) -> SUO | AA57: =IF(J57 < 1/24, "T<1H", IF(AND(J57<2/24, J57>1/24), "1H<T<2H", IF(AND(J57<4/24, J57>2/24), "2H<T<4H", IF(AND(J57<8/24, J57>4/24), "4H<T<8H", IF(AND(J57<16/24, J57>8/24), "8H<T<16H",IF(AND(J57<24/24, J57>16/24),"16H<T<24H", IF(AND(J57<48/24, J57>24/24),"24H<T<48H",IF(AND(J57<72/24, J57>24/24),"48H<T<72H", "T>72H")))))))) -> T>72H | AB57: 1 | AC57: DOWN | AD57: Old case | AE57: 23/03/2026 8h | AF57: W13
A58: SUO_222_H_Buea-Bakwere-Town-MTN | B58: =LEFT(A58,7) -> SUO_222 | C58: INC-20260323-00001360 | D58: #N/A | E58: #N/A | F58: RF Unit External Power Supply Insufficient | G58: Cabinet No.=0, Subrack No.=60, Slot No.=0, Specific Problem=Cabinet Power Supply Abnormal Equipment Alarm | H58: Cabinet No.=0, Subrack No.=60, Slot No.=0, Specific Problem=Cabinet Power Supply Abnormal | I58: 2026-03-23 01:19:36 | J58: =NOW()-I58 -> 4.8028734 | K58: BATTERY_FAILURE | L58: Major | M58: RAN | N58: 160657697 1 OCM_NEW_U2020_RAN RF Unit External Power Supply Insufficient | O58: Uncleared | P58: 1 | T58: 19/03/2026: Relance faite a MTN ce jour || Escalade faite a silvain 18/03/2026 : Power instability || Mail sent to MTN | U58: MTN | V58: #N/A | W58: #N/A | Y58: =VLOOKUP(B58, [2]SBC!A$1:P$65536, 11, 0) -> Buéa | Z58: =LEFT(B58,3) -> SUO | AA58: =IF(J58 < 1/24, "T<1H", IF(AND(J58<2/24, J58>1/24), "1H<T<2H", IF(AND(J58<4/24, J58>2/24), "2H<T<4H", IF(AND(J58<8/24, J58>4/24), "4H<T<8H", IF(AND(J58<16/24, J58>8/24), "8H<T<16H",IF(AND(J58<24/24, J58>16/24),"16H<T<24H", IF(AND(J58<48/24, J58>24/24),"24H<T<48H",IF(AND(J58<72/24, J58>24/24),"48H<T<72H", "T>72H")))))))) -> T>72H | AB58: 1 | AC58: DOWN | AD58: Old case | AE58: 23/03/2026 8h | AF58: W13
A59: NRD_040_H_Ouro-Kessoun | B59: =LEFT(A59,7) -> NRD_040 | C59: INC-20260323-00002184 | D59: #N/A | E59: #N/A | F59: RF Unit External Power Supply Insufficient | G59: Cabinet No.=0, Subrack No.=70, Slot No.=0, Power Port=NULL, Board Type=MRRU, Specific Problem=Cabinet Power Supply Abnormal Equipment Alarm | H59: Cabinet No.=0, Subrack No.=70, Slot No.=0, Power Port=NULL, Board Type=MRRU, Specific Problem=Cabinet Power Supply Abnormal | I59: 2026-03-23 03:22:17 | J59: =NOW()-I59 -> 4.7176766 | K59: BATTERY_FAILURE | L59: Major | M59: RAN | N59: 160676264 1 OCM_NEW_U2020_RAN RF Unit External Power Supply Insufficient | O59: Uncleared | P59: 1 | T59: 23/03/2026 : Relance faite ce jour au RM pour l'update du remplacement du PWC 18/03/2026 : Relance faite de nouveau ce matin au L3 pour revoir l'ETR 17032026. 35 Cells down. || Feeback IHS : Apres investigations, nous avons remplacé les redresseurs dans les sites dont tu m’as fait les mails à savoir : Zileng, Ouro-Kessoun, Pitoa Ville et le site en objet, mais ces redresseurs passent HS, l’action est de remplacer la baie. J’ai déjà commandé les baies de ces sites qui quittent Douala aujourd’hui, les issues seront résolus dans une semaine. || commande en cours | U59: IHS | V59: #N/A | W59: #N/A | Y59: =VLOOKUP(B59, [2]SBC!A$1:P$65536, 11, 0) -> Garoua | Z59: =LEFT(B59,3) -> NRD | AA59: =IF(J59 < 1/24, "T<1H", IF(AND(J59<2/24, J59>1/24), "1H<T<2H", IF(AND(J59<4/24, J59>2/24), "2H<T<4H", IF(AND(J59<8/24, J59>4/24), "4H<T<8H", IF(AND(J59<16/24, J59>8/24), "8H<T<16H",IF(AND(J59<24/24, J59>16/24),"16H<T<24H", IF(AND(J59<48/24, J59>24/24),"24H<T<48H",IF(AND(J59<72/24, J59>24/24),"48H<T<72H", "T>72H")))))))) -> T>72H | AB59: 1 | AC59: DOWN | AD59: New case | AE59: 23/03/2026 8h | AF59: W13
A60: NRD_040_H_Ouro-Kessoun | B60: =LEFT(A60,7) -> NRD_040 | C60: INC-20260323-00002184 | D60: #N/A | E60: #N/A | F60: RF Unit External Power Supply Insufficient | G60: Cabinet No.=0, Subrack No.=60, Slot No.=0, Power Port=NULL, Board Type=MRRU, Specific Problem=Cabinet Power Supply Abnormal Equipment Alarm | H60: Cabinet No.=0, Subrack No.=60, Slot No.=0, Power Port=NULL, Board Type=MRRU, Specific Problem=Cabinet Power Supply Abnormal | I60: 2026-03-23 03:22:17 | J60: =NOW()-I60 -> 4.7176766 | K60: BATTERY_FAILURE | L60: Major | M60: RAN | N60: 160676266 1 OCM_NEW_U2020_RAN RF Unit External Power Supply Insufficient | O60: Uncleared | P60: 1 | T60: 23/03/2026 : Relance faite ce jour au RM pour l'update du remplacement du PWC 18/03/2026 : Relance faite de nouveau ce matin au L3 pour revoir l'ETR 17032026. 35 Cells down. || Feeback IHS : Apres investigations, nous avons remplacé les redresseurs dans les sites dont tu m’as fait les mails à savoir : Zileng, Ouro-Kessoun, Pitoa Ville et le site en objet, mais ces redresseurs passent HS, l’action est de remplacer la baie. J’ai déjà commandé les baies de ces sites qui quittent Douala aujourd’hui, les issues seront résolus dans une semaine. || commande en cours | U60: IHS | V60: #N/A | W60: #N/A | Y60: =VLOOKUP(B60, [2]SBC!A$1:P$65536, 11, 0) -> Garoua | Z60: =LEFT(B60,3) -> NRD | AA60: =IF(J60 < 1/24, "T<1H", IF(AND(J60<2/24, J60>1/24), "1H<T<2H", IF(AND(J60<4/24, J60>2/24), "2H<T<4H", IF(AND(J60<8/24, J60>4/24), "4H<T<8H", IF(AND(J60<16/24, J60>8/24), "8H<T<16H",IF(AND(J60<24/24, J60>16/24),"16H<T<24H", IF(AND(J60<48/24, J60>24/24),"24H<T<48H",IF(AND(J60<72/24, J60>24/24),"48H<T<72H", "T>72H")))))))) -> T>72H | AB60: 1 | AC60: DOWN | AD60: New case | AE60: 23/03/2026 8h | AF60: W13
A61: NRD_040_H_Ouro-Kessoun | B61: =LEFT(A61,7) -> NRD_040 | C61: INC-20260323-00002184 | D61: #N/A | E61: #N/A | F61: RF Unit External Power Supply Insufficient | G61: Cabinet No.=0, Subrack No.=71, Slot No.=0, Power Port=NULL, Board Type=MRRU, Specific Problem=Cabinet Power Supply Abnormal Equipment Alarm | H61: Cabinet No.=0, Subrack No.=71, Slot No.=0, Power Port=NULL, Board Type=MRRU, Specific Problem=Cabinet Power Supply Abnormal | I61: 2026-03-23 03:22:17 | J61: =NOW()-I61 -> 4.7176766 | K61: BATTERY_FAILURE | L61: Major | M61: RAN | N61: 160676268 1 OCM_NEW_U2020_RAN RF Unit External Power Supply Insufficient | O61: Uncleared | P61: 1 | T61: 23/03/2026 : Relance faite ce jour au RM pour l'update du remplacement du PWC 18/03/2026 : Relance faite de nouveau ce matin au L3 pour revoir l'ETR 17032026. 35 Cells down. || Feeback IHS : Apres investigations, nous avons remplacé les redresseurs dans les sites dont tu m’as fait les mails à savoir : Zileng, Ouro-Kessoun, Pitoa Ville et le site en objet, mais ces redresseurs passent HS, l’action est de remplacer la baie. J’ai déjà commandé les baies de ces sites qui quittent Douala aujourd’hui, les issues seront résolus dans une semaine. || commande en cours | U61: IHS | V61: #N/A | W61: #N/A | Y61: =VLOOKUP(B61, [2]SBC!A$1:P$65536, 11, 0) -> Garoua | Z61: =LEFT(B61,3) -> NRD | AA61: =IF(J61 < 1/24, "T<1H", IF(AND(J61<2/24, J61>1/24), "1H<T<2H", IF(AND(J61<4/24, J61>2/24), "2H<T<4H", IF(AND(J61<8/24, J61>4/24), "4H<T<8H", IF(AND(J61<16/24, J61>8/24), "8H<T<16H",IF(AND(J61<24/24, J61>16/24),"16H<T<24H", IF(AND(J61<48/24, J61>24/24),"24H<T<48H",IF(AND(J61<72/24, J61>24/24),"48H<T<72H", "T>72H")))))))) -> T>72H | AB61: 1 | AC61: DOWN | AD61: New case | AE61: 23/03/2026 8h | AF61: W13
A62: NRD_040_H_Ouro-Kessoun | B62: =LEFT(A62,7) -> NRD_040 | C62: INC-20260323-00002184 | D62: #N/A | E62: #N/A | F62: RF Unit External Power Supply Insufficient | G62: Cabinet No.=0, Subrack No.=72, Slot No.=0, Power Port=NULL, Board Type=MRRU, Specific Problem=Cabinet Power Supply Abnormal Equipment Alarm | H62: Cabinet No.=0, Subrack No.=72, Slot No.=0, Power Port=NULL, Board Type=MRRU, Specific Problem=Cabinet Power Supply Abnormal | I62: 2026-03-23 03:22:19 | J62: =NOW()-I62 -> 4.7176535 | K62: BATTERY_FAILURE | L62: Major | M62: RAN | N62: 160676270 1 OCM_NEW_U2020_RAN RF Unit External Power Supply Insufficient | O62: Uncleared | P62: 1 | T62: 23/03/2026 : Relance faite ce jour au RM pour l'update du remplacement du PWC 18/03/2026 : Relance faite de nouveau ce matin au L3 pour revoir l'ETR 17032026. 35 Cells down. || Feeback IHS : Apres investigations, nous avons remplacé les redresseurs dans les sites dont tu m’as fait les mails à savoir : Zileng, Ouro-Kessoun, Pitoa Ville et le site en objet, mais ces redresseurs passent HS, l’action est de remplacer la baie. J’ai déjà commandé les baies de ces sites qui quittent Douala aujourd’hui, les issues seront résolus dans une semaine. || commande en cours | U62: IHS | V62: #N/A | W62: #N/A | Y62: =VLOOKUP(B62, [2]SBC!A$1:P$65536, 11, 0) -> Garoua | Z62: =LEFT(B62,3) -> NRD | AA62: =IF(J62 < 1/24, "T<1H", IF(AND(J62<2/24, J62>1/24), "1H<T<2H", IF(AND(J62<4/24, J62>2/24), "2H<T<4H", IF(AND(J62<8/24, J62>4/24), "4H<T<8H", IF(AND(J62<16/24, J62>8/24), "8H<T<16H",IF(AND(J62<24/24, J62>16/24),"16H<T<24H", IF(AND(J62<48/24, J62>24/24),"24H<T<48H",IF(AND(J62<72/24, J62>24/24),"48H<T<72H", "T>72H")))))))) -> T>72H | AB62: 1 | AC62: DOWN | AD62: New case | AE62: 23/03/2026 8h | AF62: W13
... A64: NRD_040_H_Ouro-Kessoun | B64: =LEFT(A64,7) -> NRD_040 | C64: INC-20260323-00001906 | D64: #N/A | E64: #N/A | F64: RF Unit External Power Supply Insufficient | G64: Cabinet No.=0, Subrack No.=62, Slot No.=0, Power Port=NULL, Board Type=MRRU, Specific Problem=Cabinet Power Supply Abnormal Equipment Alarm | H64: Cabinet No.=0, Subrack No.=62, Slot No.=0, Power Port=NULL, Board Type=MRRU, Specific Problem=Cabinet Power Supply Abnormal | I64: 2026-03-23 03:22:21 | J64: =NOW()-I64 -> 4.7176303 | K64: BATTERY_FAILURE | L64: Major | M64: RAN | N64: 160676272 1 OCM_NEW_U2020_RAN RF Unit External Power Supply Insufficient | O64: Uncleared | P64: 1 | T64: 23/03/2026 : Relance faite ce jour au RM pour l'update du remplacement du PWC 18/03/2026 : Relance faite de nouveau ce matin au L3 pour revoir l'ETR 17032026. 35 Cells down. || Feeback IHS : Apres investigations, nous avons remplacé les redresseurs dans les sites dont tu m’as fait les mails à savoir : Zileng, Ouro-Kessoun, Pitoa Ville et le site en objet, mais ces redresseurs passent HS, l’action est de remplacer la baie. J’ai déjà commandé les baies de ces sites qui quittent Douala aujourd’hui, les issues seront résolus dans une semaine. || commande en cours | U64: IHS | V64: #N/A | W64: #N/A | Y64: =VLOOKUP(B64, [2]SBC!A$1:P$65536, 11, 0) -> Garoua | Z64: =LEFT(B64,3) -> NRD | AA64: =IF(J64 < 1/24, "T<1H", IF(AND(J64<2/24, J64>1/24), "1H<T<2H", IF(AND(J64<4/24, J64>2/24), "2H<T<4H", IF(AND(J64<8/24, J64>4/24), "4H<T<8H", IF(AND(J64<16/24, J64>8/24), "8H<T<16H",IF(AND(J64<24/24, J64>16/24),"16H<T<24H", IF(AND(J64<48/24, J64>24/24),"24H<T<48H",IF(AND(J64<72/24, J64>24/24),"48H<T<72H", "T>72H")))))))) -> T>72H | AB64: 1 | AC64: DOWN | AD64: New case | AE64: 23/03/2026 8h | AF64: W13
A65: ADM_048_H_Ngd-Q-Haoussa | B65: =LEFT(A65,7) -> ADM_048 | C65: INC-20260322-00014189 | D65: #N/A | E65: #N/A | F65: RF Unit Maintenance Link Failure | G65: Cabinet No.=0, Subrack No.=61, Slot No.=0, Board Type=MRRU, Specific Problem=Other Equipment Alarm | H65: Cabinet No.=0, Subrack No.=61, Slot No.=0, Board Type=MRRU, Specific Problem=Other | I65: 2026-03-22 20:44:14 | J65: =NOW()-I65 -> 4.9941002 | K65: INVALID_MESSAGE_RECEIVED | L65: Major | M65: RAN | N65: 160548301 1 OCM_NEW_U2020_RAN RF Unit Maintenance Link Failure | O65: Uncleared | P65: 1 | T65: 23/03/2026 : Probable disjonction des breakers || Check Connectivite entre BBU & RRU/Check FO ou SFP | U65: TELEINFRA | V65: disjonction au niveau de DC | W65: disjonction des breakers | Y65: =VLOOKUP(B65, [2]SBC!A$1:P$65536, 11, 0) -> Ngaoundere | Z65: =LEFT(B65,3) -> ADM | AA65: =IF(J65 < 1/24, "T<1H", IF(AND(J65<2/24, J65>1/24), "1H<T<2H", IF(AND(J65<4/24, J65>2/24), "2H<T<4H", IF(AND(J65<8/24, J65>4/24), "4H<T<8H", IF(AND(J65<16/24, J65>8/24), "8H<T<16H",IF(AND(J65<24/24, J65>16/24),"16H<T<24H", IF(AND(J65<48/24, J65>24/24),"24H<T<48H",IF(AND(J65<72/24, J65>24/24),"48H<T<72H", "T>72H")))))))) -> T>72H | AB65: 1 | AC65: Up | AD65: New case | AE65: 23/03/2026 8h | AF65: W13
A66: ADM_048_H_Ngd-Q-Haoussa | B66: =LEFT(A66,7) -> ADM_048 | C66: INC-20260322-00014189 | D66: #N/A | E66: #N/A | F66: RF Unit Maintenance Link Failure | G66: Cabinet No.=0, Subrack No.=60, Slot No.=0, Board Type=MRRU, Specific Problem=Other Equipment Alarm | H66: Cabinet No.=0, Subrack No.=60, Slot No.=0, Board Type=MRRU, Specific Problem=Other | I66: 2026-03-22 20:44:14 | J66: =NOW()-I66 -> 4.9941002 | K66: INVALID_MESSAGE_RECEIVED | L66: Major | M66: RAN | N66: 160548300 1 OCM_NEW_U2020_RAN RF Unit Maintenance Link Failure | O66: Uncleared | P66: 1 | T66: 23/03/2026 : Probable disjonction des breakers || Check Connectivite entre BBU & RRU/Check FO ou SFP | U66: TELEINFRA | V66: disjonction au niveau de DC | W66: disjonction des breakers | Y66: =VLOOKUP(B66, [2]SBC!A$1:P$65536, 11, 0) -> Ngaoundere | Z66: =LEFT(B66,3) -> ADM | AA66: =IF(J66 < 1/24, "T<1H", IF(AND(J66<2/24, J66>1/24), "1H<T<2H", IF(AND(J66<4/24, J66>2/24), "2H<T<4H", IF(AND(J66<8/24, J66>4/24), "4H<T<8H", IF(AND(J66<16/24, J66>8/24), "8H<T<16H",IF(AND(J66<24/24, J66>16/24),"16H<T<24H", IF(AND(J66<48/24, J66>24/24),"24H<T<48H",IF(AND(J66<72/24, J66>24/24),"48H<T<72H", "T>72H")))))))) -> T>72H | AB66: 1 | AC66: Up | AD66: New case | AE66: 23/03/2026 8h | AF66: W13
A67: ADM_048_H_Ngd-Q-Haoussa | B67: =LEFT(A67,7) -> ADM_048 | C67: INC-20260322-00014189 | D67: #N/A | E67: #N/A | F67: RF Unit Maintenance Link Failure | G67: Cabinet No.=0, Subrack No.=80, Slot No.=0, Board Type=MRRU, Specific Problem=Other Equipment Alarm | H67: Cabinet No.=0, Subrack No.=80, Slot No.=0, Board Type=MRRU, Specific Problem=Other | I67: 2026-03-22 20:44:14 | J67: =NOW()-I67 -> 4.9941002 | K67: INVALID_MESSAGE_RECEIVED | L67: Major | M67: RAN | N67: 160548303 1 OCM_NEW_U2020_RAN RF Unit Maintenance Link Failure | O67: Uncleared | P67: 1 | T67: 23/03/2026 : Probable disjonction des breakers || Check Connectivite entre BBU & RRU/Check FO ou SFP | U67: TELEINFRA | V67: disjonction au niveau de DC | W67: disjonction des breakers | Y67: =VLOOKUP(B67, [2]SBC!A$1:P$65536, 11, 0) -> Ngaoundere | Z67: =LEFT(B67,3) -> ADM | AA67: =IF(J67 < 1/24, "T<1H", IF(AND(J67<2/24, J67>1/24), "1H<T<2H", IF(AND(J67<4/24, J67>2/24), "2H<T<4H", IF(AND(J67<8/24, J67>4/24), "4H<T<8H", IF(AND(J67<16/24, J67>8/24), "8H<T<16H",IF(AND(J67<24/24, J67>16/24),"16H<T<24H", IF(AND(J67<48/24, J67>24/24),"24H<T<48H",IF(AND(J67<72/24, J67>24/24),"48H<T<72H", "T>72H")))))))) -> T>72H | AB67: 1 | AC67: Up | AD67: New case | AE67: 23/03/2026 8h | AF67: W13
A68: ADM_048_H_Ngd-Q-Haoussa | B68: =LEFT(A68,7) -> ADM_048 | C68: INC-20260322-00014189 | D68: #N/A | E68: #N/A | F68: RF Unit Maintenance Link Failure | G68: Cabinet No.=0, Subrack No.=62, Slot No.=0, Board Type=MRRU, Specific Problem=Other Equipment Alarm | H68: Cabinet No.=0, Subrack No.=62, Slot No.=0, Board Type=MRRU, Specific Problem=Other | I68: 2026-03-22 20:44:14 | J68: =NOW()-I68 -> 4.9941002 | K68: INVALID_MESSAGE_RECEIVED | L68: Major | M68: RAN | N68: 160548302 1 OCM_NEW_U2020_RAN RF Unit Maintenance Link Failure | O68: Uncleared | P68: 1 | T68: 23/03/2026 : Probable disjonction des breakers || Check Connectivite entre BBU & RRU/Check FO ou SFP | U68: TELEINFRA | V68: disjonction au niveau de DC | W68: disjonction des breakers | Y68: =VLOOKUP(B68, [2]SBC!A$1:P$65536, 11, 0) -> Ngaoundere | Z68: =LEFT(B68,3) -> ADM | AA68: =IF(J68 < 1/24, "T<1H", IF(AND(J68<2/24, J68>1/24), "1H<T<2H", IF(AND(J68<4/24, J68>2/24), "2H<T<4H", IF(AND(J68<8/24, J68>4/24), "4H<T<8H", IF(AND(J68<16/24, J68>8/24), "8H<T<16H",IF(AND(J68<24/24, J68>16/24),"16H<T<24H", IF(AND(J68<48/24, J68>24/24),"24H<T<48H",IF(AND(J68<72/24, J68>24/24),"48H<T<72H", "T>72H")))))))) -> T>72H | AB68: 1 | AC68: Up | AD68: New case | AE68: 23/03/2026 8h | AF68: W13
A69: ADM_048_H_Ngd-Q-Haoussa | B69: =LEFT(A69,7) -> ADM_048 | C69: INC-20260322-00014189 | D69: #N/A | E69: #N/A | F69: RF Unit Maintenance Link Failure | G69: Cabinet No.=0, Subrack No.=82, Slot No.=0, Board Type=MRRU, Specific Problem=Other Equipment Alarm | H69: Cabinet No.=0, Subrack No.=82, Slot No.=0, Board Type=MRRU, Specific Problem=Other | I69: 2026-03-22 20:44:14 | J69: =NOW()-I69 -> 4.9941002 | K69: INVALID_MESSAGE_RECEIVED | L69: Major | M69: RAN | N69: 160548305 1 OCM_NEW_U2020_RAN RF Unit Maintenance Link Failure | O69: Uncleared | P69: 1 | T69: 23/03/2026 : Probable disjonction des breakers || Check Connectivite entre BBU & RRU/Check FO ou SFP | U69: TELEINFRA | V69: disjonction au niveau de DC | W69: disjonction des breakers | Y69: =VLOOKUP(B69, [2]SBC!A$1:P$65536, 11, 0) -> Ngaoundere | Z69: =LEFT(B69,3) -> ADM | AA69: =IF(J69 < 1/24, "T<1H", IF(AND(J69<2/24, J69>1/24), "1H<T<2H", IF(AND(J69<4/24, J69>2/24), "2H<T<4H", IF(AND(J69<8/24, J69>4/24), "4H<T<8H", IF(AND(J69<16/24, J69>8/24), "8H<T<16H",IF(AND(J69<24/24, J69>16/24),"16H<T<24H", IF(AND(J69<48/24, J69>24/24),"24H<T<48H",IF(AND(J69<72/24, J69>24/24),"48H<T<72H", "T>72H")))))))) -> T>72H | AB69: 1 | AC69: Up | AD69: New case | AE69: 23/03/2026 8h | AF69: W13
A70: ADM_048_H_Ngd-Q-Haoussa | B70: =LEFT(A70,7) -> ADM_048 | C70: INC-20260322-00014189 | D70: #N/A | E70: #N/A | F70: RF Unit Maintenance Link Failure | G70: Cabinet No.=0, Subrack No.=81, Slot No.=0, Board Type=MRRU, Specific Problem=Other Equipment Alarm | H70: Cabinet No.=0, Subrack No.=81, Slot No.=0, Board Type=MRRU, Specific Problem=Other | I70: 2026-03-22 20:44:14 | J70: =NOW()-I70 -> 4.9941002 | K70: INVALID_MESSAGE_RECEIVED | L70: Major | M70: RAN | N70: 160548304 1 OCM_NEW_U2020_RAN RF Unit Maintenance Link Failure | O70: Uncleared | P70: 1 | T70: 23/03/2026 : Probable disjonction des breakers || Check Connectivite entre BBU & RRU/Check FO ou SFP | U70: TELEINFRA | V70: disjonction au niveau de DC | W70: disjonction des breakers | Y70: =VLOOKUP(B70, [2]SBC!A$1:P$65536, 11, 0) -> Ngaoundere | Z70: =LEFT(B70,3) -> ADM | AA70: =IF(J70 < 1/24, "T<1H", IF(AND(J70<2/24, J70>1/24), "1H<T<2H", IF(AND(J70<4/24, J70>2/24), "2H<T<4H", IF(AND(J70<8/24, J70>4/24), "4H<T<8H", IF(AND(J70<16/24, J70>8/24), "8H<T<16H",IF(AND(J70<24/24, J70>16/24),"16H<T<24H", IF(AND(J70<48/24, J70>24/24),"24H<T<48H",IF(AND(J70<72/24, J70>24/24),"48H<T<72H", "T>72H")))))))) -> T>72H | AB70: 1 | AC70: Up | AD70: New case | AE70: 23/03/2026 8h | AF70: W13
A71: SUO_222_H_Buea-Bakwere-Town-MTN | B71: =LEFT(A71,7) -> SUO_222 | C71: INC-20260323-00001353 | D71: #N/A | E71: #N/A | F71: RF Unit Maintenance Link Failure | G71: Cabinet No.=0, Subrack No.=70, Slot No.=0, Board Type=MRRU, Specific Problem=Other Equipment Alarm | H71: Cabinet No.=0, Subrack No.=70, Slot No.=0, Board Type=MRRU, Specific Problem=Other | I71: 2026-03-22 23:52:30 | J71: =NOW()-I71 -> 4.8633595 | K71: INVALID_MESSAGE_RECEIVED | L71: Major | M71: RAN | N71: 160657197 1 OCM_NEW_U2020_RAN RF Unit Maintenance Link Failure | O71: Uncleared | P71: 1 | T71: 19/03/2026: Relance faite a MTN ce jour || Escalade faite a silvain 18/03/2026 : Power instability || Mail sent to MTN | U71: MTN | V71: #N/A | W71: #N/A | Y71: =VLOOKUP(B71, [2]SBC!A$1:P$65536, 11, 0) -> Buéa | Z71: =LEFT(B71,3) -> SUO | AA71: =IF(J71 < 1/24, "T<1H", IF(AND(J71<2/24, J71>1/24), "1H<T<2H", IF(AND(J71<4/24, J71>2/24), "2H<T<4H", IF(AND(J71<8/24, J71>4/24), "4H<T<8H", IF(AND(J71<16/24, J71>8/24), "8H<T<16H",IF(AND(J71<24/24, J71>16/24),"16H<T<24H", IF(AND(J71<48/24, J71>24/24),"24H<T<48H",IF(AND(J71<72/24, J71>24/24),"48H<T<72H", "T>72H")))))))) -> T>72H | AB71: 1 | AC71: DOWN | AD71: Old case | AE71: 23/03/2026 8h | AF71: W13
A72: NRD_188_H_Indoor-Agence-Garoua | B72: =LEFT(A72,7) -> NRD_188 | C72: INC-20260322-00007706 | D72: #N/A | E72: #N/A | F72: RF Unit VSWR Threshold Crossed | G72: Cabinet No.=0, Subrack No.=60, Slot No.=0, TX Channel No.=0, Board Type=MRRU, VSWR Alarm Threshold (0.1)=20, VSWR(0.1)=21, Output Power (0.1 dBm)=330, RF Port=NULL Equipment Alarm | H72: Cabinet No.=0, Subrack No.=60, Slot No.=0, TX Channel No.=0, Board Type=MRRU, VSWR Alarm Threshold (0.1)=20, VSWR(0.1)=21, Output Power (0.1 dBm)=330, RF Port=NULL | I72: 2026-03-22 12:13:44 | J72: =NOW()-I72 -> 5.3486141 | K72: LINE_INTERFACE_FAILURE | L72: Minor | M72: RAN | N72: 160333013 1 OCM_NEW_U2020_RAN RF Unit VSWR Threshold Crossed | O72: Uncleared | P72: 1 | T72: 22/10/2025 : Feedback Ing.OCM attendu 09/10/2025 : Feedback recu ce jour d'Athanase : Etude de solution en cours 30/09/2025 : Feedback recu ce jour de l'ING.OCM : Analyse d'une probable solution en cours 29/09/2025 : Mail de demande de creation de TT au TAC envoye au BORAN GNOC || Feedback creation du TT attendu du BO RAN GNOC | U72: OCM | V72: RCA inconnue | W72: Point Ingenierie OCM | Y72: =VLOOKUP(B72, [2]SBC!A$1:P$65536, 11, 0) -> Garoua | Z72: =LEFT(B72,3) -> NRD | AA72: =IF(J72 < 1/24, "T<1H", IF(AND(J72<2/24, J72>1/24), "1H<T<2H", IF(AND(J72<4/24, J72>2/24), "2H<T<4H", IF(AND(J72<8/24, J72>4/24), "4H<T<8H", IF(AND(J72<16/24, J72>8/24), "8H<T<16H",IF(AND(J72<24/24, J72>16/24),"16H<T<24H", IF(AND(J72<48/24, J72>24/24),"24H<T<48H",IF(AND(J72<72/24, J72>24/24),"48H<T<72H", "T>72H")))))))) -> T>72H | AB72: 1 | AC72: DOWN | AD72: Old case | AE72: 23/03/2026 8h | AF72: W13
A73: NRO_113_H_Bamenda-Park-Pharmacy-MTN | B73: =LEFT(A73,7) -> NRO_113 | C73: INC-20260321-00009558 | D73: #N/A | E73: #N/A | F73: S1 Interface Fault | G73: eNodeB Function Name=NRO_113_H_Bamenda-Park-Pharmacy-MTN_L, S1 Interface ID=40001, CN Operator ID=0, Description=NULL, Local Description=eNB:MCC_624 MNC_02, MMECAPINFO=NULL, Specific Problem=Lower-layer link fault Processing Error Alarm | H73: eNodeB Function Name=NRO_113_H_Bamenda-Park-Pharmacy-MTN_L, S1 Interface ID=40001, CN Operator ID=0, Description=NULL, Local Description=eNB:MCC_624 MNC_02, MMECAPINFO=NULL, Specific Problem=Lower-layer link fault | I73: 2026-03-21 19:57:23 | J73: =NOW()-I73 -> 6.026635 | K73: CALL_ESTABLISHMENT_ERROR | L73: Major | M73: RAN | N73: 160018904 1 OCM_NEW_U2020_RAN S1 Interface Fault | O73: Uncleared | P73: 1 | T73: 19/03/2026 : Le power a ete restaure par MTN, mais les cabled d'alimentation des RRUs vandalises n'ont pas encore ete livres par OCM || Nous attendons la MAD desdits cables 16/03/2026 : Site vandalise || Point envoye a OCM 15/03/2026 : Besoin d'analyse BO RAN || Disjonction des breakers | U73: OCM SPMS | V73: #N/A | W73: #N/A | Y73: =VLOOKUP(B73, [2]SBC!A$1:P$65536, 11, 0) -> Bamenda | Z73: =LEFT(B73,3) -> NRO | AA73: =IF(J73 < 1/24, "T<1H", IF(AND(J73<2/24, J73>1/24), "1H<T<2H", IF(AND(J73<4/24, J73>2/24), "2H<T<4H", IF(AND(J73<8/24, J73>4/24), "4H<T<8H", IF(AND(J73<16/24, J73>8/24), "8H<T<16H",IF(AND(J73<24/24, J73>16/24),"16H<T<24H", IF(AND(J73<48/24, J73>24/24),"24H<T<48H",IF(AND(J73<72/24, J73>24/24),"48H<T<72H", "T>72H")))))))) -> T>72H | AB73: 1 | AC73: Up | AD73: Old case | AE73: 23/03/2026 8h | AF73: W13
A74: OST_232_H_Bfsam-Tyo-II | B74: =LEFT(A74,7) -> OST_232 | C74: INC-20260322-00016280 | D74: #N/A | E74: #N/A | F74: S1 Interface Fault | G74: eNodeB Function Name=OST_232_H_Bfsam-Tyo-II_L, S1 Interface ID=40003, CN Operator ID=0, Description=MME:MCC_624 MNC_02 MMEI_32769_16, Local Description=eNB:MCC_624 MNC_02, MMECAPINFO=NULL, Specific Problem=Lower-layer link fault Processing Error Alarm | H74: eNodeB Function Name=OST_232_H_Bfsam-Tyo-II_L, S1 Interface ID=40003, CN Operator ID=0, Description=MME:MCC_624 MNC_02 MMEI_32769_16, Local Description=eNB:MCC_624 MNC_02, MMECAPINFO=NULL, Specific Problem=Lower-layer link fault | I74: 2026-03-22 23:09:10 | J74: =NOW()-I74 -> 4.8934521 | K74: CALL_ESTABLISHMENT_ERROR | L74: Major | M74: RAN | N74: 160597546 1 OCM_NEW_U2020_RAN S1 Interface Fault | O74: Uncleared | P74: 1 | T74: 23/03/2026 : actually clause but need transmission team if the issue persist | U74: BO RAN | V74: #N/A | W74: #N/A | Y74: =VLOOKUP(B74, [2]SBC!A$1:P$65536, 11, 0) -> Bafoussam | Z74: =LEFT(B74,3) -> OST | AA74: =IF(J74 < 1/24, "T<1H", IF(AND(J74<2/24, J74>1/24), "1H<T<2H", IF(AND(J74<4/24, J74>2/24), "2H<T<4H", IF(AND(J74<8/24, J74>4/24), "4H<T<8H", IF(AND(J74<16/24, J74>8/24), "8H<T<16H",IF(AND(J74<24/24, J74>16/24),"16H<T<24H", IF(AND(J74<48/24, J74>24/24),"24H<T<48H",IF(AND(J74<72/24, J74>24/24),"48H<T<72H", "T>72H")))))))) -> T>72H | AB74: 1 | AC74: Up | AD74: New case | AE74: 23/03/2026 8h | AF74: W13

Sheet Cells Huawei 23032026 12h
A1: Alarm Source | B1: Site code | C1: Ticket ID | D1: Powerco | E1: Topologie | F1: Alarm Name | G1: Summary | H1: Alarm Location Info | I1: First Occurred On | J1: Duration | K1: Possible Cause | L1: Raw Alarm Severity | M1: Domain | N1: Alarm Identifier | O1: Clearance Status | P1: Alarm Occurrences | Q1: Action Plan | R1: Action de resolution | S1: Date de resolution | T1: Comment | U1: Porteur | V1: RCA | W1: Causes | X1: SBC | Y1: Ville | Z1: Region | AA1: Temps | AB1: Nombre | AC1: STATUT Cells | AD1: Ages Cells | AE1: Jour d'extraction | AF1: SEMAINE | AG1: Occurrence
A2: SUO_222_H_Buea-Bakwere-Town-MTN_L | B2: =LEFT(A2,7) -> SUO_222 | C2: INC-20260323-00005369 | D2: #N/A | E2: #N/A | F2: Cell Unavailable | G2: eNodeB Function Name=SUO_222_H_Buea-Bakwere-Town-MTN_L, Local Cell ID=21, Cell FDD TDD indication=FDD, NB-IoT Cell Flag=FALSE, Cell Name=SUO_222_H_Buea-Bakwere-Town-MTN_L18_1, eNodeB ID=15222, Cell ID=21, Specific Problem=RF module abnormal Processing Error Alarm | H2: eNodeB Function Name=SUO_222_H_Buea-Bakwere-Town-MTN_L, Local Cell ID=21, Cell FDD TDD indication=FDD, NB-IoT Cell Flag=FALSE, Cell Name=SUO_222_H_Buea-Bakwere-Town-MTN_L18_1, eNodeB ID=15222, Cell ID=21, Specific Problem=RF module abnormal | I2: 2026-03-23 08:50:08 | J2: =NOW()-I2 -> 4.490003 | K2: Unknown Probable Cause | L2: Major | M2: RAN-4G | N2: 160772621 1 OCM_NEW_U2020_RAN Cell Unavailable | O2: Uncleared | P2: 1 | T2: 19/03/2026: Relance faite a MTN ce jour || Escalade faite a silvain 18/03/2026 : Power instability || Mail sent to MTN | U2: MTN | V2: #N/A | W2: #N/A | Y2: =VLOOKUP(B2, [2]SBC!A$1:P$65536, 11, 0) -> Buéa | Z2: =LEFT(B2,3) -> SUO | AA2: =IF(J2 < 1/24, "T<1H", IF(AND(J2<2/24, J2>1/24), "1H<T<2H", IF(AND(J2<4/24, J2>2/24), "2H<T<4H", IF(AND(J2<8/24, J2>4/24), "4H<T<8H", IF(AND(J2<16/24, J2>8/24), "8H<T<16H",IF(AND(J2<24/24, J2>16/24),"16H<T<24H", IF(AND(J2<48/24, J2>24/24),"24H<T<48H",IF(AND(J2<72/24, J2>24/24),"48H<T<72H", "T>72H")))))))) -> T>72H | AB2: 1 | AC2: DOWN | AD2: Old case | AE2: 23/03/2026 12h | AF2: W13
A3: NRD_040_H_Ouro-Kessoun | B3: =LEFT(A3,7) -> NRD_040 | D3: #N/A | E3: #N/A | F3: GSM Local Cell Unusable | G3: GBTS Function Name=NRD_040_H_Ouro-Kessoun, Local Cell ID=1, Specific Problem=RF Resource Unavailable Quality of Service Alarm | H3: GBTS Function Name=NRD_040_H_Ouro-Kessoun, Local Cell ID=1, Specific Problem=RF Resource Unavailable | I3: 2026-03-23 10:33:02 | J3: =NOW()-I3 -> 4.4185447 | K3: REDUCED_ALARM_REPORTING | L3: Major | M3: RAN-2G | N3: 160805549 1 OCM_NEW_U2020_RAN GSM Local Cell Unusable | O3: Uncleared | P3: 1 | T3: 23/03/2026 : Relance faite ce jour au RM pour l'update du remplacement du PWC || Feedback IHS : We will received materials tomorrow, and we will close the issue || ETA: 24032026 18/03/2026 : Relance faite de nouveau ce matin au L3 pour revoir l'ETR 17032026. 35 Cells down. || Feeback IHS : Apres investigations, nous avons remplacé les redresseurs dans les sites dont tu m’as fait les mails à savoir : Zileng, Ouro-Kessoun, Pitoa Ville et le site en objet, mais ces redresseurs passent HS, l’action est de remplacer la baie. J’ai déjà commandé les baies de ces sites qui quittent Douala aujourd’hui, les issues seront résolus dans une semaine. || commande en cours | U3: IHS | V3: #N/A | W3: #N/A | Y3: =VLOOKUP(B3, [2]SBC!A$1:P$65536, 11, 0) -> Garoua | Z3: =LEFT(B3,3) -> NRD | AA3: =IF(J3 < 1/24, "T<1H", IF(AND(J3<2/24, J3>1/24), "1H<T<2H", IF(AND(J3<4/24, J3>2/24), "2H<T<4H", IF(AND(J3<8/24, J3>4/24), "4H<T<8H", IF(AND(J3<16/24, J3>8/24), "8H<T<16H",IF(AND(J3<24/24, J3>16/24),"16H<T<24H", IF(AND(J3<48/24, J3>24/24),"24H<T<48H",IF(AND(J3<72/24, J3>24/24),"48H<T<72H", "T>72H")))))))) -> T>72H | AB3: 1 | AC3: Up | AD3: Old case | AE3: 23/03/2026 12h | AF3: W13
A4: NRD_040_H_Ouro-Kessoun | B4: =LEFT(A4,7) -> NRD_040 | D4: #N/A | E4: #N/A | F4: GSM Local Cell Unusable | G4: GBTS Function Name=NRD_040_H_Ouro-Kessoun, Local Cell ID=0, Specific Problem=RF Resource Unavailable Quality of Service Alarm | H4: GBTS Function Name=NRD_040_H_Ouro-Kessoun, Local Cell ID=0, Specific Problem=RF Resource Unavailable | I4: 2026-03-23 10:33:02 | J4: =NOW()-I4 -> 4.4185447 | K4: REDUCED_ALARM_REPORTING | L4: Major | M4: RAN-2G | N4: 160805550 1 OCM_NEW_U2020_RAN GSM Local Cell Unusable | O4: Uncleared | P4: 1 | T4: 23/03/2026 : Relance faite ce jour au RM pour l'update du remplacement du PWC || Feedback IHS : We will received materials tomorrow, and we will close the issue || ETA: 24032026 18/03/2026 : Relance faite de nouveau ce matin au L3 pour revoir l'ETR 17032026. 35 Cells down. || Feeback IHS : Apres investigations, nous avons remplacé les redresseurs dans les sites dont tu m’as fait les mails à savoir : Zileng, Ouro-Kessoun, Pitoa Ville et le site en objet, mais ces redresseurs passent HS, l’action est de remplacer la baie. J’ai déjà commandé les baies de ces sites qui quittent Douala aujourd’hui, les issues seront résolus dans une semaine. || commande en cours | U4: IHS | V4: #N/A | W4: #N/A | Y4: =VLOOKUP(B4, [2]SBC!A$1:P$65536, 11, 0) -> Garoua | Z4: =LEFT(B4,3) -> NRD | AA4: =IF(J4 < 1/24, "T<1H", IF(AND(J4<2/24, J4>1/24), "1H<T<2H", IF(AND(J4<4/24, J4>2/24), "2H<T<4H", IF(AND(J4<8/24, J4>4/24), "4H<T<8H", IF(AND(J4<16/24, J4>8/24), "8H<T<16H",IF(AND(J4<24/24, J4>16/24),"16H<T<24H", IF(AND(J4<48/24, J4>24/24),"24H<T<48H",IF(AND(J4<72/24, J4>24/24),"48H<T<72H", "T>72H")))))))) -> T>72H | AB4: 1 | AC4: Up | AD4: Old case | AE4: 23/03/2026 12h | AF4: W13
A5: NRD_040_H_Ouro-Kessoun | B5: =LEFT(A5,7) -> NRD_040 | D5: #N/A | E5: #N/A | F5: GSM Local Cell Unusable | G5: GBTS Function Name=NRD_040_H_Ouro-Kessoun, Local Cell ID=2, Specific Problem=RF Resource Unavailable Quality of Service Alarm | H5: GBTS Function Name=NRD_040_H_Ouro-Kessoun, Local Cell ID=2, Specific Problem=RF Resource Unavailable | I5: 2026-03-23 10:33:02 | J5: =NOW()-I5 -> 4.4185447 | K5: REDUCED_ALARM_REPORTING | L5: Major | M5: RAN-2G | N5: 160805548 1 OCM_NEW_U2020_RAN GSM Local Cell Unusable | O5: Uncleared | P5: 1 | T5: 23/03/2026 : Relance faite ce jour au RM pour l'update du remplacement du PWC || Feedback IHS : We will received materials tomorrow, and we will close the issue || ETA: 24032026 18/03/2026 : Relance faite de nouveau ce matin au L3 pour revoir l'ETR 17032026. 35 Cells down. || Feeback IHS : Apres investigations, nous avons remplacé les redresseurs dans les sites dont tu m’as fait les mails à savoir : Zileng, Ouro-Kessoun, Pitoa Ville et le site en objet, mais ces redresseurs passent HS, l’action est de remplacer la baie. J’ai déjà commandé les baies de ces sites qui quittent Douala aujourd’hui, les issues seront résolus dans une semaine. || commande en cours | U5: IHS | V5: #N/A | W5: #N/A | Y5: =VLOOKUP(B5, [2]SBC!A$1:P$65536, 11, 0) -> Garoua | Z5: =LEFT(B5,3) -> NRD | AA5: =IF(J5 < 1/24, "T<1H", IF(AND(J5<2/24, J5>1/24), "1H<T<2H", IF(AND(J5<4/24, J5>2/24), "2H<T<4H", IF(AND(J5<8/24, J5>4/24), "4H<T<8H", IF(AND(J5<16/24, J5>8/24), "8H<T<16H",IF(AND(J5<24/24, J5>16/24),"16H<T<24H", IF(AND(J5<48/24, J5>24/24),"24H<T<48H",IF(AND(J5<72/24, J5>24/24),"48H<T<72H", "T>72H")))))))) -> T>72H | AB5: 1 | AC5: Up | AD5: Old case | AE5: 23/03/2026 12h | AF5: W13
A6: NRD_040_H_Ouro-Kessoun | B6: =LEFT(A6,7) -> NRD_040 | D6: #N/A | E6: #N/A | F6: GSM Local Cell Unusable | G6: GBTS Function Name=NRD_040_H_Ouro-Kessoun, Local Cell ID=3, Specific Problem=RF Resource Unavailable Quality of Service Alarm | H6: GBTS Function Name=NRD_040_H_Ouro-Kessoun, Local Cell ID=3, Specific Problem=RF Resource Unavailable | I6: 2026-03-23 10:33:10 | J6: =NOW()-I6 -> 4.4184521 | K6: REDUCED_ALARM_REPORTING | L6: Major | M6: RAN-2G | N6: 160805577 1 OCM_NEW_U2020_RAN GSM Local Cell Unusable | O6: Uncleared | P6: 1 | T6: 23/03/2026 : Relance faite ce jour au RM pour l'update du remplacement du PWC || Feedback IHS : We will received materials tomorrow, and we will close the issue || ETA: 24032026 18/03/2026 : Relance faite de nouveau ce matin au L3 pour revoir l'ETR 17032026. 35 Cells down. || Feeback IHS : Apres investigations, nous avons remplacé les redresseurs dans les sites dont tu m’as fait les mails à savoir : Zileng, Ouro-Kessoun, Pitoa Ville et le site en objet, mais ces redresseurs passent HS, l’action est de remplacer la baie. J’ai déjà commandé les baies de ces sites qui quittent Douala aujourd’hui, les issues seront résolus dans une semaine. || commande en cours | U6: IHS | V6: #N/A | W6: #N/A | Y6: =VLOOKUP(B6, [2]SBC!A$1:P$65536, 11, 0) -> Garoua | Z6: =LEFT(B6,3) -> NRD | AA6: =IF(J6 < 1/24, "T<1H", IF(AND(J6<2/24, J6>1/24), "1H<T<2H", IF(AND(J6<4/24, J6>2/24), "2H<T<4H", IF(AND(J6<8/24, J6>4/24), "4H<T<8H", IF(AND(J6<16/24, J6>8/24), "8H<T<16H",IF(AND(J6<24/24, J6>16/24),"16H<T<24H", IF(AND(J6<48/24, J6>24/24),"24H<T<48H",IF(AND(J6<72/24, J6>24/24),"48H<T<72H", "T>72H")))))))) -> T>72H | AB6: 1 | AC6: Up | AD6: Old case | AE6: 23/03/2026 12h | AF6: W13
A7: NRD_040_H_Ouro-Kessoun | B7: =LEFT(A7,7) -> NRD_040 | D7: #N/A | E7: #N/A | F7: GSM Local Cell Unusable | G7: GBTS Function Name=NRD_040_H_Ouro-Kessoun, Local Cell ID=4, Specific Problem=RF Resource Unavailable Quality of Service Alarm | H7: GBTS Function Name=NRD_040_H_Ouro-Kessoun, Local Cell ID=4, Specific Problem=RF Resource Unavailable | I7: 2026-03-23 10:33:10 | J7: =NOW()-I7 -> 4.4184521 | K7: REDUCED_ALARM_REPORTING | L7: Major | M7: RAN-2G | N7: 160805575 1 OCM_NEW_U2020_RAN GSM Local Cell Unusable | O7: Uncleared | P7: 1 | T7: 23/03/2026 : Relance faite ce jour au RM pour l'update du remplacement du PWC || Feedback IHS : We will received materials tomorrow, and we will close the issue || ETA: 24032026 18/03/2026 : Relance faite de nouveau ce matin au L3 pour revoir l'ETR 17032026. 35 Cells down. || Feeback IHS : Apres investigations, nous avons remplacé les redresseurs dans les sites dont tu m’as fait les mails à savoir : Zileng, Ouro-Kessoun, Pitoa Ville et le site en objet, mais ces redresseurs passent HS, l’action est de remplacer la baie. J’ai déjà commandé les baies de ces sites qui quittent Douala aujourd’hui, les issues seront résolus dans une semaine. || commande en cours | U7: IHS | V7: #N/A | W7: #N/A | Y7: =VLOOKUP(B7, [2]SBC!A$1:P$65536, 11, 0) -> Garoua | Z7: =LEFT(B7,3) -> NRD | AA7: =IF(J7 < 1/24, "T<1H", IF(AND(J7<2/24, J7>1/24), "1H<T<2H", IF(AND(J7<4/24, J7>2/24), "2H<T<4H", IF(AND(J7<8/24, J7>4/24), "4H<T<8H", IF(AND(J7<16/24, J7>8/24), "8H<T<16H",IF(AND(J7<24/24, J7>16/24),"16H<T<24H", IF(AND(J7<48/24, J7>24/24),"24H<T<48H",IF(AND(J7<72/24, J7>24/24),"48H<T<72H", "T>72H")))))))) -> T>72H | AB7: 1 | AC7: Up | AD7: Old case | AE7: 23/03/2026 12h | AF7: W13
A8: NRD_040_H_Ouro-Kessoun | B8: =LEFT(A8,7) -> NRD_040 | D8: #N/A | E8: #N/A | F8: GSM Local Cell Unusable | G8: GBTS Function Name=NRD_040_H_Ouro-Kessoun, Local Cell ID=5, Specific Problem=RF Resource Unavailable Quality of Service Alarm | H8: GBTS Function Name=NRD_040_H_Ouro-Kessoun, Local Cell ID=5, Specific Problem=RF Resource Unavailable | I8: 2026-03-23 10:47:14 | J8: =NOW()-I8 -> 4.4086836 | K8: REDUCED_ALARM_REPORTING | L8: Major | M8: RAN-2G | N8: 160813619 1 OCM_NEW_U2020_RAN GSM Local Cell Unusable | O8: Uncleared | P8: 1 | T8: 23/03/2026 : Relance faite ce jour au RM pour l'update du remplacement du PWC || Feedback IHS : We will received materials tomorrow, and we will close the issue || ETA: 24032026 18/03/2026 : Relance faite de nouveau ce matin au L3 pour revoir l'ETR 17032026. 35 Cells down. || Feeback IHS : Apres investigations, nous avons remplacé les redresseurs dans les sites dont tu m’as fait les mails à savoir : Zileng, Ouro-Kessoun, Pitoa Ville et le site en objet, mais ces redresseurs passent HS, l’action est de remplacer la baie. J’ai déjà commandé les baies de ces sites qui quittent Douala aujourd’hui, les issues seront résolus dans une semaine. || commande en cours | U8: IHS | V8: #N/A | W8: #N/A | Y8: =VLOOKUP(B8, [2]SBC!A$1:P$65536, 11, 0) -> Garoua | Z8: =LEFT(B8,3) -> NRD | AA8: =IF(J8 < 1/24, "T<1H", IF(AND(J8<2/24, J8>1/24), "1H<T<2H", IF(AND(J8<4/24, J8>2/24), "2H<T<4H", IF(AND(J8<8/24, J8>4/24), "4H<T<8H", IF(AND(J8<16/24, J8>8/24), "8H<T<16H",IF(AND(J8<24/24, J8>16/24),"16H<T<24H", IF(AND(J8<48/24, J8>24/24),"24H<T<48H",IF(AND(J8<72/24, J8>24/24),"48H<T<72H", "T>72H")))))))) -> T>72H | AB8: 1 | AC8: Up | AD8: Old case | AE8: 23/03/2026 12h | AF8: W13
A9: NRD_040_H_Ouro-Kessoun | B9: =LEFT(A9,7) -> NRD_040 | D9: #N/A | E9: #N/A | F9: Local Cell Unusable | G9: NodeB Function Name=NRD_040_H_Ouro-Kessoun_U, Local Cell ID=52155, Specific Problem=Downlink RF Resource Unavailable Quality of Service Alarm | H9: NodeB Function Name=NRD_040_H_Ouro-Kessoun_U, Local Cell ID=52155, Specific Problem=Downlink RF Resource Unavailable | I9: 2026-03-23 10:33:00 | J9: =NOW()-I9 -> 4.4185678 | K9: REDUCED_ALARM_REPORTING | L9: Major | M9: RAN | N9: 160805488 1 OCM_NEW_U2020_RAN Local Cell Unusable | O9: Uncleared | P9: 1 | T9: 23/03/2026 : Relance faite ce jour au RM pour l'update du remplacement du PWC || Feedback IHS : We will received materials tomorrow, and we will close the issue || ETA: 24032026 18/03/2026 : Relance faite de nouveau ce matin au L3 pour revoir l'ETR 17032026. 35 Cells down. || Feeback IHS : Apres investigations, nous avons remplacé les redresseurs dans les sites dont tu m’as fait les mails à savoir : Zileng, Ouro-Kessoun, Pitoa Ville et le site en objet, mais ces redresseurs passent HS, l’action est de remplacer la baie. J’ai déjà commandé les baies de ces sites qui quittent Douala aujourd’hui, les issues seront résolus dans une semaine. || commande en cours | U9: IHS | V9: #N/A | W9: #N/A | Y9: =VLOOKUP(B9, [2]SBC!A$1:P$65536, 11, 0) -> Garoua | Z9: =LEFT(B9,3) -> NRD | AA9: =IF(J9 < 1/24, "T<1H", IF(AND(J9<2/24, J9>1/24), "1H<T<2H", IF(AND(J9<4/24, J9>2/24), "2H<T<4H", IF(AND(J9<8/24, J9>4/24), "4H<T<8H", IF(AND(J9<16/24, J9>8/24), "8H<T<16H",IF(AND(J9<24/24, J9>16/24),"16H<T<24H", IF(AND(J9<48/24, J9>24/24),"24H<T<48H",IF(AND(J9<72/24, J9>24/24),"48H<T<72H", "T>72H")))))))) -> T>72H | AB9: 1 | AC9: Up | AD9: Old case | AE9: 23/03/2026 12h | AF9: W13
A10: NRD_040_H_Ouro-Kessoun | B10: =LEFT(A10,7) -> NRD_040 | D10: #N/A | E10: #N/A | F10: Local Cell Unusable | G10: NodeB Function Name=NRD_040_H_Ouro-Kessoun_U, Local Cell ID=52154, Specific Problem=Downlink RF Resource Unavailable Quality of Service Alarm | H10: NodeB Function Name=NRD_040_H_Ouro-Kessoun_U, Local Cell ID=52154, Specific Problem=Downlink RF Resource Unavailable | I10: 2026-03-23 10:33:00 | J10: =NOW()-I10 -> 4.4185678 | K10: REDUCED_ALARM_REPORTING | L10: Major | M10: RAN | N10: 160805494 1 OCM_NEW_U2020_RAN Local Cell Unusable | O10: Uncleared | P10: 1 | T10: 23/03/2026 : Relance faite ce jour au RM pour l'update du remplacement du PWC || Feedback IHS : We will received materials tomorrow, and we will close the issue || ETA: 24032026 18/03/2026 : Relance faite de nouveau ce matin au L3 pour revoir l'ETR 17032026. 35 Cells down. || Feeback IHS : Apres investigations, nous avons remplacé les redresseurs dans les sites dont tu m’as fait les mails à savoir : Zileng, Ouro-Kessoun, Pitoa Ville et le site en objet, mais ces redresseurs passent HS, l’action est de remplacer la baie. J’ai déjà commandé les baies de ces sites qui quittent Douala aujourd’hui, les issues seront résolus dans une semaine. || commande en cours | U10: IHS | V10: #N/A | W10: #N/A | Y10: =VLOOKUP(B10, [2]SBC!A$1:P$65536, 11, 0) -> Garoua | Z10: =LEFT(B10,3) -> NRD | AA10: =IF(J10 < 1/24, "T<1H", IF(AND(J10<2/24, J10>1/24), "1H<T<2H", IF(AND(J10<4/24, J10>2/24), "2H<T<4H", IF(AND(J10<8/24, J10>4/24), "4H<T<8H", IF(AND(J10<16/24, J10>8/24), "8H<T<16H",IF(AND(J10<24/24, J10>16/24),"16H<T<24H", IF(AND(J10<48/24, J10>24/24),"24H<T<48H",IF(AND(J10<72/24, J10>24/24),"48H<T<72H", "T>72H")))))))) -> T>72H | AB10: 1 | AC10: Up | AD10: Old case | AE10: 23/03/2026 12h | AF10: W13
A11: NRD_040_H_Ouro-Kessoun | B11: =LEFT(A11,7) -> NRD_040 | D11: #N/A | E11: #N/A | F11: Local Cell Unusable | G11: NodeB Function Name=NRD_040_H_Ouro-Kessoun_U, Local Cell ID=52154, Specific Problem=Uplink RF Resource Unavailable Quality of Service Alarm | H11: NodeB Function Name=NRD_040_H_Ouro-Kessoun_U, Local Cell ID=52154, Specific Problem=Uplink RF Resource Unavailable | I11: 2026-03-23 10:33:00 | J11: =NOW()-I11 -> 4.4185678 | K11: REDUCED_ALARM_REPORTING | L11: Major | M11: RAN | N11: 160805493 1 OCM_NEW_U2020_RAN Local Cell Unusable | O11: Uncleared | P11: 1 | T11: 23/03/2026 : Relance faite ce jour au RM pour l'update du remplacement du PWC || Feedback IHS : We will received materials tomorrow, and we will close the issue || ETA: 24032026 18/03/2026 : Relance faite de nouveau ce matin au L3 pour revoir l'ETR 17032026. 35 Cells down. || Feeback IHS : Apres investigations, nous avons remplacé les redresseurs dans les sites dont tu m’as fait les mails à savoir : Zileng, Ouro-Kessoun, Pitoa Ville et le site en objet, mais ces redresseurs passent HS, l’action est de remplacer la baie. J’ai déjà commandé les baies de ces sites qui quittent Douala aujourd’hui, les issues seront résolus dans une semaine. || commande en cours | U11: IHS | V11: #N/A | W11: #N/A | Y11: =VLOOKUP(B11, [2]SBC!A$1:P$65536, 11, 0) -> Garoua | Z11: =LEFT(B11,3) -> NRD | AA11: =IF(J11 < 1/24, "T<1H", IF(AND(J11<2/24, J11>1/24), "1H<T<2H", IF(AND(J11<4/24, J11>2/24), "2H<T<4H", IF(AND(J11<8/24, J11>4/24), "4H<T<8H", IF(AND(J11<16/24, J11>8/24), "8H<T<16H",IF(AND(J11<24/24, J11>16/24),"16H<T<24H", IF(AND(J11<48/24, J11>24/24),"24H<T<48H",IF(AND(J11<72/24, J11>24/24),"48H<T<72H", "T>72H")))))))) -> T>72H | AB11: 1 | AC11: Up | AD11: Old case | AE11: 23/03/2026 12h | AF11: W13
A12: NRD_040_H_Ouro-Kessoun | B12: =LEFT(A12,7) -> NRD_040 | D12: #N/A | E12: #N/A | F12: Local Cell Unusable | G12: NodeB Function Name=NRD_040_H_Ouro-Kessoun_U, Local Cell ID=52153, Specific Problem=Downlink RF Resource Unavailable Quality of Service Alarm | H12: NodeB Function Name=NRD_040_H_Ouro-Kessoun_U, Local Cell ID=52153, Specific Problem=Downlink RF Resource Unavailable | I12: 2026-03-23 10:33:00 | J12: =NOW()-I12 -> 4.4185678 | K12: REDUCED_ALARM_REPORTING | L12: Major | M12: RAN | N12: 160805496 1 OCM_NEW_U2020_RAN Local Cell Unusable | O12: Uncleared | P12: 1 | T12: 23/03/2026 : Relance faite ce jour au RM pour l'update du remplacement du PWC || Feedback IHS : We will received materials tomorrow, and we will close the issue || ETA: 24032026 18/03/2026 : Relance faite de nouveau ce matin au L3 pour revoir l'ETR 17032026. 35 Cells down. || Feeback IHS : Apres investigations, nous avons remplacé les redresseurs dans les sites dont tu m’as fait les mails à savoir : Zileng, Ouro-Kessoun, Pitoa Ville et le site en objet, mais ces redresseurs passent HS, l’action est de remplacer la baie. J’ai déjà commandé les baies de ces sites qui quittent Douala aujourd’hui, les issues seront résolus dans une semaine. || commande en cours | U12: IHS | V12: #N/A | W12: #N/A | Y12: =VLOOKUP(B12, [2]SBC!A$1:P$65536, 11, 0) -> Garoua | Z12: =LEFT(B12,3) -> NRD | AA12: =IF(J12 < 1/24, "T<1H", IF(AND(J12<2/24, J12>1/24), "1H<T<2H", IF(AND(J12<4/24, J12>2/24), "2H<T<4H", IF(AND(J12<8/24, J12>4/24), "4H<T<8H", IF(AND(J12<16/24, J12>8/24), "8H<T<16H",IF(AND(J12<24/24, J12>16/24),"16H<T<24H", IF(AND(J12<48/24, J12>24/24),"24H<T<48H",IF(AND(J12<72/24, J12>24/24),"48H<T<72H", "T>72H")))))))) -> T>72H | AB12: 1 | AC12: Up | AD12: Old case | AE12: 23/03/2026 12h | AF12: W13
A13: NRD_040_H_Ouro-Kessoun | B13: =LEFT(A13,7) -> NRD_040 | D13: #N/A | E13: #N/A | F13: Local Cell Unusable | G13: NodeB Function Name=NRD_040_H_Ouro-Kessoun_U, Local Cell ID=52153, Specific Problem=Uplink RF Resource Unavailable Quality of Service Alarm | H13: NodeB Function Name=NRD_040_H_Ouro-Kessoun_U, Local Cell ID=52153, Specific Problem=Uplink RF Resource Unavailable | I13: 2026-03-23 10:33:00 | J13: =NOW()-I13 -> 4.4185678 | K13: REDUCED_ALARM_REPORTING | L13: Major | M13: RAN | N13: 160805495 1 OCM_NEW_U2020_RAN Local Cell Unusable | O13: Uncleared | P13: 1 | T13: 23/03/2026 : Relance faite ce jour au RM pour l'update du remplacement du PWC || Feedback IHS : We will received materials tomorrow, and we will close the issue || ETA: 24032026 18/03/2026 : Relance faite de nouveau ce matin au L3 pour revoir l'ETR 17032026. 35 Cells down. || Feeback IHS : Apres investigations, nous avons remplacé les redresseurs dans les sites dont tu m’as fait les mails à savoir : Zileng, Ouro-Kessoun, Pitoa Ville et le site en objet, mais ces redresseurs passent HS, l’action est de remplacer la baie. J’ai déjà commandé les baies de ces sites qui quittent Douala aujourd’hui, les issues seront résolus dans une semaine. || commande en cours | U13: IHS | V13: #N/A | W13: #N/A | Y13: =VLOOKUP(B13, [2]SBC!A$1:P$65536, 11, 0) -> Garoua | Z13: =LEFT(B13,3) -> NRD | AA13: =IF(J13 < 1/24, "T<1H", IF(AND(J13<2/24, J13>1/24), "1H<T<2H", IF(AND(J13<4/24, J13>2/24), "2H<T<4H", IF(AND(J13<8/24, J13>4/24), "4H<T<8H", IF(AND(J13<16/24, J13>8/24), "8H<T<16H",IF(AND(J13<24/24, J13>16/24),"16H<T<24H", IF(AND(J13<48/24, J13>24/24),"24H<T<48H",IF(AND(J13<72/24, J13>24/24),"48H<T<72H", "T>72H")))))))) -> T>72H | AB13: 1 | AC13: Up | AD13: Old case | AE13: 23/03/2026 12h | AF13: W13
A14: NRD_040_H_Ouro-Kessoun | B14: =LEFT(A14,7) -> NRD_040 | D14: #N/A | E14: #N/A | F14: Local Cell Unusable | G14: NodeB Function Name=NRD_040_H_Ouro-Kessoun_U, Local Cell ID=52155, Specific Problem=Uplink RF Resource Unavailable Quality of Service Alarm | H14: NodeB Function Name=NRD_040_H_Ouro-Kessoun_U, Local Cell ID=52155, Specific Problem=Uplink RF Resource Unavailable | I14: 2026-03-23 10:33:00 | J14: =NOW()-I14 -> 4.4185678 | K14: REDUCED_ALARM_REPORTING | L14: Major | M14: RAN | N14: 160805487 1 OCM_NEW_U2020_RAN Local Cell Unusable | O14: Uncleared | P14: 1 | T14: 23/03/2026 : Relance faite ce jour au RM pour l'update du remplacement du PWC || Feedback IHS : We will received materials tomorrow, and we will close the issue || ETA: 24032026 18/03/2026 : Relance faite de nouveau ce matin au L3 pour revoir l'ETR 17032026. 35 Cells down. || Feeback IHS : Apres investigations, nous avons remplacé les redresseurs dans les sites dont tu m’as fait les mails à savoir : Zileng, Ouro-Kessoun, Pitoa Ville et le site en objet, mais ces redresseurs passent HS, l’action est de remplacer la baie. J’ai déjà commandé les baies de ces sites qui quittent Douala aujourd’hui, les issues seront résolus dans une semaine. || commande en cours | U14: IHS | V14: #N/A | W14: #N/A | Y14: =VLOOKUP(B14, [2]SBC!A$1:P$65536, 11, 0) -> Garoua | Z14: =LEFT(B14,3) -> NRD | AA14: =IF(J14 < 1/24, "T<1H", IF(AND(J14<2/24, J14>1/24), "1H<T<2H", IF(AND(J14<4/24, J14>2/24), "2H<T<4H", IF(AND(J14<8/24, J14>4/24), "4H<T<8H", IF(AND(J14<16/24, J14>8/24), "8H<T<16H",IF(AND(J14<24/24, J14>16/24),"16H<T<24H", IF(AND(J14<48/24, J14>24/24),"24H<T<48H",IF(AND(J14<72/24, J14>24/24),"48H<T<72H", "T>72H")))))))) -> T>72H | AB14: 1 | AC14: Up | AD14: Old case | AE14: 23/03/2026 12h | AF14: W13
... A27: NRD_311_URH_NADOURA | B27: =LEFT(A27,7) -> NRD_311 | D27: #N/A | E27: #N/A | F27: RF Unit CPRI Interface Error | G27: Cabinet No.=0, Subrack No.=70, Slot No.=0, Port No.=Port 0(West), Sub Port No.=NULL, Board Type=MRRU, Specific Problem=CPRI Interface Reception Error Communication Alarm | H27: Cabinet No.=0, Subrack No.=70, Slot No.=0, Port No.=Port 0(West), Sub Port No.=NULL, Board Type=MRRU, Specific Problem=CPRI Interface Reception Error | I27: 2026-03-23 10:42:32 | J27: =NOW()-I27 -> 4.4119475 | K27: CALL_ESTABLISHMENT_ERROR | L27: Major | M27: RAN | N27: 160810922 1 OCM_NEW_U2020_RAN RF Unit CPRI Interface Error | O27: Uncleared | P27: 1 | T27: 23/03/2026 : Besoin d'analyse BO RAN ||FME should check connectivity(SFP, Fiber) between BBU and RRU 70 || Fme active | U27: TELEINFRA | V27: #N/A | W27: #N/A | Y27: =VLOOKUP(B27, [2]SBC!A$1:P$65536, 11, 0) -> #N/A | Z27: =LEFT(B27,3) -> NRD | AA27: =IF(J27 < 1/24, "T<1H", IF(AND(J27<2/24, J27>1/24), "1H<T<2H", IF(AND(J27<4/24, J27>2/24), "2H<T<4H", IF(AND(J27<8/24, J27>4/24), "4H<T<8H", IF(AND(J27<16/24, J27>8/24), "8H<T<16H",IF(AND(J27<24/24, J27>16/24),"16H<T<24H", IF(AND(J27<48/24, J27>24/24),"24H<T<48H",IF(AND(J27<72/24, J27>24/24),"48H<T<72H", "T>72H")))))))) -> T>72H | AB27: 1 | AC27: DOWN | AD27: Old case | AE27: 23/03/2026 12h | AF27: W13
A28: EXN_217_H_Douggoy-Lopere-II | B28: =LEFT(A28,7) -> EXN_217 | C28: INC-20260322-00009476 | D28: #N/A | E28: #N/A | F28: RF Unit External Power Supply Insufficient | G28: Cabinet No.=0, Subrack No.=80, Slot No.=0, Power Port=NULL, Board Type=MRRU, Specific Problem=Cabinet Power Supply Abnormal Equipment Alarm | H28: Cabinet No.=0, Subrack No.=80, Slot No.=0, Power Port=NULL, Board Type=MRRU, Specific Problem=Cabinet Power Supply Abnormal | I28: 2026-03-22 14:51:36 | J28: =NOW()-I28 -> 5.2389845 | K28: BATTERY_FAILURE | L28: Minor | M28: RAN | N28: 160405077 1 OCM_NEW_U2020_RAN RF Unit External Power Supply Insufficient | O28: Uncleared | P28: 1 | T28: 23/03/2026 : Power instability || Mail sent to Camusat | U28: Camusat | V28: #N/A | W28: #N/A | Y28: =VLOOKUP(B28, [2]SBC!A$1:P$65536, 11, 0) -> Maroua | Z28: =LEFT(B28,3) -> EXN | AA28: =IF(J28 < 1/24, "T<1H", IF(AND(J28<2/24, J28>1/24), "1H<T<2H", IF(AND(J28<4/24, J28>2/24), "2H<T<4H", IF(AND(J28<8/24, J28>4/24), "4H<T<8H", IF(AND(J28<16/24, J28>8/24), "8H<T<16H",IF(AND(J28<24/24, J28>16/24),"16H<T<24H", IF(AND(J28<48/24, J28>24/24),"24H<T<48H",IF(AND(J28<72/24, J28>24/24),"48H<T<72H", "T>72H")))))))) -> T>72H | AB28: 1 | AC28: DOWN | AD28: Old case | AE28: 23/03/2026 12h | AF28: W13
A29: EXN_217_H_Douggoy-Lopere-II | B29: =LEFT(A29,7) -> EXN_217 | C29: INC-20260322-00009476 | D29: #N/A | E29: #N/A | F29: RF Unit External Power Supply Insufficient | G29: Cabinet No.=0, Subrack No.=82, Slot No.=0, Power Port=NULL, Board Type=MRRU, Specific Problem=Cabinet Power Supply Abnormal Equipment Alarm | H29: Cabinet No.=0, Subrack No.=82, Slot No.=0, Power Port=NULL, Board Type=MRRU, Specific Problem=Cabinet Power Supply Abnormal | I29: 2026-03-22 14:51:45 | J29: =NOW()-I29 -> 5.2388803 | K29: BATTERY_FAILURE | L29: Minor | M29: RAN | N29: 160405119 1 OCM_NEW_U2020_RAN RF Unit External Power Supply Insufficient | O29: Uncleared | P29: 1 | T29: 23/03/2026 : Power instability || Mail sent to Camusat | U29: Camusat | V29: #N/A | W29: #N/A | Y29: =VLOOKUP(B29, [2]SBC!A$1:P$65536, 11, 0) -> Maroua | Z29: =LEFT(B29,3) -> EXN | AA29: =IF(J29 < 1/24, "T<1H", IF(AND(J29<2/24, J29>1/24), "1H<T<2H", IF(AND(J29<4/24, J29>2/24), "2H<T<4H", IF(AND(J29<8/24, J29>4/24), "4H<T<8H", IF(AND(J29<16/24, J29>8/24), "8H<T<16H",IF(AND(J29<24/24, J29>16/24),"16H<T<24H", IF(AND(J29<48/24, J29>24/24),"24H<T<48H",IF(AND(J29<72/24, J29>24/24),"48H<T<72H", "T>72H")))))))) -> T>72H | AB29: 1 | AC29: DOWN | AD29: Old case | AE29: 23/03/2026 12h | AF29: W13
A30: EXN_217_H_Douggoy-Lopere-II | B30: =LEFT(A30,7) -> EXN_217 | C30: INC-20260322-00010582 | D30: #N/A | E30: #N/A | F30: RF Unit External Power Supply Insufficient | G30: Cabinet No.=0, Subrack No.=81, Slot No.=0, Power Port=NULL, Board Type=MRRU, Specific Problem=Cabinet Power Supply Abnormal Equipment Alarm | H30: Cabinet No.=0, Subrack No.=81, Slot No.=0, Power Port=NULL, Board Type=MRRU, Specific Problem=Cabinet Power Supply Abnormal | I30: 2026-03-22 15:35:57 | J30: =NOW()-I30 -> 5.2081859 | K30: BATTERY_FAILURE | L30: Minor | M30: RAN | N30: 160428209 1 OCM_NEW_U2020_RAN RF Unit External Power Supply Insufficient | O30: Uncleared | P30: 1 | T30: 23/03/2026 : Power instability || Mail sent to Camusat | U30: Camusat | V30: #N/A | W30: #N/A | Y30: =VLOOKUP(B30, [2]SBC!A$1:P$65536, 11, 0) -> Maroua | Z30: =LEFT(B30,3) -> EXN | AA30: =IF(J30 < 1/24, "T<1H", IF(AND(J30<2/24, J30>1/24), "1H<T<2H", IF(AND(J30<4/24, J30>2/24), "2H<T<4H", IF(AND(J30<8/24, J30>4/24), "4H<T<8H", IF(AND(J30<16/24, J30>8/24), "8H<T<16H",IF(AND(J30<24/24, J30>16/24),"16H<T<24H", IF(AND(J30<48/24, J30>24/24),"24H<T<48H",IF(AND(J30<72/24, J30>24/24),"48H<T<72H", "T>72H")))))))) -> T>72H | AB30: 1 | AC30: DOWN | AD30: Old case | AE30: 23/03/2026 12h | AF30: W13
A31: NRD_060_H_Garoua-Djamboutou-Village | B31: =LEFT(A31,7) -> NRD_060 | C31: INC-20260323-00004501 | D31: #N/A | E31: #N/A | F31: RF Unit External Power Supply Insufficient | G31: Cabinet No.=0, Subrack No.=71, Slot No.=0, Power Port=NULL, Board Type=MRRU, Specific Problem=Cabinet Power Supply Abnormal Equipment Alarm | H31: Cabinet No.=0, Subrack No.=71, Slot No.=0, Power Port=NULL, Board Type=MRRU, Specific Problem=Cabinet Power Supply Abnormal | I31: 2026-03-23 07:26:26 | J31: =NOW()-I31 -> 4.548128 | K31: BATTERY_FAILURE | L31: Major | M31: RAN | N31: 160748480 1 OCM_NEW_U2020_RAN RF Unit External Power Supply Insufficient | O31: Uncleared | P31: 1 | T31: 23/03/2026 : Relance faite ce jour au RM pour l'update du remplacement du PWC || Feedback IHS : We will received materials tomorrow, and we will close the issue || ETA: 24032026 18/03/2026 : Relance faite de nouveau ce matin au L3 pour revoir l'ETR 17032026. 35 Cells down. || Feeback IHS : Apres investigations, nous avons remplacé les redresseurs dans les sites dont tu m’as fait les mails à savoir : Zileng, Ouro-Kessoun, Pitoa Ville et le site en objet, mais ces redresseurs passent HS, l’action est de remplacer la baie. J’ai déjà commandé les baies de ces sites qui quittent Douala aujourd’hui, les issues seront résolus dans une semaine. || commande en cours | U31: IHS | V31: #N/A | W31: #N/A | Y31: =VLOOKUP(B31, [2]SBC!A$1:P$65536, 11, 0) -> Garoua | Z31: =LEFT(B31,3) -> NRD | AA31: =IF(J31 < 1/24, "T<1H", IF(AND(J31<2/24, J31>1/24), "1H<T<2H", IF(AND(J31<4/24, J31>2/24), "2H<T<4H", IF(AND(J31<8/24, J31>4/24), "4H<T<8H", IF(AND(J31<16/24, J31>8/24), "8H<T<16H",IF(AND(J31<24/24, J31>16/24),"16H<T<24H", IF(AND(J31<48/24, J31>24/24),"24H<T<48H",IF(AND(J31<72/24, J31>24/24),"48H<T<72H", "T>72H")))))))) -> T>72H | AB31: 1 | AC31: DOWN | AD31: New case | AE31: 23/03/2026 12h | AF31: W13
A32: NRD_060_H_Garoua-Djamboutou-Village | B32: =LEFT(A32,7) -> NRD_060 | C32: INC-20260323-00004501 | D32: #N/A | E32: #N/A | F32: RF Unit External Power Supply Insufficient | G32: Cabinet No.=0, Subrack No.=70, Slot No.=0, Power Port=NULL, Board Type=MRRU, Specific Problem=Cabinet Power Supply Abnormal Equipment Alarm | H32: Cabinet No.=0, Subrack No.=70, Slot No.=0, Power Port=NULL, Board Type=MRRU, Specific Problem=Cabinet Power Supply Abnormal | I32: 2026-03-23 10:27:43 | J32: =NOW()-I32 -> 4.4222368 | K32: BATTERY_FAILURE | L32: Major | M32: RAN | N32: 160803379 1 OCM_NEW_U2020_RAN RF Unit External Power Supply Insufficient | O32: Uncleared | P32: 1 | T32: 23/03/2026 : Relance faite ce jour au RM pour l'update du remplacement du PWC || Feedback IHS : We will received materials tomorrow, and we will close the issue || ETA: 24032026 18/03/2026 : Relance faite de nouveau ce matin au L3 pour revoir l'ETR 17032026. 35 Cells down. || Feeback IHS : Apres investigations, nous avons remplacé les redresseurs dans les sites dont tu m’as fait les mails à savoir : Zileng, Ouro-Kessoun, Pitoa Ville et le site en objet, mais ces redresseurs passent HS, l’action est de remplacer la baie. J’ai déjà commandé les baies de ces sites qui quittent Douala aujourd’hui, les issues seront résolus dans une semaine. || commande en cours | U32: IHS | V32: #N/A | W32: #N/A | Y32: =VLOOKUP(B32, [2]SBC!A$1:P$65536, 11, 0) -> Garoua | Z32: =LEFT(B32,3) -> NRD | AA32: =IF(J32 < 1/24, "T<1H", IF(AND(J32<2/24, J32>1/24), "1H<T<2H", IF(AND(J32<4/24, J32>2/24), "2H<T<4H", IF(AND(J32<8/24, J32>4/24), "4H<T<8H", IF(AND(J32<16/24, J32>8/24), "8H<T<16H",IF(AND(J32<24/24, J32>16/24),"16H<T<24H", IF(AND(J32<48/24, J32>24/24),"24H<T<48H",IF(AND(J32<72/24, J32>24/24),"48H<T<72H", "T>72H")))))))) -> T>72H | AB32: 1 | AC32: DOWN | AD32: New case | AE32: 23/03/2026 12h | AF32: W13
A33: NRD_060_H_Garoua-Djamboutou-Village | B33: =LEFT(A33,7) -> NRD_060 | C33: INC-20260323-00004501 | D33: #N/A | E33: #N/A | F33: RF Unit External Power Supply Insufficient | G33: Cabinet No.=0, Subrack No.=72, Slot No.=0, Power Port=NULL, Board Type=MRRU, Specific Problem=Cabinet Power Supply Abnormal Equipment Alarm | H33: Cabinet No.=0, Subrack No.=72, Slot No.=0, Power Port=NULL, Board Type=MRRU, Specific Problem=Cabinet Power Supply Abnormal | I33: 2026-03-23 10:29:13 | J33: =NOW()-I33 -> 4.4211951 | K33: BATTERY_FAILURE | L33: Major | M33: RAN | N33: 160803772 1 OCM_NEW_U2020_RAN RF Unit External Power Supply Insufficient | O33: Uncleared | P33: 1 | T33: 23/03/2026 : Relance faite ce jour au RM pour l'update du remplacement du PWC || Feedback IHS : We will received materials tomorrow, and we will close the issue || ETA: 24032026 18/03/2026 : Relance faite de nouveau ce matin au L3 pour revoir l'ETR 17032026. 35 Cells down. || Feeback IHS : Apres investigations, nous avons remplacé les redresseurs dans les sites dont tu m’as fait les mails à savoir : Zileng, Ouro-Kessoun, Pitoa Ville et le site en objet, mais ces redresseurs passent HS, l’action est de remplacer la baie. J’ai déjà commandé les baies de ces sites qui quittent Douala aujourd’hui, les issues seront résolus dans une semaine. || commande en cours | U33: IHS | V33: #N/A | W33: #N/A | Y33: =VLOOKUP(B33, [2]SBC!A$1:P$65536, 11, 0) -> Garoua | Z33: =LEFT(B33,3) -> NRD | AA33: =IF(J33 < 1/24, "T<1H", IF(AND(J33<2/24, J33>1/24), "1H<T<2H", IF(AND(J33<4/24, J33>2/24), "2H<T<4H", IF(AND(J33<8/24, J33>4/24), "4H<T<8H", IF(AND(J33<16/24, J33>8/24), "8H<T<16H",IF(AND(J33<24/24, J33>16/24),"16H<T<24H", IF(AND(J33<48/24, J33>24/24),"24H<T<48H",IF(AND(J33<72/24, J33>24/24),"48H<T<72H", "T>72H")))))))) -> T>72H | AB33: 1 | AC33: DOWN | AD33: New case | AE33: 23/03/2026 12h | AF33: W13
A34: NRD_040_H_Ouro-Kessoun | B34: =LEFT(A34,7) -> NRD_040 | C34: INC-20260323-00006227 | D34: #N/A | E34: #N/A | F34: RF Unit External Power Supply Insufficient | G34: Cabinet No.=0, Subrack No.=72, Slot No.=0, Power Port=NULL, Board Type=MRRU, Specific Problem=Cabinet Power Supply Abnormal Equipment Alarm | H34: Cabinet No.=0, Subrack No.=72, Slot No.=0, Power Port=NULL, Board Type=MRRU, Specific Problem=Cabinet Power Supply Abnormal | I34: 2026-03-23 10:31:19 | J34: =NOW()-I34 -> 4.4197368 | K34: BATTERY_FAILURE | L34: Major | M34: RAN | N34: 160804639 1 OCM_NEW_U2020_RAN RF Unit External Power Supply Insufficient | O34: Uncleared | P34: 1 | T34: 23/03/2026 : Relance faite ce jour au RM pour l'update du remplacement du PWC || Feedback IHS : We will received materials tomorrow, and we will close the issue || ETA: 24032026 18/03/2026 : Relance faite de nouveau ce matin au L3 pour revoir l'ETR 17032026. 35 Cells down. || Feeback IHS : Apres investigations, nous avons remplacé les redresseurs dans les sites dont tu m’as fait les mails à savoir : Zileng, Ouro-Kessoun, Pitoa Ville et le site en objet, mais ces redresseurs passent HS, l’action est de remplacer la baie. J’ai déjà commandé les baies de ces sites qui quittent Douala aujourd’hui, les issues seront résolus dans une semaine. || commande en cours | U34: IHS | V34: #N/A | W34: #N/A | Y34: =VLOOKUP(B34, [2]SBC!A$1:P$65536, 11, 0) -> Garoua | Z34: =LEFT(B34,3) -> NRD | AA34: =IF(J34 < 1/24, "T<1H", IF(AND(J34<2/24, J34>1/24), "1H<T<2H", IF(AND(J34<4/24, J34>2/24), "2H<T<4H", IF(AND(J34<8/24, J34>4/24), "4H<T<8H", IF(AND(J34<16/24, J34>8/24), "8H<T<16H",IF(AND(J34<24/24, J34>16/24),"16H<T<24H", IF(AND(J34<48/24, J34>24/24),"24H<T<48H",IF(AND(J34<72/24, J34>24/24),"48H<T<72H", "T>72H")))))))) -> T>72H | AB34: 1 | AC34: Up | AD34: Old case | AE34: 23/03/2026 12h | AF34: W13
A35: NRD_040_H_Ouro-Kessoun | B35: =LEFT(A35,7) -> NRD_040 | C35: INC-20260323-00006227 | D35: #N/A | E35: #N/A | F35: RF Unit External Power Supply Insufficient | G35: Cabinet No.=0, Subrack No.=71, Slot No.=0, Power Port=NULL, Board Type=MRRU, Specific Problem=Cabinet Power Supply Abnormal Equipment Alarm | H35: Cabinet No.=0, Subrack No.=71, Slot No.=0, Power Port=NULL, Board Type=MRRU, Specific Problem=Cabinet Power Supply Abnormal | I35: 2026-03-23 10:31:20 | J35: =NOW()-I35 -> 4.4197252 | K35: BATTERY_FAILURE | L35: Major | M35: RAN | N35: 160804643 1 OCM_NEW_U2020_RAN RF Unit External Power Supply Insufficient | O35: Uncleared | P35: 1 | T35: 23/03/2026 : Relance faite ce jour au RM pour l'update du remplacement du PWC || Feedback IHS : We will received materials tomorrow, and we will close the issue || ETA: 24032026 18/03/2026 : Relance faite de nouveau ce matin au L3 pour revoir l'ETR 17032026. 35 Cells down. || Feeback IHS : Apres investigations, nous avons remplacé les redresseurs dans les sites dont tu m’as fait les mails à savoir : Zileng, Ouro-Kessoun, Pitoa Ville et le site en objet, mais ces redresseurs passent HS, l’action est de remplacer la baie. J’ai déjà commandé les baies de ces sites qui quittent Douala aujourd’hui, les issues seront résolus dans une semaine. || commande en cours | U35: IHS | V35: #N/A | W35: #N/A | Y35: =VLOOKUP(B35, [2]SBC!A$1:P$65536, 11, 0) -> Garoua | Z35: =LEFT(B35,3) -> NRD | AA35: =IF(J35 < 1/24, "T<1H", IF(AND(J35<2/24, J35>1/24), "1H<T<2H", IF(AND(J35<4/24, J35>2/24), "2H<T<4H", IF(AND(J35<8/24, J35>4/24), "4H<T<8H", IF(AND(J35<16/24, J35>8/24), "8H<T<16H",IF(AND(J35<24/24, J35>16/24),"16H<T<24H", IF(AND(J35<48/24, J35>24/24),"24H<T<48H",IF(AND(J35<72/24, J35>24/24),"48H<T<72H", "T>72H")))))))) -> T>72H | AB35: 1 | AC35: Up | AD35: Old case | AE35: 23/03/2026 12h | AF35: W13
A36: NRD_040_H_Ouro-Kessoun | B36: =LEFT(A36,7) -> NRD_040 | C36: INC-20260323-00006227 | D36: #N/A | E36: #N/A | F36: RF Unit External Power Supply Insufficient | G36: Cabinet No.=0, Subrack No.=70, Slot No.=0, Power Port=NULL, Board Type=MRRU, Specific Problem=Cabinet Power Supply Abnormal Equipment Alarm | H36: Cabinet No.=0, Subrack No.=70, Slot No.=0, Power Port=NULL, Board Type=MRRU, Specific Problem=Cabinet Power Supply Abnormal | I36: 2026-03-23 10:31:20 | J36: =NOW()-I36 -> 4.4197252 | K36: BATTERY_FAILURE | L36: Major | M36: RAN | N36: 160804641 1 OCM_NEW_U2020_RAN RF Unit External Power Supply Insufficient | O36: Uncleared | P36: 1 | T36: 23/03/2026 : Relance faite ce jour au RM pour l'update du remplacement du PWC || Feedback IHS : We will received materials tomorrow, and we will close the issue || ETA: 24032026 18/03/2026 : Relance faite de nouveau ce matin au L3 pour revoir l'ETR 17032026. 35 Cells down. || Feeback IHS : Apres investigations, nous avons remplacé les redresseurs dans les sites dont tu m’as fait les mails à savoir : Zileng, Ouro-Kessoun, Pitoa Ville et le site en objet, mais ces redresseurs passent HS, l’action est de remplacer la baie. J’ai déjà commandé les baies de ces sites qui quittent Douala aujourd’hui, les issues seront résolus dans une semaine. || commande en cours | U36: IHS | V36: #N/A | W36: #N/A | Y36: =VLOOKUP(B36, [2]SBC!A$1:P$65536, 11, 0) -> Garoua | Z36: =LEFT(B36,3) -> NRD | AA36: =IF(J36 < 1/24, "T<1H", IF(AND(J36<2/24, J36>1/24), "1H<T<2H", IF(AND(J36<4/24, J36>2/24), "2H<T<4H", IF(AND(J36<8/24, J36>4/24), "4H<T<8H", IF(AND(J36<16/24, J36>8/24), "8H<T<16H",IF(AND(J36<24/24, J36>16/24),"16H<T<24H", IF(AND(J36<48/24, J36>24/24),"24H<T<48H",IF(AND(J36<72/24, J36>24/24),"48H<T<72H", "T>72H")))))))) -> T>72H | AB36: 1 | AC36: Up | AD36: Old case | AE36: 23/03/2026 12h | AF36: W13
A37: NRD_040_H_Ouro-Kessoun | B37: =LEFT(A37,7) -> NRD_040 | C37: INC-20260323-00006227 | D37: #N/A | E37: #N/A | F37: RF Unit External Power Supply Insufficient | G37: Cabinet No.=0, Subrack No.=62, Slot No.=0, Power Port=NULL, Board Type=MRRU, Specific Problem=Cabinet Power Supply Abnormal Equipment Alarm | H37: Cabinet No.=0, Subrack No.=62, Slot No.=0, Power Port=NULL, Board Type=MRRU, Specific Problem=Cabinet Power Supply Abnormal | I37: 2026-03-23 10:31:21 | J37: =NOW()-I37 -> 4.4197137 | K37: BATTERY_FAILURE | L37: Major | M37: RAN | N37: 160804649 1 OCM_NEW_U2020_RAN RF Unit External Power Supply Insufficient | O37: Uncleared | P37: 1 | T37: 23/03/2026 : Relance faite ce jour au RM pour l'update du remplacement du PWC || Feedback IHS : We will received materials tomorrow, and we will close the issue || ETA: 24032026 18/03/2026 : Relance faite de nouveau ce matin au L3 pour revoir l'ETR 17032026. 35 Cells down. || Feeback IHS : Apres investigations, nous avons remplacé les redresseurs dans les sites dont tu m’as fait les mails à savoir : Zileng, Ouro-Kessoun, Pitoa Ville et le site en objet, mais ces redresseurs passent HS, l’action est de remplacer la baie. J’ai déjà commandé les baies de ces sites qui quittent Douala aujourd’hui, les issues seront résolus dans une semaine. || commande en cours | U37: IHS | V37: #N/A | W37: #N/A | Y37: =VLOOKUP(B37, [2]SBC!A$1:P$65536, 11, 0) -> Garoua | Z37: =LEFT(B37,3) -> NRD | AA37: =IF(J37 < 1/24, "T<1H", IF(AND(J37<2/24, J37>1/24), "1H<T<2H", IF(AND(J37<4/24, J37>2/24), "2H<T<4H", IF(AND(J37<8/24, J37>4/24), "4H<T<8H", IF(AND(J37<16/24, J37>8/24), "8H<T<16H",IF(AND(J37<24/24, J37>16/24),"16H<T<24H", IF(AND(J37<48/24, J37>24/24),"24H<T<48H",IF(AND(J37<72/24, J37>24/24),"48H<T<72H", "T>72H")))))))) -> T>72H | AB37: 1 | AC37: Up | AD37: Old case | AE37: 23/03/2026 12h | AF37: W13
A38: NRD_040_H_Ouro-Kessoun | B38: =LEFT(A38,7) -> NRD_040 | C38: INC-20260323-00006227 | D38: #N/A | E38: #N/A | F38: RF Unit External Power Supply Insufficient | G38: Cabinet No.=0, Subrack No.=60, Slot No.=0, Power Port=NULL, Board Type=MRRU, Specific Problem=Cabinet Power Supply Abnormal Equipment Alarm | H38: Cabinet No.=0, Subrack No.=60, Slot No.=0, Power Port=NULL, Board Type=MRRU, Specific Problem=Cabinet Power Supply Abnormal | I38: 2026-03-23 10:31:21 | J38: =NOW()-I38 -> 4.4197137 | K38: BATTERY_FAILURE | L38: Major | M38: RAN | N38: 160804647 1 OCM_NEW_U2020_RAN RF Unit External Power Supply Insufficient | O38: Uncleared | P38: 1 | T38: 23/03/2026 : Relance faite ce jour au RM pour l'update du remplacement du PWC || Feedback IHS : We will received materials tomorrow, and we will close the issue || ETA: 24032026 18/03/2026 : Relance faite de nouveau ce matin au L3 pour revoir l'ETR 17032026. 35 Cells down. || Feeback IHS : Apres investigations, nous avons remplacé les redresseurs dans les sites dont tu m’as fait les mails à savoir : Zileng, Ouro-Kessoun, Pitoa Ville et le site en objet, mais ces redresseurs passent HS, l’action est de remplacer la baie. J’ai déjà commandé les baies de ces sites qui quittent Douala aujourd’hui, les issues seront résolus dans une semaine. || commande en cours | U38: IHS | V38: #N/A | W38: #N/A | Y38: =VLOOKUP(B38, [2]SBC!A$1:P$65536, 11, 0) -> Garoua | Z38: =LEFT(B38,3) -> NRD | AA38: =IF(J38 < 1/24, "T<1H", IF(AND(J38<2/24, J38>1/24), "1H<T<2H", IF(AND(J38<4/24, J38>2/24), "2H<T<4H", IF(AND(J38<8/24, J38>4/24), "4H<T<8H", IF(AND(J38<16/24, J38>8/24), "8H<T<16H",IF(AND(J38<24/24, J38>16/24),"16H<T<24H", IF(AND(J38<48/24, J38>24/24),"24H<T<48H",IF(AND(J38<72/24, J38>24/24),"48H<T<72H", "T>72H")))))))) -> T>72H | AB38: 1 | AC38: Up | AD38: Old case | AE38: 23/03/2026 12h | AF38: W13
A39: NRD_040_H_Ouro-Kessoun | B39: =LEFT(A39,7) -> NRD_040 | C39: INC-20260323-00006227 | D39: #N/A | E39: #N/A | F39: RF Unit External Power Supply Insufficient | G39: Cabinet No.=0, Subrack No.=61, Slot No.=0, Power Port=NULL, Board Type=MRRU, Specific Problem=Cabinet Power Supply Abnormal Equipment Alarm | H39: Cabinet No.=0, Subrack No.=61, Slot No.=0, Power Port=NULL, Board Type=MRRU, Specific Problem=Cabinet Power Supply Abnormal | I39: 2026-03-23 10:31:21 | J39: =NOW()-I39 -> 4.4197137 | K39: BATTERY_FAILURE | L39: Major | M39: RAN | N39: 160804645 1 OCM_NEW_U2020_RAN RF Unit External Power Supply Insufficient | O39: Uncleared | P39: 1 | T39: 23/03/2026 : Relance faite ce jour au RM pour l'update du remplacement du PWC || Feedback IHS : We will received materials tomorrow, and we will close the issue || ETA: 24032026 18/03/2026 : Relance faite de nouveau ce matin au L3 pour revoir l'ETR 17032026. 35 Cells down. || Feeback IHS : Apres investigations, nous avons remplacé les redresseurs dans les sites dont tu m’as fait les mails à savoir : Zileng, Ouro-Kessoun, Pitoa Ville et le site en objet, mais ces redresseurs passent HS, l’action est de remplacer la baie. J’ai déjà commandé les baies de ces sites qui quittent Douala aujourd’hui, les issues seront résolus dans une semaine. || commande en cours | U39: IHS | V39: #N/A | W39: #N/A | Y39: =VLOOKUP(B39, [2]SBC!A$1:P$65536, 11, 0) -> Garoua | Z39: =LEFT(B39,3) -> NRD | AA39: =IF(J39 < 1/24, "T<1H", IF(AND(J39<2/24, J39>1/24), "1H<T<2H", IF(AND(J39<4/24, J39>2/24), "2H<T<4H", IF(AND(J39<8/24, J39>4/24), "4H<T<8H", IF(AND(J39<16/24, J39>8/24), "8H<T<16H",IF(AND(J39<24/24, J39>16/24),"16H<T<24H", IF(AND(J39<48/24, J39>24/24),"24H<T<48H",IF(AND(J39<72/24, J39>24/24),"48H<T<72H", "T>72H")))))))) -> T>72H | AB39: 1 | AC39: Up | AD39: Old case | AE39: 23/03/2026 12h | AF39: W13
... A45: SUO_222_H_Buea-Bakwere-Town-MTN | B45: =LEFT(A45,7) -> SUO_222 | C45: INC-20260323-00005358 | D45: #N/A | E45: #N/A | F45: RF Unit Maintenance Link Failure | G45: Cabinet No.=0, Subrack No.=70, Slot No.=0, Board Type=MRRU, Specific Problem=Other Equipment Alarm | H45: Cabinet No.=0, Subrack No.=70, Slot No.=0, Board Type=MRRU, Specific Problem=Other | I45: 2026-03-23 08:49:25 | J45: =NOW()-I45 -> 4.4905007 | K45: INVALID_MESSAGE_RECEIVED | L45: Major | M45: RAN | N45: 160772574 1 OCM_NEW_U2020_RAN RF Unit Maintenance Link Failure | O45: Uncleared | P45: 1 | T45: 19/03/2026: Relance faite a MTN ce jour || Escalade faite a silvain 18/03/2026 : Power instability || Mail sent to MTN | U45: MTN | V45: #N/A | W45: #N/A | Y45: =VLOOKUP(B45, [2]SBC!A$1:P$65536, 11, 0) -> Buéa | Z45: =LEFT(B45,3) -> SUO | AA45: =IF(J45 < 1/24, "T<1H", IF(AND(J45<2/24, J45>1/24), "1H<T<2H", IF(AND(J45<4/24, J45>2/24), "2H<T<4H", IF(AND(J45<8/24, J45>4/24), "4H<T<8H", IF(AND(J45<16/24, J45>8/24), "8H<T<16H",IF(AND(J45<24/24, J45>16/24),"16H<T<24H", IF(AND(J45<48/24, J45>24/24),"24H<T<48H",IF(AND(J45<72/24, J45>24/24),"48H<T<72H", "T>72H")))))))) -> T>72H | AB45: 1 | AC45: DOWN | AD45: Old case | AE45: 23/03/2026 12h | AF45: W13
A46: NRD_188_H_Indoor-Agence-Garoua | B46: =LEFT(A46,7) -> NRD_188 | C46: INC-20260323-00006403 | D46: #N/A | E46: #N/A | F46: RF Unit VSWR Threshold Crossed | G46: Cabinet No.=0, Subrack No.=60, Slot No.=0, TX Channel No.=0, Board Type=MRRU, VSWR Alarm Threshold (0.1)=20, VSWR(0.1)=21, Output Power (0.1 dBm)=330, RF Port=NULL Equipment Alarm | H46: Cabinet No.=0, Subrack No.=60, Slot No.=0, TX Channel No.=0, Board Type=MRRU, VSWR Alarm Threshold (0.1)=20, VSWR(0.1)=21, Output Power (0.1 dBm)=330, RF Port=NULL | I46: 2026-03-23 10:26:26 | J46: =NOW()-I46 -> 4.423128 | K46: LINE_INTERFACE_FAILURE | L46: Minor | M46: RAN | N46: 160803217 1 OCM_NEW_U2020_RAN RF Unit VSWR Threshold Crossed | O46: Uncleared | P46: 1 | T46: 22/10/2025 : Feedback Ing.OCM attendu 09/10/2025 : Feedback recu ce jour d'Athanase : Etude de solution en cours 30/09/2025 : Feedback recu ce jour de l'ING.OCM : Analyse d'une probable solution en cours 29/09/2025 : Mail de demande de creation de TT au TAC envoye au BORAN GNOC || Feedback creation du TT attendu du BO RAN GNOC | U46: OCM | V46: RCA inconnue | W46: Point Ingenierie OCM | Y46: =VLOOKUP(B46, [2]SBC!A$1:P$65536, 11, 0) -> Garoua | Z46: =LEFT(B46,3) -> NRD | AA46: =IF(J46 < 1/24, "T<1H", IF(AND(J46<2/24, J46>1/24), "1H<T<2H", IF(AND(J46<4/24, J46>2/24), "2H<T<4H", IF(AND(J46<8/24, J46>4/24), "4H<T<8H", IF(AND(J46<16/24, J46>8/24), "8H<T<16H",IF(AND(J46<24/24, J46>16/24),"16H<T<24H", IF(AND(J46<48/24, J46>24/24),"24H<T<48H",IF(AND(J46<72/24, J46>24/24),"48H<T<72H", "T>72H")))))))) -> T>72H | AB46: 1 | AC46: DOWN | AD46: Old case | AE46: 23/03/2026 12h | AF46: W13

Sheet Cells Huawei 23032026 16h
A1: Alarm Source | B1: Site code | C1: Ticket ID | D1: Powerco | E1: Topologie | F1: Alarm Name | G1: Summary | H1: Alarm Location Info | I1: First Occurred On | J1: Duration | K1: Possible Cause | L1: Raw Alarm Severity | M1: Domain | N1: Alarm Identifier | O1: Clearance Status | P1: Alarm Occurrences | Q1: Action Plan | R1: Action de resolution | S1: Date de resolution | T1: Comment | U1: Porteur | V1: RCA | W1: Causes | X1: SBC | Y1: Ville | Z1: Region | AA1: Temps | AB1: Nombre | AC1: STATUT Cells | AD1: Ages Cells | AE1: Jour d'extraction | AF1: SEMAINE | AG1: Occurrence
A2: SUO_222_H_Buea-Bakwere-Town-MTN_L | B2: =LEFT(A2,7) -> SUO_222 | C2: INC-20260323-00005369 | D2: #N/A | E2: #N/A | F2: Cell Unavailable | G2: eNodeB Function Name=SUO_222_H_Buea-Bakwere-Town-MTN_L, Local Cell ID=21, Cell FDD TDD indication=FDD, NB-IoT Cell Flag=FALSE, Cell Name=SUO_222_H_Buea-Bakwere-Town-MTN_L18_1, eNodeB ID=15222, Cell ID=21, Specific Problem=RF module abnormal Processing Error Alarm | H2: eNodeB Function Name=SUO_222_H_Buea-Bakwere-Town-MTN_L, Local Cell ID=21, Cell FDD TDD indication=FDD, NB-IoT Cell Flag=FALSE, Cell Name=SUO_222_H_Buea-Bakwere-Town-MTN_L18_1, eNodeB ID=15222, Cell ID=21, Specific Problem=RF module abnormal | I2: 2026-03-23 08:50:08 | J2: =NOW()-I2 -> 4.490003 | K2: Unknown Probable Cause | L2: Major | M2: RAN-4G | N2: 160772621 1 OCM_NEW_U2020_RAN Cell Unavailable | O2: Uncleared | P2: 1 | T2: 19/03/2026: Relance faite a MTN ce jour || Escalade faite a silvain 18/03/2026 : Power instability || Mail sent to MTN | U2: MTN | V2: #N/A | W2: #N/A | Y2: =VLOOKUP(B2, [2]SBC!A$1:P$65536, 11, 0) -> Buéa | Z2: =LEFT(B2,3) -> SUO | AA2: =IF(J2 < 1/24, "T<1H", IF(AND(J2<2/24, J2>1/24), "1H<T<2H", IF(AND(J2<4/24, J2>2/24), "2H<T<4H", IF(AND(J2<8/24, J2>4/24), "4H<T<8H", IF(AND(J2<16/24, J2>8/24), "8H<T<16H",IF(AND(J2<24/24, J2>16/24),"16H<T<24H", IF(AND(J2<48/24, J2>24/24),"24H<T<48H",IF(AND(J2<72/24, J2>24/24),"48H<T<72H", "T>72H")))))))) -> T>72H | AB2: 1 | AC2: DOWN | AD2: Old case | AE2: 23/03/2026 16h | AF2: W13
A3: NRD_311_URH_NADOURA | B3: =LEFT(A3,7) -> NRD_311 | D3: #N/A | E3: #N/A | F3: Cell Unavailable | G3: eNodeB Function Name=NRD_311_URH_NADOURA, Local Cell ID=12, Cell FDD TDD indication=FDD, NB-IoT Cell Flag=FALSE, Cell Name=URH_NADOURA_L8_2, eNodeB ID=2357, Cell ID=12, Specific Problem=CPRI Interface Error Processing Error Alarm | H3: eNodeB Function Name=NRD_311_URH_NADOURA, Local Cell ID=12, Cell FDD TDD indication=FDD, NB-IoT Cell Flag=FALSE, Cell Name=URH_NADOURA_L8_2, eNodeB ID=2357, Cell ID=12, Specific Problem=CPRI Interface Error | I3: 2026-03-23 14:54:58 | J3: =NOW()-I3 -> 4.2366465 | K3: Unknown Probable Cause | L3: Major | M3: RAN-4G | N3: 160900972 1 OCM_NEW_U2020_RAN Cell Unavailable | O3: Uncleared | P3: 1 | T3: 23/03/2026 : Besoin d'analyse BO RAN ||FME should check connectivity(SFP, Fiber) between BBU and RRU 70 || Fme active ETA : 25032026 | U3: TELEINFRA | V3: #N/A | W3: #N/A | Y3: =VLOOKUP(B3, [2]SBC!A$1:P$65536, 11, 0) -> #N/A | Z3: =LEFT(B3,3) -> NRD | AA3: =IF(J3 < 1/24, "T<1H", IF(AND(J3<2/24, J3>1/24), "1H<T<2H", IF(AND(J3<4/24, J3>2/24), "2H<T<4H", IF(AND(J3<8/24, J3>4/24), "4H<T<8H", IF(AND(J3<16/24, J3>8/24), "8H<T<16H",IF(AND(J3<24/24, J3>16/24),"16H<T<24H", IF(AND(J3<48/24, J3>24/24),"24H<T<48H",IF(AND(J3<72/24, J3>24/24),"48H<T<72H", "T>72H")))))))) -> T>72H | AB3: 1 | AC3: DOWN | AD3: Old case | AE3: 23/03/2026 16h | AF3: W13
A4: NRD_311_URH_NADOURA | B4: =LEFT(A4,7) -> NRD_311 | D4: #N/A | E4: #N/A | F4: Cell Unavailable | G4: eNodeB Function Name=NRD_311_URH_NADOURA, Local Cell ID=11, Cell FDD TDD indication=FDD, NB-IoT Cell Flag=FALSE, Cell Name=URH_NADOURA_L8_1, eNodeB ID=2357, Cell ID=11, Specific Problem=CPRI Interface Error Processing Error Alarm | H4: eNodeB Function Name=NRD_311_URH_NADOURA, Local Cell ID=11, Cell FDD TDD indication=FDD, NB-IoT Cell Flag=FALSE, Cell Name=URH_NADOURA_L8_1, eNodeB ID=2357, Cell ID=11, Specific Problem=CPRI Interface Error | I4: 2026-03-23 14:54:58 | J4: =NOW()-I4 -> 4.2366465 | K4: Unknown Probable Cause | L4: Major | M4: RAN-4G | N4: 160900971 1 OCM_NEW_U2020_RAN Cell Unavailable | O4: Uncleared | P4: 1 | T4: 23/03/2026 : Besoin d'analyse BO RAN ||FME should check connectivity(SFP, Fiber) between BBU and RRU 70 || Fme active ETA : 25032026 | U4: TELEINFRA | V4: #N/A | W4: #N/A | Y4: =VLOOKUP(B4, [2]SBC!A$1:P$65536, 11, 0) -> #N/A | Z4: =LEFT(B4,3) -> NRD | AA4: =IF(J4 < 1/24, "T<1H", IF(AND(J4<2/24, J4>1/24), "1H<T<2H", IF(AND(J4<4/24, J4>2/24), "2H<T<4H", IF(AND(J4<8/24, J4>4/24), "4H<T<8H", IF(AND(J4<16/24, J4>8/24), "8H<T<16H",IF(AND(J4<24/24, J4>16/24),"16H<T<24H", IF(AND(J4<48/24, J4>24/24),"24H<T<48H",IF(AND(J4<72/24, J4>24/24),"48H<T<72H", "T>72H")))))))) -> T>72H | AB4: 1 | AC4: DOWN | AD4: Old case | AE4: 23/03/2026 16h | AF4: W13
A5: NRD_311_URH_NADOURA | B5: =LEFT(A5,7) -> NRD_311 | D5: #N/A | E5: #N/A | F5: Cell Unavailable | G5: eNodeB Function Name=NRD_311_URH_NADOURA, Local Cell ID=13, Cell FDD TDD indication=FDD, NB-IoT Cell Flag=FALSE, Cell Name=URH_NADOURA_L8_3, eNodeB ID=2357, Cell ID=13, Specific Problem=CPRI Interface Error Processing Error Alarm | H5: eNodeB Function Name=NRD_311_URH_NADOURA, Local Cell ID=13, Cell FDD TDD indication=FDD, NB-IoT Cell Flag=FALSE, Cell Name=URH_NADOURA_L8_3, eNodeB ID=2357, Cell ID=13, Specific Problem=CPRI Interface Error | I5: 2026-03-23 14:54:58 | J5: =NOW()-I5 -> 4.2366465 | K5: Unknown Probable Cause | L5: Major | M5: RAN-4G | N5: 160900970 1 OCM_NEW_U2020_RAN Cell Unavailable | O5: Uncleared | P5: 1 | T5: 23/03/2026 : Besoin d'analyse BO RAN ||FME should check connectivity(SFP, Fiber) between BBU and RRU 70 || Fme active ETA : 25032026 | U5: TELEINFRA | V5: #N/A | W5: #N/A | Y5: =VLOOKUP(B5, [2]SBC!A$1:P$65536, 11, 0) -> #N/A | Z5: =LEFT(B5,3) -> NRD | AA5: =IF(J5 < 1/24, "T<1H", IF(AND(J5<2/24, J5>1/24), "1H<T<2H", IF(AND(J5<4/24, J5>2/24), "2H<T<4H", IF(AND(J5<8/24, J5>4/24), "4H<T<8H", IF(AND(J5<16/24, J5>8/24), "8H<T<16H",IF(AND(J5<24/24, J5>16/24),"16H<T<24H", IF(AND(J5<48/24, J5>24/24),"24H<T<48H",IF(AND(J5<72/24, J5>24/24),"48H<T<72H", "T>72H")))))))) -> T>72H | AB5: 1 | AC5: DOWN | AD5: Old case | AE5: 23/03/2026 16h | AF5: W13
A6: NRD_060_H_Garoua-Djamboutou-Village_L | B6: =LEFT(A6,7) -> NRD_060 | D6: #N/A | E6: #N/A | F6: Cell Unavailable | G6: eNodeB Function Name=NRD_060_H_Garoua-Djamboutou-Village_L, Local Cell ID=22, Cell FDD TDD indication=FDD, NB-IoT Cell Flag=FALSE, Cell Name=NRD_060_H_Garoua-Djamboutou-Village_L18_2, eNodeB ID=16060, Cell ID=22, Specific Problem=RF module abnormal Processing Error Alarm | H6: eNodeB Function Name=NRD_060_H_Garoua-Djamboutou-Village_L, Local Cell ID=22, Cell FDD TDD indication=FDD, NB-IoT Cell Flag=FALSE, Cell Name=NRD_060_H_Garoua-Djamboutou-Village_L18_2, eNodeB ID=16060, Cell ID=22, Specific Problem=RF module abnormal | I6: 2026-03-23 14:56:57 | J6: =NOW()-I6 -> 4.2352692 | K6: Unknown Probable Cause | L6: Major | M6: RAN-4G | N6: 160901468 1 OCM_NEW_U2020_RAN Cell Unavailable | O6: Uncleared | P6: 1 | T6: 23/03/2026 : Relance faite ce jour au RM pour l'update du remplacement du PWC || Feedback IHS : We will received materials tomorrow, and we will close the issue || ETA: 24032026 18/03/2026 : Relance faite de nouveau ce matin au L3 pour revoir l'ETR 17032026. 35 Cells down. || Feeback IHS : Apres investigations, nous avons remplacé les redresseurs dans les sites dont tu m’as fait les mails à savoir : Zileng, Ouro-Kessoun, Pitoa Ville et le site en objet, mais ces redresseurs passent HS, l’action est de remplacer la baie. J’ai déjà commandé les baies de ces sites qui quittent Douala aujourd’hui, les issues seront résolus dans une semaine. || commande en cours | U6: IHS | V6: #N/A | W6: #N/A | Y6: =VLOOKUP(B6, [2]SBC!A$1:P$65536, 11, 0) -> Garoua | Z6: =LEFT(B6,3) -> NRD | AA6: =IF(J6 < 1/24, "T<1H", IF(AND(J6<2/24, J6>1/24), "1H<T<2H", IF(AND(J6<4/24, J6>2/24), "2H<T<4H", IF(AND(J6<8/24, J6>4/24), "4H<T<8H", IF(AND(J6<16/24, J6>8/24), "8H<T<16H",IF(AND(J6<24/24, J6>16/24),"16H<T<24H", IF(AND(J6<48/24, J6>24/24),"24H<T<48H",IF(AND(J6<72/24, J6>24/24),"48H<T<72H", "T>72H")))))))) -> T>72H | AB6: 1 | AC6: DOWN | AD6: Old case | AE6: 23/03/2026 16h | AF6: W13
A7: NRD_060_H_Garoua-Djamboutou-Village | B7: =LEFT(A7,7) -> NRD_060 | D7: #N/A | E7: #N/A | F7: GSM Local Cell Unusable | G7: GBTS Function Name=NRD_060_H_Garoua-Djamboutou-Village, Local Cell ID=4, Specific Problem=RF Resource Unavailable Quality of Service Alarm | H7: GBTS Function Name=NRD_060_H_Garoua-Djamboutou-Village, Local Cell ID=4, Specific Problem=RF Resource Unavailable | I7: 2026-03-23 14:41:18 | J7: =NOW()-I7 -> 4.2461373 | K7: REDUCED_ALARM_REPORTING | L7: Major | M7: RAN-2G | N7: 160896187 1 OCM_NEW_U2020_RAN GSM Local Cell Unusable | O7: Uncleared | P7: 1 | T7: 23/03/2026 : Relance faite ce jour au RM pour l'update du remplacement du PWC || Feedback IHS : We will received materials tomorrow, and we will close the issue || ETA: 24032026 18/03/2026 : Relance faite de nouveau ce matin au L3 pour revoir l'ETR 17032026. 35 Cells down. || Feeback IHS : Apres investigations, nous avons remplacé les redresseurs dans les sites dont tu m’as fait les mails à savoir : Zileng, Ouro-Kessoun, Pitoa Ville et le site en objet, mais ces redresseurs passent HS, l’action est de remplacer la baie. J’ai déjà commandé les baies de ces sites qui quittent Douala aujourd’hui, les issues seront résolus dans une semaine. || commande en cours | U7: IHS | V7: #N/A | W7: #N/A | Y7: =VLOOKUP(B7, [2]SBC!A$1:P$65536, 11, 0) -> Garoua | Z7: =LEFT(B7,3) -> NRD | AA7: =IF(J7 < 1/24, "T<1H", IF(AND(J7<2/24, J7>1/24), "1H<T<2H", IF(AND(J7<4/24, J7>2/24), "2H<T<4H", IF(AND(J7<8/24, J7>4/24), "4H<T<8H", IF(AND(J7<16/24, J7>8/24), "8H<T<16H",IF(AND(J7<24/24, J7>16/24),"16H<T<24H", IF(AND(J7<48/24, J7>24/24),"24H<T<48H",IF(AND(J7<72/24, J7>24/24),"48H<T<72H", "T>72H")))))))) -> T>72H | AB7: 1 | AC7: DOWN | AD7: Old case | AE7: 23/03/2026 16h | AF7: W13
A8: NRD_060_H_Garoua-Djamboutou-Village | B8: =LEFT(A8,7) -> NRD_060 | D8: #N/A | E8: #N/A | F8: Local Cell Unusable | G8: NodeB Function Name=NRD_060_H_Garoua-Djamboutou-Village_U, Local Cell ID=52214, Specific Problem=Downlink RF Resource Unavailable Quality of Service Alarm | H8: NodeB Function Name=NRD_060_H_Garoua-Djamboutou-Village_U, Local Cell ID=52214, Specific Problem=Downlink RF Resource Unavailable | I8: 2026-03-23 14:41:09 | J8: =NOW()-I8 -> 4.2462414 | K8: REDUCED_ALARM_REPORTING | L8: Major | M8: RAN | N8: 160896117 1 OCM_NEW_U2020_RAN Local Cell Unusable | O8: Uncleared | P8: 1 | T8: 23/03/2026 : Relance faite ce jour au RM pour l'update du remplacement du PWC || Feedback IHS : We will received materials tomorrow, and we will close the issue || ETA: 24032026 18/03/2026 : Relance faite de nouveau ce matin au L3 pour revoir l'ETR 17032026. 35 Cells down. || Feeback IHS : Apres investigations, nous avons remplacé les redresseurs dans les sites dont tu m’as fait les mails à savoir : Zileng, Ouro-Kessoun, Pitoa Ville et le site en objet, mais ces redresseurs passent HS, l’action est de remplacer la baie. J’ai déjà commandé les baies de ces sites qui quittent Douala aujourd’hui, les issues seront résolus dans une semaine. || commande en cours | U8: IHS | V8: #N/A | W8: #N/A | Y8: =VLOOKUP(B8, [2]SBC!A$1:P$65536, 11, 0) -> Garoua | Z8: =LEFT(B8,3) -> NRD | AA8: =IF(J8 < 1/24, "T<1H", IF(AND(J8<2/24, J8>1/24), "1H<T<2H", IF(AND(J8<4/24, J8>2/24), "2H<T<4H", IF(AND(J8<8/24, J8>4/24), "4H<T<8H", IF(AND(J8<16/24, J8>8/24), "8H<T<16H",IF(AND(J8<24/24, J8>16/24),"16H<T<24H", IF(AND(J8<48/24, J8>24/24),"24H<T<48H",IF(AND(J8<72/24, J8>24/24),"48H<T<72H", "T>72H")))))))) -> T>72H | AB8: 1 | AC8: DOWN | AD8: Old case | AE8: 23/03/2026 16h | AF8: W13
A9: NRD_060_H_Garoua-Djamboutou-Village | B9: =LEFT(A9,7) -> NRD_060 | D9: #N/A | E9: #N/A | F9: Local Cell Unusable | G9: NodeB Function Name=NRD_060_H_Garoua-Djamboutou-Village_U, Local Cell ID=52214, Specific Problem=Uplink RF Resource Unavailable Quality of Service Alarm | H9: NodeB Function Name=NRD_060_H_Garoua-Djamboutou-Village_U, Local Cell ID=52214, Specific Problem=Uplink RF Resource Unavailable | I9: 2026-03-23 14:41:09 | J9: =NOW()-I9 -> 4.2462414 | K9: REDUCED_ALARM_REPORTING | L9: Major | M9: RAN | N9: 160896116 1 OCM_NEW_U2020_RAN Local Cell Unusable | O9: Uncleared | P9: 1 | T9: 23/03/2026 : Relance faite ce jour au RM pour l'update du remplacement du PWC || Feedback IHS : We will received materials tomorrow, and we will close the issue || ETA: 24032026 18/03/2026 : Relance faite de nouveau ce matin au L3 pour revoir l'ETR 17032026. 35 Cells down. || Feeback IHS : Apres investigations, nous avons remplacé les redresseurs dans les sites dont tu m’as fait les mails à savoir : Zileng, Ouro-Kessoun, Pitoa Ville et le site en objet, mais ces redresseurs passent HS, l’action est de remplacer la baie. J’ai déjà commandé les baies de ces sites qui quittent Douala aujourd’hui, les issues seront résolus dans une semaine. || commande en cours | U9: IHS | V9: #N/A | W9: #N/A | Y9: =VLOOKUP(B9, [2]SBC!A$1:P$65536, 11, 0) -> Garoua | Z9: =LEFT(B9,3) -> NRD | AA9: =IF(J9 < 1/24, "T<1H", IF(AND(J9<2/24, J9>1/24), "1H<T<2H", IF(AND(J9<4/24, J9>2/24), "2H<T<4H", IF(AND(J9<8/24, J9>4/24), "4H<T<8H", IF(AND(J9<16/24, J9>8/24), "8H<T<16H",IF(AND(J9<24/24, J9>16/24),"16H<T<24H", IF(AND(J9<48/24, J9>24/24),"24H<T<48H",IF(AND(J9<72/24, J9>24/24),"48H<T<72H", "T>72H")))))))) -> T>72H | AB9: 1 | AC9: DOWN | AD9: Old case | AE9: 23/03/2026 16h | AF9: W13
A10: NRD_060_H_Garoua-Djamboutou-Village | B10: =LEFT(A10,7) -> NRD_060 | D10: #N/A | E10: #N/A | F10: Local Cell Unusable | G10: NodeB Function Name=NRD_060_H_Garoua-Djamboutou-Village_U, Local Cell ID=52215, Specific Problem=Downlink RF Resource Unavailable Quality of Service Alarm | H10: NodeB Function Name=NRD_060_H_Garoua-Djamboutou-Village_U, Local Cell ID=52215, Specific Problem=Downlink RF Resource Unavailable | I10: 2026-03-23 14:41:10 | J10: =NOW()-I10 -> 4.2462299 | K10: REDUCED_ALARM_REPORTING | L10: Major | M10: RAN | N10: 160896147 1 OCM_NEW_U2020_RAN Local Cell Unusable | O10: Uncleared | P10: 1 | T10: 23/03/2026 : Relance faite ce jour au RM pour l'update du remplacement du PWC || Feedback IHS : We will received materials tomorrow, and we will close the issue || ETA: 24032026 18/03/2026 : Relance faite de nouveau ce matin au L3 pour revoir l'ETR 17032026. 35 Cells down. || Feeback IHS : Apres investigations, nous avons remplacé les redresseurs dans les sites dont tu m’as fait les mails à savoir : Zileng, Ouro-Kessoun, Pitoa Ville et le site en objet, mais ces redresseurs passent HS, l’action est de remplacer la baie. J’ai déjà commandé les baies de ces sites qui quittent Douala aujourd’hui, les issues seront résolus dans une semaine. || commande en cours | U10: IHS | V10: #N/A | W10: #N/A | Y10: =VLOOKUP(B10, [2]SBC!A$1:P$65536, 11, 0) -> Garoua | Z10: =LEFT(B10,3) -> NRD | AA10: =IF(J10 < 1/24, "T<1H", IF(AND(J10<2/24, J10>1/24), "1H<T<2H", IF(AND(J10<4/24, J10>2/24), "2H<T<4H", IF(AND(J10<8/24, J10>4/24), "4H<T<8H", IF(AND(J10<16/24, J10>8/24), "8H<T<16H",IF(AND(J10<24/24, J10>16/24),"16H<T<24H", IF(AND(J10<48/24, J10>24/24),"24H<T<48H",IF(AND(J10<72/24, J10>24/24),"48H<T<72H", "T>72H")))))))) -> T>72H | AB10: 1 | AC10: DOWN | AD10: Old case | AE10: 23/03/2026 16h | AF10: W13
A11: NRD_060_H_Garoua-Djamboutou-Village | B11: =LEFT(A11,7) -> NRD_060 | D11: #N/A | E11: #N/A | F11: Local Cell Unusable | G11: NodeB Function Name=NRD_060_H_Garoua-Djamboutou-Village_U, Local Cell ID=52215, Specific Problem=Uplink RF Resource Unavailable Quality of Service Alarm | H11: NodeB Function Name=NRD_060_H_Garoua-Djamboutou-Village_U, Local Cell ID=52215, Specific Problem=Uplink RF Resource Unavailable | I11: 2026-03-23 14:41:10 | J11: =NOW()-I11 -> 4.2462299 | K11: REDUCED_ALARM_REPORTING | L11: Major | M11: RAN | N11: 160896146 1 OCM_NEW_U2020_RAN Local Cell Unusable | O11: Uncleared | P11: 1 | T11: 23/03/2026 : Relance faite ce jour au RM pour l'update du remplacement du PWC || Feedback IHS : We will received materials tomorrow, and we will close the issue || ETA: 24032026 18/03/2026 : Relance faite de nouveau ce matin au L3 pour revoir l'ETR 17032026. 35 Cells down. || Feeback IHS : Apres investigations, nous avons remplacé les redresseurs dans les sites dont tu m’as fait les mails à savoir : Zileng, Ouro-Kessoun, Pitoa Ville et le site en objet, mais ces redresseurs passent HS, l’action est de remplacer la baie. J’ai déjà commandé les baies de ces sites qui quittent Douala aujourd’hui, les issues seront résolus dans une semaine. || commande en cours | U11: IHS | V11: #N/A | W11: #N/A | Y11: =VLOOKUP(B11, [2]SBC!A$1:P$65536, 11, 0) -> Garoua | Z11: =LEFT(B11,3) -> NRD | AA11: =IF(J11 < 1/24, "T<1H", IF(AND(J11<2/24, J11>1/24), "1H<T<2H", IF(AND(J11<4/24, J11>2/24), "2H<T<4H", IF(AND(J11<8/24, J11>4/24), "4H<T<8H", IF(AND(J11<16/24, J11>8/24), "8H<T<16H",IF(AND(J11<24/24, J11>16/24),"16H<T<24H", IF(AND(J11<48/24, J11>24/24),"24H<T<48H",IF(AND(J11<72/24, J11>24/24),"48H<T<72H", "T>72H")))))))) -> T>72H | AB11: 1 | AC11: DOWN | AD11: Old case | AE11: 23/03/2026 16h | AF11: W13
A12: NRD_060_H_Garoua-Djamboutou-Village | B12: =LEFT(A12,7) -> NRD_060 | D12: #N/A | E12: #N/A | F12: Local Cell Unusable | G12: NodeB Function Name=NRD_060_H_Garoua-Djamboutou-Village_U, Local Cell ID=52213, Specific Problem=Uplink RF Resource Unavailable Quality of Service Alarm | H12: NodeB Function Name=NRD_060_H_Garoua-Djamboutou-Village_U, Local Cell ID=52213, Specific Problem=Uplink RF Resource Unavailable | I12: 2026-03-23 14:41:10 | J12: =NOW()-I12 -> 4.2462299 | K12: REDUCED_ALARM_REPORTING | L12: Major | M12: RAN | N12: 160896144 1 OCM_NEW_U2020_RAN Local Cell Unusable | O12: Uncleared | P12: 1 | T12: 23/03/2026 : Relance faite ce jour au RM pour l'update du remplacement du PWC || Feedback IHS : We will received materials tomorrow, and we will close the issue || ETA: 24032026 18/03/2026 : Relance faite de nouveau ce matin au L3 pour revoir l'ETR 17032026. 35 Cells down. || Feeback IHS : Apres investigations, nous avons remplacé les redresseurs dans les sites dont tu m’as fait les mails à savoir : Zileng, Ouro-Kessoun, Pitoa Ville et le site en objet, mais ces redresseurs passent HS, l’action est de remplacer la baie. J’ai déjà commandé les baies de ces sites qui quittent Douala aujourd’hui, les issues seront résolus dans une semaine. || commande en cours | U12: IHS | V12: #N/A | W12: #N/A | Y12: =VLOOKUP(B12, [2]SBC!A$1:P$65536, 11, 0) -> Garoua | Z12: =LEFT(B12,3) -> NRD | AA12: =IF(J12 < 1/24, "T<1H", IF(AND(J12<2/24, J12>1/24), "1H<T<2H", IF(AND(J12<4/24, J12>2/24), "2H<T<4H", IF(AND(J12<8/24, J12>4/24), "4H<T<8H", IF(AND(J12<16/24, J12>8/24), "8H<T<16H",IF(AND(J12<24/24, J12>16/24),"16H<T<24H", IF(AND(J12<48/24, J12>24/24),"24H<T<48H",IF(AND(J12<72/24, J12>24/24),"48H<T<72H", "T>72H")))))))) -> T>72H | AB12: 1 | AC12: DOWN | AD12: Old case | AE12: 23/03/2026 16h | AF12: W13
A13: NRD_060_H_Garoua-Djamboutou-Village | B13: =LEFT(A13,7) -> NRD_060 | D13: #N/A | E13: #N/A | F13: Local Cell Unusable | G13: NodeB Function Name=NRD_060_H_Garoua-Djamboutou-Village_U, Local Cell ID=52213, Specific Problem=Downlink RF Resource Unavailable Quality of Service Alarm | H13: NodeB Function Name=NRD_060_H_Garoua-Djamboutou-Village_U, Local Cell ID=52213, Specific Problem=Downlink RF Resource Unavailable | I13: 2026-03-23 14:41:10 | J13: =NOW()-I13 -> 4.2462299 | K13: REDUCED_ALARM_REPORTING | L13: Major | M13: RAN | N13: 160896145 1 OCM_NEW_U2020_RAN Local Cell Unusable | O13: Uncleared | P13: 1 | T13: 23/03/2026 : Relance faite ce jour au RM pour l'update du remplacement du PWC || Feedback IHS : We will received materials tomorrow, and we will close the issue || ETA: 24032026 18/03/2026 : Relance faite de nouveau ce matin au L3 pour revoir l'ETR 17032026. 35 Cells down. || Feeback IHS : Apres investigations, nous avons remplacé les redresseurs dans les sites dont tu m’as fait les mails à savoir : Zileng, Ouro-Kessoun, Pitoa Ville et le site en objet, mais ces redresseurs passent HS, l’action est de remplacer la baie. J’ai déjà commandé les baies de ces sites qui quittent Douala aujourd’hui, les issues seront résolus dans une semaine. || commande en cours | U13: IHS | V13: #N/A | W13: #N/A | Y13: =VLOOKUP(B13, [2]SBC!A$1:P$65536, 11, 0) -> Garoua | Z13: =LEFT(B13,3) -> NRD | AA13: =IF(J13 < 1/24, "T<1H", IF(AND(J13<2/24, J13>1/24), "1H<T<2H", IF(AND(J13<4/24, J13>2/24), "2H<T<4H", IF(AND(J13<8/24, J13>4/24), "4H<T<8H", IF(AND(J13<16/24, J13>8/24), "8H<T<16H",IF(AND(J13<24/24, J13>16/24),"16H<T<24H", IF(AND(J13<48/24, J13>24/24),"24H<T<48H",IF(AND(J13<72/24, J13>24/24),"48H<T<72H", "T>72H")))))))) -> T>72H | AB13: 1 | AC13: DOWN | AD13: Old case | AE13: 23/03/2026 16h | AF13: W13
A14: NRD_311_URH_NADOURA | B14: =LEFT(A14,7) -> NRD_311 | C14: INC-20260323-00008639 | D14: #N/A | E14: #N/A | F14: RF Unit CPRI Interface Error | G14: Cabinet No.=0, Subrack No.=70, Slot No.=0, Port No.=Port 0(West), Sub Port No.=NULL, Board Type=MRRU, Specific Problem=CPRI Interface Reception Error Communication Alarm | H14: Cabinet No.=0, Subrack No.=70, Slot No.=0, Port No.=Port 0(West), Sub Port No.=NULL, Board Type=MRRU, Specific Problem=CPRI Interface Reception Error | I14: 2026-03-23 14:01:05 | J14: =NOW()-I14 -> 4.2740655 | K14: CALL_ESTABLISHMENT_ERROR | L14: Major | M14: RAN | N14: 160876996 1 OCM_NEW_U2020_RAN RF Unit CPRI Interface Error | O14: Uncleared | P14: 1 | T14: 23/03/2026 : Besoin d'analyse BO RAN ||FME should check connectivity(SFP, Fiber) between BBU and RRU 70 || Fme active ETA : 25032026 | U14: TELEINFRA | V14: #N/A | W14: #N/A | Y14: =VLOOKUP(B14, [2]SBC!A$1:P$65536, 11, 0) -> #N/A | Z14: =LEFT(B14,3) -> NRD | AA14: =IF(J14 < 1/24, "T<1H", IF(AND(J14<2/24, J14>1/24), "1H<T<2H", IF(AND(J14<4/24, J14>2/24), "2H<T<4H", IF(AND(J14<8/24, J14>4/24), "4H<T<8H", IF(AND(J14<16/24, J14>8/24), "8H<T<16H",IF(AND(J14<24/24, J14>16/24),"16H<T<24H", IF(AND(J14<48/24, J14>24/24),"24H<T<48H",IF(AND(J14<72/24, J14>24/24),"48H<T<72H", "T>72H")))))))) -> T>72H | AB14: 1 | AC14: DOWN | AD14: Old case | AE14: 23/03/2026 16h | AF14: W13
A15: EXN_217_H_Douggoy-Lopere-II | B15: =LEFT(A15,7) -> EXN_217 | C15: INC-20260322-00009476 | D15: #N/A | E15: #N/A | F15: RF Unit External Power Supply Insufficient | G15: Cabinet No.=0, Subrack No.=80, Slot No.=0, Power Port=NULL, Board Type=MRRU, Specific Problem=Cabinet Power Supply Abnormal Equipment Alarm | H15: Cabinet No.=0, Subrack No.=80, Slot No.=0, Power Port=NULL, Board Type=MRRU, Specific Problem=Cabinet Power Supply Abnormal | I15: 2026-03-22 14:51:36 | J15: =NOW()-I15 -> 5.2389845 | K15: BATTERY_FAILURE | L15: Minor | M15: RAN | N15: 160405077 1 OCM_NEW_U2020_RAN RF Unit External Power Supply Insufficient | O15: Uncleared | P15: 1 | T15: 23/03/2026 : Power instability || Mail sent to Camusat || Relance faite a Camusat | U15: Camusat | V15: #N/A | W15: #N/A | Y15: =VLOOKUP(B15, [2]SBC!A$1:P$65536, 11, 0) -> Maroua | Z15: =LEFT(B15,3) -> EXN | AA15: =IF(J15 < 1/24, "T<1H", IF(AND(J15<2/24, J15>1/24), "1H<T<2H", IF(AND(J15<4/24, J15>2/24), "2H<T<4H", IF(AND(J15<8/24, J15>4/24), "4H<T<8H", IF(AND(J15<16/24, J15>8/24), "8H<T<16H",IF(AND(J15<24/24, J15>16/24),"16H<T<24H", IF(AND(J15<48/24, J15>24/24),"24H<T<48H",IF(AND(J15<72/24, J15>24/24),"48H<T<72H", "T>72H")))))))) -> T>72H | AB15: 1 | AC15: DOWN | AD15: Old case | AE15: 23/03/2026 16h | AF15: W13
A16: EXN_217_H_Douggoy-Lopere-II | B16: =LEFT(A16,7) -> EXN_217 | C16: INC-20260322-00009476 | D16: #N/A | E16: #N/A | F16: RF Unit External Power Supply Insufficient | G16: Cabinet No.=0, Subrack No.=82, Slot No.=0, Power Port=NULL, Board Type=MRRU, Specific Problem=Cabinet Power Supply Abnormal Equipment Alarm | H16: Cabinet No.=0, Subrack No.=82, Slot No.=0, Power Port=NULL, Board Type=MRRU, Specific Problem=Cabinet Power Supply Abnormal | I16: 2026-03-22 14:51:45 | J16: =NOW()-I16 -> 5.2388803 | K16: BATTERY_FAILURE | L16: Minor | M16: RAN | N16: 160405119 1 OCM_NEW_U2020_RAN RF Unit External Power Supply Insufficient | O16: Uncleared | P16: 1 | T16: 23/03/2026 : Power instability || Mail sent to Camusat || Relance faite a Camusat | U16: Camusat | V16: #N/A | W16: #N/A | Y16: =VLOOKUP(B16, [2]SBC!A$1:P$65536, 11, 0) -> Maroua | Z16: =LEFT(B16,3) -> EXN | AA16: =IF(J16 < 1/24, "T<1H", IF(AND(J16<2/24, J16>1/24), "1H<T<2H", IF(AND(J16<4/24, J16>2/24), "2H<T<4H", IF(AND(J16<8/24, J16>4/24), "4H<T<8H", IF(AND(J16<16/24, J16>8/24), "8H<T<16H",IF(AND(J16<24/24, J16>16/24),"16H<T<24H", IF(AND(J16<48/24, J16>24/24),"24H<T<48H",IF(AND(J16<72/24, J16>24/24),"48H<T<72H", "T>72H")))))))) -> T>72H | AB16: 1 | AC16: DOWN | AD16: Old case | AE16: 23/03/2026 16h | AF16: W13
A17: EXN_217_H_Douggoy-Lopere-II | B17: =LEFT(A17,7) -> EXN_217 | C17: INC-20260322-00010582 | D17: #N/A | E17: #N/A | F17: RF Unit External Power Supply Insufficient | G17: Cabinet No.=0, Subrack No.=81, Slot No.=0, Power Port=NULL, Board Type=MRRU, Specific Problem=Cabinet Power Supply Abnormal Equipment Alarm | H17: Cabinet No.=0, Subrack No.=81, Slot No.=0, Power Port=NULL, Board Type=MRRU, Specific Problem=Cabinet Power Supply Abnormal | I17: 2026-03-22 15:35:57 | J17: =NOW()-I17 -> 5.2081859 | K17: BATTERY_FAILURE | L17: Minor | M17: RAN | N17: 160428209 1 OCM_NEW_U2020_RAN RF Unit External Power Supply Insufficient | O17: Uncleared | P17: 1 | T17: 23/03/2026 : Power instability || Mail sent to Camusat || Relance faite a Camusat | U17: Camusat | V17: #N/A | W17: #N/A | Y17: =VLOOKUP(B17, [2]SBC!A$1:P$65536, 11, 0) -> Maroua | Z17: =LEFT(B17,3) -> EXN | AA17: =IF(J17 < 1/24, "T<1H", IF(AND(J17<2/24, J17>1/24), "1H<T<2H", IF(AND(J17<4/24, J17>2/24), "2H<T<4H", IF(AND(J17<8/24, J17>4/24), "4H<T<8H", IF(AND(J17<16/24, J17>8/24), "8H<T<16H",IF(AND(J17<24/24, J17>16/24),"16H<T<24H", IF(AND(J17<48/24, J17>24/24),"24H<T<48H",IF(AND(J17<72/24, J17>24/24),"48H<T<72H", "T>72H")))))))) -> T>72H | AB17: 1 | AC17: DOWN | AD17: Old case | AE17: 23/03/2026 16h | AF17: W13
A18: NRD_060_H_Garoua-Djamboutou-Village | B18: =LEFT(A18,7) -> NRD_060 | C18: INC-20260323-00004501 | D18: #N/A | E18: #N/A | F18: RF Unit External Power Supply Insufficient | G18: Cabinet No.=0, Subrack No.=71, Slot No.=0, Power Port=NULL, Board Type=MRRU, Specific Problem=Cabinet Power Supply Abnormal Equipment Alarm | H18: Cabinet No.=0, Subrack No.=71, Slot No.=0, Power Port=NULL, Board Type=MRRU, Specific Problem=Cabinet Power Supply Abnormal | I18: 2026-03-23 07:26:26 | J18: =NOW()-I18 -> 4.548128 | K18: BATTERY_FAILURE | L18: Major | M18: RAN | N18: 160748480 1 OCM_NEW_U2020_RAN RF Unit External Power Supply Insufficient | O18: Uncleared | P18: 1 | T18: 23/03/2026 : Relance faite ce jour au RM pour l'update du remplacement du PWC || Feedback IHS : We will received materials tomorrow, and we will close the issue || ETA: 24032026 18/03/2026 : Relance faite de nouveau ce matin au L3 pour revoir l'ETR 17032026. 35 Cells down. || Feeback IHS : Apres investigations, nous avons remplacé les redresseurs dans les sites dont tu m’as fait les mails à savoir : Zileng, Ouro-Kessoun, Pitoa Ville et le site en objet, mais ces redresseurs passent HS, l’action est de remplacer la baie. J’ai déjà commandé les baies de ces sites qui quittent Douala aujourd’hui, les issues seront résolus dans une semaine. || commande en cours | U18: IHS | V18: #N/A | W18: #N/A | Y18: =VLOOKUP(B18, [2]SBC!A$1:P$65536, 11, 0) -> Garoua | Z18: =LEFT(B18,3) -> NRD | AA18: =IF(J18 < 1/24, "T<1H", IF(AND(J18<2/24, J18>1/24), "1H<T<2H", IF(AND(J18<4/24, J18>2/24), "2H<T<4H", IF(AND(J18<8/24, J18>4/24), "4H<T<8H", IF(AND(J18<16/24, J18>8/24), "8H<T<16H",IF(AND(J18<24/24, J18>16/24),"16H<T<24H", IF(AND(J18<48/24, J18>24/24),"24H<T<48H",IF(AND(J18<72/24, J18>24/24),"48H<T<72H", "T>72H")))))))) -> T>72H | AB18: 1 | AC18: DOWN | AD18: Old case | AE18: 23/03/2026 16h | AF18: W13
A19: NRD_060_H_Garoua-Djamboutou-Village | B19: =LEFT(A19,7) -> NRD_060 | C19: INC-20260323-00004501 | D19: #N/A | E19: #N/A | F19: RF Unit External Power Supply Insufficient | G19: Cabinet No.=0, Subrack No.=70, Slot No.=0, Power Port=NULL, Board Type=MRRU, Specific Problem=Cabinet Power Supply Abnormal Equipment Alarm | H19: Cabinet No.=0, Subrack No.=70, Slot No.=0, Power Port=NULL, Board Type=MRRU, Specific Problem=Cabinet Power Supply Abnormal | I19: 2026-03-23 10:27:43 | J19: =NOW()-I19 -> 4.4222368 | K19: BATTERY_FAILURE | L19: Major | M19: RAN | N19: 160803379 1 OCM_NEW_U2020_RAN RF Unit External Power Supply Insufficient | O19: Uncleared | P19: 1 | T19: 23/03/2026 : Relance faite ce jour au RM pour l'update du remplacement du PWC || Feedback IHS : We will received materials tomorrow, and we will close the issue || ETA: 24032026 18/03/2026 : Relance faite de nouveau ce matin au L3 pour revoir l'ETR 17032026. 35 Cells down. || Feeback IHS : Apres investigations, nous avons remplacé les redresseurs dans les sites dont tu m’as fait les mails à savoir : Zileng, Ouro-Kessoun, Pitoa Ville et le site en objet, mais ces redresseurs passent HS, l’action est de remplacer la baie. J’ai déjà commandé les baies de ces sites qui quittent Douala aujourd’hui, les issues seront résolus dans une semaine. || commande en cours | U19: IHS | V19: #N/A | W19: #N/A | Y19: =VLOOKUP(B19, [2]SBC!A$1:P$65536, 11, 0) -> Garoua | Z19: =LEFT(B19,3) -> NRD | AA19: =IF(J19 < 1/24, "T<1H", IF(AND(J19<2/24, J19>1/24), "1H<T<2H", IF(AND(J19<4/24, J19>2/24), "2H<T<4H", IF(AND(J19<8/24, J19>4/24), "4H<T<8H", IF(AND(J19<16/24, J19>8/24), "8H<T<16H",IF(AND(J19<24/24, J19>16/24),"16H<T<24H", IF(AND(J19<48/24, J19>24/24),"24H<T<48H",IF(AND(J19<72/24, J19>24/24),"48H<T<72H", "T>72H")))))))) -> T>72H | AB19: 1 | AC19: DOWN | AD19: Old case | AE19: 23/03/2026 16h | AF19: W13
A20: NRD_060_H_Garoua-Djamboutou-Village | B20: =LEFT(A20,7) -> NRD_060 | C20: INC-20260323-00004501 | D20: #N/A | E20: #N/A | F20: RF Unit External Power Supply Insufficient | G20: Cabinet No.=0, Subrack No.=72, Slot No.=0, Power Port=NULL, Board Type=MRRU, Specific Problem=Cabinet Power Supply Abnormal Equipment Alarm | H20: Cabinet No.=0, Subrack No.=72, Slot No.=0, Power Port=NULL, Board Type=MRRU, Specific Problem=Cabinet Power Supply Abnormal | I20: 2026-03-23 10:29:13 | J20: =NOW()-I20 -> 4.4211951 | K20: BATTERY_FAILURE | L20: Major | M20: RAN | N20: 160803772 1 OCM_NEW_U2020_RAN RF Unit External Power Supply Insufficient | O20: Uncleared | P20: 1 | T20: 23/03/2026 : Relance faite ce jour au RM pour l'update du remplacement du PWC || Feedback IHS : We will received materials tomorrow, and we will close the issue || ETA: 24032026 18/03/2026 : Relance faite de nouveau ce matin au L3 pour revoir l'ETR 17032026. 35 Cells down. || Feeback IHS : Apres investigations, nous avons remplacé les redresseurs dans les sites dont tu m’as fait les mails à savoir : Zileng, Ouro-Kessoun, Pitoa Ville et le site en objet, mais ces redresseurs passent HS, l’action est de remplacer la baie. J’ai déjà commandé les baies de ces sites qui quittent Douala aujourd’hui, les issues seront résolus dans une semaine. || commande en cours | U20: IHS | V20: #N/A | W20: #N/A | Y20: =VLOOKUP(B20, [2]SBC!A$1:P$65536, 11, 0) -> Garoua | Z20: =LEFT(B20,3) -> NRD | AA20: =IF(J20 < 1/24, "T<1H", IF(AND(J20<2/24, J20>1/24), "1H<T<2H", IF(AND(J20<4/24, J20>2/24), "2H<T<4H", IF(AND(J20<8/24, J20>4/24), "4H<T<8H", IF(AND(J20<16/24, J20>8/24), "8H<T<16H",IF(AND(J20<24/24, J20>16/24),"16H<T<24H", IF(AND(J20<48/24, J20>24/24),"24H<T<48H",IF(AND(J20<72/24, J20>24/24),"48H<T<72H", "T>72H")))))))) -> T>72H | AB20: 1 | AC20: DOWN | AD20: Old case | AE20: 23/03/2026 16h | AF20: W13
A21: EXN_217_H_Douggoy-Lopere-II | B21: =LEFT(A21,7) -> EXN_217 | C21: INC-20260323-00008019 | D21: #N/A | E21: #N/A | F21: RF Unit External Power Supply Insufficient | G21: Cabinet No.=0, Subrack No.=71, Slot No.=0, Power Port=NULL, Board Type=MRRU, Specific Problem=Cabinet Power Supply Abnormal Equipment Alarm | H21: Cabinet No.=0, Subrack No.=71, Slot No.=0, Power Port=NULL, Board Type=MRRU, Specific Problem=Cabinet Power Supply Abnormal | I21: 2026-03-23 12:55:56 | J21: =NOW()-I21 -> 4.3193086 | K21: BATTERY_FAILURE | L21: Minor | M21: RAN | N21: 160856930 1 OCM_NEW_U2020_RAN RF Unit External Power Supply Insufficient | O21: Uncleared | P21: 1 | T21: 23/03/2026 : Power instability || Mail sent to Camusat || Relance faite a Camusat | U21: Camusat | V21: #N/A | W21: #N/A | Y21: =VLOOKUP(B21, [2]SBC!A$1:P$65536, 11, 0) -> Maroua | Z21: =LEFT(B21,3) -> EXN | AA21: =IF(J21 < 1/24, "T<1H", IF(AND(J21<2/24, J21>1/24), "1H<T<2H", IF(AND(J21<4/24, J21>2/24), "2H<T<4H", IF(AND(J21<8/24, J21>4/24), "4H<T<8H", IF(AND(J21<16/24, J21>8/24), "8H<T<16H",IF(AND(J21<24/24, J21>16/24),"16H<T<24H", IF(AND(J21<48/24, J21>24/24),"24H<T<48H",IF(AND(J21<72/24, J21>24/24),"48H<T<72H", "T>72H")))))))) -> T>72H | AB21: 1 | AC21: DOWN | AD21: Old case | AE21: 23/03/2026 16h | AF21: W13
A22: EXN_217_H_Douggoy-Lopere-II | B22: =LEFT(A22,7) -> EXN_217 | C22: INC-20260323-00008019 | D22: #N/A | E22: #N/A | F22: RF Unit External Power Supply Insufficient | G22: Cabinet No.=0, Subrack No.=72, Slot No.=0, Power Port=NULL, Board Type=MRRU, Specific Problem=Cabinet Power Supply Abnormal Equipment Alarm | H22: Cabinet No.=0, Subrack No.=72, Slot No.=0, Power Port=NULL, Board Type=MRRU, Specific Problem=Cabinet Power Supply Abnormal | I22: 2026-03-23 12:56:24 | J22: =NOW()-I22 -> 4.3189845 | K22: BATTERY_FAILURE | L22: Minor | M22: RAN | N22: 160857033 1 OCM_NEW_U2020_RAN RF Unit External Power Supply Insufficient | O22: Uncleared | P22: 1 | T22: 23/03/2026 : Power instability || Mail sent to Camusat || Relance faite a Camusat | U22: Camusat | V22: #N/A | W22: #N/A | Y22: =VLOOKUP(B22, [2]SBC!A$1:P$65536, 11, 0) -> Maroua | Z22: =LEFT(B22,3) -> EXN | AA22: =IF(J22 < 1/24, "T<1H", IF(AND(J22<2/24, J22>1/24), "1H<T<2H", IF(AND(J22<4/24, J22>2/24), "2H<T<4H", IF(AND(J22<8/24, J22>4/24), "4H<T<8H", IF(AND(J22<16/24, J22>8/24), "8H<T<16H",IF(AND(J22<24/24, J22>16/24),"16H<T<24H", IF(AND(J22<48/24, J22>24/24),"24H<T<48H",IF(AND(J22<72/24, J22>24/24),"48H<T<72H", "T>72H")))))))) -> T>72H | AB22: 1 | AC22: DOWN | AD22: Old case | AE22: 23/03/2026 16h | AF22: W13
A23: EXN_217_H_Douggoy-Lopere-II | B23: =LEFT(A23,7) -> EXN_217 | C23: INC-20260323-00008019 | D23: #N/A | E23: #N/A | F23: RF Unit External Power Supply Insufficient | G23: Cabinet No.=0, Subrack No.=62, Slot No.=0, Power Port=NULL, Board Type=MRRU, Specific Problem=Cabinet Power Supply Abnormal Equipment Alarm | H23: Cabinet No.=0, Subrack No.=62, Slot No.=0, Power Port=NULL, Board Type=MRRU, Specific Problem=Cabinet Power Supply Abnormal | I23: 2026-03-23 13:33:11 | J23: =NOW()-I23 -> 4.2934405 | K23: BATTERY_FAILURE | L23: Minor | M23: RAN | N23: 160865397 1 OCM_NEW_U2020_RAN RF Unit External Power Supply Insufficient | O23: Uncleared | P23: 1 | T23: 23/03/2026 : Power instability || Mail sent to Camusat || Relance faite a Camusat | U23: Camusat | V23: #N/A | W23: #N/A | Y23: =VLOOKUP(B23, [2]SBC!A$1:P$65536, 11, 0) -> Maroua | Z23: =LEFT(B23,3) -> EXN | AA23: =IF(J23 < 1/24, "T<1H", IF(AND(J23<2/24, J23>1/24), "1H<T<2H", IF(AND(J23<4/24, J23>2/24), "2H<T<4H", IF(AND(J23<8/24, J23>4/24), "4H<T<8H", IF(AND(J23<16/24, J23>8/24), "8H<T<16H",IF(AND(J23<24/24, J23>16/24),"16H<T<24H", IF(AND(J23<48/24, J23>24/24),"24H<T<48H",IF(AND(J23<72/24, J23>24/24),"48H<T<72H", "T>72H")))))))) -> T>72H | AB23: 1 | AC23: DOWN | AD23: Old case | AE23: 23/03/2026 16h | AF23: W13
A24: EXN_217_H_Douggoy-Lopere-II | B24: =LEFT(A24,7) -> EXN_217 | C24: INC-20260323-00008019 | D24: #N/A | E24: #N/A | F24: RF Unit External Power Supply Insufficient | G24: Cabinet No.=0, Subrack No.=70, Slot No.=0, Power Port=NULL, Board Type=MRRU, Specific Problem=Cabinet Power Supply Abnormal Equipment Alarm | H24: Cabinet No.=0, Subrack No.=70, Slot No.=0, Power Port=NULL, Board Type=MRRU, Specific Problem=Cabinet Power Supply Abnormal | I24: 2026-03-23 13:33:12 | J24: =NOW()-I24 -> 4.2934289 | K24: BATTERY_FAILURE | L24: Minor | M24: RAN | N24: 160865398 1 OCM_NEW_U2020_RAN RF Unit External Power Supply Insufficient | O24: Uncleared | P24: 1 | T24: 23/03/2026 : Power instability || Mail sent to Camusat || Relance faite a Camusat | U24: Camusat | V24: #N/A | W24: #N/A | Y24: =VLOOKUP(B24, [2]SBC!A$1:P$65536, 11, 0) -> Maroua | Z24: =LEFT(B24,3) -> EXN | AA24: =IF(J24 < 1/24, "T<1H", IF(AND(J24<2/24, J24>1/24), "1H<T<2H", IF(AND(J24<4/24, J24>2/24), "2H<T<4H", IF(AND(J24<8/24, J24>4/24), "4H<T<8H", IF(AND(J24<16/24, J24>8/24), "8H<T<16H",IF(AND(J24<24/24, J24>16/24),"16H<T<24H", IF(AND(J24<48/24, J24>24/24),"24H<T<48H",IF(AND(J24<72/24, J24>24/24),"48H<T<72H", "T>72H")))))))) -> T>72H | AB24: 1 | AC24: DOWN | AD24: Old case | AE24: 23/03/2026 16h | AF24: W13
A25: EXN_217_H_Douggoy-Lopere-II | B25: =LEFT(A25,7) -> EXN_217 | C25: INC-20260323-00008019 | D25: #N/A | E25: #N/A | F25: RF Unit External Power Supply Insufficient | G25: Cabinet No.=0, Subrack No.=60, Slot No.=0, Power Port=NULL, Board Type=MRRU, Specific Problem=Cabinet Power Supply Abnormal Equipment Alarm | H25: Cabinet No.=0, Subrack No.=60, Slot No.=0, Power Port=NULL, Board Type=MRRU, Specific Problem=Cabinet Power Supply Abnormal | I25: 2026-03-23 13:33:13 | J25: =NOW()-I25 -> 4.2934174 | K25: BATTERY_FAILURE | L25: Minor | M25: RAN | N25: 160865399 1 OCM_NEW_U2020_RAN RF Unit External Power Supply Insufficient | O25: Uncleared | P25: 1 | T25: 23/03/2026 : Power instability || Mail sent to Camusat || Relance faite a Camusat | U25: Camusat | V25: #N/A | W25: #N/A | Y25: =VLOOKUP(B25, [2]SBC!A$1:P$65536, 11, 0) -> Maroua | Z25: =LEFT(B25,3) -> EXN | AA25: =IF(J25 < 1/24, "T<1H", IF(AND(J25<2/24, J25>1/24), "1H<T<2H", IF(AND(J25<4/24, J25>2/24), "2H<T<4H", IF(AND(J25<8/24, J25>4/24), "4H<T<8H", IF(AND(J25<16/24, J25>8/24), "8H<T<16H",IF(AND(J25<24/24, J25>16/24),"16H<T<24H", IF(AND(J25<48/24, J25>24/24),"24H<T<48H",IF(AND(J25<72/24, J25>24/24),"48H<T<72H", "T>72H")))))))) -> T>72H | AB25: 1 | AC25: DOWN | AD25: Old case | AE25: 23/03/2026 16h | AF25: W13
A26: EXN_217_H_Douggoy-Lopere-II | B26: =LEFT(A26,7) -> EXN_217 | C26: INC-20260323-00008019 | D26: #N/A | E26: #N/A | F26: RF Unit External Power Supply Insufficient | G26: Cabinet No.=0, Subrack No.=61, Slot No.=0, Power Port=NULL, Board Type=MRRU, Specific Problem=Cabinet Power Supply Abnormal Equipment Alarm | H26: Cabinet No.=0, Subrack No.=61, Slot No.=0, Power Port=NULL, Board Type=MRRU, Specific Problem=Cabinet Power Supply Abnormal | I26: 2026-03-23 13:51:40 | J26: =NOW()-I26 -> 4.2806049 | K26: BATTERY_FAILURE | L26: Minor | M26: RAN | N26: 160872382 1 OCM_NEW_U2020_RAN RF Unit External Power Supply Insufficient | O26: Uncleared | P26: 1 | T26: 23/03/2026 : Power instability || Mail sent to Camusat || Relance faite a Camusat | U26: Camusat | V26: #N/A | W26: #N/A | Y26: =VLOOKUP(B26, [2]SBC!A$1:P$65536, 11, 0) -> Maroua | Z26: =LEFT(B26,3) -> EXN | AA26: =IF(J26 < 1/24, "T<1H", IF(AND(J26<2/24, J26>1/24), "1H<T<2H", IF(AND(J26<4/24, J26>2/24), "2H<T<4H", IF(AND(J26<8/24, J26>4/24), "4H<T<8H", IF(AND(J26<16/24, J26>8/24), "8H<T<16H",IF(AND(J26<24/24, J26>16/24),"16H<T<24H", IF(AND(J26<48/24, J26>24/24),"24H<T<48H",IF(AND(J26<72/24, J26>24/24),"48H<T<72H", "T>72H")))))))) -> T>72H | AB26: 1 | AC26: DOWN | AD26: Old case | AE26: 23/03/2026 16h | AF26: W13
A27: NRD_060_H_Garoua-Djamboutou-Village | B27: =LEFT(A27,7) -> NRD_060 | D27: #N/A | E27: #N/A | F27: RF Unit External Power Supply Insufficient | G27: Cabinet No.=0, Subrack No.=61, Slot No.=0, Power Port=NULL, Board Type=MRRU, Specific Problem=Cabinet Power Supply Abnormal Equipment Alarm | H27: Cabinet No.=0, Subrack No.=61, Slot No.=0, Power Port=NULL, Board Type=MRRU, Specific Problem=Cabinet Power Supply Abnormal | I27: 2026-03-23 14:34:29 | J27: =NOW()-I27 -> 4.2508711 | K27: BATTERY_FAILURE | L27: Major | M27: RAN | N27: 160892422 1 OCM_NEW_U2020_RAN RF Unit External Power Supply Insufficient | O27: Uncleared | P27: 1 | T27: 23/03/2026 : Relance faite ce jour au RM pour l'update du remplacement du PWC || Feedback IHS : We will received materials tomorrow, and we will close the issue || ETA: 24032026 18/03/2026 : Relance faite de nouveau ce matin au L3 pour revoir l'ETR 17032026. 35 Cells down. || Feeback IHS : Apres investigations, nous avons remplacé les redresseurs dans les sites dont tu m’as fait les mails à savoir : Zileng, Ouro-Kessoun, Pitoa Ville et le site en objet, mais ces redresseurs passent HS, l’action est de remplacer la baie. J’ai déjà commandé les baies de ces sites qui quittent Douala aujourd’hui, les issues seront résolus dans une semaine. || commande en cours | U27: IHS | V27: #N/A | W27: #N/A | Y27: =VLOOKUP(B27, [2]SBC!A$1:P$65536, 11, 0) -> Garoua | Z27: =LEFT(B27,3) -> NRD | AA27: =IF(J27 < 1/24, "T<1H", IF(AND(J27<2/24, J27>1/24), "1H<T<2H", IF(AND(J27<4/24, J27>2/24), "2H<T<4H", IF(AND(J27<8/24, J27>4/24), "4H<T<8H", IF(AND(J27<16/24, J27>8/24), "8H<T<16H",IF(AND(J27<24/24, J27>16/24),"16H<T<24H", IF(AND(J27<48/24, J27>24/24),"24H<T<48H",IF(AND(J27<72/24, J27>24/24),"48H<T<72H", "T>72H")))))))) -> T>72H | AB27: 1 | AC27: DOWN | AD27: Old case | AE27: 23/03/2026 16h | AF27: W13
A28: NRD_060_H_Garoua-Djamboutou-Village | B28: =LEFT(A28,7) -> NRD_060 | D28: #N/A | E28: #N/A | F28: RF Unit External Power Supply Insufficient | G28: Cabinet No.=0, Subrack No.=62, Slot No.=0, Power Port=NULL, Board Type=MRRU, Specific Problem=Cabinet Power Supply Abnormal Equipment Alarm | H28: Cabinet No.=0, Subrack No.=62, Slot No.=0, Power Port=NULL, Board Type=MRRU, Specific Problem=Cabinet Power Supply Abnormal | I28: 2026-03-23 14:56:50 | J28: =NOW()-I28 -> 4.2353502 | K28: BATTERY_FAILURE | L28: Major | M28: RAN | N28: 160901116 1 OCM_NEW_U2020_RAN RF Unit External Power Supply Insufficient | O28: Uncleared | P28: 1 | T28: 23/03/2026 : Relance faite ce jour au RM pour l'update du remplacement du PWC || Feedback IHS : We will received materials tomorrow, and we will close the issue || ETA: 24032026 18/03/2026 : Relance faite de nouveau ce matin au L3 pour revoir l'ETR 17032026. 35 Cells down. || Feeback IHS : Apres investigations, nous avons remplacé les redresseurs dans les sites dont tu m’as fait les mails à savoir : Zileng, Ouro-Kessoun, Pitoa Ville et le site en objet, mais ces redresseurs passent HS, l’action est de remplacer la baie. J’ai déjà commandé les baies de ces sites qui quittent Douala aujourd’hui, les issues seront résolus dans une semaine. || commande en cours | U28: IHS | V28: #N/A | W28: #N/A | Y28: =VLOOKUP(B28, [2]SBC!A$1:P$65536, 11, 0) -> Garoua | Z28: =LEFT(B28,3) -> NRD | AA28: =IF(J28 < 1/24, "T<1H", IF(AND(J28<2/24, J28>1/24), "1H<T<2H", IF(AND(J28<4/24, J28>2/24), "2H<T<4H", IF(AND(J28<8/24, J28>4/24), "4H<T<8H", IF(AND(J28<16/24, J28>8/24), "8H<T<16H",IF(AND(J28<24/24, J28>16/24),"16H<T<24H", IF(AND(J28<48/24, J28>24/24),"24H<T<48H",IF(AND(J28<72/24, J28>24/24),"48H<T<72H", "T>72H")))))))) -> T>72H | AB28: 1 | AC28: DOWN | AD28: Old case | AE28: 23/03/2026 16h | AF28: W13
A29: NRD_060_H_Garoua-Djamboutou-Village | B29: =LEFT(A29,7) -> NRD_060 | D29: #N/A | E29: #N/A | F29: RF Unit External Power Supply Insufficient | G29: Cabinet No.=0, Subrack No.=60, Slot No.=0, Power Port=NULL, Board Type=MRRU, Specific Problem=Cabinet Power Supply Abnormal Equipment Alarm | H29: Cabinet No.=0, Subrack No.=60, Slot No.=0, Power Port=NULL, Board Type=MRRU, Specific Problem=Cabinet Power Supply Abnormal | I29: 2026-03-23 14:57:18 | J29: =NOW()-I29 -> 4.2350262 | K29: BATTERY_FAILURE | L29: Major | M29: RAN | N29: 160901200 1 OCM_NEW_U2020_RAN RF Unit External Power Supply Insufficient | O29: Uncleared | P29: 1 | T29: 23/03/2026 : Relance faite ce jour au RM pour l'update du remplacement du PWC || Feedback IHS : We will received materials tomorrow, and we will close the issue || ETA: 24032026 18/03/2026 : Relance faite de nouveau ce matin au L3 pour revoir l'ETR 17032026. 35 Cells down. || Feeback IHS : Apres investigations, nous avons remplacé les redresseurs dans les sites dont tu m’as fait les mails à savoir : Zileng, Ouro-Kessoun, Pitoa Ville et le site en objet, mais ces redresseurs passent HS, l’action est de remplacer la baie. J’ai déjà commandé les baies de ces sites qui quittent Douala aujourd’hui, les issues seront résolus dans une semaine. || commande en cours | U29: IHS | V29: #N/A | W29: #N/A | Y29: =VLOOKUP(B29, [2]SBC!A$1:P$65536, 11, 0) -> Garoua | Z29: =LEFT(B29,3) -> NRD | AA29: =IF(J29 < 1/24, "T<1H", IF(AND(J29<2/24, J29>1/24), "1H<T<2H", IF(AND(J29<4/24, J29>2/24), "2H<T<4H", IF(AND(J29<8/24, J29>4/24), "4H<T<8H", IF(AND(J29<16/24, J29>8/24), "8H<T<16H",IF(AND(J29<24/24, J29>16/24),"16H<T<24H", IF(AND(J29<48/24, J29>24/24),"24H<T<48H",IF(AND(J29<72/24, J29>24/24),"48H<T<72H", "T>72H")))))))) -> T>72H | AB29: 1 | AC29: DOWN | AD29: Old case | AE29: 23/03/2026 16h | AF29: W13
A30: SUO_222_H_Buea-Bakwere-Town-MTN | B30: =LEFT(A30,7) -> SUO_222 | C30: INC-20260323-00005358 | D30: #N/A | E30: #N/A | F30: RF Unit Maintenance Link Failure | G30: Cabinet No.=0, Subrack No.=70, Slot No.=0, Board Type=MRRU, Specific Problem=Other Equipment Alarm | H30: Cabinet No.=0, Subrack No.=70, Slot No.=0, Board Type=MRRU, Specific Problem=Other | I30: 2026-03-23 08:49:25 | J30: =NOW()-I30 -> 4.4905007 | K30: INVALID_MESSAGE_RECEIVED | L30: Major | M30: RAN | N30: 160772574 1 OCM_NEW_U2020_RAN RF Unit Maintenance Link Failure | O30: Uncleared | P30: 1 | T30: 19/03/2026: Relance faite a MTN ce jour || Escalade faite a silvain 18/03/2026 : Power instability || Mail sent to MTN | U30: MTN | V30: #N/A | W30: #N/A | Y30: =VLOOKUP(B30, [2]SBC!A$1:P$65536, 11, 0) -> Buéa | Z30: =LEFT(B30,3) -> SUO | AA30: =IF(J30 < 1/24, "T<1H", IF(AND(J30<2/24, J30>1/24), "1H<T<2H", IF(AND(J30<4/24, J30>2/24), "2H<T<4H", IF(AND(J30<8/24, J30>4/24), "4H<T<8H", IF(AND(J30<16/24, J30>8/24), "8H<T<16H",IF(AND(J30<24/24, J30>16/24),"16H<T<24H", IF(AND(J30<48/24, J30>24/24),"24H<T<48H",IF(AND(J30<72/24, J30>24/24),"48H<T<72H", "T>72H")))))))) -> T>72H | AB30: 1 | AC30: DOWN | AD30: Old case | AE30: 23/03/2026 16h | AF30: W13
A31: NRD_188_H_Indoor-Agence-Garoua | B31: =LEFT(A31,7) -> NRD_188 | C31: INC-20260323-00006403 | D31: #N/A | E31: #N/A | F31: RF Unit VSWR Threshold Crossed | G31: Cabinet No.=0, Subrack No.=60, Slot No.=0, TX Channel No.=0, Board Type=MRRU, VSWR Alarm Threshold (0.1)=20, VSWR(0.1)=21, Output Power (0.1 dBm)=330, RF Port=NULL Equipment Alarm | H31: Cabinet No.=0, Subrack No.=60, Slot No.=0, TX Channel No.=0, Board Type=MRRU, VSWR Alarm Threshold (0.1)=20, VSWR(0.1)=21, Output Power (0.1 dBm)=330, RF Port=NULL | I31: 2026-03-23 10:26:26 | J31: =NOW()-I31 -> 4.423128 | K31: LINE_INTERFACE_FAILURE | L31: Minor | M31: RAN | N31: 160803217 1 OCM_NEW_U2020_RAN RF Unit VSWR Threshold Crossed | O31: Uncleared | P31: 1 | T31: 22/10/2025 : Feedback Ing.OCM attendu 09/10/2025 : Feedback recu ce jour d'Athanase : Etude de solution en cours 30/09/2025 : Feedback recu ce jour de l'ING.OCM : Analyse d'une probable solution en cours 29/09/2025 : Mail de demande de creation de TT au TAC envoye au BORAN GNOC || Feedback creation du TT attendu du BO RAN GNOC | U31: OCM | V31: RCA inconnue | W31: Point Ingenierie OCM | Y31: =VLOOKUP(B31, [2]SBC!A$1:P$65536, 11, 0) -> Garoua | Z31: =LEFT(B31,3) -> NRD | AA31: =IF(J31 < 1/24, "T<1H", IF(AND(J31<2/24, J31>1/24), "1H<T<2H", IF(AND(J31<4/24, J31>2/24), "2H<T<4H", IF(AND(J31<8/24, J31>4/24), "4H<T<8H", IF(AND(J31<16/24, J31>8/24), "8H<T<16H",IF(AND(J31<24/24, J31>16/24),"16H<T<24H", IF(AND(J31<48/24, J31>24/24),"24H<T<48H",IF(AND(J31<72/24, J31>24/24),"48H<T<72H", "T>72H")))))))) -> T>72H | AB31: 1 | AC31: DOWN | AD31: Old case | AE31: 23/03/2026 16h | AF31: W13

Sheet Cells Huawei 24032026 8h
A1: Alarm Source | B1: Site code | C1: Ticket ID | D1: Powerco | E1: Topologie | F1: Alarm Name | G1: Summary | H1: Alarm Location Info | I1: First Occurred On | J1: Duration | K1: Possible Cause | L1: Raw Alarm Severity | M1: Domain | N1: Alarm Identifier | O1: Clearance Status | P1: Alarm Occurrences | Q1: Action Plan | R1: Action de resolution | S1: Date de resolution | T1: Comment | U1: Porteur | V1: RCA | W1: Causes | X1: SBC | Y1: Ville | Z1: Region | AA1: Temps | AB1: Nombre | AC1: STATUT Cells | AD1: Ages Cells | AE1: Jour d'extraction | AF1: SEMAINE | AG1: Occurrence
A2: SUO_222_H_Buea-Bakwere-Town-MTN | B2: =LEFT(A2,7) -> SUO_222 | C2: INC-20260324-00001680 | D2: #N/A | E2: #N/A | F2: BBU CPRI Interface Error | G2: Cabinet No.=0, Subrack No.=0, Slot No.=4, Port No.=0, Sub Port No.=0, Board Type=UBBP, Specific Problem=Receive No Signal Equipment Alarm | H2: Cabinet No.=0, Subrack No.=0, Slot No.=4, Port No.=0, Sub Port No.=0, Board Type=UBBP, Specific Problem=Receive No Signal | I2: 2026-03-24 02:06:59 | J2: =NOW()-I2 -> 3.7699683 | K2: INVALID_MESSAGE_RECEIVED | L2: Major | M2: RAN | N2: 161161643 1 OCM_NEW_U2020_RAN BBU CPRI Interface Error | O2: Uncleared | P2: 1 | T2: 23/03/2026 : Power instability || Mail sent to MTN | U2: MTN | V2: #N/A | W2: #N/A | Y2: =VLOOKUP(B2, [2]SBC!A$1:P$65536, 11, 0) -> Buéa | Z2: =LEFT(B2,3) -> SUO | AA2: =IF(J2 < 1/24, "T<1H", IF(AND(J2<2/24, J2>1/24), "1H<T<2H", IF(AND(J2<4/24, J2>2/24), "2H<T<4H", IF(AND(J2<8/24, J2>4/24), "4H<T<8H", IF(AND(J2<16/24, J2>8/24), "8H<T<16H",IF(AND(J2<24/24, J2>16/24),"16H<T<24H", IF(AND(J2<48/24, J2>24/24),"24H<T<48H",IF(AND(J2<72/24, J2>24/24),"48H<T<72H", "T>72H")))))))) -> T>72H | AB2: 1 | AC2: DOWN | AD2: Old case | AE2: 24/03/2026 8h | AF2: W13
A3: SUO_222_H_Buea-Bakwere-Town-MTN_L | B3: =LEFT(A3,7) -> SUO_222 | C3: INC-20260324-00002118 | D3: #N/A | E3: #N/A | F3: Cell Unavailable | G3: eNodeB Function Name=SUO_222_H_Buea-Bakwere-Town-MTN_L, Local Cell ID=21, Cell FDD TDD indication=FDD, NB-IoT Cell Flag=FALSE, Cell Name=SUO_222_H_Buea-Bakwere-Town-MTN_L18_1, eNodeB ID=15222, Cell ID=21, Specific Problem=RF module abnormal Processing Error Alarm | H3: eNodeB Function Name=SUO_222_H_Buea-Bakwere-Town-MTN_L, Local Cell ID=21, Cell FDD TDD indication=FDD, NB-IoT Cell Flag=FALSE, Cell Name=SUO_222_H_Buea-Bakwere-Town-MTN_L18_1, eNodeB ID=15222, Cell ID=21, Specific Problem=RF module abnormal | I3: 2026-03-24 04:10:44 | J3: =NOW()-I3 -> 3.6840308 | K3: Unknown Probable Cause | L3: Major | M3: RAN-4G | N3: 161173311 1 OCM_NEW_U2020_RAN Cell Unavailable | O3: Uncleared | P3: 1 | T3: 23/03/2026 : Power instability || Mail sent to MTN | U3: MTN | V3: #N/A | W3: #N/A | Y3: =VLOOKUP(B3, [2]SBC!A$1:P$65536, 11, 0) -> Buéa | Z3: =LEFT(B3,3) -> SUO | AA3: =IF(J3 < 1/24, "T<1H", IF(AND(J3<2/24, J3>1/24), "1H<T<2H", IF(AND(J3<4/24, J3>2/24), "2H<T<4H", IF(AND(J3<8/24, J3>4/24), "4H<T<8H", IF(AND(J3<16/24, J3>8/24), "8H<T<16H",IF(AND(J3<24/24, J3>16/24),"16H<T<24H", IF(AND(J3<48/24, J3>24/24),"24H<T<48H",IF(AND(J3<72/24, J3>24/24),"48H<T<72H", "T>72H")))))))) -> T>72H | AB3: 1 | AC3: DOWN | AD3: Old case | AE3: 24/03/2026 8h | AF3: W13
A4: NRD_060_H_Garoua-Djamboutou-Village_L | B4: =LEFT(A4,7) -> NRD_060 | D4: #N/A | E4: #N/A | F4: Cell Unavailable | G4: eNodeB Function Name=NRD_060_H_Garoua-Djamboutou-Village_L, Local Cell ID=23, Cell FDD TDD indication=FDD, NB-IoT Cell Flag=FALSE, Cell Name=NRD_060_H_Garoua-Djamboutou-Village_L18_3, eNodeB ID=16060, Cell ID=23, Specific Problem=RF module abnormal Processing Error Alarm | H4: eNodeB Function Name=NRD_060_H_Garoua-Djamboutou-Village_L, Local Cell ID=23, Cell FDD TDD indication=FDD, NB-IoT Cell Flag=FALSE, Cell Name=NRD_060_H_Garoua-Djamboutou-Village_L18_3, eNodeB ID=16060, Cell ID=23, Specific Problem=RF module abnormal | I4: 2026-03-24 06:57:27 | J4: =NOW()-I4 -> 3.5682553 | K4: Unknown Probable Cause | L4: Major | M4: RAN-4G | N4: 161212197 1 OCM_NEW_U2020_RAN Cell Unavailable | O4: Uncleared | P4: 1 | T4: 23/03/2026 : Relance faite ce jour au RM pour l'update du remplacement du PWC || Feedback IHS : We will received materials tomorrow, and we will close the issue || ETA: 24032026 18/03/2026 : Relance faite de nouveau ce matin au L3 pour revoir l'ETR 17032026. 35 Cells down. || Feeback IHS : Apres investigations, nous avons remplacé les redresseurs dans les sites dont tu m’as fait les mails à savoir : Zileng, Ouro-Kessoun, Pitoa Ville et le site en objet, mais ces redresseurs passent HS, l’action est de remplacer la baie. J’ai déjà commandé les baies de ces sites qui quittent Douala aujourd’hui, les issues seront résolus dans une semaine. || commande en cours | U4: IHS | V4: #N/A | W4: #N/A | Y4: =VLOOKUP(B4, [2]SBC!A$1:P$65536, 11, 0) -> Garoua | Z4: =LEFT(B4,3) -> NRD | AA4: =IF(J4 < 1/24, "T<1H", IF(AND(J4<2/24, J4>1/24), "1H<T<2H", IF(AND(J4<4/24, J4>2/24), "2H<T<4H", IF(AND(J4<8/24, J4>4/24), "4H<T<8H", IF(AND(J4<16/24, J4>8/24), "8H<T<16H",IF(AND(J4<24/24, J4>16/24),"16H<T<24H", IF(AND(J4<48/24, J4>24/24),"24H<T<48H",IF(AND(J4<72/24, J4>24/24),"48H<T<72H", "T>72H")))))))) -> T>72H | AB4: 1 | AC4: DOWN | AD4: Old case | AE4: 24/03/2026 8h | AF4: W13
A5: NRD_060_H_Garoua-Djamboutou-Village_L | B5: =LEFT(A5,7) -> NRD_060 | D5: #N/A | E5: #N/A | F5: Cell Unavailable | G5: eNodeB Function Name=NRD_060_H_Garoua-Djamboutou-Village_L, Local Cell ID=22, Cell FDD TDD indication=FDD, NB-IoT Cell Flag=FALSE, Cell Name=NRD_060_H_Garoua-Djamboutou-Village_L18_2, eNodeB ID=16060, Cell ID=22, Specific Problem=RF module abnormal Processing Error Alarm | H5: eNodeB Function Name=NRD_060_H_Garoua-Djamboutou-Village_L, Local Cell ID=22, Cell FDD TDD indication=FDD, NB-IoT Cell Flag=FALSE, Cell Name=NRD_060_H_Garoua-Djamboutou-Village_L18_2, eNodeB ID=16060, Cell ID=22, Specific Problem=RF module abnormal | I5: 2026-03-24 06:57:30 | J5: =NOW()-I5 -> 3.5682206 | K5: Unknown Probable Cause | L5: Major | M5: RAN-4G | N5: 161212207 1 OCM_NEW_U2020_RAN Cell Unavailable | O5: Uncleared | P5: 1 | T5: 23/03/2026 : Relance faite ce jour au RM pour l'update du remplacement du PWC || Feedback IHS : We will received materials tomorrow, and we will close the issue || ETA: 24032026 18/03/2026 : Relance faite de nouveau ce matin au L3 pour revoir l'ETR 17032026. 35 Cells down. || Feeback IHS : Apres investigations, nous avons remplacé les redresseurs dans les sites dont tu m’as fait les mails à savoir : Zileng, Ouro-Kessoun, Pitoa Ville et le site en objet, mais ces redresseurs passent HS, l’action est de remplacer la baie. J’ai déjà commandé les baies de ces sites qui quittent Douala aujourd’hui, les issues seront résolus dans une semaine. || commande en cours | U5: IHS | V5: #N/A | W5: #N/A | Y5: =VLOOKUP(B5, [2]SBC!A$1:P$65536, 11, 0) -> Garoua | Z5: =LEFT(B5,3) -> NRD | AA5: =IF(J5 < 1/24, "T<1H", IF(AND(J5<2/24, J5>1/24), "1H<T<2H", IF(AND(J5<4/24, J5>2/24), "2H<T<4H", IF(AND(J5<8/24, J5>4/24), "4H<T<8H", IF(AND(J5<16/24, J5>8/24), "8H<T<16H",IF(AND(J5<24/24, J5>16/24),"16H<T<24H", IF(AND(J5<48/24, J5>24/24),"24H<T<48H",IF(AND(J5<72/24, J5>24/24),"48H<T<72H", "T>72H")))))))) -> T>72H | AB5: 1 | AC5: DOWN | AD5: Old case | AE5: 24/03/2026 8h | AF5: W13
A6: NRD_060_H_Garoua-Djamboutou-Village_L | B6: =LEFT(A6,7) -> NRD_060 | D6: #N/A | E6: #N/A | F6: Cell Unavailable | G6: eNodeB Function Name=NRD_060_H_Garoua-Djamboutou-Village_L, Local Cell ID=21, Cell FDD TDD indication=FDD, NB-IoT Cell Flag=FALSE, Cell Name=NRD_060_H_Garoua-Djamboutou-Village_L18_1, eNodeB ID=16060, Cell ID=21, Specific Problem=RF module abnormal Processing Error Alarm | H6: eNodeB Function Name=NRD_060_H_Garoua-Djamboutou-Village_L, Local Cell ID=21, Cell FDD TDD indication=FDD, NB-IoT Cell Flag=FALSE, Cell Name=NRD_060_H_Garoua-Djamboutou-Village_L18_1, eNodeB ID=16060, Cell ID=21, Specific Problem=RF module abnormal | I6: 2026-03-24 06:57:30 | J6: =NOW()-I6 -> 3.5682206 | K6: Unknown Probable Cause | L6: Major | M6: RAN-4G | N6: 161212208 1 OCM_NEW_U2020_RAN Cell Unavailable | O6: Uncleared | P6: 1 | T6: 23/03/2026 : Relance faite ce jour au RM pour l'update du remplacement du PWC || Feedback IHS : We will received materials tomorrow, and we will close the issue || ETA: 24032026 18/03/2026 : Relance faite de nouveau ce matin au L3 pour revoir l'ETR 17032026. 35 Cells down. || Feeback IHS : Apres investigations, nous avons remplacé les redresseurs dans les sites dont tu m’as fait les mails à savoir : Zileng, Ouro-Kessoun, Pitoa Ville et le site en objet, mais ces redresseurs passent HS, l’action est de remplacer la baie. J’ai déjà commandé les baies de ces sites qui quittent Douala aujourd’hui, les issues seront résolus dans une semaine. || commande en cours | U6: IHS | V6: #N/A | W6: #N/A | Y6: =VLOOKUP(B6, [2]SBC!A$1:P$65536, 11, 0) -> Garoua | Z6: =LEFT(B6,3) -> NRD | AA6: =IF(J6 < 1/24, "T<1H", IF(AND(J6<2/24, J6>1/24), "1H<T<2H", IF(AND(J6<4/24, J6>2/24), "2H<T<4H", IF(AND(J6<8/24, J6>4/24), "4H<T<8H", IF(AND(J6<16/24, J6>8/24), "8H<T<16H",IF(AND(J6<24/24, J6>16/24),"16H<T<24H", IF(AND(J6<48/24, J6>24/24),"24H<T<48H",IF(AND(J6<72/24, J6>24/24),"48H<T<72H", "T>72H")))))))) -> T>72H | AB6: 1 | AC6: DOWN | AD6: Old case | AE6: 24/03/2026 8h | AF6: W13
A7: NRD_060_H_Garoua-Djamboutou-Village_L | B7: =LEFT(A7,7) -> NRD_060 | D7: #N/A | E7: #N/A | F7: Cell Unavailable | G7: eNodeB Function Name=NRD_060_H_Garoua-Djamboutou-Village_L, Local Cell ID=2, Cell FDD TDD indication=FDD, NB-IoT Cell Flag=FALSE, Cell Name=NRD_060_H_Garoua-Djamboutou-Village_L7_2, eNodeB ID=16060, Cell ID=2, Specific Problem=RF module abnormal Processing Error Alarm | H7: eNodeB Function Name=NRD_060_H_Garoua-Djamboutou-Village_L, Local Cell ID=2, Cell FDD TDD indication=FDD, NB-IoT Cell Flag=FALSE, Cell Name=NRD_060_H_Garoua-Djamboutou-Village_L7_2, eNodeB ID=16060, Cell ID=2, Specific Problem=RF module abnormal | I7: 2026-03-24 06:57:39 | J7: =NOW()-I7 -> 3.5681164 | K7: Unknown Probable Cause | L7: Major | M7: RAN-4G | N7: 161212228 1 OCM_NEW_U2020_RAN Cell Unavailable | O7: Uncleared | P7: 1 | T7: 23/03/2026 : Relance faite ce jour au RM pour l'update du remplacement du PWC || Feedback IHS : We will received materials tomorrow, and we will close the issue || ETA: 24032026 18/03/2026 : Relance faite de nouveau ce matin au L3 pour revoir l'ETR 17032026. 35 Cells down. || Feeback IHS : Apres investigations, nous avons remplacé les redresseurs dans les sites dont tu m’as fait les mails à savoir : Zileng, Ouro-Kessoun, Pitoa Ville et le site en objet, mais ces redresseurs passent HS, l’action est de remplacer la baie. J’ai déjà commandé les baies de ces sites qui quittent Douala aujourd’hui, les issues seront résolus dans une semaine. || commande en cours | U7: IHS | V7: #N/A | W7: #N/A | Y7: =VLOOKUP(B7, [2]SBC!A$1:P$65536, 11, 0) -> Garoua | Z7: =LEFT(B7,3) -> NRD | AA7: =IF(J7 < 1/24, "T<1H", IF(AND(J7<2/24, J7>1/24), "1H<T<2H", IF(AND(J7<4/24, J7>2/24), "2H<T<4H", IF(AND(J7<8/24, J7>4/24), "4H<T<8H", IF(AND(J7<16/24, J7>8/24), "8H<T<16H",IF(AND(J7<24/24, J7>16/24),"16H<T<24H", IF(AND(J7<48/24, J7>24/24),"24H<T<48H",IF(AND(J7<72/24, J7>24/24),"48H<T<72H", "T>72H")))))))) -> T>72H | AB7: 1 | AC7: DOWN | AD7: Old case | AE7: 24/03/2026 8h | AF7: W13
