Workbook

Sheet RECAP
F4: oprationnel | G4: (All)
B6: oprationnel | C6: (All) | F6: Row Labels | G6: Sum of NUR 22/04/2026
F7: ACCESS-ISSUE | G7: 50.441198
B8: Row Labels | C8: Sum of NUR 21/04/2026 | F8: ENVTECH | G8: 18.491409
B9: ACCESS-ISSUE | C9: 45.65501 | F9: Exclu | G9: 200.88829
B10: ACTIVE | C10: 342.35738 | F10: no impacts | G10: 48.016386
B11: Exclu | C11: 191.61879 | F11: No root cause | G11: 528.70434
B12: no impacts | C12: 663.56424 | F12: POWER ISSUE | G12: 1364.3467
B13: No root cause | C13: 489.8306 | F13: RAN ISSUE | G13: 169.84374
B14: PASSIVE | C14: 855.67351 | F14: SPARE-ISSUE | G14: 151.59937
B15: PLANNED WORKS | C15: 0 | F15: TRAVAUX-HUAWEI | G15: 0
B16: SPARE-ISSUE | C16: 132.50799 | F16: TX ISSUE | G16: 202.77058
B17: Grand Total | C17: 2721.2075 | F17: Grand Total | G17: 2735.102

Sheet daily break down
A1: Nom du Physique | B1: Codesite | C1: CLUSTER | D1: Owner | E1: Topology | F1: Region | G1: Ville | H1: VENDOR | I1: 17/4/2026 | J1: 18/4/2026 | K1: 19/4/2026 | L1: 20/04/2026 | M1: 21/4/2026 | N1: 22/4/2026 | O1: 23/4/2026 | P1: REPETITIF | Q1: oprationnel | R1: Raison d'exclusion | S1: OCM NOMENCLATURE | T1: SUB RCA | U1: CAUSE | V1: CATEGORIE | W1: RCA | X1: Action Plan | Y1: ETR | Z1: Owner | AA1: Status | AB1: Verifications 23/04/2026 | AC1: UPDATE 23/04/2026 | AD1: INCIDENT 23/04/2026 | AE1: top offenders 23/04/2026 | AF1: RETOUR CAMUSAT 23/04/2026 | AG1: RETOUR IHS 23/04/2026 | AH1: Hourly IHS 23/04/2026 | AI1: Cells Huawei 23042026 9h | AJ1: Cells Huawei 23042026 15h | AK1: Cells Huawei 23042026 18h | AL1: cells down 23042026 8h31 | AM1: cells down 23042026 14h33 | AN1: cells down 23042026 16h41 | AO1: cell downs 23042026 8h40 | AP1: cell downs 23042026 12h30 | AQ1: cell downs 23042026 17h | AR1: OCM Ran 23/04/2026 18H | AS1: OCM Ran 23/04/2026 17H | AT1: OCM Ran 23/04/2026 13H | AU1: Ticket 23/04/2026 | AV1: Dashbord suivi TOP OFFENDERS 23/04/2026 | AW1: SITE WITH GPS ISSUE | AX1: nokia number cell | AY1: HUAWEI number cell | AZ1: Incident | BA1: ENEO CRISIS
A2: Nkololoun | B2: LIT_183 | C2: =_xlfn.XLOOKUP(B2,'[1]daily break down'!$D:$D,'[1]daily break down'!$E:$E,"") -> Douala | D2: IHS | E2: GridOnly | F2: LITTORAL | G2: Douala | H2: =_xlfn.XLOOKUP(B2,[2]CALCULATION!$B:$B,[2]CALCULATION!$H:$H,"") -> ZTE | I2: 0 | J2: 27.146255 | K2: 18.560467 | L2: 23.181054 | M2: 7.8696035 | N2: 60.072022 | O2: 12.314212 | P2: REPETITIF | Q2: Operationnel | S2: {=IFERROR(_xlfn.IFS( U2="MPR ISSUE","PDH", U2="BSS Hardware Issue","BSS", U2="Sites strategiques, MLL, Pylone, etc.","ENVTECH", U2="AKTIVCO DEFAUT GE & POWER Cabinet","AKTIVCO", U2="AKTIVCO Coupure ENEO & Baisse de tension","AKTIVCO GRID ONLY", U2="Coupure ENEO & Baisse de tension","IHS GRID ONLY", U2="Defaut GE & POWER Cabinet","IHS", U2="Sharing","Partners", U2="Sites strategiques & DataCenter","SST & DC", U2="Exclu","Exclu", U2="SAT","SAT", U2="SPARE-ISSUE","SPARE-ISSUE", U2="Fiber CAmtel","TRANS_FO_CAMTEL", U2="Fiber AOF","Fiber AOF", U2="Projet OCM (HUAWEI)","TRAVAUX-HUAWEI", U2="Projet OCM (NOKIA)","TRAVAUX-NOKIA", U2="ACCESS-ISSUE","ACCESS-ISSUE", U2="Projet OCM (ZTE, NOKIA, autres projets)","TRAVAUX OCM", U2="No root CAuse","No root cause", U2="ODU HS","PDH", U2="IP & VLAN","PDH", U2="Warehouse HUAWEI","SPARE-ISSUE", U2="SPARE-HS","SPARE-ISSUE", U2="Power Telco","BSS",U2="no impacts","no impacts" ),"")} | T2: {=IFERROR(_xlfn.IFS( U2="MPR ISSUE","TX ISSUE", U2="BSS Hardware Issue","RAN ISSUE", U2="Sites strategiques, MLL, Pylone, etc.","ENVTECH", U2="AKTIVCO DEFAUT GE & POWER Cabinet","POWER ISSUE", U2="AKTIVCO Coupure ENEO & Baisse de tension","POWER ISSUE", U2="Coupure ENEO & Baisse de tension","POWER ISSUE", U2="Defaut GE & POWER Cabinet","POWER ISSUE", U2="Sharing","POWER ISSUE", U2="Sites strategiques & DataCenter","POWER ISSUE", U2="Exclu","Exclu", U2="SAT","TX ISSUE", U2="SPARE-ISSUE","SPARE-ISSUE", U2="Fiber CAmtel","TX ISSUE", U2="Fiber AOF","TX ISSUE", U2="Projet OCM (HUAWEI)","TRAVAUX-HUAWEI", U2="Projet OCM (NOKIA)","TRAVAUX -NOKIA", U2="ACCESS-ISSUE","ACCESS-ISSUE", U2="Projet OCM (ZTE, NOKIA, autres projets)","TRAVAUX OCM", U2="No root CAuse","No root cause", U2="ODU HS","TX ISSUE", U2="IP & VLAN","TX ISSUE", U2="Warehouse HUAWEI","SPARE-ISSUE", U2="SPARE-HS","SPARE-ISSUE", U2="Power Telco","RAN ISSUE",U2="no impacts","no impacts" ),"")} | V2: {=IFERROR(_xlfn.IFS( U2="MPR ISSUE","ACTIVE", U2="BSS Hardware Issue","ACTIVE", U2="Sites strategiques, MLL, Pylone, etc.","PASSIVE", U2="AKTIVCO DEFAUT GE & POWER Cabinet","PASSIVE", U2="AKTIVCO Coupure ENEO & Baisse de tension","PASSIVE", U2="Coupure ENEO & Baisse de tension","PASSIVE", U2="Defaut GE & POWER Cabinet","PASSIVE", U2="Sharing","PASSIVE", U2="Sites strategiques & DataCenter","PASSIVE", U2="Exclu","Exclu", U2="SAT","ACTIVE", U2="SPARE-ISSUE","SPARE-ISSUE", U2="Fiber CAmtel","ACTIVE", U2="Fiber AOF","ACTIVE", U2="Projet OCM (HUAWEI)","PLANNED WORKS", U2="Projet OCM (NOKIA)","PLANNED WORKS", U2="ACCESS-ISSUE","ACCESS-ISSUE", U2="Projet OCM (ZTE, NOKIA, autres projets)","PLANNED WORKS", U2="No root CAuse","No root cause", U2="ODU HS","ACTIVE", U2="IP & VLAN","ACTIVE", U2="Warehouse HUAWEI","SPARE-ISSUE", U2="SPARE-HS","SPARE-ISSUE", U2="Power Telco","ACTIVE", U2="no impacts","no impacts" ),"")} | W2: =_xlfn.XLOOKUP(B2,[3]Sheet2!$B:$B,[3]Sheet2!$S:$S,"") -> Grid only, Grid outage no space | X2: Awaiting Grid return | Z2: IHS | AA2: Ongoing | AB2: (04/23/2026 hourly IHS):-2:51:43-Grid only, no space//awaiting grid return..INC-20260423-00016006…Others Transmission equipement fault | AH2: (04/23/2026 hourly IHS):-2:51:43-Grid only, no space//awaiting grid return | AU2: INC-20260423-00016006…Others Transmission equipement fault | AX2: =_xlfn.XLOOKUP(B2,'[4]cell downs 18042026 17h'!$B:$B,'[4]cell downs 18042026 17h'!$B:$B,"") | AY2: =_xlfn.XLOOKUP(B2,'[5]Cells Huawei 19042026 15h'!$B:$B,'[5]Cells Huawei 19042026 15h'!$B:$B,"") | AZ2: =_xlfn.XLOOKUP(B2,'INCIDENT-04-23-2026'!E:E,'INCIDENT-04-23-2026'!F:F,"") | BA2: =_xlfn.XLOOKUP(B2,'[6]Eneo 17H'!$C:$C,'[6]Eneo 17H'!$I:$I,"") | BC2: =_xlfn.XLOOKUP(B2,'[6]Eneo 17H'!$C:$C,'[6]Eneo 17H'!$I:$I,"") | BD2: =_xlfn.XLOOKUP(B2,'[7]Eneo 12H'!$C:$C,'[7]Eneo 12H'!$I:$I,"") | BE2: Grid only no space // awaiting grid return
A3: SIC-Cacao | B3: LIT_654 | C3: =_xlfn.XLOOKUP(B3,'[1]daily break down'!$D:$D,'[1]daily break down'!$E:$E,"") -> Douala | D3: CAMUSAT | E3: Good Grid no GE - 12h | F3: LITTORAL | G3: Douala | H3: =_xlfn.XLOOKUP(B3,[2]CALCULATION!$B:$B,[2]CALCULATION!$H:$H,"") -> ZTE | I3: 13.069367 | J3: 13.621077 | K3: 12.901592 | L3: 12.210162 | M3: 12.980477 | N3: 45.540695 | O3: 25.477998 | P3: REPETITIF | Q3: Operationnel | S3: {=IFERROR(_xlfn.IFS( U3="MPR ISSUE","PDH", U3="BSS Hardware Issue","BSS", U3="Sites strategiques, MLL, Pylone, etc.","ENVTECH", U3="AKTIVCO DEFAUT GE & POWER Cabinet","AKTIVCO", U3="AKTIVCO Coupure ENEO & Baisse de tension","AKTIVCO GRID ONLY", U3="Coupure ENEO & Baisse de tension","IHS GRID ONLY", U3="Defaut GE & POWER Cabinet","IHS", U3="Sharing","Partners", U3="Sites strategiques & DataCenter","SST & DC", U3="Exclu","Exclu", U3="SAT","SAT", U3="SPARE-ISSUE","SPARE-ISSUE", U3="Fiber CAmtel","TRANS_FO_CAMTEL", U3="Fiber AOF","Fiber AOF", U3="Projet OCM (HUAWEI)","TRAVAUX-HUAWEI", U3="Projet OCM (NOKIA)","TRAVAUX-NOKIA", U3="ACCESS-ISSUE","ACCESS-ISSUE", U3="Projet OCM (ZTE, NOKIA, autres projets)","TRAVAUX OCM", U3="No root CAuse","No root cause", U3="ODU HS","PDH", U3="IP & VLAN","PDH", U3="Warehouse HUAWEI","SPARE-ISSUE", U3="SPARE-HS","SPARE-ISSUE", U3="Power Telco","BSS",U3="no impacts","no impacts" ),"")} | T3: {=IFERROR(_xlfn.IFS( U3="MPR ISSUE","TX ISSUE", U3="BSS Hardware Issue","RAN ISSUE", U3="Sites strategiques, MLL, Pylone, etc.","ENVTECH", U3="AKTIVCO DEFAUT GE & POWER Cabinet","POWER ISSUE", U3="AKTIVCO Coupure ENEO & Baisse de tension","POWER ISSUE", U3="Coupure ENEO & Baisse de tension","POWER ISSUE", U3="Defaut GE & POWER Cabinet","POWER ISSUE", U3="Sharing","POWER ISSUE", U3="Sites strategiques & DataCenter","POWER ISSUE", U3="Exclu","Exclu", U3="SAT","TX ISSUE", U3="SPARE-ISSUE","SPARE-ISSUE", U3="Fiber CAmtel","TX ISSUE", U3="Fiber AOF","TX ISSUE", U3="Projet OCM (HUAWEI)","TRAVAUX-HUAWEI", U3="Projet OCM (NOKIA)","TRAVAUX -NOKIA", U3="ACCESS-ISSUE","ACCESS-ISSUE", U3="Projet OCM (ZTE, NOKIA, autres projets)","TRAVAUX OCM", U3="No root CAuse","No root cause", U3="ODU HS","TX ISSUE", U3="IP & VLAN","TX ISSUE", U3="Warehouse HUAWEI","SPARE-ISSUE", U3="SPARE-HS","SPARE-ISSUE", U3="Power Telco","RAN ISSUE",U3="no impacts","no impacts" ),"")} | V3: {=IFERROR(_xlfn.IFS( U3="MPR ISSUE","ACTIVE", U3="BSS Hardware Issue","ACTIVE", U3="Sites strategiques, MLL, Pylone, etc.","PASSIVE", U3="AKTIVCO DEFAUT GE & POWER Cabinet","PASSIVE", U3="AKTIVCO Coupure ENEO & Baisse de tension","PASSIVE", U3="Coupure ENEO & Baisse de tension","PASSIVE", U3="Defaut GE & POWER Cabinet","PASSIVE", U3="Sharing","PASSIVE", U3="Sites strategiques & DataCenter","PASSIVE", U3="Exclu","Exclu", U3="SAT","ACTIVE", U3="SPARE-ISSUE","SPARE-ISSUE", U3="Fiber CAmtel","ACTIVE", U3="Fiber AOF","ACTIVE", U3="Projet OCM (HUAWEI)","PLANNED WORKS", U3="Projet OCM (NOKIA)","PLANNED WORKS", U3="ACCESS-ISSUE","ACCESS-ISSUE", U3="Projet OCM (ZTE, NOKIA, autres projets)","PLANNED WORKS", U3="No root CAuse","No root cause", U3="ODU HS","ACTIVE", U3="IP & VLAN","ACTIVE", U3="Warehouse HUAWEI","SPARE-ISSUE", U3="SPARE-HS","SPARE-ISSUE", U3="Power Telco","ACTIVE", U3="no impacts","no impacts" ),"")} | W3: Grid outage grid only site | X3: Awaiting Grid return | Z3: IHS | AA3: Ongoing | AB3: (04/23/2026 ocm ran 18h): -Power status check ongoing..INC-20260423-00013352…2026-04-23 21:50:40…grid outage grid only site/Grid return awaited | AR3: (04/23/2026 ocm ran 18h): -Power status check ongoing | AU3: INC-20260423-00013352…2026-04-23 21:50:40…grid outage grid only site/Grid return awaited | AX3: =_xlfn.XLOOKUP(B3,'[4]cell downs 18042026 17h'!$B:$B,'[4]cell downs 18042026 17h'!$B:$B,"") | AY3: =_xlfn.XLOOKUP(B3,'[5]Cells Huawei 19042026 15h'!$B:$B,'[5]Cells Huawei 19042026 15h'!$B:$B,"") | AZ3: =_xlfn.XLOOKUP(B3,'INCIDENT-04-23-2026'!E:E,'INCIDENT-04-23-2026'!F:F,"") | BA3: =_xlfn.XLOOKUP(B3,'[6]Eneo 17H'!$C:$C,'[6]Eneo 17H'!$I:$I,"") | BC3: =_xlfn.XLOOKUP(B3,'[6]Eneo 17H'!$C:$C,'[6]Eneo 17H'!$I:$I,"") | BD3: =_xlfn.XLOOKUP(B3,'[7]Eneo 12H'!$C:$C,'[7]Eneo 12H'!$I:$I,"") | BE3: INC-20260420-00013007…2026-04-20 18:26:20…Grid outage/Grid returns is awaited
A4: PK5-Auberge | B4: LIT_647 | C4: =_xlfn.XLOOKUP(B4,'[1]daily break down'!$D:$D,'[1]daily break down'!$E:$E,"") -> Douala | D4: CAMUSAT | E4: Good Grid no GE - 12h | F4: LITTORAL | G4: Douala | H4: =_xlfn.XLOOKUP(B4,[2]CALCULATION!$B:$B,[2]CALCULATION!$H:$H,"") -> ZTE | I4: 0 | J4: 1.1468134 | K4: 59.436718 | L4: 43.199627 | M4: 27.34731 | N4: 43.775326 | O4: 12.738401 | P4: REPETITIF | Q4: Operationnel | S4: {=IFERROR(_xlfn.IFS( U4="MPR ISSUE","PDH", U4="BSS Hardware Issue","BSS", U4="Sites strategiques, MLL, Pylone, etc.","ENVTECH", U4="AKTIVCO DEFAUT GE & POWER Cabinet","AKTIVCO", U4="AKTIVCO Coupure ENEO & Baisse de tension","AKTIVCO GRID ONLY", U4="Coupure ENEO & Baisse de tension","IHS GRID ONLY", U4="Defaut GE & POWER Cabinet","IHS", U4="Sharing","Partners", U4="Sites strategiques & DataCenter","SST & DC", U4="Exclu","Exclu", U4="SAT","SAT", U4="SPARE-ISSUE","SPARE-ISSUE", U4="Fiber CAmtel","TRANS_FO_CAMTEL", U4="Fiber AOF","Fiber AOF", U4="Projet OCM (HUAWEI)","TRAVAUX-HUAWEI", U4="Projet OCM (NOKIA)","TRAVAUX-NOKIA", U4="ACCESS-ISSUE","ACCESS-ISSUE", U4="Projet OCM (ZTE, NOKIA, autres projets)","TRAVAUX OCM", U4="No root CAuse","No root cause", U4="ODU HS","PDH", U4="IP & VLAN","PDH", U4="Warehouse HUAWEI","SPARE-ISSUE", U4="SPARE-HS","SPARE-ISSUE", U4="Power Telco","BSS",U4="no impacts","no impacts" ),"")} | T4: {=IFERROR(_xlfn.IFS( U4="MPR ISSUE","TX ISSUE", U4="BSS Hardware Issue","RAN ISSUE", U4="Sites strategiques, MLL, Pylone, etc.","ENVTECH", U4="AKTIVCO DEFAUT GE & POWER Cabinet","POWER ISSUE", U4="AKTIVCO Coupure ENEO & Baisse de tension","POWER ISSUE", U4="Coupure ENEO & Baisse de tension","POWER ISSUE", U4="Defaut GE & POWER Cabinet","POWER ISSUE", U4="Sharing","POWER ISSUE", U4="Sites strategiques & DataCenter","POWER ISSUE", U4="Exclu","Exclu", U4="SAT","TX ISSUE", U4="SPARE-ISSUE","SPARE-ISSUE", U4="Fiber CAmtel","TX ISSUE", U4="Fiber AOF","TX ISSUE", U4="Projet OCM (HUAWEI)","TRAVAUX-HUAWEI", U4="Projet OCM (NOKIA)","TRAVAUX -NOKIA", U4="ACCESS-ISSUE","ACCESS-ISSUE", U4="Projet OCM (ZTE, NOKIA, autres projets)","TRAVAUX OCM", U4="No root CAuse","No root cause", U4="ODU HS","TX ISSUE", U4="IP & VLAN","TX ISSUE", U4="Warehouse HUAWEI","SPARE-ISSUE", U4="SPARE-HS","SPARE-ISSUE", U4="Power Telco","RAN ISSUE",U4="no impacts","no impacts" ),"")} | V4: {=IFERROR(_xlfn.IFS( U4="MPR ISSUE","ACTIVE", U4="BSS Hardware Issue","ACTIVE", U4="Sites strategiques, MLL, Pylone, etc.","PASSIVE", U4="AKTIVCO DEFAUT GE & POWER Cabinet","PASSIVE", U4="AKTIVCO Coupure ENEO & Baisse de tension","PASSIVE", U4="Coupure ENEO & Baisse de tension","PASSIVE", U4="Defaut GE & POWER Cabinet","PASSIVE", U4="Sharing","PASSIVE", U4="Sites strategiques & DataCenter","PASSIVE", U4="Exclu","Exclu", U4="SAT","ACTIVE", U4="SPARE-ISSUE","SPARE-ISSUE", U4="Fiber CAmtel","ACTIVE", U4="Fiber AOF","ACTIVE", U4="Projet OCM (HUAWEI)","PLANNED WORKS", U4="Projet OCM (NOKIA)","PLANNED WORKS", U4="ACCESS-ISSUE","ACCESS-ISSUE", U4="Projet OCM (ZTE, NOKIA, autres projets)","PLANNED WORKS", U4="No root CAuse","No root cause", U4="ODU HS","ACTIVE", U4="IP & VLAN","ACTIVE", U4="Warehouse HUAWEI","SPARE-ISSUE", U4="SPARE-HS","SPARE-ISSUE", U4="Power Telco","ACTIVE", U4="no impacts","no impacts" ),"")} | W4: Impacted by LIT_736_Z_Mboppi-New. Grid outage, Grid only site | X4: Awaiting Grid return | Z4: CAMUSAT | AA4: Ongoing | AB4: P2 Incident at Mboppi-New (Power issue). LIT_736_Z_Mboppi-New - Status: Down - Update: Grid outage, Grid only site / Grid return awaited. Good Grid no GE - 8h..P2 Incident at Mboppi-New (Power issue) | AE4: P2 Incident at Mboppi-New (Power issue) | AT4: (04/23/2026 ocm ran 13h): -P2 Incident at Mboppi-New (Power issue) | AU4: INC-20260423-00006742…power issu coupure d'électricité dans la zone en attente du retour secteur site Grid Only …Others Transmission equipement fault | AX4: =_xlfn.XLOOKUP(B4,'[4]cell downs 18042026 17h'!$B:$B,'[4]cell downs 18042026 17h'!$B:$B,"") | AY4: =_xlfn.XLOOKUP(B4,'[5]Cells Huawei 19042026 15h'!$B:$B,'[5]Cells Huawei 19042026 15h'!$B:$B,"") | AZ4: =_xlfn.XLOOKUP(B4,'INCIDENT-04-23-2026'!E:E,'INCIDENT-04-23-2026'!F:F,"") | BA4: =_xlfn.XLOOKUP(B4,'[6]Eneo 17H'!$C:$C,'[6]Eneo 17H'!$I:$I,"") | BB4: =_xlfn.XLOOKUP(B4,[8]ALL!$B:$B,[8]ALL!$M:$M,"") -> P2 Incident at Mboppi-New (Power issue) | BC4: =_xlfn.XLOOKUP(B4,'[6]Eneo 17H'!$C:$C,'[6]Eneo 17H'!$I:$I,"") | BD4: =_xlfn.XLOOKUP(B4,'[7]Eneo 12H'!$C:$C,'[7]Eneo 12H'!$I:$I,"") | BE4: 20.04.26; Camusat; Grid outage, Grid only site / Grid return awaited - L4 19.04.26; Camusat; Grid outage, Grid only site / Grid return awaited - L2..;..;19.04.26; Camusat; Grid outage, Grid only site / Grid return awaited - L2
A5: Batouri | B5: EST_005 | C5: =_xlfn.XLOOKUP(B5,'[1]daily break down'!$D:$D,'[1]daily break down'!$E:$E,"") -> CENTRE | D5: CAMUSAT | E5: Bad Grid + Solar + GE | F5: EST | G5: Batouri | H5: =_xlfn.XLOOKUP(B5,[2]CALCULATION!$B:$B,[2]CALCULATION!$H:$H,"") -> ZTE | I5: 0.0078117643 | J5: 0 | K5: 2.460135 | L5: 21.774348 | M5: 46.768034 | N5: 28.483815 | O5: 28.052616 | P5: REPETITIF | Q5: Operationnel | S5: {=IFERROR(_xlfn.IFS( U5="MPR ISSUE","PDH", U5="BSS Hardware Issue","BSS", U5="Sites strategiques, MLL, Pylone, etc.","ENVTECH", U5="AKTIVCO DEFAUT GE & POWER Cabinet","AKTIVCO", U5="AKTIVCO Coupure ENEO & Baisse de tension","AKTIVCO GRID ONLY", U5="Coupure ENEO & Baisse de tension","IHS GRID ONLY", U5="Defaut GE & POWER Cabinet","IHS", U5="Sharing","Partners", U5="Sites strategiques & DataCenter","SST & DC", U5="Exclu","Exclu", U5="SAT","SAT", U5="SPARE-ISSUE","SPARE-ISSUE", U5="Fiber CAmtel","TRANS_FO_CAMTEL", U5="Fiber AOF","Fiber AOF", U5="Projet OCM (HUAWEI)","TRAVAUX-HUAWEI", U5="Projet OCM (NOKIA)","TRAVAUX-NOKIA", U5="ACCESS-ISSUE","ACCESS-ISSUE", U5="Projet OCM (ZTE, NOKIA, autres projets)","TRAVAUX OCM", U5="No root CAuse","No root cause", U5="ODU HS","PDH", U5="IP & VLAN","PDH", U5="Warehouse HUAWEI","SPARE-ISSUE", U5="SPARE-HS","SPARE-ISSUE", U5="Power Telco","BSS",U5="no impacts","no impacts" ),"")} | T5: {=IFERROR(_xlfn.IFS( U5="MPR ISSUE","TX ISSUE", U5="BSS Hardware Issue","RAN ISSUE", U5="Sites strategiques, MLL, Pylone, etc.","ENVTECH", U5="AKTIVCO DEFAUT GE & POWER Cabinet","POWER ISSUE", U5="AKTIVCO Coupure ENEO & Baisse de tension","POWER ISSUE", U5="Coupure ENEO & Baisse de tension","POWER ISSUE", U5="Defaut GE & POWER Cabinet","POWER ISSUE", U5="Sharing","POWER ISSUE", U5="Sites strategiques & DataCenter","POWER ISSUE", U5="Exclu","Exclu", U5="SAT","TX ISSUE", U5="SPARE-ISSUE","SPARE-ISSUE", U5="Fiber CAmtel","TX ISSUE", U5="Fiber AOF","TX ISSUE", U5="Projet OCM (HUAWEI)","TRAVAUX-HUAWEI", U5="Projet OCM (NOKIA)","TRAVAUX -NOKIA", U5="ACCESS-ISSUE","ACCESS-ISSUE", U5="Projet OCM (ZTE, NOKIA, autres projets)","TRAVAUX OCM", U5="No root CAuse","No root cause", U5="ODU HS","TX ISSUE", U5="IP & VLAN","TX ISSUE", U5="Warehouse HUAWEI","SPARE-ISSUE", U5="SPARE-HS","SPARE-ISSUE", U5="Power Telco","RAN ISSUE",U5="no impacts","no impacts" ),"")} | V5: {=IFERROR(_xlfn.IFS( U5="MPR ISSUE","ACTIVE", U5="BSS Hardware Issue","ACTIVE", U5="Sites strategiques, MLL, Pylone, etc.","PASSIVE", U5="AKTIVCO DEFAUT GE & POWER Cabinet","PASSIVE", U5="AKTIVCO Coupure ENEO & Baisse de tension","PASSIVE", U5="Coupure ENEO & Baisse de tension","PASSIVE", U5="Defaut GE & POWER Cabinet","PASSIVE", U5="Sharing","PASSIVE", U5="Sites strategiques & DataCenter","PASSIVE", U5="Exclu","Exclu", U5="SAT","ACTIVE", U5="SPARE-ISSUE","SPARE-ISSUE", U5="Fiber CAmtel","ACTIVE", U5="Fiber AOF","ACTIVE", U5="Projet OCM (HUAWEI)","PLANNED WORKS", U5="Projet OCM (NOKIA)","PLANNED WORKS", U5="ACCESS-ISSUE","ACCESS-ISSUE", U5="Projet OCM (ZTE, NOKIA, autres projets)","PLANNED WORKS", U5="No root CAuse","No root cause", U5="ODU HS","ACTIVE", U5="IP & VLAN","ACTIVE", U5="Warehouse HUAWEI","SPARE-ISSUE", U5="SPARE-HS","SPARE-ISSUE", U5="Power Telco","ACTIVE", U5="no impacts","no impacts" ),"")} | W5: MPR issue | X5: Check MPR issue | Z5: GNOC | AA5: Ongoing | AB5: EST_211_Z_BATOURI-TRYPANO-MTN-IHS; Besoin d'un FME sur site pour vérifier le statut du MPR; CM-20260423-00002722 | AX5: =_xlfn.XLOOKUP(B5,'[4]cell downs 18042026 17h'!$B:$B,'[4]cell downs 18042026 17h'!$B:$B,"") | AY5: =_xlfn.XLOOKUP(B5,'[5]Cells Huawei 19042026 15h'!$B:$B,'[5]Cells Huawei 19042026 15h'!$B:$B,"") | AZ5: =_xlfn.XLOOKUP(B5,'INCIDENT-04-23-2026'!E:E,'INCIDENT-04-23-2026'!F:F,"") | BA5: =_xlfn.XLOOKUP(B5,'[6]Eneo 17H'!$C:$C,'[6]Eneo 17H'!$I:$I,"") | BC5: =_xlfn.XLOOKUP(B5,'[6]Eneo 17H'!$C:$C,'[6]Eneo 17H'!$I:$I,"") | BD5: =_xlfn.XLOOKUP(B5,'[7]Eneo 12H'!$C:$C,'[7]Eneo 12H'!$I:$I,"") | BE5: 20.04.26; Camusat; Rodrigue is managing with the guard. We will keep you posted..;..;Power status check ongoing..;..;INC-20260420-00010315…2026-04-20 19:46:41…No power issue onsite. according to FME there is transmission issue impacted by Tikonji. Evidences still awaited
A6: Foumbot-Centre-Ville-II | B6: OST_227 | C6: =_xlfn.XLOOKUP(B6,'[1]daily break down'!$D:$D,'[1]daily break down'!$E:$E,"") -> OUEST | D6: CAMUSAT | E6: Medium Grid + GE | F6: OUEST | G6: Foumbot | H6: =_xlfn.XLOOKUP(B6,[2]CALCULATION!$B:$B,[2]CALCULATION!$H:$H,"") -> Huawei | I6: 41.605403 | J6: 41.605671 | K6: 41.605671 | L6: 41.553503 | M6: 41.604066 | N6: 41.520062 | O6: 41.605671 | P6: REPETITIF | Q6: Operationnel | S6: {=IFERROR(_xlfn.IFS( U6="MPR ISSUE","PDH", U6="BSS Hardware Issue","BSS", U6="Sites strategiques, MLL, Pylone, etc.","ENVTECH", U6="AKTIVCO DEFAUT GE & POWER Cabinet","AKTIVCO", U6="AKTIVCO Coupure ENEO & Baisse de tension","AKTIVCO GRID ONLY", U6="Coupure ENEO & Baisse de tension","IHS GRID ONLY", U6="Defaut GE & POWER Cabinet","IHS", U6="Sharing","Partners", U6="Sites strategiques & DataCenter","SST & DC", U6="Exclu","Exclu", U6="SAT","SAT", U6="SPARE-ISSUE","SPARE-ISSUE", U6="Fiber CAmtel","TRANS_FO_CAMTEL", U6="Fiber AOF","Fiber AOF", U6="Projet OCM (HUAWEI)","TRAVAUX-HUAWEI", U6="Projet OCM (NOKIA)","TRAVAUX-NOKIA", U6="ACCESS-ISSUE","ACCESS-ISSUE", U6="Projet OCM (ZTE, NOKIA, autres projets)","TRAVAUX OCM", U6="No root CAuse","No root cause", U6="ODU HS","PDH", U6="IP & VLAN","PDH", U6="Warehouse HUAWEI","SPARE-ISSUE", U6="SPARE-HS","SPARE-ISSUE", U6="Power Telco","BSS",U6="no impacts","no impacts" ),"")} | T6: {=IFERROR(_xlfn.IFS( U6="MPR ISSUE","TX ISSUE", U6="BSS Hardware Issue","RAN ISSUE", U6="Sites strategiques, MLL, Pylone, etc.","ENVTECH", U6="AKTIVCO DEFAUT GE & POWER Cabinet","POWER ISSUE", U6="AKTIVCO Coupure ENEO & Baisse de tension","POWER ISSUE", U6="Coupure ENEO & Baisse de tension","POWER ISSUE", U6="Defaut GE & POWER Cabinet","POWER ISSUE", U6="Sharing","POWER ISSUE", U6="Sites strategiques & DataCenter","POWER ISSUE", U6="Exclu","Exclu", U6="SAT","TX ISSUE", U6="SPARE-ISSUE","SPARE-ISSUE", U6="Fiber CAmtel","TX ISSUE", U6="Fiber AOF","TX ISSUE", U6="Projet OCM (HUAWEI)","TRAVAUX-HUAWEI", U6="Projet OCM (NOKIA)","TRAVAUX -NOKIA", U6="ACCESS-ISSUE","ACCESS-ISSUE", U6="Projet OCM (ZTE, NOKIA, autres projets)","TRAVAUX OCM", U6="No root CAuse","No root cause", U6="ODU HS","TX ISSUE", U6="IP & VLAN","TX ISSUE", U6="Warehouse HUAWEI","SPARE-ISSUE", U6="SPARE-HS","SPARE-ISSUE", U6="Power Telco","RAN ISSUE",U6="no impacts","no impacts" ),"")} | V6: {=IFERROR(_xlfn.IFS( U6="MPR ISSUE","ACTIVE", U6="BSS Hardware Issue","ACTIVE", U6="Sites strategiques, MLL, Pylone, etc.","PASSIVE", U6="AKTIVCO DEFAUT GE & POWER Cabinet","PASSIVE", U6="AKTIVCO Coupure ENEO & Baisse de tension","PASSIVE", U6="Coupure ENEO & Baisse de tension","PASSIVE", U6="Defaut GE & POWER Cabinet","PASSIVE", U6="Sharing","PASSIVE", U6="Sites strategiques & DataCenter","PASSIVE", U6="Exclu","Exclu", U6="SAT","ACTIVE", U6="SPARE-ISSUE","SPARE-ISSUE", U6="Fiber CAmtel","ACTIVE", U6="Fiber AOF","ACTIVE", U6="Projet OCM (HUAWEI)","PLANNED WORKS", U6="Projet OCM (NOKIA)","PLANNED WORKS", U6="ACCESS-ISSUE","ACCESS-ISSUE", U6="Projet OCM (ZTE, NOKIA, autres projets)","PLANNED WORKS", U6="No root CAuse","No root cause", U6="ODU HS","ACTIVE", U6="IP & VLAN","ACTIVE", U6="Warehouse HUAWEI","SPARE-ISSUE", U6="SPARE-HS","SPARE-ISSUE", U6="Power Telco","ACTIVE", U6="no impacts","no impacts" ),"")} | W6: AOF issue | X6: Awaiting BO TX analysis | Z6: GNOC | AA6: Ongoing | AB6: (04/23/2026 cell huawei): -22/04/2026 : Suite des checks de la chaine antennaire en cours par le BO TX 20/04/2026 : Après analyse nous constatons qu’il a eu un souci d’énergie le 16/04/2026 sur le site de FOUMBO-CENTRE-VILLE-II. Aussi l’AOF FOUMBOT_1---- FOUMBO-CENTRE-VILLE-II ne prend pas de trafic. Merci d’impacter CDS pour prise en charge. 20/04/2026 : Escalade en voyee au Manager des BO TX GNOC. Point pris et son feedback attendu 16/04/2026 : Besoin d'analyse BO RAN || All cells down due to SCTP Link Fault . thanks to activate BO TX to check VLAN..(04/23/2026 cell huawei): -22/04/2026 : Suite des checks de la chaine antennaire en cours par le BO TX 20/04/2026 : Après analyse nous constatons qu’il a eu un souci d’énergie le 16/04/2026 sur le site de FOUMBO-CENTRE-VILLE-II. Aussi l’AOF FOUMBOT_1---- FOUMBO-CENTRE-VILLE-II ne prend pas de trafic. Merci d’impacter CDS pour prise en charge. 20/04/2026 : Escalade en voyee au Manager des BO TX GNOC. Point pris et son feedback attendu 16/04/2026 : Besoin d'analyse BO RAN || All cells down due to SCTP Link Fault . thanks to activate BO TX to check VLAN..OST_227..22/04/2026 : Suite des checks de la chaine antennaire en cours par le BO TX 20/04/2026 : Après analyse nous constatons qu’il a eu un souci d’énergie le 16/04/2026 sur le site de FOUMBO-CENTRE-VILLE-II. Aussi l’AOF FOUMBOT_1---- FOUMBO-CENTRE-VILLE-II ne prend pas de trafic. Merci d’impacter CDS pour prise en charge. 20/04/2026 : Escalade en voyee au Manager des BO TX GNOC. Point pris et son feedback attendu 16/04/2026 : Besoin d'analyse BO RAN || All cells down due to SCTP Link Fault . thanks to activate BO TX to check VLAN | AE6: 22/04/2026 : Suite des checks de la chaine antennaire en cours par le BO TX 20/04/2026 : Après analyse nous constatons qu’il a eu un souci d’énergie le 16/04/2026 sur le site de FOUMBO-CENTRE-VILLE-II. Aussi l’AOF FOUMBOT_1---- FOUMBO-CENTRE-VILLE-II ne prend pas de trafic. Merci d’impacter CDS pour prise en charge. 20/04/2026 : Escalade en voyee au Manager des BO TX GNOC. Point pris et son feedback attendu 16/04/2026 : Besoin d'analyse BO RAN || All cells down due to SCTP Link Fault . thanks to activate BO TX to check VLAN | AI6: (04/23/2026 cell huawei): -22/04/2026 : Suite des checks de la chaine antennaire en cours par le BO TX 20/04/2026 : Après analyse nous constatons qu’il a eu un souci d’énergie le 16/04/2026 sur le site de FOUMBO-CENTRE-VILLE-II. Aussi l’AOF FOUMBOT_1---- FOUMBO-CENTRE-VILLE-II ne prend pas de trafic. Merci d’impacter CDS pour prise en charge. 20/04/2026 : Escalade en voyee au Manager des BO TX GNOC. Point pris et son feedback attendu 16/04/2026 : Besoin d'analyse BO RAN || All cells down due to SCTP Link Fault . thanks to activate BO TX to check VLAN | AJ6: (04/23/2026 cell huawei): -22/04/2026 : Suite des checks de la chaine antennaire en cours par le BO TX 20/04/2026 : Après analyse nous constatons qu’il a eu un souci d’énergie le 16/04/2026 sur le site de FOUMBO-CENTRE-VILLE-II. Aussi l’AOF FOUMBOT_1---- FOUMBO-CENTRE-VILLE-II ne prend pas de trafic. Merci d’impacter CDS pour prise en charge. 20/04/2026 : Escalade en voyee au Manager des BO TX GNOC. Point pris et son feedback attendu 16/04/2026 : Besoin d'analyse BO RAN || All cells down due to SCTP Link Fault . thanks to activate BO TX to check VLAN | AX6: =_xlfn.XLOOKUP(B6,'[4]cell downs 18042026 17h'!$B:$B,'[4]cell downs 18042026 17h'!$B:$B,"") | AY6: =_xlfn.XLOOKUP(B6,'[5]Cells Huawei 19042026 15h'!$B:$B,'[5]Cells Huawei 19042026 15h'!$B:$B,"") -> OST_227 | AZ6: =_xlfn.XLOOKUP(B6,'INCIDENT-04-23-2026'!E:E,'INCIDENT-04-23-2026'!F:F,"") | BA6: =_xlfn.XLOOKUP(B6,'[6]Eneo 17H'!$C:$C,'[6]Eneo 17H'!$I:$I,"") | BB6: =_xlfn.XLOOKUP(B6,[8]ALL!$B:$B,[8]ALL!$M:$M,"") -> 22/04/2026 : Suite des checks de la chaine antennaire en cours par le BO TX 20/04/2026 : Après analyse nous constatons qu’il a eu un souci d’énergie le 16/04/2026 sur le site de FOUMBO-CENTRE-VILLE-II. Aussi l’AOF FOUMBOT_1---- FOUMBO-CENTRE-VILLE-II ne prend pas de trafic. Merci d’impacter CDS pour prise en charge. 20/04/2026 : Escalade en voyee au Manager des BO TX GNOC. Point pris et son feedback attendu 16/04/2026 : Besoin d'analyse BO RAN || All cells down due to SCTP Link Fault . thanks to activate BO TX to check VLAN | BC6: =_xlfn.XLOOKUP(B6,'[6]Eneo 17H'!$C:$C,'[6]Eneo 17H'!$I:$I,"") | BD6: =_xlfn.XLOOKUP(B6,'[7]Eneo 12H'!$C:$C,'[7]Eneo 12H'!$I:$I,"") | BE6: 16/04/2026 : Besoin d'analyse BO RAN || All cells down due to SCTP Link Fault . thanks to activate BO TX to check VLAN..;..;20/04/2026 : Escalade en voyee au Manager des BO TX GNOC. Point pris et son feedback attendu 16/04/2026 : Besoin d'analyse BO RAN || All cells down due to SCTP Link Fault . thanks to activate BO TX to check VLAN..;..;16/04/2026 : Besoin d'analyse BO RAN || All cells down due to SCTP Link Fault . thanks to activate BO TX to check VLAN
A7: Ngona | B7: CTR_590 | C7: =_xlfn.XLOOKUP(B7,'[1]daily break down'!$D:$D,'[1]daily break down'!$E:$E,"") -> Yaounde | D7: IHS | E7: Grid-Gen | F7: CENTRE | G7: Yaounde | H7: =_xlfn.XLOOKUP(B7,[2]CALCULATION!$B:$B,[2]CALCULATION!$H:$H,"") -> ZTE | I7: 36.982818 | J7: 36.982818 | K7: 36.982818 | L7: 36.982818 | M7: 36.982818 | N7: 36.982818 | O7: 23.424752 | P7: REPETITIF | Q7: EXCLU | S7: {=IFERROR(_xlfn.IFS( U7="MPR ISSUE","PDH", U7="BSS Hardware Issue","BSS", U7="Sites strategiques, MLL, Pylone, etc.","ENVTECH", U7="AKTIVCO DEFAUT GE & POWER Cabinet","AKTIVCO", U7="AKTIVCO Coupure ENEO & Baisse de tension","AKTIVCO GRID ONLY", U7="Coupure ENEO & Baisse de tension","IHS GRID ONLY", U7="Defaut GE & POWER Cabinet","IHS", U7="Sharing","Partners", U7="Sites strategiques & DataCenter","SST & DC", U7="Exclu","Exclu", U7="SAT","SAT", U7="SPARE-ISSUE","SPARE-ISSUE", U7="Fiber CAmtel","TRANS_FO_CAMTEL", U7="Fiber AOF","Fiber AOF", U7="Projet OCM (HUAWEI)","TRAVAUX-HUAWEI", U7="Projet OCM (NOKIA)","TRAVAUX-NOKIA", U7="ACCESS-ISSUE","ACCESS-ISSUE", U7="Projet OCM (ZTE, NOKIA, autres projets)","TRAVAUX OCM", U7="No root CAuse","No root cause", U7="ODU HS","PDH", U7="IP & VLAN","PDH", U7="Warehouse HUAWEI","SPARE-ISSUE", U7="SPARE-HS","SPARE-ISSUE", U7="Power Telco","BSS",U7="no impacts","no impacts" ),"")} | T7: {=IFERROR(_xlfn.IFS( U7="MPR ISSUE","TX ISSUE", U7="BSS Hardware Issue","RAN ISSUE", U7="Sites strategiques, MLL, Pylone, etc.","ENVTECH", U7="AKTIVCO DEFAUT GE & POWER Cabinet","POWER ISSUE", U7="AKTIVCO Coupure ENEO & Baisse de tension","POWER ISSUE", U7="Coupure ENEO & Baisse de tension","POWER ISSUE", U7="Defaut GE & POWER Cabinet","POWER ISSUE", U7="Sharing","POWER ISSUE", U7="Sites strategiques & DataCenter","POWER ISSUE", U7="Exclu","Exclu", U7="SAT","TX ISSUE", U7="SPARE-ISSUE","SPARE-ISSUE", U7="Fiber CAmtel","TX ISSUE", U7="Fiber AOF","TX ISSUE", U7="Projet OCM (HUAWEI)","TRAVAUX-HUAWEI", U7="Projet OCM (NOKIA)","TRAVAUX -NOKIA", U7="ACCESS-ISSUE","ACCESS-ISSUE", U7="Projet OCM (ZTE, NOKIA, autres projets)","TRAVAUX OCM", U7="No root CAuse","No root cause", U7="ODU HS","TX ISSUE", U7="IP & VLAN","TX ISSUE", U7="Warehouse HUAWEI","SPARE-ISSUE", U7="SPARE-HS","SPARE-ISSUE", U7="Power Telco","RAN ISSUE",U7="no impacts","no impacts" ),"")} | V7: {=IFERROR(_xlfn.IFS( U7="MPR ISSUE","ACTIVE", U7="BSS Hardware Issue","ACTIVE", U7="Sites strategiques, MLL, Pylone, etc.","PASSIVE", U7="AKTIVCO DEFAUT GE & POWER Cabinet","PASSIVE", U7="AKTIVCO Coupure ENEO & Baisse de tension","PASSIVE", U7="Coupure ENEO & Baisse de tension","PASSIVE", U7="Defaut GE & POWER Cabinet","PASSIVE", U7="Sharing","PASSIVE", U7="Sites strategiques & DataCenter","PASSIVE", U7="Exclu","Exclu", U7="SAT","ACTIVE", U7="SPARE-ISSUE","SPARE-ISSUE", U7="Fiber CAmtel","ACTIVE", U7="Fiber AOF","ACTIVE", U7="Projet OCM (HUAWEI)","PLANNED WORKS", U7="Projet OCM (NOKIA)","PLANNED WORKS", U7="ACCESS-ISSUE","ACCESS-ISSUE", U7="Projet OCM (ZTE, NOKIA, autres projets)","PLANNED WORKS", U7="No root CAuse","No root cause", U7="ODU HS","ACTIVE", U7="IP & VLAN","ACTIVE", U7="Warehouse HUAWEI","SPARE-ISSUE", U7="SPARE-HS","SPARE-ISSUE", U7="Power Telco","ACTIVE", U7="no impacts","no impacts" ),"")} | Z7: =_xlfn.XLOOKUP(B7,[9]ALL!$B:$B,[9]ALL!$P:$P,"") -> 0 | AA7: Obs | AB7: (04/23/2026 cell zte): -23/04/2026 : Intervention prevu pour ce jour ETA attendu 22/04/2026 : Spare pas totalement disponible || Reste de Spare en cours d'expedition de douala pour yaounde ce jour 20/04/2026 : Site vendalise..(04/23/2026 cell zte): -23/04/2026 : Intervention prevu pour ce jour ETA attendu || Up apres remplacement de cable vendalise 22/04/2026 : Spare pas totalement disponible || Reste de Spare en cours d'expedition de douala pour yaounde ce jour 20/04/2026 : Site vendalise..CTR_590..23/04/2026 : Intervention prevu pour ce jour ETA attendu || Up apres remplacement de cable vendalise 22/04/2026 : Spare pas totalement disponible || Reste de Spare en cours d'expedition de douala pour yaounde ce jour 20/04/2026 : Site vendalise | AE7: 23/04/2026 : Intervention prevu pour ce jour ETA attendu || Up apres remplacement de cable vendalise 22/04/2026 : Spare pas totalement disponible || Reste de Spare en cours d'expedition de douala pour yaounde ce jour 20/04/2026 : Site vendalise | AL7: (04/23/2026 cell zte): -23/04/2026 : Intervention prevu pour ce jour ETA attendu 22/04/2026 : Spare pas totalement disponible || Reste de Spare en cours d'expedition de douala pour yaounde ce jour 20/04/2026 : Site vendalise | AM7: (04/23/2026 cell zte): -23/04/2026 : Intervention prevu pour ce jour ETA attendu || Up apres remplacement de cable vendalise 22/04/2026 : Spare pas totalement disponible || Reste de Spare en cours d'expedition de douala pour yaounde ce jour 20/04/2026 : Site vendalise | AX7: =_xlfn.XLOOKUP(B7,'[4]cell downs 18042026 17h'!$B:$B,'[4]cell downs 18042026 17h'!$B:$B,"") | AY7: =_xlfn.XLOOKUP(B7,'[5]Cells Huawei 19042026 15h'!$B:$B,'[5]Cells Huawei 19042026 15h'!$B:$B,"") | AZ7: =_xlfn.XLOOKUP(B7,'INCIDENT-04-23-2026'!E:E,'INCIDENT-04-23-2026'!F:F,"") | BA7: =_xlfn.XLOOKUP(B7,'[6]Eneo 17H'!$C:$C,'[6]Eneo 17H'!$I:$I,"") | BB7: =_xlfn.XLOOKUP(B7,[8]ALL!$B:$B,[8]ALL!$M:$M,"") -> 23/04/2026 : Intervention prevu pour ce jour ETA attendu || Up apres remplacement de cable vendalise 22/04/2026 : Spare pas totalement disponible || Reste de Spare en cours d'expedition de douala pour yaounde ce jour 20/04/2026 : Site vendalise | BC7: =_xlfn.XLOOKUP(B7,'[6]Eneo 17H'!$C:$C,'[6]Eneo 17H'!$I:$I,"") | BD7: =_xlfn.XLOOKUP(B7,'[7]Eneo 12H'!$C:$C,'[7]Eneo 12H'!$I:$I,"") | BE7: 20/04/2026 : Besoin d'analyse BO RAN..;..;20/04/2026 : Site vendalise..;..;20/04/2026 : Site vendalise
A8: Lada | B8: CTR_667 | C8: =_xlfn.XLOOKUP(B8,'[1]daily break down'!$D:$D,'[1]daily break down'!$E:$E,"") -> Yaounde | D8: CAMUSAT | E8: Bad Grid + Solar + GE | F8: CENTRE | G8: Lada | H8: =_xlfn.XLOOKUP(B8,[2]CALCULATION!$B:$B,[2]CALCULATION!$H:$H,"") -> ZTE | I8: 1.3079176 | J8: 0 | K8: 4.926441 | L8: 33.85929 | M8: 36.982818 | N8: 36.982604 | O8: 36.982676 | P8: REPETITIF | Q8: Operationnel | S8: {=IFERROR(_xlfn.IFS( U8="MPR ISSUE","PDH", U8="BSS Hardware Issue","BSS", U8="Sites strategiques, MLL, Pylone, etc.","ENVTECH", U8="AKTIVCO DEFAUT GE & POWER Cabinet","AKTIVCO", U8="AKTIVCO Coupure ENEO & Baisse de tension","AKTIVCO GRID ONLY", U8="Coupure ENEO & Baisse de tension","IHS GRID ONLY", U8="Defaut GE & POWER Cabinet","IHS", U8="Sharing","Partners", U8="Sites strategiques & DataCenter","SST & DC", U8="Exclu","Exclu", U8="SAT","SAT", U8="SPARE-ISSUE","SPARE-ISSUE", U8="Fiber CAmtel","TRANS_FO_CAMTEL", U8="Fiber AOF","Fiber AOF", U8="Projet OCM (HUAWEI)","TRAVAUX-HUAWEI", U8="Projet OCM (NOKIA)","TRAVAUX-NOKIA", U8="ACCESS-ISSUE","ACCESS-ISSUE", U8="Projet OCM (ZTE, NOKIA, autres projets)","TRAVAUX OCM", U8="No root CAuse","No root cause", U8="ODU HS","PDH", U8="IP & VLAN","PDH", U8="Warehouse HUAWEI","SPARE-ISSUE", U8="SPARE-HS","SPARE-ISSUE", U8="Power Telco","BSS",U8="no impacts","no impacts" ),"")} | T8: {=IFERROR(_xlfn.IFS( U8="MPR ISSUE","TX ISSUE", U8="BSS Hardware Issue","RAN ISSUE", U8="Sites strategiques, MLL, Pylone, etc.","ENVTECH", U8="AKTIVCO DEFAUT GE & POWER Cabinet","POWER ISSUE", U8="AKTIVCO Coupure ENEO & Baisse de tension","POWER ISSUE", U8="Coupure ENEO & Baisse de tension","POWER ISSUE", U8="Defaut GE & POWER Cabinet","POWER ISSUE", U8="Sharing","POWER ISSUE", U8="Sites strategiques & DataCenter","POWER ISSUE", U8="Exclu","Exclu", U8="SAT","TX ISSUE", U8="SPARE-ISSUE","SPARE-ISSUE", U8="Fiber CAmtel","TX ISSUE", U8="Fiber AOF","TX ISSUE", U8="Projet OCM (HUAWEI)","TRAVAUX-HUAWEI", U8="Projet OCM (NOKIA)","TRAVAUX -NOKIA", U8="ACCESS-ISSUE","ACCESS-ISSUE", U8="Projet OCM (ZTE, NOKIA, autres projets)","TRAVAUX OCM", U8="No root CAuse","No root cause", U8="ODU HS","TX ISSUE", U8="IP & VLAN","TX ISSUE", U8="Warehouse HUAWEI","SPARE-ISSUE", U8="SPARE-HS","SPARE-ISSUE", U8="Power Telco","RAN ISSUE",U8="no impacts","no impacts" ),"")} | V8: {=IFERROR(_xlfn.IFS( U8="MPR ISSUE","ACTIVE", U8="BSS Hardware Issue","ACTIVE", U8="Sites strategiques, MLL, Pylone, etc.","PASSIVE", U8="AKTIVCO DEFAUT GE & POWER Cabinet","PASSIVE", U8="AKTIVCO Coupure ENEO & Baisse de tension","PASSIVE", U8="Coupure ENEO & Baisse de tension","PASSIVE", U8="Defaut GE & POWER Cabinet","PASSIVE", U8="Sharing","PASSIVE", U8="Sites strategiques & DataCenter","PASSIVE", U8="Exclu","Exclu", U8="SAT","ACTIVE", U8="SPARE-ISSUE","SPARE-ISSUE", U8="Fiber CAmtel","ACTIVE", U8="Fiber AOF","ACTIVE", U8="Projet OCM (HUAWEI)","PLANNED WORKS", U8="Projet OCM (NOKIA)","PLANNED WORKS", U8="ACCESS-ISSUE","ACCESS-ISSUE", U8="Projet OCM (ZTE, NOKIA, autres projets)","PLANNED WORKS", U8="No root CAuse","No root cause", U8="ODU HS","ACTIVE", U8="IP & VLAN","ACTIVE", U8="Warehouse HUAWEI","SPARE-ISSUE", U8="SPARE-HS","SPARE-ISSUE", U8="Power Telco","ACTIVE", U8="no impacts","no impacts" ),"")} | W8: Impacted by CTR_315_Z_Bitoto. Grid outage | X8: Awaiting Grid return | Z8: IHS | AA8: Ongoing | AB8: Whatsapp GNOCa Group : Indisponibilité des services mobiles Voix & Data autour de CTR_315_Z_Bitoto Power issue / En attete RCA HIS | AX8: =_xlfn.XLOOKUP(B8,'[4]cell downs 18042026 17h'!$B:$B,'[4]cell downs 18042026 17h'!$B:$B,"") | AY8: =_xlfn.XLOOKUP(B8,'[5]Cells Huawei 19042026 15h'!$B:$B,'[5]Cells Huawei 19042026 15h'!$B:$B,"") | AZ8: =_xlfn.XLOOKUP(B8,'INCIDENT-04-23-2026'!E:E,'INCIDENT-04-23-2026'!F:F,"") -> (04/23/2026 incident ) : impact by CTR_315_Z_Bitoto RCA: Power issue / En attete RCA IHS | BA8: =_xlfn.XLOOKUP(B8,'[6]Eneo 17H'!$C:$C,'[6]Eneo 17H'!$I:$I,"") | BC8: =_xlfn.XLOOKUP(B8,'[6]Eneo 17H'!$C:$C,'[6]Eneo 17H'!$I:$I,"") | BD8: =_xlfn.XLOOKUP(B8,'[7]Eneo 12H'!$C:$C,'[7]Eneo 12H'!$I:$I,"") | BE8: 20/04/2026 : Besoin d'analyse BO RAN..;..;INC-20260420-00000947…2026-04-20 03:13:02…The technician will be on site on the morning for investigation ETA 06h..;..;Impacted by CTR_315_Z_Bitoto (Gen overload)
A9: Kumba-Lutherian-Church-MTN | B9: SUO_054 | C9: =_xlfn.XLOOKUP(B9,'[1]daily break down'!$D:$D,'[1]daily break down'!$E:$E,"") -> SUD-OUEST | D9: IHS | E9: Grid-Gen | F9: SUD-OUEST | G9: Kumba | H9: =_xlfn.XLOOKUP(B9,[2]CALCULATION!$B:$B,[2]CALCULATION!$H:$H,"") -> Huawei | I9: 34.274009 | J9: 34.14779 | K9: 34.268123 | L9: 34.223946 | M9: 34.188971 | N9: 34.212478 | O9: 28.119872 | P9: REPETITIF | Q9: EXCLU | R9: site vandaliser | S9: {=IFERROR(_xlfn.IFS( U9="MPR ISSUE","PDH", U9="BSS Hardware Issue","BSS", U9="Sites strategiques, MLL, Pylone, etc.","ENVTECH", U9="AKTIVCO DEFAUT GE & POWER Cabinet","AKTIVCO", U9="AKTIVCO Coupure ENEO & Baisse de tension","AKTIVCO GRID ONLY", U9="Coupure ENEO & Baisse de tension","IHS GRID ONLY", U9="Defaut GE & POWER Cabinet","IHS", U9="Sharing","Partners", U9="Sites strategiques & DataCenter","SST & DC", U9="Exclu","Exclu", U9="SAT","SAT", U9="SPARE-ISSUE","SPARE-ISSUE", U9="Fiber CAmtel","TRANS_FO_CAMTEL", U9="Fiber AOF","Fiber AOF", U9="Projet OCM (HUAWEI)","TRAVAUX-HUAWEI", U9="Projet OCM (NOKIA)","TRAVAUX-NOKIA", U9="ACCESS-ISSUE","ACCESS-ISSUE", U9="Projet OCM (ZTE, NOKIA, autres projets)","TRAVAUX OCM", U9="No root CAuse","No root cause", U9="ODU HS","PDH", U9="IP & VLAN","PDH", U9="Warehouse HUAWEI","SPARE-ISSUE", U9="SPARE-HS","SPARE-ISSUE", U9="Power Telco","BSS",U9="no impacts","no impacts" ),"")} | T9: {=IFERROR(_xlfn.IFS( U9="MPR ISSUE","TX ISSUE", U9="BSS Hardware Issue","RAN ISSUE", U9="Sites strategiques, MLL, Pylone, etc.","ENVTECH", U9="AKTIVCO DEFAUT GE & POWER Cabinet","POWER ISSUE", U9="AKTIVCO Coupure ENEO & Baisse de tension","POWER ISSUE", U9="Coupure ENEO & Baisse de tension","POWER ISSUE", U9="Defaut GE & POWER Cabinet","POWER ISSUE", U9="Sharing","POWER ISSUE", U9="Sites strategiques & DataCenter","POWER ISSUE", U9="Exclu","Exclu", U9="SAT","TX ISSUE", U9="SPARE-ISSUE","SPARE-ISSUE", U9="Fiber CAmtel","TX ISSUE", U9="Fiber AOF","TX ISSUE", U9="Projet OCM (HUAWEI)","TRAVAUX-HUAWEI", U9="Projet OCM (NOKIA)","TRAVAUX -NOKIA", U9="ACCESS-ISSUE","ACCESS-ISSUE", U9="Projet OCM (ZTE, NOKIA, autres projets)","TRAVAUX OCM", U9="No root CAuse","No root cause", U9="ODU HS","TX ISSUE", U9="IP & VLAN","TX ISSUE", U9="Warehouse HUAWEI","SPARE-ISSUE", U9="SPARE-HS","SPARE-ISSUE", U9="Power Telco","RAN ISSUE",U9="no impacts","no impacts" ),"")} | V9: {=IFERROR(_xlfn.IFS( U9="MPR ISSUE","ACTIVE", U9="BSS Hardware Issue","ACTIVE", U9="Sites strategiques, MLL, Pylone, etc.","PASSIVE", U9="AKTIVCO DEFAUT GE & POWER Cabinet","PASSIVE", U9="AKTIVCO Coupure ENEO & Baisse de tension","PASSIVE", U9="Coupure ENEO & Baisse de tension","PASSIVE", U9="Defaut GE & POWER Cabinet","PASSIVE", U9="Sharing","PASSIVE", U9="Sites strategiques & DataCenter","PASSIVE", U9="Exclu","Exclu", U9="SAT","ACTIVE", U9="SPARE-ISSUE","SPARE-ISSUE", U9="Fiber CAmtel","ACTIVE", U9="Fiber AOF","ACTIVE", U9="Projet OCM (HUAWEI)","PLANNED WORKS", U9="Projet OCM (NOKIA)","PLANNED WORKS", U9="ACCESS-ISSUE","ACCESS-ISSUE", U9="Projet OCM (ZTE, NOKIA, autres projets)","PLANNED WORKS", U9="No root CAuse","No root cause", U9="ODU HS","ACTIVE", U9="IP & VLAN","ACTIVE", U9="Warehouse HUAWEI","SPARE-ISSUE", U9="SPARE-HS","SPARE-ISSUE", U9="Power Telco","ACTIVE", U9="no impacts","no impacts" ),"")} | AB9: SUO_054 | AX9: =_xlfn.XLOOKUP(B9,'[4]cell downs 18042026 17h'!$B:$B,'[4]cell downs 18042026 17h'!$B:$B,"") | AY9: =_xlfn.XLOOKUP(B9,'[5]Cells Huawei 19042026 15h'!$B:$B,'[5]Cells Huawei 19042026 15h'!$B:$B,"") -> SUO_054 | AZ9: =_xlfn.XLOOKUP(B9,'INCIDENT-04-23-2026'!E:E,'INCIDENT-04-23-2026'!F:F,"") | BA9: =_xlfn.XLOOKUP(B9,'[6]Eneo 17H'!$C:$C,'[6]Eneo 17H'!$I:$I,"") | BC9: =_xlfn.XLOOKUP(B9,'[6]Eneo 17H'!$C:$C,'[6]Eneo 17H'!$I:$I,"") | BD9: =_xlfn.XLOOKUP(B9,'[7]Eneo 12H'!$C:$C,'[7]Eneo 12H'!$I:$I,"") | BE9: Besoin d'un FME sur site pour vérifier le statut du MPR; CM-20260413-00005293
A10: Nkolmessing-Abom-MTN | B10: CTR_832 | C10: =_xlfn.XLOOKUP(B10,'[1]daily break down'!$D:$D,'[1]daily break down'!$E:$E,"") -> Yaounde | D10: MTN | F10: CENTRE | G10: Yaounde | H10: =_xlfn.XLOOKUP(B10,[2]CALCULATION!$B:$B,[2]CALCULATION!$H:$H,"") -> ZTE | I10: 32.359966 | J10: 32.359966 | K10: 32.359966 | L10: 32.359966 | M10: 32.359966 | N10: 32.359966 | O10: 24.419343 | P10: REPETITIF | Q10: Operationnel | S10: {=IFERROR(_xlfn.IFS( U10="MPR ISSUE","PDH", U10="BSS Hardware Issue","BSS", U10="Sites strategiques, MLL, Pylone, etc.","ENVTECH", U10="AKTIVCO DEFAUT GE & POWER Cabinet","AKTIVCO", U10="AKTIVCO Coupure ENEO & Baisse de tension","AKTIVCO GRID ONLY", U10="Coupure ENEO & Baisse de tension","IHS GRID ONLY", U10="Defaut GE & POWER Cabinet","IHS", U10="Sharing","Partners", U10="Sites strategiques & DataCenter","SST & DC", U10="Exclu","Exclu", U10="SAT","SAT", U10="SPARE-ISSUE","SPARE-ISSUE", U10="Fiber CAmtel","TRANS_FO_CAMTEL", U10="Fiber AOF","Fiber AOF", U10="Projet OCM (HUAWEI)","TRAVAUX-HUAWEI", U10="Projet OCM (NOKIA)","TRAVAUX-NOKIA", U10="ACCESS-ISSUE","ACCESS-ISSUE", U10="Projet OCM (ZTE, NOKIA, autres projets)","TRAVAUX OCM", U10="No root CAuse","No root cause", U10="ODU HS","PDH", U10="IP & VLAN","PDH", U10="Warehouse HUAWEI","SPARE-ISSUE", U10="SPARE-HS","SPARE-ISSUE", U10="Power Telco","BSS",U10="no impacts","no impacts" ),"")} | T10: {=IFERROR(_xlfn.IFS( U10="MPR ISSUE","TX ISSUE", U10="BSS Hardware Issue","RAN ISSUE", U10="Sites strategiques, MLL, Pylone, etc.","ENVTECH", U10="AKTIVCO DEFAUT GE & POWER Cabinet","POWER ISSUE", U10="AKTIVCO Coupure ENEO & Baisse de tension","POWER ISSUE", U10="Coupure ENEO & Baisse de tension","POWER ISSUE", U10="Defaut GE & POWER Cabinet","POWER ISSUE", U10="Sharing","POWER ISSUE", U10="Sites strategiques & DataCenter","POWER ISSUE", U10="Exclu","Exclu", U10="SAT","TX ISSUE", U10="SPARE-ISSUE","SPARE-ISSUE", U10="Fiber CAmtel","TX ISSUE", U10="Fiber AOF","TX ISSUE", U10="Projet OCM (HUAWEI)","TRAVAUX-HUAWEI", U10="Projet OCM (NOKIA)","TRAVAUX -NOKIA", U10="ACCESS-ISSUE","ACCESS-ISSUE", U10="Projet OCM (ZTE, NOKIA, autres projets)","TRAVAUX OCM", U10="No root CAuse","No root cause", U10="ODU HS","TX ISSUE", U10="IP & VLAN","TX ISSUE", U10="Warehouse HUAWEI","SPARE-ISSUE", U10="SPARE-HS","SPARE-ISSUE", U10="Power Telco","RAN ISSUE",U10="no impacts","no impacts" ),"")} | V10: {=IFERROR(_xlfn.IFS( U10="MPR ISSUE","ACTIVE", U10="BSS Hardware Issue","ACTIVE", U10="Sites strategiques, MLL, Pylone, etc.","PASSIVE", U10="AKTIVCO DEFAUT GE & POWER Cabinet","PASSIVE", U10="AKTIVCO Coupure ENEO & Baisse de tension","PASSIVE", U10="Coupure ENEO & Baisse de tension","PASSIVE", U10="Defaut GE & POWER Cabinet","PASSIVE", U10="Sharing","PASSIVE", U10="Sites strategiques & DataCenter","PASSIVE", U10="Exclu","Exclu", U10="SAT","ACTIVE", U10="SPARE-ISSUE","SPARE-ISSUE", U10="Fiber CAmtel","ACTIVE", U10="Fiber AOF","ACTIVE", U10="Projet OCM (HUAWEI)","PLANNED WORKS", U10="Projet OCM (NOKIA)","PLANNED WORKS", U10="ACCESS-ISSUE","ACCESS-ISSUE", U10="Projet OCM (ZTE, NOKIA, autres projets)","PLANNED WORKS", U10="No root CAuse","No root cause", U10="ODU HS","ACTIVE", U10="IP & VLAN","ACTIVE", U10="Warehouse HUAWEI","SPARE-ISSUE", U10="SPARE-HS","SPARE-ISSUE", U10="Power Telco","ACTIVE", U10="no impacts","no impacts" ),"")} | W10: Impacted by CTR_263_Z_Abom | X10: Coupure AOF, trafic router sur la FH | Z10: GNOC | AA10: Ongoing | AB10: impacted by CTR_263_Z_Abom , Coupure AOF, trafic router sur la FH | AX10: =_xlfn.XLOOKUP(B10,'[4]cell downs 18042026 17h'!$B:$B,'[4]cell downs 18042026 17h'!$B:$B,"") | AY10: =_xlfn.XLOOKUP(B10,'[5]Cells Huawei 19042026 15h'!$B:$B,'[5]Cells Huawei 19042026 15h'!$B:$B,"") | AZ10: =_xlfn.XLOOKUP(B10,'INCIDENT-04-23-2026'!E:E,'INCIDENT-04-23-2026'!F:F,"") | BA10: =_xlfn.XLOOKUP(B10,'[6]Eneo 17H'!$C:$C,'[6]Eneo 17H'!$I:$I,"") | BB10: =_xlfn.XLOOKUP(B2,#REF!,#REF!,"") -> #REF! | BC10: =_xlfn.XLOOKUP(B10,'[6]Eneo 17H'!$C:$C,'[6]Eneo 17H'!$I:$I,"") | BD10: =_xlfn.XLOOKUP(B10,'[7]Eneo 12H'!$C:$C,'[7]Eneo 12H'!$I:$I,"") | BE10: Power issue on site, MTN activated
A11: Ekoumdoum | B11: CTR_259 | C11: =_xlfn.XLOOKUP(B11,'[1]daily break down'!$D:$D,'[1]daily break down'!$E:$E,"") -> Yaounde | D11: CAMUSAT | E11: Grid-Gen | F11: CENTRE | G11: Yaounde | H11: =_xlfn.XLOOKUP(B11,[2]CALCULATION!$B:$B,[2]CALCULATION!$H:$H,"") -> ZTE | I11: 0 | J11: 0 | K11: 0 | L11: 20.349129 | M11: 27.154049 | N11: 32.177549 | O11: 9.2127275 | P11: REPETITIF | Q11: Operationnel | S11: {=IFERROR(_xlfn.IFS( U11="MPR ISSUE","PDH", U11="BSS Hardware Issue","BSS", U11="Sites strategiques, MLL, Pylone, etc.","ENVTECH", U11="AKTIVCO DEFAUT GE & POWER Cabinet","AKTIVCO", U11="AKTIVCO Coupure ENEO & Baisse de tension","AKTIVCO GRID ONLY", U11="Coupure ENEO & Baisse de tension","IHS GRID ONLY", U11="Defaut GE & POWER Cabinet","IHS", U11="Sharing","Partners", U11="Sites strategiques & DataCenter","SST & DC", U11="Exclu","Exclu", U11="SAT","SAT", U11="SPARE-ISSUE","SPARE-ISSUE", U11="Fiber CAmtel","TRANS_FO_CAMTEL", U11="Fiber AOF","Fiber AOF", U11="Projet OCM (HUAWEI)","TRAVAUX-HUAWEI", U11="Projet OCM (NOKIA)","TRAVAUX-NOKIA", U11="ACCESS-ISSUE","ACCESS-ISSUE", U11="Projet OCM (ZTE, NOKIA, autres projets)","TRAVAUX OCM", U11="No root CAuse","No root cause", U11="ODU HS","PDH", U11="IP & VLAN","PDH", U11="Warehouse HUAWEI","SPARE-ISSUE", U11="SPARE-HS","SPARE-ISSUE", U11="Power Telco","BSS",U11="no impacts","no impacts" ),"")} | T11: {=IFERROR(_xlfn.IFS( U11="MPR ISSUE","TX ISSUE", U11="BSS Hardware Issue","RAN ISSUE", U11="Sites strategiques, MLL, Pylone, etc.","ENVTECH", U11="AKTIVCO DEFAUT GE & POWER Cabinet","POWER ISSUE", U11="AKTIVCO Coupure ENEO & Baisse de tension","POWER ISSUE", U11="Coupure ENEO & Baisse de tension","POWER ISSUE", U11="Defaut GE & POWER Cabinet","POWER ISSUE", U11="Sharing","POWER ISSUE", U11="Sites strategiques & DataCenter","POWER ISSUE", U11="Exclu","Exclu", U11="SAT","TX ISSUE", U11="SPARE-ISSUE","SPARE-ISSUE", U11="Fiber CAmtel","TX ISSUE", U11="Fiber AOF","TX ISSUE", U11="Projet OCM (HUAWEI)","TRAVAUX-HUAWEI", U11="Projet OCM (NOKIA)","TRAVAUX -NOKIA", U11="ACCESS-ISSUE","ACCESS-ISSUE", U11="Projet OCM (ZTE, NOKIA, autres projets)","TRAVAUX OCM", U11="No root CAuse","No root cause", U11="ODU HS","TX ISSUE", U11="IP & VLAN","TX ISSUE", U11="Warehouse HUAWEI","SPARE-ISSUE", U11="SPARE-HS","SPARE-ISSUE", U11="Power Telco","RAN ISSUE",U11="no impacts","no impacts" ),"")} | V11: {=IFERROR(_xlfn.IFS( U11="MPR ISSUE","ACTIVE", U11="BSS Hardware Issue","ACTIVE", U11="Sites strategiques, MLL, Pylone, etc.","PASSIVE", U11="AKTIVCO DEFAUT GE & POWER Cabinet","PASSIVE", U11="AKTIVCO Coupure ENEO & Baisse de tension","PASSIVE", U11="Coupure ENEO & Baisse de tension","PASSIVE", U11="Defaut GE & POWER Cabinet","PASSIVE", U11="Sharing","PASSIVE", U11="Sites strategiques & DataCenter","PASSIVE", U11="Exclu","Exclu", U11="SAT","ACTIVE", U11="SPARE-ISSUE","SPARE-ISSUE", U11="Fiber CAmtel","ACTIVE", U11="Fiber AOF","ACTIVE", U11="Projet OCM (HUAWEI)","PLANNED WORKS", U11="Projet OCM (NOKIA)","PLANNED WORKS", U11="ACCESS-ISSUE","ACCESS-ISSUE", U11="Projet OCM (ZTE, NOKIA, autres projets)","PLANNED WORKS", U11="No root CAuse","No root cause", U11="ODU HS","ACTIVE", U11="IP & VLAN","ACTIVE", U11="Warehouse HUAWEI","SPARE-ISSUE", U11="SPARE-HS","SPARE-ISSUE", U11="Power Telco","ACTIVE", U11="no impacts","no impacts" ),"")} | W11: Powercore controller freeze causing site outage | X11: Up after Powercore controller reset, | Z11: CAMUSAT | AA11: Obs | AB11: (04/23/2026 ocm ran 18h): -Power status check ongoing..INC-20260423-00017366…2026-04-23 21:59:27…site was down because the powercore controller froze / Ok after reset…site was down because the powercore controller froze / Ok after reset…Others…site was down because the powercore controller froze / Ok after reset | AR11: (04/23/2026 ocm ran 18h): -Power status check ongoing | AU11: INC-20260423-00017366…2026-04-23 21:59:27…site was down because the powercore controller froze / Ok after reset…site was down because the powercore controller froze / Ok after reset…Others…site was down because the powercore controller froze / Ok after reset | AX11: =_xlfn.XLOOKUP(B11,'[4]cell downs 18042026 17h'!$B:$B,'[4]cell downs 18042026 17h'!$B:$B,"") | AY11: =_xlfn.XLOOKUP(B11,'[5]Cells Huawei 19042026 15h'!$B:$B,'[5]Cells Huawei 19042026 15h'!$B:$B,"") | AZ11: =_xlfn.XLOOKUP(B11,'INCIDENT-04-23-2026'!E:E,'INCIDENT-04-23-2026'!F:F,"") | BA11: =_xlfn.XLOOKUP(B11,'[6]Eneo 17H'!$C:$C,'[6]Eneo 17H'!$I:$I,"") | BC11: =_xlfn.XLOOKUP(B11,'[6]Eneo 17H'!$C:$C,'[6]Eneo 17H'!$I:$I,"") | BD11: =_xlfn.XLOOKUP(B11,'[7]Eneo 12H'!$C:$C,'[7]Eneo 12H'!$I:$I,"") | BE11: Power status check ongoing..;..;INC-20260420-00012653…2026-04-20 17:49:45…FME is onsite working/ More information will be share ASAP
A12: Ngomedzap | B12: CTR_188 | C12: =_xlfn.XLOOKUP(B12,'[1]daily break down'!$D:$D,'[1]daily break down'!$E:$E,"") -> CENTRE | D12: IHS | E12: Grid-Gen | F12: CENTRE | G12: Ngomedzap | H12: =_xlfn.XLOOKUP(B12,[2]CALCULATION!$B:$B,[2]CALCULATION!$H:$H,"") -> NOKIA | I12: 18.490446 | J12: 18.490232 | K12: 18.490553 | L12: 18.490232 | M12: 8.060314 | N12: 0 | O12: 9.9899426 | P12: REPETITIF | Q12: Operationnel | S12: {=IFERROR(_xlfn.IFS( U12="MPR ISSUE","PDH", U12="BSS Hardware Issue","BSS", U12="Sites strategiques, MLL, Pylone, etc.","ENVTECH", U12="AKTIVCO DEFAUT GE & POWER Cabinet","AKTIVCO", U12="AKTIVCO Coupure ENEO & Baisse de tension","AKTIVCO GRID ONLY", U12="Coupure ENEO & Baisse de tension","IHS GRID ONLY", U12="Defaut GE & POWER Cabinet","IHS", U12="Sharing","Partners", U12="Sites strategiques & DataCenter","SST & DC", U12="Exclu","Exclu", U12="SAT","SAT", U12="SPARE-ISSUE","SPARE-ISSUE", U12="Fiber CAmtel","TRANS_FO_CAMTEL", U12="Fiber AOF","Fiber AOF", U12="Projet OCM (HUAWEI)","TRAVAUX-HUAWEI", U12="Projet OCM (NOKIA)","TRAVAUX-NOKIA", U12="ACCESS-ISSUE","ACCESS-ISSUE", U12="Projet OCM (ZTE, NOKIA, autres projets)","TRAVAUX OCM", U12="No root CAuse","No root cause", U12="ODU HS","PDH", U12="IP & VLAN","PDH", U12="Warehouse HUAWEI","SPARE-ISSUE", U12="SPARE-HS","SPARE-ISSUE", U12="Power Telco","BSS",U12="no impacts","no impacts" ),"")} | T12: {=IFERROR(_xlfn.IFS( U12="MPR ISSUE","TX ISSUE", U12="BSS Hardware Issue","RAN ISSUE", U12="Sites strategiques, MLL, Pylone, etc.","ENVTECH", U12="AKTIVCO DEFAUT GE & POWER Cabinet","POWER ISSUE", U12="AKTIVCO Coupure ENEO & Baisse de tension","POWER ISSUE", U12="Coupure ENEO & Baisse de tension","POWER ISSUE", U12="Defaut GE & POWER Cabinet","POWER ISSUE", U12="Sharing","POWER ISSUE", U12="Sites strategiques & DataCenter","POWER ISSUE", U12="Exclu","Exclu", U12="SAT","TX ISSUE", U12="SPARE-ISSUE","SPARE-ISSUE", U12="Fiber CAmtel","TX ISSUE", U12="Fiber AOF","TX ISSUE", U12="Projet OCM (HUAWEI)","TRAVAUX-HUAWEI", U12="Projet OCM (NOKIA)","TRAVAUX -NOKIA", U12="ACCESS-ISSUE","ACCESS-ISSUE", U12="Projet OCM (ZTE, NOKIA, autres projets)","TRAVAUX OCM", U12="No root CAuse","No root cause", U12="ODU HS","TX ISSUE", U12="IP & VLAN","TX ISSUE", U12="Warehouse HUAWEI","SPARE-ISSUE", U12="SPARE-HS","SPARE-ISSUE", U12="Power Telco","RAN ISSUE",U12="no impacts","no impacts" ),"")} | V12: {=IFERROR(_xlfn.IFS( U12="MPR ISSUE","ACTIVE", U12="BSS Hardware Issue","ACTIVE", U12="Sites strategiques, MLL, Pylone, etc.","PASSIVE", U12="AKTIVCO DEFAUT GE & POWER Cabinet","PASSIVE", U12="AKTIVCO Coupure ENEO & Baisse de tension","PASSIVE", U12="Coupure ENEO & Baisse de tension","PASSIVE", U12="Defaut GE & POWER Cabinet","PASSIVE", U12="Sharing","PASSIVE", U12="Sites strategiques & DataCenter","PASSIVE", U12="Exclu","Exclu", U12="SAT","ACTIVE", U12="SPARE-ISSUE","SPARE-ISSUE", U12="Fiber CAmtel","ACTIVE", U12="Fiber AOF","ACTIVE", U12="Projet OCM (HUAWEI)","PLANNED WORKS", U12="Projet OCM (NOKIA)","PLANNED WORKS", U12="ACCESS-ISSUE","ACCESS-ISSUE", U12="Projet OCM (ZTE, NOKIA, autres projets)","PLANNED WORKS", U12="No root CAuse","No root cause", U12="ODU HS","ACTIVE", U12="IP & VLAN","ACTIVE", U12="Warehouse HUAWEI","SPARE-ISSUE", U12="SPARE-HS","SPARE-ISSUE", U12="Power Telco","ACTIVE",U12="no impacts","no impacts" ),"")} | W12: Need BO Tx analysis | X12: Awaiting BO TX analysis | Z12: BO TX | AA12: Ongoing | AB12: (04/23/2026 ocm ran 18h): -Power status check ongoing..INC-20260423-00013327…2026-04-23 18:10:57…No power Issue U=54V, I=23A/No Action Done…Problème de transmission du signal sur l'axe Minka affectant plusieurs sites parmis lesquels Ngomedzap | AR12: (04/23/2026 ocm ran 18h): -Power status check ongoing | AU12: INC-20260423-00013327…2026-04-23 18:10:57…No power Issue U=54V, I=23A/No Action Done…Problème de transmission du signal sur l'axe Minka affectant plusieurs sites parmis lesquels Ngomedzap | AX12: =_xlfn.XLOOKUP(B12,'[4]cell downs 18042026 17h'!$B:$B,'[4]cell downs 18042026 17h'!$B:$B,"") | AY12: =_xlfn.XLOOKUP(B12,'[5]Cells Huawei 19042026 15h'!$B:$B,'[5]Cells Huawei 19042026 15h'!$B:$B,"") | AZ12: =_xlfn.XLOOKUP(B12,'INCIDENT-04-23-2026'!E:E,'INCIDENT-04-23-2026'!F:F,"") | BA12: =_xlfn.XLOOKUP(B12,'[6]Eneo 17H'!$C:$C,'[6]Eneo 17H'!$I:$I,"") | BB12: =_xlfn.XLOOKUP(B12,[8]ALL!$B:$B,[8]ALL!$M:$M,"") | BC12: =_xlfn.XLOOKUP(B12,'[6]Eneo 17H'!$C:$C,'[6]Eneo 17H'!$I:$I,"") | BD12: =_xlfn.XLOOKUP(B12,'[7]Eneo 12H'!$C:$C,'[7]Eneo 12H'!$I:$I,"") | BE12: Not IHS Site..16.04.26; UE Relay site, ETR=mi-juin..16.04.26; UE Relay site, ETR=mi-juin
A13: Nyalla-III | B13: LIT_751 | C13: =_xlfn.XLOOKUP(B13,'[1]daily break down'!$D:$D,'[1]daily break down'!$E:$E,"") -> Douala | D13: CAMUSAT | E13: Good Grid no GE - 8h | F13: LITTORAL | G13: Douala | H13: =_xlfn.XLOOKUP(B13,[2]CALCULATION!$B:$B,[2]CALCULATION!$H:$H,"") -> ZTE | I13: 0 | J13: 0.77509467 | K13: 1.4386309 | L13: 1.9855258 | M13: 3.9221656 | N13: 29.469542 | O13: 13.515672 | P13: REPETITIF | Q13: Operationnel | S13: {=IFERROR(_xlfn.IFS( U13="MPR ISSUE","PDH", U13="BSS Hardware Issue","BSS", U13="Sites strategiques, MLL, Pylone, etc.","ENVTECH", U13="AKTIVCO DEFAUT GE & POWER Cabinet","AKTIVCO", U13="AKTIVCO Coupure ENEO & Baisse de tension","AKTIVCO GRID ONLY", U13="Coupure ENEO & Baisse de tension","IHS GRID ONLY", U13="Defaut GE & POWER Cabinet","IHS", U13="Sharing","Partners", U13="Sites strategiques & DataCenter","SST & DC", U13="Exclu","Exclu", U13="SAT","SAT", U13="SPARE-ISSUE","SPARE-ISSUE", U13="Fiber CAmtel","TRANS_FO_CAMTEL", U13="Fiber AOF","Fiber AOF", U13="Projet OCM (HUAWEI)","TRAVAUX-HUAWEI", U13="Projet OCM (NOKIA)","TRAVAUX-NOKIA", U13="ACCESS-ISSUE","ACCESS-ISSUE", U13="Projet OCM (ZTE, NOKIA, autres projets)","TRAVAUX OCM", U13="No root CAuse","No root cause", U13="ODU HS","PDH", U13="IP & VLAN","PDH", U13="Warehouse HUAWEI","SPARE-ISSUE", U13="SPARE-HS","SPARE-ISSUE", U13="Power Telco","BSS",U13="no impacts","no impacts" ),"")} | T13: {=IFERROR(_xlfn.IFS( U13="MPR ISSUE","TX ISSUE", U13="BSS Hardware Issue","RAN ISSUE", U13="Sites strategiques, MLL, Pylone, etc.","ENVTECH", U13="AKTIVCO DEFAUT GE & POWER Cabinet","POWER ISSUE", U13="AKTIVCO Coupure ENEO & Baisse de tension","POWER ISSUE", U13="Coupure ENEO & Baisse de tension","POWER ISSUE", U13="Defaut GE & POWER Cabinet","POWER ISSUE", U13="Sharing","POWER ISSUE", U13="Sites strategiques & DataCenter","POWER ISSUE", U13="Exclu","Exclu", U13="SAT","TX ISSUE", U13="SPARE-ISSUE","SPARE-ISSUE", U13="Fiber CAmtel","TX ISSUE", U13="Fiber AOF","TX ISSUE", U13="Projet OCM (HUAWEI)","TRAVAUX-HUAWEI", U13="Projet OCM (NOKIA)","TRAVAUX -NOKIA", U13="ACCESS-ISSUE","ACCESS-ISSUE", U13="Projet OCM (ZTE, NOKIA, autres projets)","TRAVAUX OCM", U13="No root CAuse","No root cause", U13="ODU HS","TX ISSUE", U13="IP & VLAN","TX ISSUE", U13="Warehouse HUAWEI","SPARE-ISSUE", U13="SPARE-HS","SPARE-ISSUE", U13="Power Telco","RAN ISSUE",U13="no impacts","no impacts" ),"")} | V13: {=IFERROR(_xlfn.IFS( U13="MPR ISSUE","ACTIVE", U13="BSS Hardware Issue","ACTIVE", U13="Sites strategiques, MLL, Pylone, etc.","PASSIVE", U13="AKTIVCO DEFAUT GE & POWER Cabinet","PASSIVE", U13="AKTIVCO Coupure ENEO & Baisse de tension","PASSIVE", U13="Coupure ENEO & Baisse de tension","PASSIVE", U13="Defaut GE & POWER Cabinet","PASSIVE", U13="Sharing","PASSIVE", U13="Sites strategiques & DataCenter","PASSIVE", U13="Exclu","Exclu", U13="SAT","ACTIVE", U13="SPARE-ISSUE","SPARE-ISSUE", U13="Fiber CAmtel","ACTIVE", U13="Fiber AOF","ACTIVE", U13="Projet OCM (HUAWEI)","PLANNED WORKS", U13="Projet OCM (NOKIA)","PLANNED WORKS", U13="ACCESS-ISSUE","ACCESS-ISSUE", U13="Projet OCM (ZTE, NOKIA, autres projets)","PLANNED WORKS", U13="No root CAuse","No root cause", U13="ODU HS","ACTIVE", U13="IP & VLAN","ACTIVE", U13="Warehouse HUAWEI","SPARE-ISSUE", U13="SPARE-HS","SPARE-ISSUE", U13="Power Telco","ACTIVE", U13="no impacts","no impacts" ),"")} | W13: Grid outage grid only site | X13: Awaiting Grid return | Z13: CAMUSAT | AA13: Ongoing | AB13: INC-20260423-00016215…2026-04-23 21:41:34…grid outage grid only site / awaiting grid return…grid outage grid only site / awaiting grid return…Coupure Secteur…grid outage grid only site / awaiting grid return..23.04.26; Camusat; Grid outage / Grid return awaited - Escalated to L3 | AE13: 23.04.26; Camusat; Grid outage / Grid return awaited - Escalated to L3 | AU13: INC-20260423-00016215…2026-04-23 21:41:34…grid outage grid only site / awaiting grid return…grid outage grid only site / awaiting grid return…Coupure Secteur…grid outage grid only site / awaiting grid return | AX13: =_xlfn.XLOOKUP(B13,'[4]cell downs 18042026 17h'!$B:$B,'[4]cell downs 18042026 17h'!$B:$B,"") | AY13: =_xlfn.XLOOKUP(B13,'[5]Cells Huawei 19042026 15h'!$B:$B,'[5]Cells Huawei 19042026 15h'!$B:$B,"") | AZ13: =_xlfn.XLOOKUP(B13,'INCIDENT-04-23-2026'!E:E,'INCIDENT-04-23-2026'!F:F,"") | BA13: =_xlfn.XLOOKUP(B13,'[6]Eneo 17H'!$C:$C,'[6]Eneo 17H'!$I:$I,"") | BB13: =_xlfn.XLOOKUP(B13,[8]ALL!$B:$B,[8]ALL!$M:$M,"") -> 23.04.26; Camusat; Grid outage / Grid return awaited - Escalated to L3 | BC13: =_xlfn.XLOOKUP(B13,'[6]Eneo 17H'!$C:$C,'[6]Eneo 17H'!$I:$I,"") | BD13: =_xlfn.XLOOKUP(B13,'[7]Eneo 12H'!$C:$C,'[7]Eneo 12H'!$I:$I,"")
A14: Elig-Edzoa | B14: CTR_075 | C14: =_xlfn.XLOOKUP(B14,'[1]daily break down'!$D:$D,'[1]daily break down'!$E:$E,"") -> Yaounde | D14: IHS | E14: GridOnly | F14: CENTRE | G14: Yaounde | H14: =_xlfn.XLOOKUP(B14,[2]CALCULATION!$B:$B,[2]CALCULATION!$H:$H,"") -> ZTE | I14: 5.4193491 | J14: 9.2457046 | K14: 24.310817 | L14: 7.372308 | M14: 9.2457046 | N14: 9.2457046 | O14: 9.26329 | P14: REPETITIF | Q14: Operationnel | S14: {=IFERROR(_xlfn.IFS( U14="MPR ISSUE","PDH", U14="BSS Hardware Issue","BSS", U14="Sites strategiques, MLL, Pylone, etc.","ENVTECH", U14="AKTIVCO DEFAUT GE & POWER Cabinet","AKTIVCO", U14="AKTIVCO Coupure ENEO & Baisse de tension","AKTIVCO GRID ONLY", U14="Coupure ENEO & Baisse de tension","IHS GRID ONLY", U14="Defaut GE & POWER Cabinet","IHS", U14="Sharing","Partners", U14="Sites strategiques & DataCenter","SST & DC", U14="Exclu","Exclu", U14="SAT","SAT", U14="SPARE-ISSUE","SPARE-ISSUE", U14="Fiber CAmtel","TRANS_FO_CAMTEL", U14="Fiber AOF","Fiber AOF", U14="Projet OCM (HUAWEI)","TRAVAUX-HUAWEI", U14="Projet OCM (NOKIA)","TRAVAUX-NOKIA", U14="ACCESS-ISSUE","ACCESS-ISSUE", U14="Projet OCM (ZTE, NOKIA, autres projets)","TRAVAUX OCM", U14="No root CAuse","No root cause", U14="ODU HS","PDH", U14="IP & VLAN","PDH", U14="Warehouse HUAWEI","SPARE-ISSUE", U14="SPARE-HS","SPARE-ISSUE", U14="Power Telco","BSS",U14="no impacts","no impacts" ),"")} | T14: {=IFERROR(_xlfn.IFS( U14="MPR ISSUE","TX ISSUE", U14="BSS Hardware Issue","RAN ISSUE", U14="Sites strategiques, MLL, Pylone, etc.","ENVTECH", U14="AKTIVCO DEFAUT GE & POWER Cabinet","POWER ISSUE", U14="AKTIVCO Coupure ENEO & Baisse de tension","POWER ISSUE", U14="Coupure ENEO & Baisse de tension","POWER ISSUE", U14="Defaut GE & POWER Cabinet","POWER ISSUE", U14="Sharing","POWER ISSUE", U14="Sites strategiques & DataCenter","POWER ISSUE", U14="Exclu","Exclu", U14="SAT","TX ISSUE", U14="SPARE-ISSUE","SPARE-ISSUE", U14="Fiber CAmtel","TX ISSUE", U14="Fiber AOF","TX ISSUE", U14="Projet OCM (HUAWEI)","TRAVAUX-HUAWEI", U14="Projet OCM (NOKIA)","TRAVAUX -NOKIA", U14="ACCESS-ISSUE","ACCESS-ISSUE", U14="Projet OCM (ZTE, NOKIA, autres projets)","TRAVAUX OCM", U14="No root CAuse","No root cause", U14="ODU HS","TX ISSUE", U14="IP & VLAN","TX ISSUE", U14="Warehouse HUAWEI","SPARE-ISSUE", U14="SPARE-HS","SPARE-ISSUE", U14="Power Telco","RAN ISSUE",U14="no impacts","no impacts" ),"")} | V14: {=IFERROR(_xlfn.IFS( U14="MPR ISSUE","ACTIVE", U14="BSS Hardware Issue","ACTIVE", U14="Sites strategiques, MLL, Pylone, etc.","PASSIVE", U14="AKTIVCO DEFAUT GE & POWER Cabinet","PASSIVE", U14="AKTIVCO Coupure ENEO & Baisse de tension","PASSIVE", U14="Coupure ENEO & Baisse de tension","PASSIVE", U14="Defaut GE & POWER Cabinet","PASSIVE", U14="Sharing","PASSIVE", U14="Sites strategiques & DataCenter","PASSIVE", U14="Exclu","Exclu", U14="SAT","ACTIVE", U14="SPARE-ISSUE","SPARE-ISSUE", U14="Fiber CAmtel","ACTIVE", U14="Fiber AOF","ACTIVE", U14="Projet OCM (HUAWEI)","PLANNED WORKS", U14="Projet OCM (NOKIA)","PLANNED WORKS", U14="ACCESS-ISSUE","ACCESS-ISSUE", U14="Projet OCM (ZTE, NOKIA, autres projets)","PLANNED WORKS", U14="No root CAuse","No root cause", U14="ODU HS","ACTIVE", U14="IP & VLAN","ACTIVE", U14="Warehouse HUAWEI","SPARE-ISSUE", U14="SPARE-HS","SPARE-ISSUE", U14="Power Telco","ACTIVE", U14="no impacts","no impacts" ),"")} | W14: Need BO Tx analysis | X14: Awaiting BO TX analysis | Z14: BO TX | AA14: Ongoing | AW14: CTR_075 | AX14: =_xlfn.XLOOKUP(B14,'[4]cell downs 18042026 17h'!$B:$B,'[4]cell downs 18042026 17h'!$B:$B,"") | AY14: =_xlfn.XLOOKUP(B14,'[5]Cells Huawei 19042026 15h'!$B:$B,'[5]Cells Huawei 19042026 15h'!$B:$B,"") | AZ14: =_xlfn.XLOOKUP(B14,'INCIDENT-04-23-2026'!E:E,'INCIDENT-04-23-2026'!F:F,"") | BA14: =_xlfn.XLOOKUP(B14,'[6]Eneo 17H'!$C:$C,'[6]Eneo 17H'!$I:$I,"") | BC14: =_xlfn.XLOOKUP(B14,'[6]Eneo 17H'!$C:$C,'[6]Eneo 17H'!$I:$I,"") | BD14: =_xlfn.XLOOKUP(B14,'[7]Eneo 12H'!$C:$C,'[7]Eneo 12H'!$I:$I,"") | BE14: Grid only no space // awaiting grid return..;..;19.04.26; Grid only site; Awaiting grid return
A15: Makepe-Bloc-E | B15: LIT_613 | C15: =_xlfn.XLOOKUP(B15,'[1]daily break down'!$D:$D,'[1]daily break down'!$E:$E,"") -> Douala | D15: CAMUSAT | E15: Good Grid no GE - 8h | F15: LITTORAL | G15: Douala | H15: =_xlfn.XLOOKUP(B15,[2]CALCULATION!$B:$B,[2]CALCULATION!$H:$H,"") -> ZTE | I15: 27.968702 | J15: 29.162226 | K15: 28.579465 | L15: 25.403768 | M15: 29.194168 | N15: 26.396237 | O15: 28.637643 | P15: REPETITIF | Q15: Operationnel | S15: {=IFERROR(_xlfn.IFS( U15="MPR ISSUE","PDH", U15="BSS Hardware Issue","BSS", U15="Sites strategiques, MLL, Pylone, etc.","ENVTECH", U15="AKTIVCO DEFAUT GE & POWER Cabinet","AKTIVCO", U15="AKTIVCO Coupure ENEO & Baisse de tension","AKTIVCO GRID ONLY", U15="Coupure ENEO & Baisse de tension","IHS GRID ONLY", U15="Defaut GE & POWER Cabinet","IHS", U15="Sharing","Partners", U15="Sites strategiques & DataCenter","SST & DC", U15="Exclu","Exclu", U15="SAT","SAT", U15="SPARE-ISSUE","SPARE-ISSUE", U15="Fiber CAmtel","TRANS_FO_CAMTEL", U15="Fiber AOF","Fiber AOF", U15="Projet OCM (HUAWEI)","TRAVAUX-HUAWEI", U15="Projet OCM (NOKIA)","TRAVAUX-NOKIA", U15="ACCESS-ISSUE","ACCESS-ISSUE", U15="Projet OCM (ZTE, NOKIA, autres projets)","TRAVAUX OCM", U15="No root CAuse","No root cause", U15="ODU HS","PDH", U15="IP & VLAN","PDH", U15="Warehouse HUAWEI","SPARE-ISSUE", U15="SPARE-HS","SPARE-ISSUE", U15="Power Telco","BSS",U15="no impacts","no impacts" ),"")} | T15: {=IFERROR(_xlfn.IFS( U15="MPR ISSUE","TX ISSUE", U15="BSS Hardware Issue","RAN ISSUE", U15="Sites strategiques, MLL, Pylone, etc.","ENVTECH", U15="AKTIVCO DEFAUT GE & POWER Cabinet","POWER ISSUE", U15="AKTIVCO Coupure ENEO & Baisse de tension","POWER ISSUE", U15="Coupure ENEO & Baisse de tension","POWER ISSUE", U15="Defaut GE & POWER Cabinet","POWER ISSUE", U15="Sharing","POWER ISSUE", U15="Sites strategiques & DataCenter","POWER ISSUE", U15="Exclu","Exclu", U15="SAT","TX ISSUE", U15="SPARE-ISSUE","SPARE-ISSUE", U15="Fiber CAmtel","TX ISSUE", U15="Fiber AOF","TX ISSUE", U15="Projet OCM (HUAWEI)","TRAVAUX-HUAWEI", U15="Projet OCM (NOKIA)","TRAVAUX -NOKIA", U15="ACCESS-ISSUE","ACCESS-ISSUE", U15="Projet OCM (ZTE, NOKIA, autres projets)","TRAVAUX OCM", U15="No root CAuse","No root cause", U15="ODU HS","TX ISSUE", U15="IP & VLAN","TX ISSUE", U15="Warehouse HUAWEI","SPARE-ISSUE", U15="SPARE-HS","SPARE-ISSUE", U15="Power Telco","RAN ISSUE",U15="no impacts","no impacts" ),"")} | V15: {=IFERROR(_xlfn.IFS( U15="MPR ISSUE","ACTIVE", U15="BSS Hardware Issue","ACTIVE", U15="Sites strategiques, MLL, Pylone, etc.","PASSIVE", U15="AKTIVCO DEFAUT GE & POWER Cabinet","PASSIVE", U15="AKTIVCO Coupure ENEO & Baisse de tension","PASSIVE", U15="Coupure ENEO & Baisse de tension","PASSIVE", U15="Defaut GE & POWER Cabinet","PASSIVE", U15="Sharing","PASSIVE", U15="Sites strategiques & DataCenter","PASSIVE", U15="Exclu","Exclu", U15="SAT","ACTIVE", U15="SPARE-ISSUE","SPARE-ISSUE", U15="Fiber CAmtel","ACTIVE", U15="Fiber AOF","ACTIVE", U15="Projet OCM (HUAWEI)","PLANNED WORKS", U15="Projet OCM (NOKIA)","PLANNED WORKS", U15="ACCESS-ISSUE","ACCESS-ISSUE", U15="Projet OCM (ZTE, NOKIA, autres projets)","PLANNED WORKS", U15="No root CAuse","No root cause", U15="ODU HS","ACTIVE", U15="IP & VLAN","ACTIVE", U15="Warehouse HUAWEI","SPARE-ISSUE", U15="SPARE-HS","SPARE-ISSUE", U15="Power Telco","ACTIVE", U15="no impacts","no impacts" ),"")} | W15: Grid outage grid only site | X15: Awaiting Grid return | Z15: CAMUSAT | AA15: Ongoing | AB15: (04/23/2026 ocm ran 18h): -23.04.26: Camusat: investigations ongoing/Technician is trying to manage with level0..(04/23/2026 ocm ran 17h): -23.04.26: Camusat: investigations ongoing/Technician is trying to manage with level0..INC-20260423-00009908…2026-04-23 14:15:28…grid outage grid only site / awaiting grid return…grid outage grid only site / awaiting grid return…Coupure Secteur…grid outage grid only site / awaiting grid return..LIT_613..23.04.26: Camusat: investigations ongoing/Technician is trying to manage with level0 | AE15: 23.04.26: Camusat: investigations ongoing/Technician is trying to manage with level0 | AR15: (04/23/2026 ocm ran 18h): -23.04.26: Camusat: investigations ongoing/Technician is trying to manage with level0 | AS15: (04/23/2026 ocm ran 17h): -23.04.26: Camusat: investigations ongoing/Technician is trying to manage with level0 | AU15: INC-20260423-00009908…2026-04-23 14:15:28…grid outage grid only site / awaiting grid return…grid outage grid only site / awaiting grid return…Coupure Secteur…grid outage grid only site / awaiting grid return | AX15: =_xlfn.XLOOKUP(B15,'[4]cell downs 18042026 17h'!$B:$B,'[4]cell downs 18042026 17h'!$B:$B,"") | AY15: =_xlfn.XLOOKUP(B15,'[5]Cells Huawei 19042026 15h'!$B:$B,'[5]Cells Huawei 19042026 15h'!$B:$B,"") | AZ15: =_xlfn.XLOOKUP(B15,'INCIDENT-04-23-2026'!E:E,'INCIDENT-04-23-2026'!F:F,"") | BA15: =_xlfn.XLOOKUP(B15,'[6]Eneo 17H'!$C:$C,'[6]Eneo 17H'!$I:$I,"") -> Power status check ongoing | BB15: =_xlfn.XLOOKUP(B15,[8]ALL!$B:$B,[8]ALL!$M:$M,"") -> 23.04.26: Camusat: investigations ongoing/Technician is trying to manage with level0 | BC15: =_xlfn.XLOOKUP(B15,'[6]Eneo 17H'!$C:$C,'[6]Eneo 17H'!$I:$I,"") -> Power status check ongoing | BD15: =_xlfn.XLOOKUP(B15,'[7]Eneo 12H'!$C:$C,'[7]Eneo 12H'!$I:$I,"") | BE15: INC-20260420-00017327…2026-04-20 23:42:12…Probable Grid outage, Grid only site / FME will check
A16: LIT_827_Z_Bwang-Bakoko | B16: LIT_827 | C16: =_xlfn.XLOOKUP(B16,'[1]daily break down'!$D:$D,'[1]daily break down'!$E:$E,"") -> Douala | D16: ESCO | E16: Good Grid + Solar + GE | F16: LITTORAL | G16: Douala | H16: =_xlfn.XLOOKUP(B16,[2]CALCULATION!$B:$B,[2]CALCULATION!$H:$H,"") -> ZTE | I16: 0.28400579 | J16: 0 | K16: 1.6445726 | L16: 1.574338 | M16: 15.755526 | N16: 25.818398 | O16: 33.875431 | P16: REPETITIF | Q16: Operationnel | S16: {=IFERROR(_xlfn.IFS( U16="MPR ISSUE","PDH", U16="BSS Hardware Issue","BSS", U16="Sites strategiques, MLL, Pylone, etc.","ENVTECH", U16="AKTIVCO DEFAUT GE & POWER Cabinet","AKTIVCO", U16="AKTIVCO Coupure ENEO & Baisse de tension","AKTIVCO GRID ONLY", U16="Coupure ENEO & Baisse de tension","IHS GRID ONLY", U16="Defaut GE & POWER Cabinet","IHS", U16="Sharing","Partners", U16="Sites strategiques & DataCenter","SST & DC", U16="Exclu","Exclu", U16="SAT","SAT", U16="SPARE-ISSUE","SPARE-ISSUE", U16="Fiber CAmtel","TRANS_FO_CAMTEL", U16="Fiber AOF","Fiber AOF", U16="Projet OCM (HUAWEI)","TRAVAUX-HUAWEI", U16="Projet OCM (NOKIA)","TRAVAUX-NOKIA", U16="ACCESS-ISSUE","ACCESS-ISSUE", U16="Projet OCM (ZTE, NOKIA, autres projets)","TRAVAUX OCM", U16="No root CAuse","No root cause", U16="ODU HS","PDH", U16="IP & VLAN","PDH", U16="Warehouse HUAWEI","SPARE-ISSUE", U16="SPARE-HS","SPARE-ISSUE", U16="Power Telco","BSS",U16="no impacts","no impacts" ),"")} | T16: {=IFERROR(_xlfn.IFS( U16="MPR ISSUE","TX ISSUE", U16="BSS Hardware Issue","RAN ISSUE", U16="Sites strategiques, MLL, Pylone, etc.","ENVTECH", U16="AKTIVCO DEFAUT GE & POWER Cabinet","POWER ISSUE", U16="AKTIVCO Coupure ENEO & Baisse de tension","POWER ISSUE", U16="Coupure ENEO & Baisse de tension","POWER ISSUE", U16="Defaut GE & POWER Cabinet","POWER ISSUE", U16="Sharing","POWER ISSUE", U16="Sites strategiques & DataCenter","POWER ISSUE", U16="Exclu","Exclu", U16="SAT","TX ISSUE", U16="SPARE-ISSUE","SPARE-ISSUE", U16="Fiber CAmtel","TX ISSUE", U16="Fiber AOF","TX ISSUE", U16="Projet OCM (HUAWEI)","TRAVAUX-HUAWEI", U16="Projet OCM (NOKIA)","TRAVAUX -NOKIA", U16="ACCESS-ISSUE","ACCESS-ISSUE", U16="Projet OCM (ZTE, NOKIA, autres projets)","TRAVAUX OCM", U16="No root CAuse","No root cause", U16="ODU HS","TX ISSUE", U16="IP & VLAN","TX ISSUE", U16="Warehouse HUAWEI","SPARE-ISSUE", U16="SPARE-HS","SPARE-ISSUE", U16="Power Telco","RAN ISSUE",U16="no impacts","no impacts" ),"")} | V16: {=IFERROR(_xlfn.IFS( U16="MPR ISSUE","ACTIVE", U16="BSS Hardware Issue","ACTIVE", U16="Sites strategiques, MLL, Pylone, etc.","PASSIVE", U16="AKTIVCO DEFAUT GE & POWER Cabinet","PASSIVE", U16="AKTIVCO Coupure ENEO & Baisse de tension","PASSIVE", U16="Coupure ENEO & Baisse de tension","PASSIVE", U16="Defaut GE & POWER Cabinet","PASSIVE", U16="Sharing","PASSIVE", U16="Sites strategiques & DataCenter","PASSIVE", U16="Exclu","Exclu", U16="SAT","ACTIVE", U16="SPARE-ISSUE","SPARE-ISSUE", U16="Fiber CAmtel","ACTIVE", U16="Fiber AOF","ACTIVE", U16="Projet OCM (HUAWEI)","PLANNED WORKS", U16="Projet OCM (NOKIA)","PLANNED WORKS", U16="ACCESS-ISSUE","ACCESS-ISSUE", U16="Projet OCM (ZTE, NOKIA, autres projets)","PLANNED WORKS", U16="No root CAuse","No root cause", U16="ODU HS","ACTIVE", U16="IP & VLAN","ACTIVE", U16="Warehouse HUAWEI","SPARE-ISSUE", U16="SPARE-HS","SPARE-ISSUE", U16="Power Telco","ACTIVE", U16="no impacts","no impacts" ),"")} | W16: Grid outage grid only site | X16: Awaiting Grid return | Z16: CAMUSAT | AA16: Ongoing | AB16: (04/23/2026 cell zte): -23/04/2026 : Besoin d'analyse BO RAN..(04/23/2026 ocm ran 18h): -Power status check ongoing..INC-20260423-00012130…2026-04-23 16:35:13…Grid outage grid only site/Grid return awaited..23/04/2026 : Besoin d'analyse BO RAN | AE16: 23/04/2026 : Besoin d'analyse BO RAN | AL16: (04/23/2026 cell zte): -23/04/2026 : Besoin d'analyse BO RAN | AR16: (04/23/2026 ocm ran 18h): -Power status check ongoing | AU16: INC-20260423-00012130…2026-04-23 16:35:13…Grid outage grid only site/Grid return awaited | AX16: =_xlfn.XLOOKUP(B16,'[4]cell downs 18042026 17h'!$B:$B,'[4]cell downs 18042026 17h'!$B:$B,"") | AY16: =_xlfn.XLOOKUP(B16,'[5]Cells Huawei 19042026 15h'!$B:$B,'[5]Cells Huawei 19042026 15h'!$B:$B,"") | AZ16: =_xlfn.XLOOKUP(B16,'INCIDENT-04-23-2026'!E:E,'INCIDENT-04-23-2026'!F:F,"") | BA16: =_xlfn.XLOOKUP(B16,'[6]Eneo 17H'!$C:$C,'[6]Eneo 17H'!$I:$I,"") -> Grid outage grid only site/Grid return awaited | BB16: =_xlfn.XLOOKUP(B16,[8]ALL!$B:$B,[8]ALL!$M:$M,"") -> 23/04/2026 : Besoin d'analyse BO RAN | BC16: =_xlfn.XLOOKUP(B16,'[6]Eneo 17H'!$C:$C,'[6]Eneo 17H'!$I:$I,"") -> Grid outage grid only site/Grid return awaited | BD16: =_xlfn.XLOOKUP(B16,'[7]Eneo 12H'!$C:$C,'[7]Eneo 12H'!$I:$I,"") | BE16: Power status check ongoing..;..;INC-20260420-00015411…Others Transmission equipement fault. 20/04/2026: Impacte par SUD_128. BISSIANG-Kribi. 2604B14470 // INC-20260421-00004412
A17: CTR_947_Z_Nkoabang-Tradex | B17: CTR_947 | C17: =_xlfn.XLOOKUP(B17,'[1]daily break down'!$D:$D,'[1]daily break down'!$E:$E,"") -> Yaounde | D17: ESCO | E17: meduim grid + GE | F17: CENTRE | G17: Yaoundé | H17: =_xlfn.XLOOKUP(B17,[2]CALCULATION!$B:$B,[2]CALCULATION!$H:$H,"") -> ZTE | I17: 0 | J17: 0 | K17: 0.63141528 | L17: 4.7026286 | M17: 0 | N17: 24.852861 | O17: 13.868557 | P17: REPETITIF | Q17: Operationnel | S17: {=IFERROR(_xlfn.IFS( U17="MPR ISSUE","PDH", U17="BSS Hardware Issue","BSS", U17="Sites strategiques, MLL, Pylone, etc.","ENVTECH", U17="AKTIVCO DEFAUT GE & POWER Cabinet","AKTIVCO", U17="AKTIVCO Coupure ENEO & Baisse de tension","AKTIVCO GRID ONLY", U17="Coupure ENEO & Baisse de tension","IHS GRID ONLY", U17="Defaut GE & POWER Cabinet","IHS", U17="Sharing","Partners", U17="Sites strategiques & DataCenter","SST & DC", U17="Exclu","Exclu", U17="SAT","SAT", U17="SPARE-ISSUE","SPARE-ISSUE", U17="Fiber CAmtel","TRANS_FO_CAMTEL", U17="Fiber AOF","Fiber AOF", U17="Projet OCM (HUAWEI)","TRAVAUX-HUAWEI", U17="Projet OCM (NOKIA)","TRAVAUX-NOKIA", U17="ACCESS-ISSUE","ACCESS-ISSUE", U17="Projet OCM (ZTE, NOKIA, autres projets)","TRAVAUX OCM", U17="No root CAuse","No root cause", U17="ODU HS","PDH", U17="IP & VLAN","PDH", U17="Warehouse HUAWEI","SPARE-ISSUE", U17="SPARE-HS","SPARE-ISSUE", U17="Power Telco","BSS",U17="no impacts","no impacts" ),"")} | T17: {=IFERROR(_xlfn.IFS( U17="MPR ISSUE","TX ISSUE", U17="BSS Hardware Issue","RAN ISSUE", U17="Sites strategiques, MLL, Pylone, etc.","ENVTECH", U17="AKTIVCO DEFAUT GE & POWER Cabinet","POWER ISSUE", U17="AKTIVCO Coupure ENEO & Baisse de tension","POWER ISSUE", U17="Coupure ENEO & Baisse de tension","POWER ISSUE", U17="Defaut GE & POWER Cabinet","POWER ISSUE", U17="Sharing","POWER ISSUE", U17="Sites strategiques & DataCenter","POWER ISSUE", U17="Exclu","Exclu", U17="SAT","TX ISSUE", U17="SPARE-ISSUE","SPARE-ISSUE", U17="Fiber CAmtel","TX ISSUE", U17="Fiber AOF","TX ISSUE", U17="Projet OCM (HUAWEI)","TRAVAUX-HUAWEI", U17="Projet OCM (NOKIA)","TRAVAUX -NOKIA", U17="ACCESS-ISSUE","ACCESS-ISSUE", U17="Projet OCM (ZTE, NOKIA, autres projets)","TRAVAUX OCM", U17="No root CAuse","No root cause", U17="ODU HS","TX ISSUE", U17="IP & VLAN","TX ISSUE", U17="Warehouse HUAWEI","SPARE-ISSUE", U17="SPARE-HS","SPARE-ISSUE", U17="Power Telco","RAN ISSUE",U17="no impacts","no impacts" ),"")} | V17: {=IFERROR(_xlfn.IFS( U17="MPR ISSUE","ACTIVE", U17="BSS Hardware Issue","ACTIVE", U17="Sites strategiques, MLL, Pylone, etc.","PASSIVE", U17="AKTIVCO DEFAUT GE & POWER Cabinet","PASSIVE", U17="AKTIVCO Coupure ENEO & Baisse de tension","PASSIVE", U17="Coupure ENEO & Baisse de tension","PASSIVE", U17="Defaut GE & POWER Cabinet","PASSIVE", U17="Sharing","PASSIVE", U17="Sites strategiques & DataCenter","PASSIVE", U17="Exclu","Exclu", U17="SAT","ACTIVE", U17="SPARE-ISSUE","SPARE-ISSUE", U17="Fiber CAmtel","ACTIVE", U17="Fiber AOF","ACTIVE", U17="Projet OCM (HUAWEI)","PLANNED WORKS", U17="Projet OCM (NOKIA)","PLANNED WORKS", U17="ACCESS-ISSUE","ACCESS-ISSUE", U17="Projet OCM (ZTE, NOKIA, autres projets)","PLANNED WORKS", U17="No root CAuse","No root cause", U17="ODU HS","ACTIVE", U17="IP & VLAN","ACTIVE", U17="Warehouse HUAWEI","SPARE-ISSUE", U17="SPARE-HS","SPARE-ISSUE", U17="Power Telco","ACTIVE", U17="no impacts","no impacts" ),"")} | W17: Grid outage, gen faulty | X17: Awaiting Grid return and fix generator | Z17: CAMUSAT | AA17: Ongoing | AB17: (04/23/2026 ocm ran 18h): -23.04.26: Camusat: Grid outage, gen can start due to noise polution / grid return awaited - Escalade L3..(04/23/2026 ocm ran 17h): -23.04.26: Camusat: Grid outage, gen can start due to noise polution / grid return awaited - Escalade L3..(04/23/2026 ocm ran 13h): -23.04.26: Camusat: Grid outage, gen can start due to noise polution / grid return awaited - Escalade L3..23.04.26: Camusat: Grid outage, gen can start due to noise polution / grid return awaited - Escalade L3 | AE17: 23.04.26: Camusat: Grid outage, gen can start due to noise polution / grid return awaited - Escalade L3 | AR17: (04/23/2026 ocm ran 18h): -23.04.26: Camusat: Grid outage, gen can start due to noise polution / grid return awaited - Escalade L3 | AS17: (04/23/2026 ocm ran 17h): -23.04.26: Camusat: Grid outage, gen can start due to noise polution / grid return awaited - Escalade L3 | AT17: (04/23/2026 ocm ran 13h): -23.04.26: Camusat: Grid outage, gen can start due to noise polution / grid return awaited - Escalade L3 | AX17: =_xlfn.XLOOKUP(B17,'[4]cell downs 18042026 17h'!$B:$B,'[4]cell downs 18042026 17h'!$B:$B,"") | AY17: =_xlfn.XLOOKUP(B17,'[5]Cells Huawei 19042026 15h'!$B:$B,'[5]Cells Huawei 19042026 15h'!$B:$B,"") | AZ17: =_xlfn.XLOOKUP(B17,'INCIDENT-04-23-2026'!E:E,'INCIDENT-04-23-2026'!F:F,"") | BA17: =_xlfn.XLOOKUP(B17,'[6]Eneo 17H'!$C:$C,'[6]Eneo 17H'!$I:$I,"") -> 23.04.26: Camusat: Grid outage, gen can start due to noise polution / grid return awaited - Escalade L3 | BB17: =_xlfn.XLOOKUP(B17,[8]ALL!$B:$B,[8]ALL!$M:$M,"") -> 23.04.26: Camusat: Grid outage, gen can start due to noise polution / grid return awaited - Escalade L3 | BC17: =_xlfn.XLOOKUP(B17,'[6]Eneo 17H'!$C:$C,'[6]Eneo 17H'!$I:$I,"") -> 23.04.26: Camusat: Grid outage, gen can start due to noise polution / grid return awaited - Escalade L3 | BD17: =_xlfn.XLOOKUP(B17,'[7]Eneo 12H'!$C:$C,'[7]Eneo 12H'!$I:$I,"") -> 23.04.26: Camusat: Grid outage, gen can start due to noise polution / grid return awaited - Escalade L3
A18: Qtier-Tergal | B18: LIT_420 | C18: =_xlfn.XLOOKUP(B18,'[1]daily break down'!$D:$D,'[1]daily break down'!$E:$E,"") -> Douala | D18: IHS | E18: Grid-Gen | F18: LITTORAL | G18: Douala | H18: =_xlfn.XLOOKUP(B18,[2]CALCULATION!$B:$B,[2]CALCULATION!$H:$H,"") -> ZTE | I18: 0 | J18: 0.019743432 | K18: 3.5212687 | L18: 0 | M18: 0 | N18: 23.779777 | O18: 0 | P18: No impact | Q18: Operationnel | S18: {=IFERROR(_xlfn.IFS( U18="MPR ISSUE","PDH", U18="BSS Hardware Issue","BSS", U18="Sites strategiques, MLL, Pylone, etc.","ENVTECH", U18="AKTIVCO DEFAUT GE & POWER Cabinet","AKTIVCO", U18="AKTIVCO Coupure ENEO & Baisse de tension","AKTIVCO GRID ONLY", U18="Coupure ENEO & Baisse de tension","IHS GRID ONLY", U18="Defaut GE & POWER Cabinet","IHS", U18="Sharing","Partners", U18="Sites strategiques & DataCenter","SST & DC", U18="Exclu","Exclu", U18="SAT","SAT", U18="SPARE-ISSUE","SPARE-ISSUE", U18="Fiber CAmtel","TRANS_FO_CAMTEL", U18="Fiber AOF","Fiber AOF", U18="Projet OCM (HUAWEI)","TRAVAUX-HUAWEI", U18="Projet OCM (NOKIA)","TRAVAUX-NOKIA", U18="ACCESS-ISSUE","ACCESS-ISSUE", U18="Projet OCM (ZTE, NOKIA, autres projets)","TRAVAUX OCM", U18="No root CAuse","No root cause", U18="ODU HS","PDH", U18="IP & VLAN","PDH", U18="Warehouse HUAWEI","SPARE-ISSUE", U18="SPARE-HS","SPARE-ISSUE", U18="Power Telco","BSS",U18="no impacts","no impacts" ),"")} | T18: {=IFERROR(_xlfn.IFS( U18="MPR ISSUE","TX ISSUE", U18="BSS Hardware Issue","RAN ISSUE", U18="Sites strategiques, MLL, Pylone, etc.","ENVTECH", U18="AKTIVCO DEFAUT GE & POWER Cabinet","POWER ISSUE", U18="AKTIVCO Coupure ENEO & Baisse de tension","POWER ISSUE", U18="Coupure ENEO & Baisse de tension","POWER ISSUE", U18="Defaut GE & POWER Cabinet","POWER ISSUE", U18="Sharing","POWER ISSUE", U18="Sites strategiques & DataCenter","POWER ISSUE", U18="Exclu","Exclu", U18="SAT","TX ISSUE", U18="SPARE-ISSUE","SPARE-ISSUE", U18="Fiber CAmtel","TX ISSUE", U18="Fiber AOF","TX ISSUE", U18="Projet OCM (HUAWEI)","TRAVAUX-HUAWEI", U18="Projet OCM (NOKIA)","TRAVAUX -NOKIA", U18="ACCESS-ISSUE","ACCESS-ISSUE", U18="Projet OCM (ZTE, NOKIA, autres projets)","TRAVAUX OCM", U18="No root CAuse","No root cause", U18="ODU HS","TX ISSUE", U18="IP & VLAN","TX ISSUE", U18="Warehouse HUAWEI","SPARE-ISSUE", U18="SPARE-HS","SPARE-ISSUE", U18="Power Telco","RAN ISSUE",U18="no impacts","no impacts" ),"")} | V18: {=IFERROR(_xlfn.IFS( U18="MPR ISSUE","ACTIVE", U18="BSS Hardware Issue","ACTIVE", U18="Sites strategiques, MLL, Pylone, etc.","PASSIVE", U18="AKTIVCO DEFAUT GE & POWER Cabinet","PASSIVE", U18="AKTIVCO Coupure ENEO & Baisse de tension","PASSIVE", U18="Coupure ENEO & Baisse de tension","PASSIVE", U18="Defaut GE & POWER Cabinet","PASSIVE", U18="Sharing","PASSIVE", U18="Sites strategiques & DataCenter","PASSIVE", U18="Exclu","Exclu", U18="SAT","ACTIVE", U18="SPARE-ISSUE","SPARE-ISSUE", U18="Fiber CAmtel","ACTIVE", U18="Fiber AOF","ACTIVE", U18="Projet OCM (HUAWEI)","PLANNED WORKS", U18="Projet OCM (NOKIA)","PLANNED WORKS", U18="ACCESS-ISSUE","ACCESS-ISSUE", U18="Projet OCM (ZTE, NOKIA, autres projets)","PLANNED WORKS", U18="No root CAuse","No root cause", U18="ODU HS","ACTIVE", U18="IP & VLAN","ACTIVE", U18="Warehouse HUAWEI","SPARE-ISSUE", U18="SPARE-HS","SPARE-ISSUE", U18="Power Telco","ACTIVE", U18="no impacts","no impacts" ),"")} | AX18: =_xlfn.XLOOKUP(B18,'[4]cell downs 18042026 17h'!$B:$B,'[4]cell downs 18042026 17h'!$B:$B,"") | AY18: =_xlfn.XLOOKUP(B18,'[5]Cells Huawei 19042026 15h'!$B:$B,'[5]Cells Huawei 19042026 15h'!$B:$B,"") | AZ18: =_xlfn.XLOOKUP(B18,'INCIDENT-04-23-2026'!E:E,'INCIDENT-04-23-2026'!F:F,"") | BA18: =_xlfn.XLOOKUP(B18,'[6]Eneo 17H'!$C:$C,'[6]Eneo 17H'!$I:$I,"") | BB18: =_xlfn.XLOOKUP(B18,[8]ALL!$B:$B,[8]ALL!$M:$M,"") | BC18: =_xlfn.XLOOKUP(B18,'[6]Eneo 17H'!$C:$C,'[6]Eneo 17H'!$I:$I,"") | BD18: =_xlfn.XLOOKUP(B18,'[7]Eneo 12H'!$C:$C,'[7]Eneo 12H'!$I:$I,"") | BE18: 0
A19: Etoudi-II-IHS | B19: CTR_633 | C19: =_xlfn.XLOOKUP(B19,'[1]daily break down'!$D:$D,'[1]daily break down'!$E:$E,"") -> Yaounde | D19: IHS | E19: Grid-Gen | F19: CENTRE | G19: Yaounde | H19: =_xlfn.XLOOKUP(B19,[2]CALCULATION!$B:$B,[2]CALCULATION!$H:$H,"") -> ZTE | I19: 0.20210711 | J19: 1.8516022 | K19: 7.4417756 | L19: 0.10119623 | M19: 4.9333967 | N19: 9.2457046 | O19: 9.2558349 | P19: REPETITIF | Q19: Operationnel | S19: {=IFERROR(_xlfn.IFS( U19="MPR ISSUE","PDH", U19="BSS Hardware Issue","BSS", U19="Sites strategiques, MLL, Pylone, etc.","ENVTECH", U19="AKTIVCO DEFAUT GE & POWER Cabinet","AKTIVCO", U19="AKTIVCO Coupure ENEO & Baisse de tension","AKTIVCO GRID ONLY", U19="Coupure ENEO & Baisse de tension","IHS GRID ONLY", U19="Defaut GE & POWER Cabinet","IHS", U19="Sharing","Partners", U19="Sites strategiques & DataCenter","SST & DC", U19="Exclu","Exclu", U19="SAT","SAT", U19="SPARE-ISSUE","SPARE-ISSUE", U19="Fiber CAmtel","TRANS_FO_CAMTEL", U19="Fiber AOF","Fiber AOF", U19="Projet OCM (HUAWEI)","TRAVAUX-HUAWEI", U19="Projet OCM (NOKIA)","TRAVAUX-NOKIA", U19="ACCESS-ISSUE","ACCESS-ISSUE", U19="Projet OCM (ZTE, NOKIA, autres projets)","TRAVAUX OCM", U19="No root CAuse","No root cause", U19="ODU HS","PDH", U19="IP & VLAN","PDH", U19="Warehouse HUAWEI","SPARE-ISSUE", U19="SPARE-HS","SPARE-ISSUE", U19="Power Telco","BSS",U19="no impacts","no impacts" ),"")} | T19: {=IFERROR(_xlfn.IFS( U19="MPR ISSUE","TX ISSUE", U19="BSS Hardware Issue","RAN ISSUE", U19="Sites strategiques, MLL, Pylone, etc.","ENVTECH", U19="AKTIVCO DEFAUT GE & POWER Cabinet","POWER ISSUE", U19="AKTIVCO Coupure ENEO & Baisse de tension","POWER ISSUE", U19="Coupure ENEO & Baisse de tension","POWER ISSUE", U19="Defaut GE & POWER Cabinet","POWER ISSUE", U19="Sharing","POWER ISSUE", U19="Sites strategiques & DataCenter","POWER ISSUE", U19="Exclu","Exclu", U19="SAT","TX ISSUE", U19="SPARE-ISSUE","SPARE-ISSUE", U19="Fiber CAmtel","TX ISSUE", U19="Fiber AOF","TX ISSUE", U19="Projet OCM (HUAWEI)","TRAVAUX-HUAWEI", U19="Projet OCM (NOKIA)","TRAVAUX -NOKIA", U19="ACCESS-ISSUE","ACCESS-ISSUE", U19="Projet OCM (ZTE, NOKIA, autres projets)","TRAVAUX OCM", U19="No root CAuse","No root cause", U19="ODU HS","TX ISSUE", U19="IP & VLAN","TX ISSUE", U19="Warehouse HUAWEI","SPARE-ISSUE", U19="SPARE-HS","SPARE-ISSUE", U19="Power Telco","RAN ISSUE",U19="no impacts","no impacts" ),"")} | V19: {=IFERROR(_xlfn.IFS( U19="MPR ISSUE","ACTIVE", U19="BSS Hardware Issue","ACTIVE", U19="Sites strategiques, MLL, Pylone, etc.","PASSIVE", U19="AKTIVCO DEFAUT GE & POWER Cabinet","PASSIVE", U19="AKTIVCO Coupure ENEO & Baisse de tension","PASSIVE", U19="Coupure ENEO & Baisse de tension","PASSIVE", U19="Defaut GE & POWER Cabinet","PASSIVE", U19="Sharing","PASSIVE", U19="Sites strategiques & DataCenter","PASSIVE", U19="Exclu","Exclu", U19="SAT","ACTIVE", U19="SPARE-ISSUE","SPARE-ISSUE", U19="Fiber CAmtel","ACTIVE", U19="Fiber AOF","ACTIVE", U19="Projet OCM (HUAWEI)","PLANNED WORKS", U19="Projet OCM (NOKIA)","PLANNED WORKS", U19="ACCESS-ISSUE","ACCESS-ISSUE", U19="Projet OCM (ZTE, NOKIA, autres projets)","PLANNED WORKS", U19="No root CAuse","No root cause", U19="ODU HS","ACTIVE", U19="IP & VLAN","ACTIVE", U19="Warehouse HUAWEI","SPARE-ISSUE", U19="SPARE-HS","SPARE-ISSUE", U19="Power Telco","ACTIVE", U19="no impacts","no impacts" ),"")} | W19: Need BO Tx analysis | X19: Awaiting BO TX analysis | Z19: BO TX | AA19: Ongoing | AW19: CTR_633 | AX19: =_xlfn.XLOOKUP(B19,'[4]cell downs 18042026 17h'!$B:$B,'[4]cell downs 18042026 17h'!$B:$B,"") | AY19: =_xlfn.XLOOKUP(B19,'[5]Cells Huawei 19042026 15h'!$B:$B,'[5]Cells Huawei 19042026 15h'!$B:$B,"") | AZ19: =_xlfn.XLOOKUP(B19,'INCIDENT-04-23-2026'!E:E,'INCIDENT-04-23-2026'!F:F,"") | BA19: =_xlfn.XLOOKUP(B19,'[6]Eneo 17H'!$C:$C,'[6]Eneo 17H'!$I:$I,"") | BC19: =_xlfn.XLOOKUP(B19,'[6]Eneo 17H'!$C:$C,'[6]Eneo 17H'!$I:$I,"") | BD19: =_xlfn.XLOOKUP(B19,'[7]Eneo 12H'!$C:$C,'[7]Eneo 12H'!$I:$I,"")
A20: Wonya-Mavio-IHS | B20: SUO_195 | C20: =_xlfn.XLOOKUP(B20,'[1]daily break down'!$D:$D,'[1]daily break down'!$E:$E,"") -> SUD-OUEST | D20: IHS | E20: Grid-Gen | F20: SUD-OUEST | G20: Buea | H20: =_xlfn.XLOOKUP(B20,[2]CALCULATION!$B:$B,[2]CALCULATION!$H:$H,"") -> Huawei | I20: 0 | J20: 1.0472758 | K20: 12.334633 | L20: 23.114261 | M20: 23.113994 | N20: 23.114261 | O20: 23.114261 | P20: REPETITIF | Q20: Operationnel | S20: {=IFERROR(_xlfn.IFS( U20="MPR ISSUE","PDH", U20="BSS Hardware Issue","BSS", U20="Sites strategiques, MLL, Pylone, etc.","ENVTECH", U20="AKTIVCO DEFAUT GE & POWER Cabinet","AKTIVCO", U20="AKTIVCO Coupure ENEO & Baisse de tension","AKTIVCO GRID ONLY", U20="Coupure ENEO & Baisse de tension","IHS GRID ONLY", U20="Defaut GE & POWER Cabinet","IHS", U20="Sharing","Partners", U20="Sites strategiques & DataCenter","SST & DC", U20="Exclu","Exclu", U20="SAT","SAT", U20="SPARE-ISSUE","SPARE-ISSUE", U20="Fiber CAmtel","TRANS_FO_CAMTEL", U20="Fiber AOF","Fiber AOF", U20="Projet OCM (HUAWEI)","TRAVAUX-HUAWEI", U20="Projet OCM (NOKIA)","TRAVAUX-NOKIA", U20="ACCESS-ISSUE","ACCESS-ISSUE", U20="Projet OCM (ZTE, NOKIA, autres projets)","TRAVAUX OCM", U20="No root CAuse","No root cause", U20="ODU HS","PDH", U20="IP & VLAN","PDH", U20="Warehouse HUAWEI","SPARE-ISSUE", U20="SPARE-HS","SPARE-ISSUE", U20="Power Telco","BSS",U20="no impacts","no impacts" ),"")} | T20: {=IFERROR(_xlfn.IFS( U20="MPR ISSUE","TX ISSUE", U20="BSS Hardware Issue","RAN ISSUE", U20="Sites strategiques, MLL, Pylone, etc.","ENVTECH", U20="AKTIVCO DEFAUT GE & POWER Cabinet","POWER ISSUE", U20="AKTIVCO Coupure ENEO & Baisse de tension","POWER ISSUE", U20="Coupure ENEO & Baisse de tension","POWER ISSUE", U20="Defaut GE & POWER Cabinet","POWER ISSUE", U20="Sharing","POWER ISSUE", U20="Sites strategiques & DataCenter","POWER ISSUE", U20="Exclu","Exclu", U20="SAT","TX ISSUE", U20="SPARE-ISSUE","SPARE-ISSUE", U20="Fiber CAmtel","TX ISSUE", U20="Fiber AOF","TX ISSUE", U20="Projet OCM (HUAWEI)","TRAVAUX-HUAWEI", U20="Projet OCM (NOKIA)","TRAVAUX -NOKIA", U20="ACCESS-ISSUE","ACCESS-ISSUE", U20="Projet OCM (ZTE, NOKIA, autres projets)","TRAVAUX OCM", U20="No root CAuse","No root cause", U20="ODU HS","TX ISSUE", U20="IP & VLAN","TX ISSUE", U20="Warehouse HUAWEI","SPARE-ISSUE", U20="SPARE-HS","SPARE-ISSUE", U20="Power Telco","RAN ISSUE",U20="no impacts","no impacts" ),"")} | V20: {=IFERROR(_xlfn.IFS( U20="MPR ISSUE","ACTIVE", U20="BSS Hardware Issue","ACTIVE", U20="Sites strategiques, MLL, Pylone, etc.","PASSIVE", U20="AKTIVCO DEFAUT GE & POWER Cabinet","PASSIVE", U20="AKTIVCO Coupure ENEO & Baisse de tension","PASSIVE", U20="Coupure ENEO & Baisse de tension","PASSIVE", U20="Defaut GE & POWER Cabinet","PASSIVE", U20="Sharing","PASSIVE", U20="Sites strategiques & DataCenter","PASSIVE", U20="Exclu","Exclu", U20="SAT","ACTIVE", U20="SPARE-ISSUE","SPARE-ISSUE", U20="Fiber CAmtel","ACTIVE", U20="Fiber AOF","ACTIVE", U20="Projet OCM (HUAWEI)","PLANNED WORKS", U20="Projet OCM (NOKIA)","PLANNED WORKS", U20="ACCESS-ISSUE","ACCESS-ISSUE", U20="Projet OCM (ZTE, NOKIA, autres projets)","PLANNED WORKS", U20="No root CAuse","No root cause", U20="ODU HS","ACTIVE", U20="IP & VLAN","ACTIVE", U20="Warehouse HUAWEI","SPARE-ISSUE", U20="SPARE-HS","SPARE-ISSUE", U20="Power Telco","ACTIVE", U20="no impacts","no impacts" ),"")} | W20: Carte EAC 3DB19417AA faulty | X20: Commande passe a OCM | Z20: GNOC | AA20: Ongoing | AB20: (04/23/2026 ocm ran 18h): -20.04.26; Carte EAC 3DB19417AA faulty, commande passée vers OCM 19.04.26; Besoin d'un FME sur SUO_077_H_Buea-David-Square pour vérifier la chaine antennaire de l'ODU 3.2; FME Fabien activé pour investigations, update ASAP 19.04.26; Reste down après l'incident P2 sur Buea-David..(04/23/2026 ocm ran 17h): -20.04.26; Carte EAC 3DB19417AA faulty, commande passée vers OCM 19.04.26; Besoin d'un FME sur SUO_077_H_Buea-David-Square pour vérifier la chaine antennaire de l'ODU 3.2; FME Fabien activé pour investigations, update ASAP 19.04.26; Reste down après l'incident P2 sur Buea-David..(04/23/2026 ocm ran 13h): -20.04.26; Carte EAC 3DB19417AA faulty, commande passée vers OCM 19.04.26; Besoin d'un FME sur SUO_077_H_Buea-David-Square pour vérifier la chaine antennaire de l'ODU 3.2; FME Fabien activé pour investigations, update ASAP 19.04.26; Reste down après l'incident P2 sur Buea-David..20.04.26; Carte EAC 3DB19417AA faulty, commande passée vers OCM 19.04.26; Besoin d'un FME sur SUO_077_H_Buea-David-Square pour vérifier la chaine antennaire de l'ODU 3.2; FME Fabien activé pour investigations, update ASAP 19.04.26; Reste down après l'incident P2 sur Buea-David | AE20: 20.04.26; Carte EAC 3DB19417AA faulty, commande passée vers OCM 19.04.26; Besoin d'un FME sur SUO_077_H_Buea-David-Square pour vérifier la chaine antennaire de l'ODU 3.2; FME Fabien activé pour investigations, update ASAP 19.04.26; Reste down après l'incident P2 sur Buea-David | AR20: (04/23/2026 ocm ran 18h): -20.04.26; Carte EAC 3DB19417AA faulty, commande passée vers OCM 19.04.26; Besoin d'un FME sur SUO_077_H_Buea-David-Square pour vérifier la chaine antennaire de l'ODU 3.2; FME Fabien activé pour investigations, update ASAP 19.04.26; Reste down après l'incident P2 sur Buea-David | AS20: (04/23/2026 ocm ran 17h): -20.04.26; Carte EAC 3DB19417AA faulty, commande passée vers OCM 19.04.26; Besoin d'un FME sur SUO_077_H_Buea-David-Square pour vérifier la chaine antennaire de l'ODU 3.2; FME Fabien activé pour investigations, update ASAP 19.04.26; Reste down après l'incident P2 sur Buea-David | AT20: (04/23/2026 ocm ran 13h): -20.04.26; Carte EAC 3DB19417AA faulty, commande passée vers OCM 19.04.26; Besoin d'un FME sur SUO_077_H_Buea-David-Square pour vérifier la chaine antennaire de l'ODU 3.2; FME Fabien activé pour investigations, update ASAP 19.04.26; Reste down après l'incident P2 sur Buea-David | AX20: =_xlfn.XLOOKUP(B20,'[4]cell downs 18042026 17h'!$B:$B,'[4]cell downs 18042026 17h'!$B:$B,"") | AY20: =_xlfn.XLOOKUP(B20,'[5]Cells Huawei 19042026 15h'!$B:$B,'[5]Cells Huawei 19042026 15h'!$B:$B,"") | AZ20: =_xlfn.XLOOKUP(B20,'INCIDENT-04-23-2026'!E:E,'INCIDENT-04-23-2026'!F:F,"") | BA20: =_xlfn.XLOOKUP(B20,'[6]Eneo 17H'!$C:$C,'[6]Eneo 17H'!$I:$I,"") | BB20: =_xlfn.XLOOKUP(B20,[8]ALL!$B:$B,[8]ALL!$M:$M,"") -> 20.04.26; Carte EAC 3DB19417AA faulty, commande passée vers OCM 19.04.26; Besoin d'un FME sur SUO_077_H_Buea-David-Square pour vérifier la chaine antennaire de l'ODU 3.2; FME Fabien activé pour investigations, update ASAP 19.04.26; Reste down après l'incident P2 sur Buea-David | BC20: =_xlfn.XLOOKUP(B20,'[6]Eneo 17H'!$C:$C,'[6]Eneo 17H'!$I:$I,"") | BD20: =_xlfn.XLOOKUP(B20,'[7]Eneo 12H'!$C:$C,'[7]Eneo 12H'!$I:$I,"") | BE20: 20.04.26; Carte EAC 3DB19417AA faulty, commande en cours vers OCM 19.04.26; Besoin d'un FME sur SUO_077_H_Buea-David-Square pour vérifier la chaine antennaire de l'ODU 3.2; FME Fabien activé pour investigations, update ASAP 19.04.26; Reste down après l'incident P2 sur Buea-David..;..;20.04.26; Carte EAC 3DB19417AA faulty, commande en cours vers OCM 19.04.26; Besoin d'un FME sur SUO_077_H_Buea-David-Square pour vérifier la chaine antennaire de l'ODU 3.2; FME Fabien activé pour investigations, update ASAP 19.04.26; Reste down après l'incident P2 sur Buea-David..;..;20.04.26; Carte EAC 3DB19417AA faulty, commande en cours vers OCM 19.04.26; Besoin d'un FME sur SUO_077_H_Buea-David-Square pour vérifier la chaine antennaire de l'ODU 3.2; FME Fabien activé pour investigations, update ASAP 19.04.26; Reste down après l'incident P2 sur Buea-David..;..;20.04.26; Carte EAC 3DB19417AA faulty, commande en cours vers OCM 19.04.26; Besoin d'un FME sur SUO_077_H_Buea-David-Square pour vérifier la chaine antennaire de l'ODU 3.2; FME Fabien activé pour investigations, update ASAP 19.04.26; Reste down après l'incident P2 sur Buea-David
A21: Buea-Boduma-IHS | B21: SUO_186 | C21: =_xlfn.XLOOKUP(B21,'[1]daily break down'!$D:$D,'[1]daily break down'!$E:$E,"") -> SUD-OUEST | D21: IHS | E21: Grid-Gen | F21: SUD-OUEST | G21: Buea | H21: =_xlfn.XLOOKUP(B21,[2]CALCULATION!$B:$B,[2]CALCULATION!$H:$H,"") -> Huawei | I21: 4.9935722 | J21: 9.179804 | K21: 9.2576006 | L21: 6.140778 | M21: 14.25861 | N21: 10.044591 | O21: 13.165873 | P21: REPETITIF | Q21: Operationnel | S21: {=IFERROR(_xlfn.IFS( U21="MPR ISSUE","PDH", U21="BSS Hardware Issue","BSS", U21="Sites strategiques, MLL, Pylone, etc.","ENVTECH", U21="AKTIVCO DEFAUT GE & POWER Cabinet","AKTIVCO", U21="AKTIVCO Coupure ENEO & Baisse de tension","AKTIVCO GRID ONLY", U21="Coupure ENEO & Baisse de tension","IHS GRID ONLY", U21="Defaut GE & POWER Cabinet","IHS", U21="Sharing","Partners", U21="Sites strategiques & DataCenter","SST & DC", U21="Exclu","Exclu", U21="SAT","SAT", U21="SPARE-ISSUE","SPARE-ISSUE", U21="Fiber CAmtel","TRANS_FO_CAMTEL", U21="Fiber AOF","Fiber AOF", U21="Projet OCM (HUAWEI)","TRAVAUX-HUAWEI", U21="Projet OCM (NOKIA)","TRAVAUX-NOKIA", U21="ACCESS-ISSUE","ACCESS-ISSUE", U21="Projet OCM (ZTE, NOKIA, autres projets)","TRAVAUX OCM", U21="No root CAuse","No root cause", U21="ODU HS","PDH", U21="IP & VLAN","PDH", U21="Warehouse HUAWEI","SPARE-ISSUE", U21="SPARE-HS","SPARE-ISSUE", U21="Power Telco","BSS",U21="no impacts","no impacts" ),"")} | T21: {=IFERROR(_xlfn.IFS( U21="MPR ISSUE","TX ISSUE", U21="BSS Hardware Issue","RAN ISSUE", U21="Sites strategiques, MLL, Pylone, etc.","ENVTECH", U21="AKTIVCO DEFAUT GE & POWER Cabinet","POWER ISSUE", U21="AKTIVCO Coupure ENEO & Baisse de tension","POWER ISSUE", U21="Coupure ENEO & Baisse de tension","POWER ISSUE", U21="Defaut GE & POWER Cabinet","POWER ISSUE", U21="Sharing","POWER ISSUE", U21="Sites strategiques & DataCenter","POWER ISSUE", U21="Exclu","Exclu", U21="SAT","TX ISSUE", U21="SPARE-ISSUE","SPARE-ISSUE", U21="Fiber CAmtel","TX ISSUE", U21="Fiber AOF","TX ISSUE", U21="Projet OCM (HUAWEI)","TRAVAUX-HUAWEI", U21="Projet OCM (NOKIA)","TRAVAUX -NOKIA", U21="ACCESS-ISSUE","ACCESS-ISSUE", U21="Projet OCM (ZTE, NOKIA, autres projets)","TRAVAUX OCM", U21="No root CAuse","No root cause", U21="ODU HS","TX ISSUE", U21="IP & VLAN","TX ISSUE", U21="Warehouse HUAWEI","SPARE-ISSUE", U21="SPARE-HS","SPARE-ISSUE", U21="Power Telco","RAN ISSUE",U21="no impacts","no impacts" ),"")} | V21: {=IFERROR(_xlfn.IFS( U21="MPR ISSUE","ACTIVE", U21="BSS Hardware Issue","ACTIVE", U21="Sites strategiques, MLL, Pylone, etc.","PASSIVE", U21="AKTIVCO DEFAUT GE & POWER Cabinet","PASSIVE", U21="AKTIVCO Coupure ENEO & Baisse de tension","PASSIVE", U21="Coupure ENEO & Baisse de tension","PASSIVE", U21="Defaut GE & POWER Cabinet","PASSIVE", U21="Sharing","PASSIVE", U21="Sites strategiques & DataCenter","PASSIVE", U21="Exclu","Exclu", U21="SAT","ACTIVE", U21="SPARE-ISSUE","SPARE-ISSUE", U21="Fiber CAmtel","ACTIVE", U21="Fiber AOF","ACTIVE", U21="Projet OCM (HUAWEI)","PLANNED WORKS", U21="Projet OCM (NOKIA)","PLANNED WORKS", U21="ACCESS-ISSUE","ACCESS-ISSUE", U21="Projet OCM (ZTE, NOKIA, autres projets)","PLANNED WORKS", U21="No root CAuse","No root cause", U21="ODU HS","ACTIVE", U21="IP & VLAN","ACTIVE", U21="Warehouse HUAWEI","SPARE-ISSUE", U21="SPARE-HS","SPARE-ISSUE", U21="Power Telco","ACTIVE", U21="no impacts","no impacts" ),"")} | W21: Power Issue | X21: Solve power Issue on site | Z21: MTN | AA21: Ongoing | AB21: Power issue MTN | AX21: =_xlfn.XLOOKUP(B21,'[4]cell downs 18042026 17h'!$B:$B,'[4]cell downs 18042026 17h'!$B:$B,"") | AY21: =_xlfn.XLOOKUP(B21,'[5]Cells Huawei 19042026 15h'!$B:$B,'[5]Cells Huawei 19042026 15h'!$B:$B,"") -> SUO_186 | AZ21: =_xlfn.XLOOKUP(B21,'INCIDENT-04-23-2026'!E:E,'INCIDENT-04-23-2026'!F:F,"") | BA21: =_xlfn.XLOOKUP(B21,'[6]Eneo 17H'!$C:$C,'[6]Eneo 17H'!$I:$I,"") | BC21: =_xlfn.XLOOKUP(B21,'[6]Eneo 17H'!$C:$C,'[6]Eneo 17H'!$I:$I,"") | BD21: =_xlfn.XLOOKUP(B21,'[7]Eneo 12H'!$C:$C,'[7]Eneo 12H'!$I:$I,"") | BE21: Power status check ongoing..;..;Power status check ongoing. Impacte par Buea-Low Boduma. Power issue MTN
A22: Ngong-II | B22: NRD_032 | C22: =_xlfn.XLOOKUP(B22,'[1]daily break down'!$D:$D,'[1]daily break down'!$E:$E,"") -> NORD | D22: IHS | E22: Grid-Gen | F22: NORD | G22: Ngong | H22: =_xlfn.XLOOKUP(B22,[2]CALCULATION!$B:$B,[2]CALCULATION!$H:$H,"") -> Huawei | I22: 0 | J22: 0 | K22: 0 | L22: 0 | M22: 0 | N22: 21.494801 | O22: 13.412336 | P22: REPETITIF | Q22: Operationnel | S22: {=IFERROR(_xlfn.IFS( U22="MPR ISSUE","PDH", U22="BSS Hardware Issue","BSS", U22="Sites strategiques, MLL, Pylone, etc.","ENVTECH", U22="AKTIVCO DEFAUT GE & POWER Cabinet","AKTIVCO", U22="AKTIVCO Coupure ENEO & Baisse de tension","AKTIVCO GRID ONLY", U22="Coupure ENEO & Baisse de tension","IHS GRID ONLY", U22="Defaut GE & POWER Cabinet","IHS", U22="Sharing","Partners", U22="Sites strategiques & DataCenter","SST & DC", U22="Exclu","Exclu", U22="SAT","SAT", U22="SPARE-ISSUE","SPARE-ISSUE", U22="Fiber CAmtel","TRANS_FO_CAMTEL", U22="Fiber AOF","Fiber AOF", U22="Projet OCM (HUAWEI)","TRAVAUX-HUAWEI", U22="Projet OCM (NOKIA)","TRAVAUX-NOKIA", U22="ACCESS-ISSUE","ACCESS-ISSUE", U22="Projet OCM (ZTE, NOKIA, autres projets)","TRAVAUX OCM", U22="No root CAuse","No root cause", U22="ODU HS","PDH", U22="IP & VLAN","PDH", U22="Warehouse HUAWEI","SPARE-ISSUE", U22="SPARE-HS","SPARE-ISSUE", U22="Power Telco","BSS",U22="no impacts","no impacts" ),"")} | T22: {=IFERROR(_xlfn.IFS( U22="MPR ISSUE","TX ISSUE", U22="BSS Hardware Issue","RAN ISSUE", U22="Sites strategiques, MLL, Pylone, etc.","ENVTECH", U22="AKTIVCO DEFAUT GE & POWER Cabinet","POWER ISSUE", U22="AKTIVCO Coupure ENEO & Baisse de tension","POWER ISSUE", U22="Coupure ENEO & Baisse de tension","POWER ISSUE", U22="Defaut GE & POWER Cabinet","POWER ISSUE", U22="Sharing","POWER ISSUE", U22="Sites strategiques & DataCenter","POWER ISSUE", U22="Exclu","Exclu", U22="SAT","TX ISSUE", U22="SPARE-ISSUE","SPARE-ISSUE", U22="Fiber CAmtel","TX ISSUE", U22="Fiber AOF","TX ISSUE", U22="Projet OCM (HUAWEI)","TRAVAUX-HUAWEI", U22="Projet OCM (NOKIA)","TRAVAUX -NOKIA", U22="ACCESS-ISSUE","ACCESS-ISSUE", U22="Projet OCM (ZTE, NOKIA, autres projets)","TRAVAUX OCM", U22="No root CAuse","No root cause", U22="ODU HS","TX ISSUE", U22="IP & VLAN","TX ISSUE", U22="Warehouse HUAWEI","SPARE-ISSUE", U22="SPARE-HS","SPARE-ISSUE", U22="Power Telco","RAN ISSUE",U22="no impacts","no impacts" ),"")} | V22: {=IFERROR(_xlfn.IFS( U22="MPR ISSUE","ACTIVE", U22="BSS Hardware Issue","ACTIVE", U22="Sites strategiques, MLL, Pylone, etc.","PASSIVE", U22="AKTIVCO DEFAUT GE & POWER Cabinet","PASSIVE", U22="AKTIVCO Coupure ENEO & Baisse de tension","PASSIVE", U22="Coupure ENEO & Baisse de tension","PASSIVE", U22="Defaut GE & POWER Cabinet","PASSIVE", U22="Sharing","PASSIVE", U22="Sites strategiques & DataCenter","PASSIVE", U22="Exclu","Exclu", U22="SAT","ACTIVE", U22="SPARE-ISSUE","SPARE-ISSUE", U22="Fiber CAmtel","ACTIVE", U22="Fiber AOF","ACTIVE", U22="Projet OCM (HUAWEI)","PLANNED WORKS", U22="Projet OCM (NOKIA)","PLANNED WORKS", U22="ACCESS-ISSUE","ACCESS-ISSUE", U22="Projet OCM (ZTE, NOKIA, autres projets)","PLANNED WORKS", U22="No root CAuse","No root cause", U22="ODU HS","ACTIVE", U22="IP & VLAN","ACTIVE", U22="Warehouse HUAWEI","SPARE-ISSUE", U22="SPARE-HS","SPARE-ISSUE", U22="Power Telco","ACTIVE", U22="no impacts","no impacts" ),"")} | W22: Need BO Tx analysis | X22: Awaiting BO TX analysis | Z22: BO TX | AA22: Ongoing | AX22: =_xlfn.XLOOKUP(B22,'[4]cell downs 18042026 17h'!$B:$B,'[4]cell downs 18042026 17h'!$B:$B,"") | AY22: =_xlfn.XLOOKUP(B22,'[5]Cells Huawei 19042026 15h'!$B:$B,'[5]Cells Huawei 19042026 15h'!$B:$B,"") | AZ22: =_xlfn.XLOOKUP(B22,'INCIDENT-04-23-2026'!E:E,'INCIDENT-04-23-2026'!F:F,"") | BA22: =_xlfn.XLOOKUP(B22,'[6]Eneo 17H'!$C:$C,'[6]Eneo 17H'!$I:$I,"") | BC22: =_xlfn.XLOOKUP(B22,'[6]Eneo 17H'!$C:$C,'[6]Eneo 17H'!$I:$I,"") | BD22: =_xlfn.XLOOKUP(B22,'[7]Eneo 12H'!$C:$C,'[7]Eneo 12H'!$I:$I,"")
A23: BTS-Mobile-OKPLASTCAM | B23: LIT_780 | C23: =_xlfn.XLOOKUP(B23,'[1]daily break down'!$D:$D,'[1]daily break down'!$E:$E,"") -> Douala | D23: WAS ORANGE | F23: LITTORAL | G23: Douala | H23: =_xlfn.XLOOKUP(B23,[2]CALCULATION!$B:$B,[2]CALCULATION!$H:$H,"") -> ZTE | I23: 9.2457046 | J23: 9.2457046 | K23: 9.2457046 | L23: 9.2457046 | M23: 9.2457046 | N23: 9.2457046 | O23: 9.2457046 | P23: REPETITIF | Q23: Operationnel | S23: {=IFERROR(_xlfn.IFS( U23="MPR ISSUE","PDH", U23="BSS Hardware Issue","BSS", U23="Sites strategiques, MLL, Pylone, etc.","ENVTECH", U23="AKTIVCO DEFAUT GE & POWER Cabinet","AKTIVCO", U23="AKTIVCO Coupure ENEO & Baisse de tension","AKTIVCO GRID ONLY", U23="Coupure ENEO & Baisse de tension","IHS GRID ONLY", U23="Defaut GE & POWER Cabinet","IHS", U23="Sharing","Partners", U23="Sites strategiques & DataCenter","SST & DC", U23="Exclu","Exclu", U23="SAT","SAT", U23="SPARE-ISSUE","SPARE-ISSUE", U23="Fiber CAmtel","TRANS_FO_CAMTEL", U23="Fiber AOF","Fiber AOF", U23="Projet OCM (HUAWEI)","TRAVAUX-HUAWEI", U23="Projet OCM (NOKIA)","TRAVAUX-NOKIA", U23="ACCESS-ISSUE","ACCESS-ISSUE", U23="Projet OCM (ZTE, NOKIA, autres projets)","TRAVAUX OCM", U23="No root CAuse","No root cause", U23="ODU HS","PDH", U23="IP & VLAN","PDH", U23="Warehouse HUAWEI","SPARE-ISSUE", U23="SPARE-HS","SPARE-ISSUE", U23="Power Telco","BSS",U23="no impacts","no impacts" ),"")} | T23: {=IFERROR(_xlfn.IFS( U23="MPR ISSUE","TX ISSUE", U23="BSS Hardware Issue","RAN ISSUE", U23="Sites strategiques, MLL, Pylone, etc.","ENVTECH", U23="AKTIVCO DEFAUT GE & POWER Cabinet","POWER ISSUE", U23="AKTIVCO Coupure ENEO & Baisse de tension","POWER ISSUE", U23="Coupure ENEO & Baisse de tension","POWER ISSUE", U23="Defaut GE & POWER Cabinet","POWER ISSUE", U23="Sharing","POWER ISSUE", U23="Sites strategiques & DataCenter","POWER ISSUE", U23="Exclu","Exclu", U23="SAT","TX ISSUE", U23="SPARE-ISSUE","SPARE-ISSUE", U23="Fiber CAmtel","TX ISSUE", U23="Fiber AOF","TX ISSUE", U23="Projet OCM (HUAWEI)","TRAVAUX-HUAWEI", U23="Projet OCM (NOKIA)","TRAVAUX -NOKIA", U23="ACCESS-ISSUE","ACCESS-ISSUE", U23="Projet OCM (ZTE, NOKIA, autres projets)","TRAVAUX OCM", U23="No root CAuse","No root cause", U23="ODU HS","TX ISSUE", U23="IP & VLAN","TX ISSUE", U23="Warehouse HUAWEI","SPARE-ISSUE", U23="SPARE-HS","SPARE-ISSUE", U23="Power Telco","RAN ISSUE",U23="no impacts","no impacts" ),"")} | V23: {=IFERROR(_xlfn.IFS( U23="MPR ISSUE","ACTIVE", U23="BSS Hardware Issue","ACTIVE", U23="Sites strategiques, MLL, Pylone, etc.","PASSIVE", U23="AKTIVCO DEFAUT GE & POWER Cabinet","PASSIVE", U23="AKTIVCO Coupure ENEO & Baisse de tension","PASSIVE", U23="Coupure ENEO & Baisse de tension","PASSIVE", U23="Defaut GE & POWER Cabinet","PASSIVE", U23="Sharing","PASSIVE", U23="Sites strategiques & DataCenter","PASSIVE", U23="Exclu","Exclu", U23="SAT","ACTIVE", U23="SPARE-ISSUE","SPARE-ISSUE", U23="Fiber CAmtel","ACTIVE", U23="Fiber AOF","ACTIVE", U23="Projet OCM (HUAWEI)","PLANNED WORKS", U23="Projet OCM (NOKIA)","PLANNED WORKS", U23="ACCESS-ISSUE","ACCESS-ISSUE", U23="Projet OCM (ZTE, NOKIA, autres projets)","PLANNED WORKS", U23="No root CAuse","No root cause", U23="ODU HS","ACTIVE", U23="IP & VLAN","ACTIVE", U23="Warehouse HUAWEI","SPARE-ISSUE", U23="SPARE-HS","SPARE-ISSUE", U23="Power Telco","ACTIVE", U23="no impacts","no impacts" ),"")} | W23: Need BO Tx analysis | X23: Awaiting BO TX analysis | Z23: BO TX | AA23: Ongoing | AB23: LIT_780 | AX23: =_xlfn.XLOOKUP(B23,'[4]cell downs 18042026 17h'!$B:$B,'[4]cell downs 18042026 17h'!$B:$B,"") | AY23: =_xlfn.XLOOKUP(B23,'[5]Cells Huawei 19042026 15h'!$B:$B,'[5]Cells Huawei 19042026 15h'!$B:$B,"") | AZ23: =_xlfn.XLOOKUP(B23,'INCIDENT-04-23-2026'!E:E,'INCIDENT-04-23-2026'!F:F,"") | BA23: =_xlfn.XLOOKUP(B23,'[6]Eneo 17H'!$C:$C,'[6]Eneo 17H'!$I:$I,"") | BC23: =_xlfn.XLOOKUP(B23,'[6]Eneo 17H'!$C:$C,'[6]Eneo 17H'!$I:$I,"") | BD23: =_xlfn.XLOOKUP(B23,'[7]Eneo 12H'!$C:$C,'[7]Eneo 12H'!$I:$I,"") | BE23: 20/04/2026: Update please OCM
A24: Tchika | B24: EXN_225 | C24: =_xlfn.XLOOKUP(B24,'[1]daily break down'!$D:$D,'[1]daily break down'!$E:$E,"") -> EXTREME-NORD | D24: IHS | E24: Hybrid-Gen | F24: EXTREME-NORD | G24: Tchika | H24: =_xlfn.XLOOKUP(B24,[2]CALCULATION!$B:$B,[2]CALCULATION!$H:$H,"") -> NOKIA | I24: 18.490767 | J24: 18.49066 | K24: 18.490607 | L24: 18.490393 | M24: 18.490714 | N24: 18.490874 | O24: 18.490767 | P24: REPETITIF | Q24: EXCLU | S24: {=IFERROR(_xlfn.IFS( U24="MPR ISSUE","PDH", U24="BSS Hardware Issue","BSS", U24="Sites strategiques, MLL, Pylone, etc.","ENVTECH", U24="AKTIVCO DEFAUT GE & POWER Cabinet","AKTIVCO", U24="AKTIVCO Coupure ENEO & Baisse de tension","AKTIVCO GRID ONLY", U24="Coupure ENEO & Baisse de tension","IHS GRID ONLY", U24="Defaut GE & POWER Cabinet","IHS", U24="Sharing","Partners", U24="Sites strategiques & DataCenter","SST & DC", U24="Exclu","Exclu", U24="SAT","SAT", U24="SPARE-ISSUE","SPARE-ISSUE", U24="Fiber CAmtel","TRANS_FO_CAMTEL", U24="Fiber AOF","Fiber AOF", U24="Projet OCM (HUAWEI)","TRAVAUX-HUAWEI", U24="Projet OCM (NOKIA)","TRAVAUX-NOKIA", U24="ACCESS-ISSUE","ACCESS-ISSUE", U24="Projet OCM (ZTE, NOKIA, autres projets)","TRAVAUX OCM", U24="No root CAuse","No root cause", U24="ODU HS","PDH", U24="IP & VLAN","PDH", U24="Warehouse HUAWEI","SPARE-ISSUE", U24="SPARE-HS","SPARE-ISSUE", U24="Power Telco","BSS",U24="no impacts","no impacts" ),"")} | T24: {=IFERROR(_xlfn.IFS( U24="MPR ISSUE","TX ISSUE", U24="BSS Hardware Issue","RAN ISSUE", U24="Sites strategiques, MLL, Pylone, etc.","ENVTECH", U24="AKTIVCO DEFAUT GE & POWER Cabinet","POWER ISSUE", U24="AKTIVCO Coupure ENEO & Baisse de tension","POWER ISSUE", U24="Coupure ENEO & Baisse de tension","POWER ISSUE", U24="Defaut GE & POWER Cabinet","POWER ISSUE", U24="Sharing","POWER ISSUE", U24="Sites strategiques & DataCenter","POWER ISSUE", U24="Exclu","Exclu", U24="SAT","TX ISSUE", U24="SPARE-ISSUE","SPARE-ISSUE", U24="Fiber CAmtel","TX ISSUE", U24="Fiber AOF","TX ISSUE", U24="Projet OCM (HUAWEI)","TRAVAUX-HUAWEI", U24="Projet OCM (NOKIA)","TRAVAUX -NOKIA", U24="ACCESS-ISSUE","ACCESS-ISSUE", U24="Projet OCM (ZTE, NOKIA, autres projets)","TRAVAUX OCM", U24="No root CAuse","No root cause", U24="ODU HS","TX ISSUE", U24="IP & VLAN","TX ISSUE", U24="Warehouse HUAWEI","SPARE-ISSUE", U24="SPARE-HS","SPARE-ISSUE", U24="Power Telco","RAN ISSUE",U24="no impacts","no impacts" ),"")} | V24: {=IFERROR(_xlfn.IFS( U24="MPR ISSUE","ACTIVE", U24="BSS Hardware Issue","ACTIVE", U24="Sites strategiques, MLL, Pylone, etc.","PASSIVE", U24="AKTIVCO DEFAUT GE & POWER Cabinet","PASSIVE", U24="AKTIVCO Coupure ENEO & Baisse de tension","PASSIVE", U24="Coupure ENEO & Baisse de tension","PASSIVE", U24="Defaut GE & POWER Cabinet","PASSIVE", U24="Sharing","PASSIVE", U24="Sites strategiques & DataCenter","PASSIVE", U24="Exclu","Exclu", U24="SAT","ACTIVE", U24="SPARE-ISSUE","SPARE-ISSUE", U24="Fiber CAmtel","ACTIVE", U24="Fiber AOF","ACTIVE", U24="Projet OCM (HUAWEI)","PLANNED WORKS", U24="Projet OCM (NOKIA)","PLANNED WORKS", U24="ACCESS-ISSUE","ACCESS-ISSUE", U24="Projet OCM (ZTE, NOKIA, autres projets)","PLANNED WORKS", U24="No root CAuse","No root cause", U24="ODU HS","ACTIVE", U24="IP & VLAN","ACTIVE", U24="Warehouse HUAWEI","SPARE-ISSUE", U24="SPARE-HS","SPARE-ISSUE", U24="Power Telco","ACTIVE", U24="no impacts","no impacts" ),"")} | AX24: =_xlfn.XLOOKUP(B24,'[4]cell downs 18042026 17h'!$B:$B,'[4]cell downs 18042026 17h'!$B:$B,"") | AY24: =_xlfn.XLOOKUP(B24,'[5]Cells Huawei 19042026 15h'!$B:$B,'[5]Cells Huawei 19042026 15h'!$B:$B,"") | AZ24: =_xlfn.XLOOKUP(B24,'INCIDENT-04-23-2026'!E:E,'INCIDENT-04-23-2026'!F:F,"") | BA24: =_xlfn.XLOOKUP(B24,'[6]Eneo 17H'!$C:$C,'[6]Eneo 17H'!$I:$I,"") | BB24: =_xlfn.XLOOKUP(B24,[8]ALL!$B:$B,[8]ALL!$M:$M,"") | BC24: =_xlfn.XLOOKUP(B24,'[6]Eneo 17H'!$C:$C,'[6]Eneo 17H'!$I:$I,"") | BD24: =_xlfn.XLOOKUP(B24,'[7]Eneo 12H'!$C:$C,'[7]Eneo 12H'!$I:$I,"")
A25: Beka-Hossere-MTN-IHS | B25: ADM_132 | C25: =_xlfn.XLOOKUP(B25,'[1]daily break down'!$D:$D,'[1]daily break down'!$E:$E,"") -> Ngaoundere | D25: IHS | E25: Grid-Gen | F25: ADAMAOUA | G25: Ngaoundere | H25: =_xlfn.XLOOKUP(B25,[2]CALCULATION!$B:$B,[2]CALCULATION!$H:$H,"") -> Huawei | I25: 18.491142 | J25: 18.491409 | K25: 18.491409 | L25: 18.491142 | M25: 18.491409 | N25: 18.491409 | O25: 17.756871 | P25: REPETITIF | Q25: EXCLU | R25: enquete suite a un deces | S25: {=IFERROR(_xlfn.IFS( U25="MPR ISSUE","PDH", U25="BSS Hardware Issue","BSS", U25="Sites strategiques, MLL, Pylone, etc.","ENVTECH", U25="AKTIVCO DEFAUT GE & POWER Cabinet","AKTIVCO", U25="AKTIVCO Coupure ENEO & Baisse de tension","AKTIVCO GRID ONLY", U25="Coupure ENEO & Baisse de tension","IHS GRID ONLY", U25="Defaut GE & POWER Cabinet","IHS", U25="Sharing","Partners", U25="Sites strategiques & DataCenter","SST & DC", U25="Exclu","Exclu", U25="SAT","SAT", U25="SPARE-ISSUE","SPARE-ISSUE", U25="Fiber CAmtel","TRANS_FO_CAMTEL", U25="Fiber AOF","Fiber AOF", U25="Projet OCM (HUAWEI)","TRAVAUX-HUAWEI", U25="Projet OCM (NOKIA)","TRAVAUX-NOKIA", U25="ACCESS-ISSUE","ACCESS-ISSUE", U25="Projet OCM (ZTE, NOKIA, autres projets)","TRAVAUX OCM", U25="No root CAuse","No root cause", U25="ODU HS","PDH", U25="IP & VLAN","PDH", U25="Warehouse HUAWEI","SPARE-ISSUE", U25="SPARE-HS","SPARE-ISSUE", U25="Power Telco","BSS",U25="no impacts","no impacts" ),"")} | T25: {=IFERROR(_xlfn.IFS( U25="MPR ISSUE","TX ISSUE", U25="BSS Hardware Issue","RAN ISSUE", U25="Sites strategiques, MLL, Pylone, etc.","ENVTECH", U25="AKTIVCO DEFAUT GE & POWER Cabinet","POWER ISSUE", U25="AKTIVCO Coupure ENEO & Baisse de tension","POWER ISSUE", U25="Coupure ENEO & Baisse de tension","POWER ISSUE", U25="Defaut GE & POWER Cabinet","POWER ISSUE", U25="Sharing","POWER ISSUE", U25="Sites strategiques & DataCenter","POWER ISSUE", U25="Exclu","Exclu", U25="SAT","TX ISSUE", U25="SPARE-ISSUE","SPARE-ISSUE", U25="Fiber CAmtel","TX ISSUE", U25="Fiber AOF","TX ISSUE", U25="Projet OCM (HUAWEI)","TRAVAUX-HUAWEI", U25="Projet OCM (NOKIA)","TRAVAUX -NOKIA", U25="ACCESS-ISSUE","ACCESS-ISSUE", U25="Projet OCM (ZTE, NOKIA, autres projets)","TRAVAUX OCM", U25="No root CAuse","No root cause", U25="ODU HS","TX ISSUE", U25="IP & VLAN","TX ISSUE", U25="Warehouse HUAWEI","SPARE-ISSUE", U25="SPARE-HS","SPARE-ISSUE", U25="Power Telco","RAN ISSUE",U25="no impacts","no impacts" ),"")} | V25: {=IFERROR(_xlfn.IFS( U25="MPR ISSUE","ACTIVE", U25="BSS Hardware Issue","ACTIVE", U25="Sites strategiques, MLL, Pylone, etc.","PASSIVE", U25="AKTIVCO DEFAUT GE & POWER Cabinet","PASSIVE", U25="AKTIVCO Coupure ENEO & Baisse de tension","PASSIVE", U25="Coupure ENEO & Baisse de tension","PASSIVE", U25="Defaut GE & POWER Cabinet","PASSIVE", U25="Sharing","PASSIVE", U25="Sites strategiques & DataCenter","PASSIVE", U25="Exclu","Exclu", U25="SAT","ACTIVE", U25="SPARE-ISSUE","SPARE-ISSUE", U25="Fiber CAmtel","ACTIVE", U25="Fiber AOF","ACTIVE", U25="Projet OCM (HUAWEI)","PLANNED WORKS", U25="Projet OCM (NOKIA)","PLANNED WORKS", U25="ACCESS-ISSUE","ACCESS-ISSUE", U25="Projet OCM (ZTE, NOKIA, autres projets)","PLANNED WORKS", U25="No root CAuse","No root cause", U25="ODU HS","ACTIVE", U25="IP & VLAN","ACTIVE", U25="Warehouse HUAWEI","SPARE-ISSUE", U25="SPARE-HS","SPARE-ISSUE", U25="Power Telco","ACTIVE", U25="no impacts","no impacts" ),"")} | W25: ACCESS DENIED BY LOCAL AUTHORITY | X25: Restore access on site | Z25: IHS | AA25: Ongoing | AB25: (04/23/2026 hourly IHS):-518:53:40-ACCESS DENIED BY LOCAL AUTHORITY..(04/23/2026 ocm ran 18h): -09.04.26; IHS; ACCESS DENIED BY LOCAL AUTHORITY - Escalade L5 08.04.26; IHS; ACCESS DENIED BY LOCAL AUTHORITY - Escalade L5 06.04.26; IHS; ACCESS DENIED BY LOCAL AUTHORITY - Escalade L4 02.04.26: IHS: ACCESS DENIED BY LOCAL AUTHORITY escalade L3 IHS ..(04/23/2026 ocm ran 17h): -09.04.26; IHS; ACCESS DENIED BY LOCAL AUTHORITY - Escalade L5 08.04.26; IHS; ACCESS DENIED BY LOCAL AUTHORITY - Escalade L5 06.04.26; IHS; ACCESS DENIED BY LOCAL AUTHORITY - Escalade L4 02.04.26: IHS: ACCESS DENIED BY LOCAL AUTHORITY escalade L3 IHS ..(04/23/2026 ocm ran 13h): -09.04.26; IHS; ACCESS DENIED BY LOCAL AUTHORITY - Escalade L5 08.04.26; IHS; ACCESS DENIED BY LOCAL AUTHORITY - Escalade L5 06.04.26; IHS; ACCESS DENIED BY LOCAL AUTHORITY - Escalade L4 02.04.26: IHS: ACCESS DENIED BY LOCAL AUTHORITY escalade L3 IHS | AH25: (04/23/2026 hourly IHS):-518:53:40-ACCESS DENIED BY LOCAL AUTHORITY | AR25: (04/23/2026 ocm ran 18h): -09.04.26; IHS; ACCESS DENIED BY LOCAL AUTHORITY - Escalade L5 08.04.26; IHS; ACCESS DENIED BY LOCAL AUTHORITY - Escalade L5 06.04.26; IHS; ACCESS DENIED BY LOCAL AUTHORITY - Escalade L4 02.04.26: IHS: ACCESS DENIED BY LOCAL AUTHORITY escalade L3 IHS | AS25: (04/23/2026 ocm ran 17h): -09.04.26; IHS; ACCESS DENIED BY LOCAL AUTHORITY - Escalade L5 08.04.26; IHS; ACCESS DENIED BY LOCAL AUTHORITY - Escalade L5 06.04.26; IHS; ACCESS DENIED BY LOCAL AUTHORITY - Escalade L4 02.04.26: IHS: ACCESS DENIED BY LOCAL AUTHORITY escalade L3 IHS | AT25: (04/23/2026 ocm ran 13h): -09.04.26; IHS; ACCESS DENIED BY LOCAL AUTHORITY - Escalade L5 08.04.26; IHS; ACCESS DENIED BY LOCAL AUTHORITY - Escalade L5 06.04.26; IHS; ACCESS DENIED BY LOCAL AUTHORITY - Escalade L4 02.04.26: IHS: ACCESS DENIED BY LOCAL AUTHORITY escalade L3 IHS | AX25: =_xlfn.XLOOKUP(B25,'[4]cell downs 18042026 17h'!$B:$B,'[4]cell downs 18042026 17h'!$B:$B,"") | AY25: =_xlfn.XLOOKUP(B25,'[5]Cells Huawei 19042026 15h'!$B:$B,'[5]Cells Huawei 19042026 15h'!$B:$B,"") | AZ25: =_xlfn.XLOOKUP(B25,'INCIDENT-04-23-2026'!E:E,'INCIDENT-04-23-2026'!F:F,"") | BA25: =_xlfn.XLOOKUP(B25,'[6]Eneo 17H'!$C:$C,'[6]Eneo 17H'!$I:$I,"") | BB25: =_xlfn.XLOOKUP(B25,[8]ALL!$B:$B,[8]ALL!$M:$M,"") | BC25: =_xlfn.XLOOKUP(B25,'[6]Eneo 17H'!$C:$C,'[6]Eneo 17H'!$I:$I,"") | BD25: =_xlfn.XLOOKUP(B25,'[7]Eneo 12H'!$C:$C,'[7]Eneo 12H'!$I:$I,"") | BE25: ACCESS DENIED BY LOCAL AUTHORITY..;..;09.04.26; IHS; ACCESS DENIED BY LOCAL AUTHORITY - Escalade L5 08.04.26; IHS; ACCESS DENIED BY LOCAL AUTHORITY - Escalade L5 06.04.26; IHS; ACCESS DENIED BY LOCAL AUTHORITY - Escalade L4 02.04.26: IHS: ACCESS DENIED BY LOCAL AUTHORITY escalade L3 IHS ..;..;09.04.26; IHS; ACCESS DENIED BY LOCAL AUTHORITY - Escalade L5 08.04.26; IHS; ACCESS DENIED BY LOCAL AUTHORITY - Escalade L5 06.04.26; IHS; ACCESS DENIED BY LOCAL AUTHORITY - Escalade L4 02.04.26: IHS: ACCESS DENIED BY LOCAL AUTHORITY escalade L3 IHS ..;..;09.04.26; IHS; ACCESS DENIED BY LOCAL AUTHORITY - Escalade L5 08.04.26; IHS; ACCESS DENIED BY LOCAL AUTHORITY - Escalade L5 06.04.26; IHS; ACCESS DENIED BY LOCAL AUTHORITY - Escalade L4 02.04.26: IHS: ACCESS DENIED BY LOCAL AUTHORITY escalade L3 IHS ..;..;09.04.26; IHS; ACCESS DENIED BY LOCAL AUTHORITY - Escalade L5 08.04.26; IHS; ACCESS DENIED BY LOCAL AUTHORITY - Escalade L5 06.04.26; IHS; ACCESS DENIED BY LOCAL AUTHORITY - Escalade L4 02.04.26: IHS: ACCESS DENIED BY LOCAL AUTHORITY escalade L3 IHS
A26: Batchenga-Nachtigal-IHS | B26: CTR_699 | C26: =_xlfn.XLOOKUP(B26,'[1]daily break down'!$D:$D,'[1]daily break down'!$E:$E,"") -> CENTRE | D26: IHS | E26: Grid-Gen | F26: CENTRE | G26: Batchenga | H26: =_xlfn.XLOOKUP(B26,[2]CALCULATION!$B:$B,[2]CALCULATION!$H:$H,"") -> NOKIA | I26: 0 | J26: 0.23938144 | K26: 0.1482992 | L26: 4.0242001 | M26: 18.491409 | N26: 18.491409 | O26: 18.491409 | P26: REPETITIF | Q26: Operationnel | S26: {=IFERROR(_xlfn.IFS( U26="MPR ISSUE","PDH", U26="BSS Hardware Issue","BSS", U26="Sites strategiques, MLL, Pylone, etc.","ENVTECH", U26="AKTIVCO DEFAUT GE & POWER Cabinet","AKTIVCO", U26="AKTIVCO Coupure ENEO & Baisse de tension","AKTIVCO GRID ONLY", U26="Coupure ENEO & Baisse de tension","IHS GRID ONLY", U26="Defaut GE & POWER Cabinet","IHS", U26="Sharing","Partners", U26="Sites strategiques & DataCenter","SST & DC", U26="Exclu","Exclu", U26="SAT","SAT", U26="SPARE-ISSUE","SPARE-ISSUE", U26="Fiber CAmtel","TRANS_FO_CAMTEL", U26="Fiber AOF","Fiber AOF", U26="Projet OCM (HUAWEI)","TRAVAUX-HUAWEI", U26="Projet OCM (NOKIA)","TRAVAUX-NOKIA", U26="ACCESS-ISSUE","ACCESS-ISSUE", U26="Projet OCM (ZTE, NOKIA, autres projets)","TRAVAUX OCM", U26="No root CAuse","No root cause", U26="ODU HS","PDH", U26="IP & VLAN","PDH", U26="Warehouse HUAWEI","SPARE-ISSUE", U26="SPARE-HS","SPARE-ISSUE", U26="Power Telco","BSS",U26="no impacts","no impacts" ),"")} | T26: {=IFERROR(_xlfn.IFS( U26="MPR ISSUE","TX ISSUE", U26="BSS Hardware Issue","RAN ISSUE", U26="Sites strategiques, MLL, Pylone, etc.","ENVTECH", U26="AKTIVCO DEFAUT GE & POWER Cabinet","POWER ISSUE", U26="AKTIVCO Coupure ENEO & Baisse de tension","POWER ISSUE", U26="Coupure ENEO & Baisse de tension","POWER ISSUE", U26="Defaut GE & POWER Cabinet","POWER ISSUE", U26="Sharing","POWER ISSUE", U26="Sites strategiques & DataCenter","POWER ISSUE", U26="Exclu","Exclu", U26="SAT","TX ISSUE", U26="SPARE-ISSUE","SPARE-ISSUE", U26="Fiber CAmtel","TX ISSUE", U26="Fiber AOF","TX ISSUE", U26="Projet OCM (HUAWEI)","TRAVAUX-HUAWEI", U26="Projet OCM (NOKIA)","TRAVAUX -NOKIA", U26="ACCESS-ISSUE","ACCESS-ISSUE", U26="Projet OCM (ZTE, NOKIA, autres projets)","TRAVAUX OCM", U26="No root CAuse","No root cause", U26="ODU HS","TX ISSUE", U26="IP & VLAN","TX ISSUE", U26="Warehouse HUAWEI","SPARE-ISSUE", U26="SPARE-HS","SPARE-ISSUE", U26="Power Telco","RAN ISSUE",U26="no impacts","no impacts" ),"")} | V26: {=IFERROR(_xlfn.IFS( U26="MPR ISSUE","ACTIVE", U26="BSS Hardware Issue","ACTIVE", U26="Sites strategiques, MLL, Pylone, etc.","PASSIVE", U26="AKTIVCO DEFAUT GE & POWER Cabinet","PASSIVE", U26="AKTIVCO Coupure ENEO & Baisse de tension","PASSIVE", U26="Coupure ENEO & Baisse de tension","PASSIVE", U26="Defaut GE & POWER Cabinet","PASSIVE", U26="Sharing","PASSIVE", U26="Sites strategiques & DataCenter","PASSIVE", U26="Exclu","Exclu", U26="SAT","ACTIVE", U26="SPARE-ISSUE","SPARE-ISSUE", U26="Fiber CAmtel","ACTIVE", U26="Fiber AOF","ACTIVE", U26="Projet OCM (HUAWEI)","PLANNED WORKS", U26="Projet OCM (NOKIA)","PLANNED WORKS", U26="ACCESS-ISSUE","ACCESS-ISSUE", U26="Projet OCM (ZTE, NOKIA, autres projets)","PLANNED WORKS", U26="No root CAuse","No root cause", U26="ODU HS","ACTIVE", U26="IP & VLAN","ACTIVE", U26="Warehouse HUAWEI","SPARE-ISSUE", U26="SPARE-HS","SPARE-ISSUE", U26="Power Telco","ACTIVE", U26="no impacts","no impacts" ),"")} | W26: Access Issue, Demande d'accès au pylone de Camtel effectué vers Orange | X26: Restore Access on site and Awaiting OCM's feedback | Z26: OCM | AA26: Ongoing | AB26: (04/23/2026 ocm ran 18h): -23.04.26; Demande d'accès au pylone de Camtel effectué vers Orange. En attente de la validation de l'accès 22.04.26; Demande d'accès au pylone de Camtel effectué vers Orange. En attente de la validation de l'accès 21.04.26; Pylone de Camtel. Demande d'accès en cours pour des travaux en hauteur 21.04.26; Lien Ntui<>Batchenga-Nachtigal à réaligner pour gagner 20 dbm; FME Apiang en route pour le site, ETA=16H UTC 20/04/2026 Besoin d'un fme sur site pour verifier le status du MPR et la chaine antennaire de L ODU fme apiang activé ..(04/23/2026 ocm ran 17h): -23.04.26; Demande d'accès au pylone de Camtel effectué vers Orange. En attente de la validation de l'accès 22.04.26; Demande d'accès au pylone de Camtel effectué vers Orange. En attente de la validation de l'accès 21.04.26; Pylone de Camtel. Demande d'accès en cours pour des travaux en hauteur 21.04.26; Lien Ntui<>Batchenga-Nachtigal à réaligner pour gagner 20 dbm; FME Apiang en route pour le site, ETA=16H UTC 20/04/2026 Besoin d'un fme sur site pour verifier le status du MPR et la chaine antennaire de L ODU fme apiang activé ..(04/23/2026 ocm ran 13h): -23.04.26; Demande d'accès au pylone de Camtel effectué vers Orange. En attente de la validation de l'accès 22.04.26; Demande d'accès au pylone de Camtel effectué vers Orange. En attente de la validation de l'accès 21.04.26; Pylone de Camtel. Demande d'accès en cours pour des travaux en hauteur 21.04.26; Lien Ntui<>Batchenga-Nachtigal à réaligner pour gagner 20 dbm; FME Apiang en route pour le site, ETA=16H UTC 20/04/2026 Besoin d'un fme sur site pour verifier le status du MPR et la chaine antennaire de L ODU fme apiang activé ..INC-20260423-00007544…impacté par Les RSL NTUI BACHENGA trop degradés: -70dbm, Travaux de repointage effectués du coté de bachenga nachtigal sans succes, Les Travaux de repointage doivent egalement etre effectués du cote de NTUI pour remonter Le site..23.04.26; Demande d'accès au pylone de Camtel effectué vers Orange. En attente de la validation de l'accès 22.04.26; Demande d'accès au pylone de Camtel effectué vers Orange. En attente de la validation de l'accès 21.04.26; Pylone de Camtel. Demande d'accès en cours pour des travaux en hauteur 21.04.26; Lien Ntui<>Batchenga-Nachtigal à réaligner pour gagner 20 dbm; FME Apiang en route pour le site, ETA=16H UTC 20/04/2026 Besoin d'un fme sur site pour verifier le status du MPR et la chaine antennaire de L ODU fme apiang activé | AE26: 23.04.26; Demande d'accès au pylone de Camtel effectué vers Orange. En attente de la validation de l'accès 22.04.26; Demande d'accès au pylone de Camtel effectué vers Orange. En attente de la validation de l'accès 21.04.26; Pylone de Camtel. Demande d'accès en cours pour des travaux en hauteur 21.04.26; Lien Ntui<>Batchenga-Nachtigal à réaligner pour gagner 20 dbm; FME Apiang en route pour le site, ETA=16H UTC 20/04/2026 Besoin d'un fme sur site pour verifier le status du MPR et la chaine antennaire de L ODU fme apiang activé | AR26: (04/23/2026 ocm ran 18h): -23.04.26; Demande d'accès au pylone de Camtel effectué vers Orange. En attente de la validation de l'accès 22.04.26; Demande d'accès au pylone de Camtel effectué vers Orange. En attente de la validation de l'accès 21.04.26; Pylone de Camtel. Demande d'accès en cours pour des travaux en hauteur 21.04.26; Lien Ntui<>Batchenga-Nachtigal à réaligner pour gagner 20 dbm; FME Apiang en route pour le site, ETA=16H UTC 20/04/2026 Besoin d'un fme sur site pour verifier le status du MPR et la chaine antennaire de L ODU fme apiang activé | AS26: (04/23/2026 ocm ran 17h): -23.04.26; Demande d'accès au pylone de Camtel effectué vers Orange. En attente de la validation de l'accès 22.04.26; Demande d'accès au pylone de Camtel effectué vers Orange. En attente de la validation de l'accès 21.04.26; Pylone de Camtel. Demande d'accès en cours pour des travaux en hauteur 21.04.26; Lien Ntui<>Batchenga-Nachtigal à réaligner pour gagner 20 dbm; FME Apiang en route pour le site, ETA=16H UTC 20/04/2026 Besoin d'un fme sur site pour verifier le status du MPR et la chaine antennaire de L ODU fme apiang activé | AT26: (04/23/2026 ocm ran 13h): -23.04.26; Demande d'accès au pylone de Camtel effectué vers Orange. En attente de la validation de l'accès 22.04.26; Demande d'accès au pylone de Camtel effectué vers Orange. En attente de la validation de l'accès 21.04.26; Pylone de Camtel. Demande d'accès en cours pour des travaux en hauteur 21.04.26; Lien Ntui<>Batchenga-Nachtigal à réaligner pour gagner 20 dbm; FME Apiang en route pour le site, ETA=16H UTC 20/04/2026 Besoin d'un fme sur site pour verifier le status du MPR et la chaine antennaire de L ODU fme apiang activé | AU26: INC-20260423-00007544…impacté par Les RSL NTUI BACHENGA trop degradés: -70dbm, Travaux de repointage effectués du coté de bachenga nachtigal sans succes, Les Travaux de repointage doivent egalement etre effectués du cote de NTUI pour remonter Le site | AX26: =_xlfn.XLOOKUP(B26,'[4]cell downs 18042026 17h'!$B:$B,'[4]cell downs 18042026 17h'!$B:$B,"") | AY26: =_xlfn.XLOOKUP(B26,'[5]Cells Huawei 19042026 15h'!$B:$B,'[5]Cells Huawei 19042026 15h'!$B:$B,"") | AZ26: =_xlfn.XLOOKUP(B26,'INCIDENT-04-23-2026'!E:E,'INCIDENT-04-23-2026'!F:F,"") | BA26: =_xlfn.XLOOKUP(B26,'[6]Eneo 17H'!$C:$C,'[6]Eneo 17H'!$I:$I,"") | BB26: =_xlfn.XLOOKUP(B26,[8]ALL!$B:$B,[8]ALL!$M:$M,"") -> 23.04.26; Demande d'accès au pylone de Camtel effectué vers Orange. En attente de la validation de l'accès 22.04.26; Demande d'accès au pylone de Camtel effectué vers Orange. En attente de la validation de l'accès 21.04.26; Pylone de Camtel. Demande d'accès en cours pour des travaux en hauteur 21.04.26; Lien Ntui<>Batchenga-Nachtigal à réaligner pour gagner 20 dbm; FME Apiang en route pour le site, ETA=16H UTC 20/04/2026 Besoin d'un fme sur site pour verifier le status du MPR et la chaine antennaire de L ODU fme apiang activé | BC26: =_xlfn.XLOOKUP(B26,'[6]Eneo 17H'!$C:$C,'[6]Eneo 17H'!$I:$I,"") | BD26: =_xlfn.XLOOKUP(B26,'[7]Eneo 12H'!$C:$C,'[7]Eneo 12H'!$I:$I,"") | BE26: INC-20260420-00012831…2026-04-21 01:11:29…The FME should reset the MPR as it is impossible to open equipement view…power issue on the site, Les equipments ne sont Pas alimentés
A27: Dschang-St-Augustin | B27: OST_084 | C27: =_xlfn.XLOOKUP(B27,'[1]daily break down'!$D:$D,'[1]daily break down'!$E:$E,"") -> OUEST | D27: IHS | E27: Grid-Gen | F27: OUEST | G27: Dschang | H27: =_xlfn.XLOOKUP(B27,[2]CALCULATION!$B:$B,[2]CALCULATION!$H:$H,"") -> Huawei | I27: 5.4113411 | J27: 9.5367374 | K27: 16.939543 | L27: 18.491409 | M27: 21.452692 | N27: 18.491142 | O27: 34.493487 | P27: REPETITIF | Q27: Operationnel | S27: {=IFERROR(_xlfn.IFS( U27="MPR ISSUE","PDH", U27="BSS Hardware Issue","BSS", U27="Sites strategiques, MLL, Pylone, etc.","ENVTECH", U27="AKTIVCO DEFAUT GE & POWER Cabinet","AKTIVCO", U27="AKTIVCO Coupure ENEO & Baisse de tension","AKTIVCO GRID ONLY", U27="Coupure ENEO & Baisse de tension","IHS GRID ONLY", U27="Defaut GE & POWER Cabinet","IHS", U27="Sharing","Partners", U27="Sites strategiques & DataCenter","SST & DC", U27="Exclu","Exclu", U27="SAT","SAT", U27="SPARE-ISSUE","SPARE-ISSUE", U27="Fiber CAmtel","TRANS_FO_CAMTEL", U27="Fiber AOF","Fiber AOF", U27="Projet OCM (HUAWEI)","TRAVAUX-HUAWEI", U27="Projet OCM (NOKIA)","TRAVAUX-NOKIA", U27="ACCESS-ISSUE","ACCESS-ISSUE", U27="Projet OCM (ZTE, NOKIA, autres projets)","TRAVAUX OCM", U27="No root CAuse","No root cause", U27="ODU HS","PDH", U27="IP & VLAN","PDH", U27="Warehouse HUAWEI","SPARE-ISSUE", U27="SPARE-HS","SPARE-ISSUE", U27="Power Telco","BSS",U27="no impacts","no impacts" ),"")} | T27: {=IFERROR(_xlfn.IFS( U27="MPR ISSUE","TX ISSUE", U27="BSS Hardware Issue","RAN ISSUE", U27="Sites strategiques, MLL, Pylone, etc.","ENVTECH", U27="AKTIVCO DEFAUT GE & POWER Cabinet","POWER ISSUE", U27="AKTIVCO Coupure ENEO & Baisse de tension","POWER ISSUE", U27="Coupure ENEO & Baisse de tension","POWER ISSUE", U27="Defaut GE & POWER Cabinet","POWER ISSUE", U27="Sharing","POWER ISSUE", U27="Sites strategiques & DataCenter","POWER ISSUE", U27="Exclu","Exclu", U27="SAT","TX ISSUE", U27="SPARE-ISSUE","SPARE-ISSUE", U27="Fiber CAmtel","TX ISSUE", U27="Fiber AOF","TX ISSUE", U27="Projet OCM (HUAWEI)","TRAVAUX-HUAWEI", U27="Projet OCM (NOKIA)","TRAVAUX -NOKIA", U27="ACCESS-ISSUE","ACCESS-ISSUE", U27="Projet OCM (ZTE, NOKIA, autres projets)","TRAVAUX OCM", U27="No root CAuse","No root cause", U27="ODU HS","TX ISSUE", U27="IP & VLAN","TX ISSUE", U27="Warehouse HUAWEI","SPARE-ISSUE", U27="SPARE-HS","SPARE-ISSUE", U27="Power Telco","RAN ISSUE",U27="no impacts","no impacts" ),"")} | V27: {=IFERROR(_xlfn.IFS( U27="MPR ISSUE","ACTIVE", U27="BSS Hardware Issue","ACTIVE", U27="Sites strategiques, MLL, Pylone, etc.","PASSIVE", U27="AKTIVCO DEFAUT GE & POWER Cabinet","PASSIVE", U27="AKTIVCO Coupure ENEO & Baisse de tension","PASSIVE", U27="Coupure ENEO & Baisse de tension","PASSIVE", U27="Defaut GE & POWER Cabinet","PASSIVE", U27="Sharing","PASSIVE", U27="Sites strategiques & DataCenter","PASSIVE", U27="Exclu","Exclu", U27="SAT","ACTIVE", U27="SPARE-ISSUE","SPARE-ISSUE", U27="Fiber CAmtel","ACTIVE", U27="Fiber AOF","ACTIVE", U27="Projet OCM (HUAWEI)","PLANNED WORKS", U27="Projet OCM (NOKIA)","PLANNED WORKS", U27="ACCESS-ISSUE","ACCESS-ISSUE", U27="Projet OCM (ZTE, NOKIA, autres projets)","PLANNED WORKS", U27="No root CAuse","No root cause", U27="ODU HS","ACTIVE", U27="IP & VLAN","ACTIVE", U27="Warehouse HUAWEI","SPARE-ISSUE", U27="SPARE-HS","SPARE-ISSUE", U27="Power Telco","ACTIVE", U27="no impacts","no impacts" ),"")} | W27: Gen and PWC Overload | X27: Fix Gen and upgrade PWC | Z27: IHS | AA27: Ongoing | AB27: (04/23/2026 hourly IHS):-51:40:27-Grid outage//Gen and PWC Overload...(04/23/2026 ocm ran 13h): -23.04.26: IHS: Gen and PWC Overload - Escalated to L4 22/04/2026 Gen and PWC Overload - Escalated to L3 21/04/2026 Gen and PWC Overload...23/04/2026 IHS : grid outage gen overload | AE27: 23/04/2026 IHS : grid outage gen overload | AH27: (04/23/2026 hourly IHS):-51:40:27-Grid outage//Gen and PWC Overload. | AT27: (04/23/2026 ocm ran 13h): -23.04.26: IHS: Gen and PWC Overload - Escalated to L4 22/04/2026 Gen and PWC Overload - Escalated to L3 21/04/2026 Gen and PWC Overload. | AX27: =_xlfn.XLOOKUP(B27,'[4]cell downs 18042026 17h'!$B:$B,'[4]cell downs 18042026 17h'!$B:$B,"") | AY27: =_xlfn.XLOOKUP(B27,'[5]Cells Huawei 19042026 15h'!$B:$B,'[5]Cells Huawei 19042026 15h'!$B:$B,"") | AZ27: =_xlfn.XLOOKUP(B27,'INCIDENT-04-23-2026'!E:E,'INCIDENT-04-23-2026'!F:F,"") | BA27: =_xlfn.XLOOKUP(B27,'[6]Eneo 17H'!$C:$C,'[6]Eneo 17H'!$I:$I,"") | BB27: =_xlfn.XLOOKUP(B27,[8]ALL!$B:$B,[8]ALL!$M:$M,"") -> 23/04/2026 IHS : grid outage gen overload | BC27: =_xlfn.XLOOKUP(B27,'[6]Eneo 17H'!$C:$C,'[6]Eneo 17H'!$I:$I,"") | BD27: =_xlfn.XLOOKUP(B27,'[7]Eneo 12H'!$C:$C,'[7]Eneo 12H'!$I:$I,"") | BE27: PWC overload. // Awaitng Load stabilized...;..;20.04.26; IHS; IHS; PWC overload. Awaiting load stabilization - Escalated to L3 19.04.26; IHS; IHS; PWC overload. Awaiting load stabilization - Escalated to L2..;..;20.04.26; IHS; IHS; PWC overload. Awaiting load stabilization - Escalated to L3 19.04.26; IHS; IHS; PWC overload. Awaiting load stabilization - Escalated to L2..;..;20.04.26; IHS; IHS; PWC overload. Awaiting load stabilization - Escalated to L3 19.04.26; IHS; IHS; PWC overload. Awaiting load stabilization - Escalated to L2..;..;20.04.26; IHS; IHS; PWC overload. Awaiting load stabilization - Escalated to L3 19.04.26; IHS; IHS; PWC overload. Awaiting load stabilization - Escalated to L2
A28: Buea-Low-Boduma-MTN | B28: SUO_170 | C28: =_xlfn.XLOOKUP(B28,'[1]daily break down'!$D:$D,'[1]daily break down'!$E:$E,"") -> SUD-OUEST | D28: MTN sharing | F28: SUD-OUEST | G28: Buea | H28: =_xlfn.XLOOKUP(B28,[2]CALCULATION!$B:$B,[2]CALCULATION!$H:$H,"") -> Huawei | I28: 2.9451065 | J28: 4.6449321 | K28: 4.7368185 | L28: 7.5930171 | M28: 7.7830498 | N28: 5.3052581 | O28: 7.363658 | P28: REPETITIF | Q28: Operationnel | S28: {=IFERROR(_xlfn.IFS( U28="MPR ISSUE","PDH", U28="BSS Hardware Issue","BSS", U28="Sites strategiques, MLL, Pylone, etc.","ENVTECH", U28="AKTIVCO DEFAUT GE & POWER Cabinet","AKTIVCO", U28="AKTIVCO Coupure ENEO & Baisse de tension","AKTIVCO GRID ONLY", U28="Coupure ENEO & Baisse de tension","IHS GRID ONLY", U28="Defaut GE & POWER Cabinet","IHS", U28="Sharing","Partners", U28="Sites strategiques & DataCenter","SST & DC", U28="Exclu","Exclu", U28="SAT","SAT", U28="SPARE-ISSUE","SPARE-ISSUE", U28="Fiber CAmtel","TRANS_FO_CAMTEL", U28="Fiber AOF","Fiber AOF", U28="Projet OCM (HUAWEI)","TRAVAUX-HUAWEI", U28="Projet OCM (NOKIA)","TRAVAUX-NOKIA", U28="ACCESS-ISSUE","ACCESS-ISSUE", U28="Projet OCM (ZTE, NOKIA, autres projets)","TRAVAUX OCM", U28="No root CAuse","No root cause", U28="ODU HS","PDH", U28="IP & VLAN","PDH", U28="Warehouse HUAWEI","SPARE-ISSUE", U28="SPARE-HS","SPARE-ISSUE", U28="Power Telco","BSS",U28="no impacts","no impacts" ),"")} | T28: {=IFERROR(_xlfn.IFS( U28="MPR ISSUE","TX ISSUE", U28="BSS Hardware Issue","RAN ISSUE", U28="Sites strategiques, MLL, Pylone, etc.","ENVTECH", U28="AKTIVCO DEFAUT GE & POWER Cabinet","POWER ISSUE", U28="AKTIVCO Coupure ENEO & Baisse de tension","POWER ISSUE", U28="Coupure ENEO & Baisse de tension","POWER ISSUE", U28="Defaut GE & POWER Cabinet","POWER ISSUE", U28="Sharing","POWER ISSUE", U28="Sites strategiques & DataCenter","POWER ISSUE", U28="Exclu","Exclu", U28="SAT","TX ISSUE", U28="SPARE-ISSUE","SPARE-ISSUE", U28="Fiber CAmtel","TX ISSUE", U28="Fiber AOF","TX ISSUE", U28="Projet OCM (HUAWEI)","TRAVAUX-HUAWEI", U28="Projet OCM (NOKIA)","TRAVAUX -NOKIA", U28="ACCESS-ISSUE","ACCESS-ISSUE", U28="Projet OCM (ZTE, NOKIA, autres projets)","TRAVAUX OCM", U28="No root CAuse","No root cause", U28="ODU HS","TX ISSUE", U28="IP & VLAN","TX ISSUE", U28="Warehouse HUAWEI","SPARE-ISSUE", U28="SPARE-HS","SPARE-ISSUE", U28="Power Telco","RAN ISSUE",U28="no impacts","no impacts" ),"")} | V28: {=IFERROR(_xlfn.IFS( U28="MPR ISSUE","ACTIVE", U28="BSS Hardware Issue","ACTIVE", U28="Sites strategiques, MLL, Pylone, etc.","PASSIVE", U28="AKTIVCO DEFAUT GE & POWER Cabinet","PASSIVE", U28="AKTIVCO Coupure ENEO & Baisse de tension","PASSIVE", U28="Coupure ENEO & Baisse de tension","PASSIVE", U28="Defaut GE & POWER Cabinet","PASSIVE", U28="Sharing","PASSIVE", U28="Sites strategiques & DataCenter","PASSIVE", U28="Exclu","Exclu", U28="SAT","ACTIVE", U28="SPARE-ISSUE","SPARE-ISSUE", U28="Fiber CAmtel","ACTIVE", U28="Fiber AOF","ACTIVE", U28="Projet OCM (HUAWEI)","PLANNED WORKS", U28="Projet OCM (NOKIA)","PLANNED WORKS", U28="ACCESS-ISSUE","ACCESS-ISSUE", U28="Projet OCM (ZTE, NOKIA, autres projets)","PLANNED WORKS", U28="No root CAuse","No root cause", U28="ODU HS","ACTIVE", U28="IP & VLAN","ACTIVE", U28="Warehouse HUAWEI","SPARE-ISSUE", U28="SPARE-HS","SPARE-ISSUE", U28="Power Telco","ACTIVE", U28="no impacts","no impacts" ),"")} | W28: Need BO Tx analysis | X28: Awaiting BO TX analysis | Z28: BO TX | AA28: Ongoing | AB28: SUO_170 | AX28: =_xlfn.XLOOKUP(B28,'[4]cell downs 18042026 17h'!$B:$B,'[4]cell downs 18042026 17h'!$B:$B,"") | AY28: =_xlfn.XLOOKUP(B28,'[5]Cells Huawei 19042026 15h'!$B:$B,'[5]Cells Huawei 19042026 15h'!$B:$B,"") -> SUO_170 | AZ28: =_xlfn.XLOOKUP(B28,'INCIDENT-04-23-2026'!E:E,'INCIDENT-04-23-2026'!F:F,"") | BA28: =_xlfn.XLOOKUP(B28,'[6]Eneo 17H'!$C:$C,'[6]Eneo 17H'!$I:$I,"") | BC28: =_xlfn.XLOOKUP(B28,'[6]Eneo 17H'!$C:$C,'[6]Eneo 17H'!$I:$I,"") | BD28: =_xlfn.XLOOKUP(B28,'[7]Eneo 12H'!$C:$C,'[7]Eneo 12H'!$I:$I,"") | BE28: Power status check ongoing..;..;Power status check ongoing
A29: Nkolda-II | B29: CTR_776 | C29: =_xlfn.XLOOKUP(B29,'[1]daily break down'!$D:$D,'[1]daily break down'!$E:$E,"") -> Yaounde | D29: CAMUSAT | E29: Good Grid no GE - 8h | F29: CENTRE | G29: Yaounde | H29: =_xlfn.XLOOKUP(B29,[2]CALCULATION!$B:$B,[2]CALCULATION!$H:$H,"") -> ZTE | I29: 1.595651 | J29: 8.3974504 | K29: 17.828212 | L29: 7.0889621 | M29: 7.2796726 | N29: 18.090958 | O29: 14.677253 | P29: REPETITIF | Q29: Operationnel | S29: {=IFERROR(_xlfn.IFS( U29="MPR ISSUE","PDH", U29="BSS Hardware Issue","BSS", U29="Sites strategiques, MLL, Pylone, etc.","ENVTECH", U29="AKTIVCO DEFAUT GE & POWER Cabinet","AKTIVCO", U29="AKTIVCO Coupure ENEO & Baisse de tension","AKTIVCO GRID ONLY", U29="Coupure ENEO & Baisse de tension","IHS GRID ONLY", U29="Defaut GE & POWER Cabinet","IHS", U29="Sharing","Partners", U29="Sites strategiques & DataCenter","SST & DC", U29="Exclu","Exclu", U29="SAT","SAT", U29="SPARE-ISSUE","SPARE-ISSUE", U29="Fiber CAmtel","TRANS_FO_CAMTEL", U29="Fiber AOF","Fiber AOF", U29="Projet OCM (HUAWEI)","TRAVAUX-HUAWEI", U29="Projet OCM (NOKIA)","TRAVAUX-NOKIA", U29="ACCESS-ISSUE","ACCESS-ISSUE", U29="Projet OCM (ZTE, NOKIA, autres projets)","TRAVAUX OCM", U29="No root CAuse","No root cause", U29="ODU HS","PDH", U29="IP & VLAN","PDH", U29="Warehouse HUAWEI","SPARE-ISSUE", U29="SPARE-HS","SPARE-ISSUE", U29="Power Telco","BSS",U29="no impacts","no impacts" ),"")} | T29: {=IFERROR(_xlfn.IFS( U29="MPR ISSUE","TX ISSUE", U29="BSS Hardware Issue","RAN ISSUE", U29="Sites strategiques, MLL, Pylone, etc.","ENVTECH", U29="AKTIVCO DEFAUT GE & POWER Cabinet","POWER ISSUE", U29="AKTIVCO Coupure ENEO & Baisse de tension","POWER ISSUE", U29="Coupure ENEO & Baisse de tension","POWER ISSUE", U29="Defaut GE & POWER Cabinet","POWER ISSUE", U29="Sharing","POWER ISSUE", U29="Sites strategiques & DataCenter","POWER ISSUE", U29="Exclu","Exclu", U29="SAT","TX ISSUE", U29="SPARE-ISSUE","SPARE-ISSUE", U29="Fiber CAmtel","TX ISSUE", U29="Fiber AOF","TX ISSUE", U29="Projet OCM (HUAWEI)","TRAVAUX-HUAWEI", U29="Projet OCM (NOKIA)","TRAVAUX -NOKIA", U29="ACCESS-ISSUE","ACCESS-ISSUE", U29="Projet OCM (ZTE, NOKIA, autres projets)","TRAVAUX OCM", U29="No root CAuse","No root cause", U29="ODU HS","TX ISSUE", U29="IP & VLAN","TX ISSUE", U29="Warehouse HUAWEI","SPARE-ISSUE", U29="SPARE-HS","SPARE-ISSUE", U29="Power Telco","RAN ISSUE",U29="no impacts","no impacts" ),"")} | V29: {=IFERROR(_xlfn.IFS( U29="MPR ISSUE","ACTIVE", U29="BSS Hardware Issue","ACTIVE", U29="Sites strategiques, MLL, Pylone, etc.","PASSIVE", U29="AKTIVCO DEFAUT GE & POWER Cabinet","PASSIVE", U29="AKTIVCO Coupure ENEO & Baisse de tension","PASSIVE", U29="Coupure ENEO & Baisse de tension","PASSIVE", U29="Defaut GE & POWER Cabinet","PASSIVE", U29="Sharing","PASSIVE", U29="Sites strategiques & DataCenter","PASSIVE", U29="Exclu","Exclu", U29="SAT","ACTIVE", U29="SPARE-ISSUE","SPARE-ISSUE", U29="Fiber CAmtel","ACTIVE", U29="Fiber AOF","ACTIVE", U29="Projet OCM (HUAWEI)","PLANNED WORKS", U29="Projet OCM (NOKIA)","PLANNED WORKS", U29="ACCESS-ISSUE","ACCESS-ISSUE", U29="Projet OCM (ZTE, NOKIA, autres projets)","PLANNED WORKS", U29="No root CAuse","No root cause", U29="ODU HS","ACTIVE", U29="IP & VLAN","ACTIVE", U29="Warehouse HUAWEI","SPARE-ISSUE", U29="SPARE-HS","SPARE-ISSUE", U29="Power Telco","ACTIVE", U29="no impacts","no impacts" ),"")} | W29: Grid outage, Grid only site | X29: Awaiting Grid return | Y29: =_xlfn.XLOOKUP(B24,[9]ALL!$B:$B,[9]ALL!$N:$N,"") | Z29: CAMUSAT | AA29: Ongoing | AB29: INC-20260423-00021735..23.04.26: Grid outage, Grid only site / Grid return awaited - Escalade L3 | AE29: 23.04.26: Grid outage, Grid only site / Grid return awaited - Escalade L3 | AU29: INC-20260423-00021735 | AX29: =_xlfn.XLOOKUP(B29,'[4]cell downs 18042026 17h'!$B:$B,'[4]cell downs 18042026 17h'!$B:$B,"") | AY29: =_xlfn.XLOOKUP(B29,'[5]Cells Huawei 19042026 15h'!$B:$B,'[5]Cells Huawei 19042026 15h'!$B:$B,"") | AZ29: =_xlfn.XLOOKUP(B29,'INCIDENT-04-23-2026'!E:E,'INCIDENT-04-23-2026'!F:F,"") | BA29: =_xlfn.XLOOKUP(B29,'[6]Eneo 17H'!$C:$C,'[6]Eneo 17H'!$I:$I,"") | BB29: =_xlfn.XLOOKUP(B29,[8]ALL!$B:$B,[8]ALL!$M:$M,"") -> 23.04.26: Grid outage, Grid only site / Grid return awaited - Escalade L3 | BC29: =_xlfn.XLOOKUP(B29,'[6]Eneo 17H'!$C:$C,'[6]Eneo 17H'!$I:$I,"") | BD29: =_xlfn.XLOOKUP(B29,'[7]Eneo 12H'!$C:$C,'[7]Eneo 12H'!$I:$I,"") | BE29: Power status check ongoing..;..;INC-20260420-00015302..;..;19.04.26; Camusat; Grid outage, Grid only site / Grid return awaited - L2
A30: PK10-Genie-Militaire | B30: LIT_447 | C30: =_xlfn.XLOOKUP(B30,'[1]daily break down'!$D:$D,'[1]daily break down'!$E:$E,"") -> Douala | D30: IHS | E30: Grid-Gen | F30: LITTORAL | G30: Douala | H30: =_xlfn.XLOOKUP(B30,[2]CALCULATION!$B:$B,[2]CALCULATION!$H:$H,"") -> ZTE | I30: 9.5670392 | J30: 0 | K30: 0.68156752 | L30: 0 | M30: 1.0392322 | N30: 4.6752518 | O30: 6.0466088 | P30: REPETITIF | Q30: Operationnel | S30: {=IFERROR(_xlfn.IFS( U30="MPR ISSUE","PDH", U30="BSS Hardware Issue","BSS", U30="Sites strategiques, MLL, Pylone, etc.","ENVTECH", U30="AKTIVCO DEFAUT GE & POWER Cabinet","AKTIVCO", U30="AKTIVCO Coupure ENEO & Baisse de tension","AKTIVCO GRID ONLY", U30="Coupure ENEO & Baisse de tension","IHS GRID ONLY", U30="Defaut GE & POWER Cabinet","IHS", U30="Sharing","Partners", U30="Sites strategiques & DataCenter","SST & DC", U30="Exclu","Exclu", U30="SAT","SAT", U30="SPARE-ISSUE","SPARE-ISSUE", U30="Fiber CAmtel","TRANS_FO_CAMTEL", U30="Fiber AOF","Fiber AOF", U30="Projet OCM (HUAWEI)","TRAVAUX-HUAWEI", U30="Projet OCM (NOKIA)","TRAVAUX-NOKIA", U30="ACCESS-ISSUE","ACCESS-ISSUE", U30="Projet OCM (ZTE, NOKIA, autres projets)","TRAVAUX OCM", U30="No root CAuse","No root cause", U30="ODU HS","PDH", U30="IP & VLAN","PDH", U30="Warehouse HUAWEI","SPARE-ISSUE", U30="SPARE-HS","SPARE-ISSUE", U30="Power Telco","BSS",U30="no impacts","no impacts" ),"")} | T30: {=IFERROR(_xlfn.IFS( U30="MPR ISSUE","TX ISSUE", U30="BSS Hardware Issue","RAN ISSUE", U30="Sites strategiques, MLL, Pylone, etc.","ENVTECH", U30="AKTIVCO DEFAUT GE & POWER Cabinet","POWER ISSUE", U30="AKTIVCO Coupure ENEO & Baisse de tension","POWER ISSUE", U30="Coupure ENEO & Baisse de tension","POWER ISSUE", U30="Defaut GE & POWER Cabinet","POWER ISSUE", U30="Sharing","POWER ISSUE", U30="Sites strategiques & DataCenter","POWER ISSUE", U30="Exclu","Exclu", U30="SAT","TX ISSUE", U30="SPARE-ISSUE","SPARE-ISSUE", U30="Fiber CAmtel","TX ISSUE", U30="Fiber AOF","TX ISSUE", U30="Projet OCM (HUAWEI)","TRAVAUX-HUAWEI", U30="Projet OCM (NOKIA)","TRAVAUX -NOKIA", U30="ACCESS-ISSUE","ACCESS-ISSUE", U30="Projet OCM (ZTE, NOKIA, autres projets)","TRAVAUX OCM", U30="No root CAuse","No root cause", U30="ODU HS","TX ISSUE", U30="IP & VLAN","TX ISSUE", U30="Warehouse HUAWEI","SPARE-ISSUE", U30="SPARE-HS","SPARE-ISSUE", U30="Power Telco","RAN ISSUE",U30="no impacts","no impacts" ),"")} | V30: {=IFERROR(_xlfn.IFS( U30="MPR ISSUE","ACTIVE", U30="BSS Hardware Issue","ACTIVE", U30="Sites strategiques, MLL, Pylone, etc.","PASSIVE", U30="AKTIVCO DEFAUT GE & POWER Cabinet","PASSIVE", U30="AKTIVCO Coupure ENEO & Baisse de tension","PASSIVE", U30="Coupure ENEO & Baisse de tension","PASSIVE", U30="Defaut GE & POWER Cabinet","PASSIVE", U30="Sharing","PASSIVE", U30="Sites strategiques & DataCenter","PASSIVE", U30="Exclu","Exclu", U30="SAT","ACTIVE", U30="SPARE-ISSUE","SPARE-ISSUE", U30="Fiber CAmtel","ACTIVE", U30="Fiber AOF","ACTIVE", U30="Projet OCM (HUAWEI)","PLANNED WORKS", U30="Projet OCM (NOKIA)","PLANNED WORKS", U30="ACCESS-ISSUE","ACCESS-ISSUE", U30="Projet OCM (ZTE, NOKIA, autres projets)","PLANNED WORKS", U30="No root CAuse","No root cause", U30="ODU HS","ACTIVE", U30="IP & VLAN","ACTIVE", U30="Warehouse HUAWEI","SPARE-ISSUE", U30="SPARE-HS","SPARE-ISSUE", U30="Power Telco","ACTIVE", U30="no impacts","no impacts" ),"")} | W30: Need BO Tx analysis | X30: Awaiting BO TX analysis | Z30: BO TX | AA30: Ongoing | AX30: =_xlfn.XLOOKUP(B30,'[4]cell downs 18042026 17h'!$B:$B,'[4]cell downs 18042026 17h'!$B:$B,"") | AY30: =_xlfn.XLOOKUP(B30,'[5]Cells Huawei 19042026 15h'!$B:$B,'[5]Cells Huawei 19042026 15h'!$B:$B,"") | AZ30: =_xlfn.XLOOKUP(B30,'INCIDENT-04-23-2026'!E:E,'INCIDENT-04-23-2026'!F:F,"") | BA30: =_xlfn.XLOOKUP(B30,'[6]Eneo 17H'!$C:$C,'[6]Eneo 17H'!$I:$I,"") | BC30: =_xlfn.XLOOKUP(B30,'[6]Eneo 17H'!$C:$C,'[6]Eneo 17H'!$I:$I,"") | BD30: =_xlfn.XLOOKUP(B30,'[7]Eneo 12H'!$C:$C,'[7]Eneo 12H'!$I:$I,"")
A31: Kribi-Port-Eau-Profonde-IHS | B31: SUD_076 | C31: =_xlfn.XLOOKUP(B31,'[1]daily break down'!$D:$D,'[1]daily break down'!$E:$E,"") -> LITTORAL | D31: IHS | E31: Gen-Lithium | F31: SUD | G31: Kribi | H31: =_xlfn.XLOOKUP(B31,[2]CALCULATION!$B:$B,[2]CALCULATION!$H:$H,"") -> ZTE | I31: 0 | J31: 0 | K31: 0 | L31: 0 | M31: 0 | N31: 16.943253 | O31: 0 | P31: No impact | Q31: Operationnel | S31: {=IFERROR(_xlfn.IFS( U31="MPR ISSUE","PDH", U31="BSS Hardware Issue","BSS", U31="Sites strategiques, MLL, Pylone, etc.","ENVTECH", U31="AKTIVCO DEFAUT GE & POWER Cabinet","AKTIVCO", U31="AKTIVCO Coupure ENEO & Baisse de tension","AKTIVCO GRID ONLY", U31="Coupure ENEO & Baisse de tension","IHS GRID ONLY", U31="Defaut GE & POWER Cabinet","IHS", U31="Sharing","Partners", U31="Sites strategiques & DataCenter","SST & DC", U31="Exclu","Exclu", U31="SAT","SAT", U31="SPARE-ISSUE","SPARE-ISSUE", U31="Fiber CAmtel","TRANS_FO_CAMTEL", U31="Fiber AOF","Fiber AOF", U31="Projet OCM (HUAWEI)","TRAVAUX-HUAWEI", U31="Projet OCM (NOKIA)","TRAVAUX-NOKIA", U31="ACCESS-ISSUE","ACCESS-ISSUE", U31="Projet OCM (ZTE, NOKIA, autres projets)","TRAVAUX OCM", U31="No root CAuse","No root cause", U31="ODU HS","PDH", U31="IP & VLAN","PDH", U31="Warehouse HUAWEI","SPARE-ISSUE", U31="SPARE-HS","SPARE-ISSUE", U31="Power Telco","BSS",U31="no impacts","no impacts" ),"")} | T31: {=IFERROR(_xlfn.IFS( U31="MPR ISSUE","TX ISSUE", U31="BSS Hardware Issue","RAN ISSUE", U31="Sites strategiques, MLL, Pylone, etc.","ENVTECH", U31="AKTIVCO DEFAUT GE & POWER Cabinet","POWER ISSUE", U31="AKTIVCO Coupure ENEO & Baisse de tension","POWER ISSUE", U31="Coupure ENEO & Baisse de tension","POWER ISSUE", U31="Defaut GE & POWER Cabinet","POWER ISSUE", U31="Sharing","POWER ISSUE", U31="Sites strategiques & DataCenter","POWER ISSUE", U31="Exclu","Exclu", U31="SAT","TX ISSUE", U31="SPARE-ISSUE","SPARE-ISSUE", U31="Fiber CAmtel","TX ISSUE", U31="Fiber AOF","TX ISSUE", U31="Projet OCM (HUAWEI)","TRAVAUX-HUAWEI", U31="Projet OCM (NOKIA)","TRAVAUX -NOKIA", U31="ACCESS-ISSUE","ACCESS-ISSUE", U31="Projet OCM (ZTE, NOKIA, autres projets)","TRAVAUX OCM", U31="No root CAuse","No root cause", U31="ODU HS","TX ISSUE", U31="IP & VLAN","TX ISSUE", U31="Warehouse HUAWEI","SPARE-ISSUE", U31="SPARE-HS","SPARE-ISSUE", U31="Power Telco","RAN ISSUE",U31="no impacts","no impacts" ),"")} | V31: {=IFERROR(_xlfn.IFS( U31="MPR ISSUE","ACTIVE", U31="BSS Hardware Issue","ACTIVE", U31="Sites strategiques, MLL, Pylone, etc.","PASSIVE", U31="AKTIVCO DEFAUT GE & POWER Cabinet","PASSIVE", U31="AKTIVCO Coupure ENEO & Baisse de tension","PASSIVE", U31="Coupure ENEO & Baisse de tension","PASSIVE", U31="Defaut GE & POWER Cabinet","PASSIVE", U31="Sharing","PASSIVE", U31="Sites strategiques & DataCenter","PASSIVE", U31="Exclu","Exclu", U31="SAT","ACTIVE", U31="SPARE-ISSUE","SPARE-ISSUE", U31="Fiber CAmtel","ACTIVE", U31="Fiber AOF","ACTIVE", U31="Projet OCM (HUAWEI)","PLANNED WORKS", U31="Projet OCM (NOKIA)","PLANNED WORKS", U31="ACCESS-ISSUE","ACCESS-ISSUE", U31="Projet OCM (ZTE, NOKIA, autres projets)","PLANNED WORKS", U31="No root CAuse","No root cause", U31="ODU HS","ACTIVE", U31="IP & VLAN","ACTIVE", U31="Warehouse HUAWEI","SPARE-ISSUE", U31="SPARE-HS","SPARE-ISSUE", U31="Power Telco","ACTIVE", U31="no impacts","no impacts" ),"")} | AX31: =_xlfn.XLOOKUP(B31,'[4]cell downs 18042026 17h'!$B:$B,'[4]cell downs 18042026 17h'!$B:$B,"") | AY31: =_xlfn.XLOOKUP(B31,'[5]Cells Huawei 19042026 15h'!$B:$B,'[5]Cells Huawei 19042026 15h'!$B:$B,"") | AZ31: =_xlfn.XLOOKUP(B31,'INCIDENT-04-23-2026'!E:E,'INCIDENT-04-23-2026'!F:F,"") | BA31: =_xlfn.XLOOKUP(B31,'[6]Eneo 17H'!$C:$C,'[6]Eneo 17H'!$I:$I,"") | BB31: =_xlfn.XLOOKUP(B31,[8]ALL!$B:$B,[8]ALL!$M:$M,"") | BC31: =_xlfn.XLOOKUP(B31,'[6]Eneo 17H'!$C:$C,'[6]Eneo 17H'!$I:$I,"") | BD31: =_xlfn.XLOOKUP(B31,'[7]Eneo 12H'!$C:$C,'[7]Eneo 12H'!$I:$I,"")
A32: Dibamba | B32: LIT_583 | C32: =_xlfn.XLOOKUP(B32,'[1]daily break down'!$D:$D,'[1]daily break down'!$E:$E,"") -> LITTORAL | D32: CAMUSAT | E32: Good Grid + GE | F32: LITTORAL | G32: Dibamba | H32: =_xlfn.XLOOKUP(B32,[2]CALCULATION!$B:$B,[2]CALCULATION!$H:$H,"") -> ZTE | I32: 0 | J32: 0.019903947 | K32: 0 | L32: 0 | M32: 0 | N32: 16.667844 | O32: 0 | P32: No impact | Q32: Operationnel | S32: {=IFERROR(_xlfn.IFS( U32="MPR ISSUE","PDH", U32="BSS Hardware Issue","BSS", U32="Sites strategiques, MLL, Pylone, etc.","ENVTECH", U32="AKTIVCO DEFAUT GE & POWER Cabinet","AKTIVCO", U32="AKTIVCO Coupure ENEO & Baisse de tension","AKTIVCO GRID ONLY", U32="Coupure ENEO & Baisse de tension","IHS GRID ONLY", U32="Defaut GE & POWER Cabinet","IHS", U32="Sharing","Partners", U32="Sites strategiques & DataCenter","SST & DC", U32="Exclu","Exclu", U32="SAT","SAT", U32="SPARE-ISSUE","SPARE-ISSUE", U32="Fiber CAmtel","TRANS_FO_CAMTEL", U32="Fiber AOF","Fiber AOF", U32="Projet OCM (HUAWEI)","TRAVAUX-HUAWEI", U32="Projet OCM (NOKIA)","TRAVAUX-NOKIA", U32="ACCESS-ISSUE","ACCESS-ISSUE", U32="Projet OCM (ZTE, NOKIA, autres projets)","TRAVAUX OCM", U32="No root CAuse","No root cause", U32="ODU HS","PDH", U32="IP & VLAN","PDH", U32="Warehouse HUAWEI","SPARE-ISSUE", U32="SPARE-HS","SPARE-ISSUE", U32="Power Telco","BSS",U32="no impacts","no impacts" ),"")} | T32: {=IFERROR(_xlfn.IFS( U32="MPR ISSUE","TX ISSUE", U32="BSS Hardware Issue","RAN ISSUE", U32="Sites strategiques, MLL, Pylone, etc.","ENVTECH", U32="AKTIVCO DEFAUT GE & POWER Cabinet","POWER ISSUE", U32="AKTIVCO Coupure ENEO & Baisse de tension","POWER ISSUE", U32="Coupure ENEO & Baisse de tension","POWER ISSUE", U32="Defaut GE & POWER Cabinet","POWER ISSUE", U32="Sharing","POWER ISSUE", U32="Sites strategiques & DataCenter","POWER ISSUE", U32="Exclu","Exclu", U32="SAT","TX ISSUE", U32="SPARE-ISSUE","SPARE-ISSUE", U32="Fiber CAmtel","TX ISSUE", U32="Fiber AOF","TX ISSUE", U32="Projet OCM (HUAWEI)","TRAVAUX-HUAWEI", U32="Projet OCM (NOKIA)","TRAVAUX -NOKIA", U32="ACCESS-ISSUE","ACCESS-ISSUE", U32="Projet OCM (ZTE, NOKIA, autres projets)","TRAVAUX OCM", U32="No root CAuse","No root cause", U32="ODU HS","TX ISSUE", U32="IP & VLAN","TX ISSUE", U32="Warehouse HUAWEI","SPARE-ISSUE", U32="SPARE-HS","SPARE-ISSUE", U32="Power Telco","RAN ISSUE",U32="no impacts","no impacts" ),"")} | V32: {=IFERROR(_xlfn.IFS( U32="MPR ISSUE","ACTIVE", U32="BSS Hardware Issue","ACTIVE", U32="Sites strategiques, MLL, Pylone, etc.","PASSIVE", U32="AKTIVCO DEFAUT GE & POWER Cabinet","PASSIVE", U32="AKTIVCO Coupure ENEO & Baisse de tension","PASSIVE", U32="Coupure ENEO & Baisse de tension","PASSIVE", U32="Defaut GE & POWER Cabinet","PASSIVE", U32="Sharing","PASSIVE", U32="Sites strategiques & DataCenter","PASSIVE", U32="Exclu","Exclu", U32="SAT","ACTIVE", U32="SPARE-ISSUE","SPARE-ISSUE", U32="Fiber CAmtel","ACTIVE", U32="Fiber AOF","ACTIVE", U32="Projet OCM (HUAWEI)","PLANNED WORKS", U32="Projet OCM (NOKIA)","PLANNED WORKS", U32="ACCESS-ISSUE","ACCESS-ISSUE", U32="Projet OCM (ZTE, NOKIA, autres projets)","PLANNED WORKS", U32="No root CAuse","No root cause", U32="ODU HS","ACTIVE", U32="IP & VLAN","ACTIVE", U32="Warehouse HUAWEI","SPARE-ISSUE", U32="SPARE-HS","SPARE-ISSUE", U32="Power Telco","ACTIVE", U32="no impacts","no impacts" ),"")} | AX32: =_xlfn.XLOOKUP(B32,'[4]cell downs 18042026 17h'!$B:$B,'[4]cell downs 18042026 17h'!$B:$B,"") | AY32: =_xlfn.XLOOKUP(B32,'[5]Cells Huawei 19042026 15h'!$B:$B,'[5]Cells Huawei 19042026 15h'!$B:$B,"") | AZ32: =_xlfn.XLOOKUP(B32,'INCIDENT-04-23-2026'!E:E,'INCIDENT-04-23-2026'!F:F,"") | BA32: =_xlfn.XLOOKUP(B32,'[6]Eneo 17H'!$C:$C,'[6]Eneo 17H'!$I:$I,"") | BB32: =_xlfn.XLOOKUP(B32,[8]ALL!$B:$B,[8]ALL!$M:$M,"") | BC32: =_xlfn.XLOOKUP(B32,'[6]Eneo 17H'!$C:$C,'[6]Eneo 17H'!$I:$I,"") | BD32: =_xlfn.XLOOKUP(B32,'[7]Eneo 12H'!$C:$C,'[7]Eneo 12H'!$I:$I,"") | BE32: Contacteur ENEO faulty
A33: Bep-Universite | B33: LIT_265 | C33: =_xlfn.XLOOKUP(B33,'[1]daily break down'!$D:$D,'[1]daily break down'!$E:$E,"") -> Douala | D33: IHS | E33: Grid-Gen | F33: LITTORAL | G33: Douala | H33: =_xlfn.XLOOKUP(B33,[2]CALCULATION!$B:$B,[2]CALCULATION!$H:$H,"") -> ZTE | I33: 0 | J33: 0 | K33: 0 | L33: 0 | M33: 0 | N33: 16.420257 | O33: 0 | P33: No impact | Q33: Operationnel | S33: {=IFERROR(_xlfn.IFS( U33="MPR ISSUE","PDH", U33="BSS Hardware Issue","BSS", U33="Sites strategiques, MLL, Pylone, etc.","ENVTECH", U33="AKTIVCO DEFAUT GE & POWER Cabinet","AKTIVCO", U33="AKTIVCO Coupure ENEO & Baisse de tension","AKTIVCO GRID ONLY", U33="Coupure ENEO & Baisse de tension","IHS GRID ONLY", U33="Defaut GE & POWER Cabinet","IHS", U33="Sharing","Partners", U33="Sites strategiques & DataCenter","SST & DC", U33="Exclu","Exclu", U33="SAT","SAT", U33="SPARE-ISSUE","SPARE-ISSUE", U33="Fiber CAmtel","TRANS_FO_CAMTEL", U33="Fiber AOF","Fiber AOF", U33="Projet OCM (HUAWEI)","TRAVAUX-HUAWEI", U33="Projet OCM (NOKIA)","TRAVAUX-NOKIA", U33="ACCESS-ISSUE","ACCESS-ISSUE", U33="Projet OCM (ZTE, NOKIA, autres projets)","TRAVAUX OCM", U33="No root CAuse","No root cause", U33="ODU HS","PDH", U33="IP & VLAN","PDH", U33="Warehouse HUAWEI","SPARE-ISSUE", U33="SPARE-HS","SPARE-ISSUE", U33="Power Telco","BSS",U33="no impacts","no impacts" ),"")} | T33: {=IFERROR(_xlfn.IFS( U33="MPR ISSUE","TX ISSUE", U33="BSS Hardware Issue","RAN ISSUE", U33="Sites strategiques, MLL, Pylone, etc.","ENVTECH", U33="AKTIVCO DEFAUT GE & POWER Cabinet","POWER ISSUE", U33="AKTIVCO Coupure ENEO & Baisse de tension","POWER ISSUE", U33="Coupure ENEO & Baisse de tension","POWER ISSUE", U33="Defaut GE & POWER Cabinet","POWER ISSUE", U33="Sharing","POWER ISSUE", U33="Sites strategiques & DataCenter","POWER ISSUE", U33="Exclu","Exclu", U33="SAT","TX ISSUE", U33="SPARE-ISSUE","SPARE-ISSUE", U33="Fiber CAmtel","TX ISSUE", U33="Fiber AOF","TX ISSUE", U33="Projet OCM (HUAWEI)","TRAVAUX-HUAWEI", U33="Projet OCM (NOKIA)","TRAVAUX -NOKIA", U33="ACCESS-ISSUE","ACCESS-ISSUE", U33="Projet OCM (ZTE, NOKIA, autres projets)","TRAVAUX OCM", U33="No root CAuse","No root cause", U33="ODU HS","TX ISSUE", U33="IP & VLAN","TX ISSUE", U33="Warehouse HUAWEI","SPARE-ISSUE", U33="SPARE-HS","SPARE-ISSUE", U33="Power Telco","RAN ISSUE",U33="no impacts","no impacts" ),"")} | V33: {=IFERROR(_xlfn.IFS( U33="MPR ISSUE","ACTIVE", U33="BSS Hardware Issue","ACTIVE", U33="Sites strategiques, MLL, Pylone, etc.","PASSIVE", U33="AKTIVCO DEFAUT GE & POWER Cabinet","PASSIVE", U33="AKTIVCO Coupure ENEO & Baisse de tension","PASSIVE", U33="Coupure ENEO & Baisse de tension","PASSIVE", U33="Defaut GE & POWER Cabinet","PASSIVE", U33="Sharing","PASSIVE", U33="Sites strategiques & DataCenter","PASSIVE", U33="Exclu","Exclu", U33="SAT","ACTIVE", U33="SPARE-ISSUE","SPARE-ISSUE", U33="Fiber CAmtel","ACTIVE", U33="Fiber AOF","ACTIVE", U33="Projet OCM (HUAWEI)","PLANNED WORKS", U33="Projet OCM (NOKIA)","PLANNED WORKS", U33="ACCESS-ISSUE","ACCESS-ISSUE", U33="Projet OCM (ZTE, NOKIA, autres projets)","PLANNED WORKS", U33="No root CAuse","No root cause", U33="ODU HS","ACTIVE", U33="IP & VLAN","ACTIVE", U33="Warehouse HUAWEI","SPARE-ISSUE", U33="SPARE-HS","SPARE-ISSUE", U33="Power Telco","ACTIVE", U33="no impacts","no impacts" ),"")} | AX33: =_xlfn.XLOOKUP(B33,'[4]cell downs 18042026 17h'!$B:$B,'[4]cell downs 18042026 17h'!$B:$B,"") | AY33: =_xlfn.XLOOKUP(B33,'[5]Cells Huawei 19042026 15h'!$B:$B,'[5]Cells Huawei 19042026 15h'!$B:$B,"") | AZ33: =_xlfn.XLOOKUP(B33,'INCIDENT-04-23-2026'!E:E,'INCIDENT-04-23-2026'!F:F,"") | BA33: =_xlfn.XLOOKUP(B33,'[6]Eneo 17H'!$C:$C,'[6]Eneo 17H'!$I:$I,"") | BB33: =_xlfn.XLOOKUP(B33,[8]ALL!$B:$B,[8]ALL!$M:$M,"") | BC33: =_xlfn.XLOOKUP(B33,'[6]Eneo 17H'!$C:$C,'[6]Eneo 17H'!$I:$I,"") | BD33: =_xlfn.XLOOKUP(B33,'[7]Eneo 12H'!$C:$C,'[7]Eneo 12H'!$I:$I,"")
A34: Mboppi-New | B34: LIT_736 | C34: =_xlfn.XLOOKUP(B34,'[1]daily break down'!$D:$D,'[1]daily break down'!$E:$E,"") -> Douala | D34: CAMUSAT | E34: Good Grid no GE - 8h | F34: LITTORAL | G34: Douala | H34: =_xlfn.XLOOKUP(B34,[2]CALCULATION!$B:$B,[2]CALCULATION!$H:$H,"") -> ZTE | I34: 0 | J34: 0 | K34: 0 | L34: 45.003984 | M34: 0 | N34: 15.895692 | O34: 13.868557 | P34: REPETITIF | Q34: Operationnel | S34: {=IFERROR(_xlfn.IFS( U34="MPR ISSUE","PDH", U34="BSS Hardware Issue","BSS", U34="Sites strategiques, MLL, Pylone, etc.","ENVTECH", U34="AKTIVCO DEFAUT GE & POWER Cabinet","AKTIVCO", U34="AKTIVCO Coupure ENEO & Baisse de tension","AKTIVCO GRID ONLY", U34="Coupure ENEO & Baisse de tension","IHS GRID ONLY", U34="Defaut GE & POWER Cabinet","IHS", U34="Sharing","Partners", U34="Sites strategiques & DataCenter","SST & DC", U34="Exclu","Exclu", U34="SAT","SAT", U34="SPARE-ISSUE","SPARE-ISSUE", U34="Fiber CAmtel","TRANS_FO_CAMTEL", U34="Fiber AOF","Fiber AOF", U34="Projet OCM (HUAWEI)","TRAVAUX-HUAWEI", U34="Projet OCM (NOKIA)","TRAVAUX-NOKIA", U34="ACCESS-ISSUE","ACCESS-ISSUE", U34="Projet OCM (ZTE, NOKIA, autres projets)","TRAVAUX OCM", U34="No root CAuse","No root cause", U34="ODU HS","PDH", U34="IP & VLAN","PDH", U34="Warehouse HUAWEI","SPARE-ISSUE", U34="SPARE-HS","SPARE-ISSUE", U34="Power Telco","BSS",U34="no impacts","no impacts" ),"")} | T34: {=IFERROR(_xlfn.IFS( U34="MPR ISSUE","TX ISSUE", U34="BSS Hardware Issue","RAN ISSUE", U34="Sites strategiques, MLL, Pylone, etc.","ENVTECH", U34="AKTIVCO DEFAUT GE & POWER Cabinet","POWER ISSUE", U34="AKTIVCO Coupure ENEO & Baisse de tension","POWER ISSUE", U34="Coupure ENEO & Baisse de tension","POWER ISSUE", U34="Defaut GE & POWER Cabinet","POWER ISSUE", U34="Sharing","POWER ISSUE", U34="Sites strategiques & DataCenter","POWER ISSUE", U34="Exclu","Exclu", U34="SAT","TX ISSUE", U34="SPARE-ISSUE","SPARE-ISSUE", U34="Fiber CAmtel","TX ISSUE", U34="Fiber AOF","TX ISSUE", U34="Projet OCM (HUAWEI)","TRAVAUX-HUAWEI", U34="Projet OCM (NOKIA)","TRAVAUX -NOKIA", U34="ACCESS-ISSUE","ACCESS-ISSUE", U34="Projet OCM (ZTE, NOKIA, autres projets)","TRAVAUX OCM", U34="No root CAuse","No root cause", U34="ODU HS","TX ISSUE", U34="IP & VLAN","TX ISSUE", U34="Warehouse HUAWEI","SPARE-ISSUE", U34="SPARE-HS","SPARE-ISSUE", U34="Power Telco","RAN ISSUE",U34="no impacts","no impacts" ),"")} | V34: {=IFERROR(_xlfn.IFS( U34="MPR ISSUE","ACTIVE", U34="BSS Hardware Issue","ACTIVE", U34="Sites strategiques, MLL, Pylone, etc.","PASSIVE", U34="AKTIVCO DEFAUT GE & POWER Cabinet","PASSIVE", U34="AKTIVCO Coupure ENEO & Baisse de tension","PASSIVE", U34="Coupure ENEO & Baisse de tension","PASSIVE", U34="Defaut GE & POWER Cabinet","PASSIVE", U34="Sharing","PASSIVE", U34="Sites strategiques & DataCenter","PASSIVE", U34="Exclu","Exclu", U34="SAT","ACTIVE", U34="SPARE-ISSUE","SPARE-ISSUE", U34="Fiber CAmtel","ACTIVE", U34="Fiber AOF","ACTIVE", U34="Projet OCM (HUAWEI)","PLANNED WORKS", U34="Projet OCM (NOKIA)","PLANNED WORKS", U34="ACCESS-ISSUE","ACCESS-ISSUE", U34="Projet OCM (ZTE, NOKIA, autres projets)","PLANNED WORKS", U34="No root CAuse","No root cause", U34="ODU HS","ACTIVE", U34="IP & VLAN","ACTIVE", U34="Warehouse HUAWEI","SPARE-ISSUE", U34="SPARE-HS","SPARE-ISSUE", U34="Power Telco","ACTIVE", U34="no impacts","no impacts" ),"")} | W34: Grid outage, Grid only site | X34: Awaiting Grid return (Escalade L3) | Z34: =_xlfn.XLOOKUP(B29,[9]ALL!$B:$B,[9]ALL!$P:$P,"") -> CAMUSAT | AA34: Ongoing | AB34: (04/23/2026 ocm ran 18h): -23.04.26: Grid outage, Grid only site / Grid return awaited - Escalade L3..(04/23/2026 ocm ran 17h): -23.04.26: Grid outage, Grid only site / Grid return awaited - Escalade L3..(04/23/2026 ocm ran 13h): -23.04.26: Grid outage, Grid only site / Grid return awaited - Escalade L3..23.04.26: Grid outage, Grid only site / Grid return awaited - Escalade L3 | AE34: 23.04.26: Grid outage, Grid only site / Grid return awaited - Escalade L3 | AR34: (04/23/2026 ocm ran 18h): -23.04.26: Grid outage, Grid only site / Grid return awaited - Escalade L3 | AS34: (04/23/2026 ocm ran 17h): -23.04.26: Grid outage, Grid only site / Grid return awaited - Escalade L3 | AT34: (04/23/2026 ocm ran 13h): -23.04.26: Grid outage, Grid only site / Grid return awaited - Escalade L3 | AX34: =_xlfn.XLOOKUP(B34,'[4]cell downs 18042026 17h'!$B:$B,'[4]cell downs 18042026 17h'!$B:$B,"") | AY34: =_xlfn.XLOOKUP(B34,'[5]Cells Huawei 19042026 15h'!$B:$B,'[5]Cells Huawei 19042026 15h'!$B:$B,"") | AZ34: =_xlfn.XLOOKUP(B34,'INCIDENT-04-23-2026'!E:E,'INCIDENT-04-23-2026'!F:F,"") | BA34: =_xlfn.XLOOKUP(B34,'[6]Eneo 17H'!$C:$C,'[6]Eneo 17H'!$I:$I,"") | BB34: =_xlfn.XLOOKUP(B34,[8]ALL!$B:$B,[8]ALL!$M:$M,"") -> 23.04.26: Grid outage, Grid only site / Grid return awaited - Escalade L3 | BC34: =_xlfn.XLOOKUP(B34,'[6]Eneo 17H'!$C:$C,'[6]Eneo 17H'!$I:$I,"") | BD34: =_xlfn.XLOOKUP(B34,'[7]Eneo 12H'!$C:$C,'[7]Eneo 12H'!$I:$I,"") | BE34: 20.04.26; Camusat; Grid outage still persisting. We keep close monitoring - Escalated to L3 P2 Incident at LIT_736_Z_Mboppi-New (Power issue)..;..;20.04.26; Camusat; Grid outage still persisting. We keep close monitoring - Escalated to L3 P2 Incident at LIT_736_Z_Mboppi-New (Power issue)..;..;P2 Incident at LIT_736_Z_Mboppi-New (Power issue)..;..;INC-20260420-00000312…2026-04-20 15:01:14…Grid outage still persisting. We keep close monitoring…Retour secteur…Coupure Secteur…Grid outage, Grid only site
A35: Nkolmesseng-H-Pyramides | B35: CTR_771 | C35: =_xlfn.XLOOKUP(B35,'[1]daily break down'!$D:$D,'[1]daily break down'!$E:$E,"") -> Yaounde | D35: CAMUSAT | E35: Good Grid no GE - 8h | F35: CENTRE | G35: Yaounde | H35: =_xlfn.XLOOKUP(B35,[2]CALCULATION!$B:$B,[2]CALCULATION!$H:$H,"") -> ZTE | I35: 0 | J35: 0 | K35: 0 | L35: 4.1508826 | M35: 33.897493 | N35: 15.384289 | O35: 13.868557 | P35: REPETITIF | Q35: Operationnel | S35: {=IFERROR(_xlfn.IFS( U35="MPR ISSUE","PDH", U35="BSS Hardware Issue","BSS", U35="Sites strategiques, MLL, Pylone, etc.","ENVTECH", U35="AKTIVCO DEFAUT GE & POWER Cabinet","AKTIVCO", U35="AKTIVCO Coupure ENEO & Baisse de tension","AKTIVCO GRID ONLY", U35="Coupure ENEO & Baisse de tension","IHS GRID ONLY", U35="Defaut GE & POWER Cabinet","IHS", U35="Sharing","Partners", U35="Sites strategiques & DataCenter","SST & DC", U35="Exclu","Exclu", U35="SAT","SAT", U35="SPARE-ISSUE","SPARE-ISSUE", U35="Fiber CAmtel","TRANS_FO_CAMTEL", U35="Fiber AOF","Fiber AOF", U35="Projet OCM (HUAWEI)","TRAVAUX-HUAWEI", U35="Projet OCM (NOKIA)","TRAVAUX-NOKIA", U35="ACCESS-ISSUE","ACCESS-ISSUE", U35="Projet OCM (ZTE, NOKIA, autres projets)","TRAVAUX OCM", U35="No root CAuse","No root cause", U35="ODU HS","PDH", U35="IP & VLAN","PDH", U35="Warehouse HUAWEI","SPARE-ISSUE", U35="SPARE-HS","SPARE-ISSUE", U35="Power Telco","BSS",U35="no impacts","no impacts" ),"")} | T35: {=IFERROR(_xlfn.IFS( U35="MPR ISSUE","TX ISSUE", U35="BSS Hardware Issue","RAN ISSUE", U35="Sites strategiques, MLL, Pylone, etc.","ENVTECH", U35="AKTIVCO DEFAUT GE & POWER Cabinet","POWER ISSUE", U35="AKTIVCO Coupure ENEO & Baisse de tension","POWER ISSUE", U35="Coupure ENEO & Baisse de tension","POWER ISSUE", U35="Defaut GE & POWER Cabinet","POWER ISSUE", U35="Sharing","POWER ISSUE", U35="Sites strategiques & DataCenter","POWER ISSUE", U35="Exclu","Exclu", U35="SAT","TX ISSUE", U35="SPARE-ISSUE","SPARE-ISSUE", U35="Fiber CAmtel","TX ISSUE", U35="Fiber AOF","TX ISSUE", U35="Projet OCM (HUAWEI)","TRAVAUX-HUAWEI", U35="Projet OCM (NOKIA)","TRAVAUX -NOKIA", U35="ACCESS-ISSUE","ACCESS-ISSUE", U35="Projet OCM (ZTE, NOKIA, autres projets)","TRAVAUX OCM", U35="No root CAuse","No root cause", U35="ODU HS","TX ISSUE", U35="IP & VLAN","TX ISSUE", U35="Warehouse HUAWEI","SPARE-ISSUE", U35="SPARE-HS","SPARE-ISSUE", U35="Power Telco","RAN ISSUE",U35="no impacts","no impacts" ),"")} | V35: {=IFERROR(_xlfn.IFS( U35="MPR ISSUE","ACTIVE", U35="BSS Hardware Issue","ACTIVE", U35="Sites strategiques, MLL, Pylone, etc.","PASSIVE", U35="AKTIVCO DEFAUT GE & POWER Cabinet","PASSIVE", U35="AKTIVCO Coupure ENEO & Baisse de tension","PASSIVE", U35="Coupure ENEO & Baisse de tension","PASSIVE", U35="Defaut GE & POWER Cabinet","PASSIVE", U35="Sharing","PASSIVE", U35="Sites strategiques & DataCenter","PASSIVE", U35="Exclu","Exclu", U35="SAT","ACTIVE", U35="SPARE-ISSUE","SPARE-ISSUE", U35="Fiber CAmtel","ACTIVE", U35="Fiber AOF","ACTIVE", U35="Projet OCM (HUAWEI)","PLANNED WORKS", U35="Projet OCM (NOKIA)","PLANNED WORKS", U35="ACCESS-ISSUE","ACCESS-ISSUE", U35="Projet OCM (ZTE, NOKIA, autres projets)","PLANNED WORKS", U35="No root CAuse","No root cause", U35="ODU HS","ACTIVE", U35="IP & VLAN","ACTIVE", U35="Warehouse HUAWEI","SPARE-ISSUE", U35="SPARE-HS","SPARE-ISSUE", U35="Power Telco","ACTIVE", U35="no impacts","no impacts" ),"")} | W35: Grid outage grid only site | X35: Awaiting Grid return | Z35: CAMUSAT | AA35: Ongoing | AB35: (04/23/2026 ocm ran 18h): -23.04.26: Grid outage, Grid only site / Grid return awaited - Escalade L3..(04/23/2026 ocm ran 17h): -23.04.26: Grid outage, Grid only site / Grid return awaited - Escalade L3..(04/23/2026 ocm ran 13h): -23.04.26: Grid outage, Grid only site / Grid return awaited - Escalade L3..23.04.26: Grid outage, Grid only site / Grid return awaited - Escalade L3 | AE35: 23.04.26: Grid outage, Grid only site / Grid return awaited - Escalade L3 | AR35: (04/23/2026 ocm ran 18h): -23.04.26: Grid outage, Grid only site / Grid return awaited - Escalade L3 | AS35: (04/23/2026 ocm ran 17h): -23.04.26: Grid outage, Grid only site / Grid return awaited - Escalade L3 | AT35: (04/23/2026 ocm ran 13h): -23.04.26: Grid outage, Grid only site / Grid return awaited - Escalade L3 | AX35: =_xlfn.XLOOKUP(B35,'[4]cell downs 18042026 17h'!$B:$B,'[4]cell downs 18042026 17h'!$B:$B,"") | AY35: =_xlfn.XLOOKUP(B35,'[5]Cells Huawei 19042026 15h'!$B:$B,'[5]Cells Huawei 19042026 15h'!$B:$B,"") | AZ35: =_xlfn.XLOOKUP(B35,'INCIDENT-04-23-2026'!E:E,'INCIDENT-04-23-2026'!F:F,"") | BA35: =_xlfn.XLOOKUP(B35,'[6]Eneo 17H'!$C:$C,'[6]Eneo 17H'!$I:$I,"") -> 23.04.26: Grid outage, Grid only site / Grid return awaited - Escalade L3 | BB35: =_xlfn.XLOOKUP(B35,[8]ALL!$B:$B,[8]ALL!$M:$M,"") -> 23.04.26: Grid outage, Grid only site / Grid return awaited - Escalade L3 | BC35: =_xlfn.XLOOKUP(B35,'[6]Eneo 17H'!$C:$C,'[6]Eneo 17H'!$I:$I,"") -> 23.04.26: Grid outage, Grid only site / Grid return awaited - Escalade L3 | BD35: =_xlfn.XLOOKUP(B35,'[7]Eneo 12H'!$C:$C,'[7]Eneo 12H'!$I:$I,"") -> 23.04.26: Grid outage, Grid only site / Grid return awaited - Escalade L3 | BE35: INC-20260420-00015595…2026-04-20 23:27:30…grid outage, grid only / grid return awaited
A36: C-D-Palmiers-III | B36: LIT_168 | C36: =_xlfn.XLOOKUP(B36,'[1]daily break down'!$D:$D,'[1]daily break down'!$E:$E,"") -> Douala | D36: IHS | E36: GridOnly | F36: LITTORAL | G36: Douala | H36: =_xlfn.XLOOKUP(B36,[2]CALCULATION!$B:$B,[2]CALCULATION!$H:$H,"") -> ZTE | I36: 0 | J36: 0 | K36: 0 | L36: 0 | M36: 0 | N36: 14.6706 | O36: 16.568841 | P36: REPETITIF | Q36: Operationnel | S36: {=IFERROR(_xlfn.IFS( U36="MPR ISSUE","PDH", U36="BSS Hardware Issue","BSS", U36="Sites strategiques, MLL, Pylone, etc.","ENVTECH", U36="AKTIVCO DEFAUT GE & POWER Cabinet","AKTIVCO", U36="AKTIVCO Coupure ENEO & Baisse de tension","AKTIVCO GRID ONLY", U36="Coupure ENEO & Baisse de tension","IHS GRID ONLY", U36="Defaut GE & POWER Cabinet","IHS", U36="Sharing","Partners", U36="Sites strategiques & DataCenter","SST & DC", U36="Exclu","Exclu", U36="SAT","SAT", U36="SPARE-ISSUE","SPARE-ISSUE", U36="Fiber CAmtel","TRANS_FO_CAMTEL", U36="Fiber AOF","Fiber AOF", U36="Projet OCM (HUAWEI)","TRAVAUX-HUAWEI", U36="Projet OCM (NOKIA)","TRAVAUX-NOKIA", U36="ACCESS-ISSUE","ACCESS-ISSUE", U36="Projet OCM (ZTE, NOKIA, autres projets)","TRAVAUX OCM", U36="No root CAuse","No root cause", U36="ODU HS","PDH", U36="IP & VLAN","PDH", U36="Warehouse HUAWEI","SPARE-ISSUE", U36="SPARE-HS","SPARE-ISSUE", U36="Power Telco","BSS",U36="no impacts","no impacts" ),"")} | T36: {=IFERROR(_xlfn.IFS( U36="MPR ISSUE","TX ISSUE", U36="BSS Hardware Issue","RAN ISSUE", U36="Sites strategiques, MLL, Pylone, etc.","ENVTECH", U36="AKTIVCO DEFAUT GE & POWER Cabinet","POWER ISSUE", U36="AKTIVCO Coupure ENEO & Baisse de tension","POWER ISSUE", U36="Coupure ENEO & Baisse de tension","POWER ISSUE", U36="Defaut GE & POWER Cabinet","POWER ISSUE", U36="Sharing","POWER ISSUE", U36="Sites strategiques & DataCenter","POWER ISSUE", U36="Exclu","Exclu", U36="SAT","TX ISSUE", U36="SPARE-ISSUE","SPARE-ISSUE", U36="Fiber CAmtel","TX ISSUE", U36="Fiber AOF","TX ISSUE", U36="Projet OCM (HUAWEI)","TRAVAUX-HUAWEI", U36="Projet OCM (NOKIA)","TRAVAUX -NOKIA", U36="ACCESS-ISSUE","ACCESS-ISSUE", U36="Projet OCM (ZTE, NOKIA, autres projets)","TRAVAUX OCM", U36="No root CAuse","No root cause", U36="ODU HS","TX ISSUE", U36="IP & VLAN","TX ISSUE", U36="Warehouse HUAWEI","SPARE-ISSUE", U36="SPARE-HS","SPARE-ISSUE", U36="Power Telco","RAN ISSUE",U36="no impacts","no impacts" ),"")} | V36: {=IFERROR(_xlfn.IFS( U36="MPR ISSUE","ACTIVE", U36="BSS Hardware Issue","ACTIVE", U36="Sites strategiques, MLL, Pylone, etc.","PASSIVE", U36="AKTIVCO DEFAUT GE & POWER Cabinet","PASSIVE", U36="AKTIVCO Coupure ENEO & Baisse de tension","PASSIVE", U36="Coupure ENEO & Baisse de tension","PASSIVE", U36="Defaut GE & POWER Cabinet","PASSIVE", U36="Sharing","PASSIVE", U36="Sites strategiques & DataCenter","PASSIVE", U36="Exclu","Exclu", U36="SAT","ACTIVE", U36="SPARE-ISSUE","SPARE-ISSUE", U36="Fiber CAmtel","ACTIVE", U36="Fiber AOF","ACTIVE", U36="Projet OCM (HUAWEI)","PLANNED WORKS", U36="Projet OCM (NOKIA)","PLANNED WORKS", U36="ACCESS-ISSUE","ACCESS-ISSUE", U36="Projet OCM (ZTE, NOKIA, autres projets)","PLANNED WORKS", U36="No root CAuse","No root cause", U36="ODU HS","ACTIVE", U36="IP & VLAN","ACTIVE", U36="Warehouse HUAWEI","SPARE-ISSUE", U36="SPARE-HS","SPARE-ISSUE", U36="Power Telco","ACTIVE", U36="no impacts","no impacts" ),"")} | W36: Grid only, Grid outage, no space | X36: Awaiting Grid return | Z36: IHS | AA36: Ongoing | AB36: (04/23/2026 hourly IHS):-19:21:00-Grid only, no space // awaiting grid return | AH36: (04/23/2026 hourly IHS):-19:21:00-Grid only, no space // awaiting grid return | AX36: =_xlfn.XLOOKUP(B36,'[4]cell downs 18042026 17h'!$B:$B,'[4]cell downs 18042026 17h'!$B:$B,"") | AY36: =_xlfn.XLOOKUP(B36,'[5]Cells Huawei 19042026 15h'!$B:$B,'[5]Cells Huawei 19042026 15h'!$B:$B,"") | AZ36: =_xlfn.XLOOKUP(B36,'INCIDENT-04-23-2026'!E:E,'INCIDENT-04-23-2026'!F:F,"") | BA36: =_xlfn.XLOOKUP(B36,'[6]Eneo 17H'!$C:$C,'[6]Eneo 17H'!$I:$I,"") | BC36: =_xlfn.XLOOKUP(B36,'[6]Eneo 17H'!$C:$C,'[6]Eneo 17H'!$I:$I,"") | BD36: =_xlfn.XLOOKUP(B36,'[7]Eneo 12H'!$C:$C,'[7]Eneo 12H'!$I:$I,"")
A37: Hopital-de-La-Cass | B37: CTR_652 | C37: =_xlfn.XLOOKUP(B37,'[1]daily break down'!$D:$D,'[1]daily break down'!$E:$E,"") -> Yaounde | D37: CAMUSAT | E37: Good Grid no GE - 8h | F37: CENTRE | G37: Yaounde | H37: =_xlfn.XLOOKUP(B37,[2]CALCULATION!$B:$B,[2]CALCULATION!$H:$H,"") -> ZTE | I37: 7.6641612 | J37: 8.8077286 | K37: 14.43639 | L37: 5.1208612 | M37: 4.6113487 | N37: 14.585135 | O37: 31.654054 | P37: REPETITIF | Q37: Operationnel | S37: {=IFERROR(_xlfn.IFS( U37="MPR ISSUE","PDH", U37="BSS Hardware Issue","BSS", U37="Sites strategiques, MLL, Pylone, etc.","ENVTECH", U37="AKTIVCO DEFAUT GE & POWER Cabinet","AKTIVCO", U37="AKTIVCO Coupure ENEO & Baisse de tension","AKTIVCO GRID ONLY", U37="Coupure ENEO & Baisse de tension","IHS GRID ONLY", U37="Defaut GE & POWER Cabinet","IHS", U37="Sharing","Partners", U37="Sites strategiques & DataCenter","SST & DC", U37="Exclu","Exclu", U37="SAT","SAT", U37="SPARE-ISSUE","SPARE-ISSUE", U37="Fiber CAmtel","TRANS_FO_CAMTEL", U37="Fiber AOF","Fiber AOF", U37="Projet OCM (HUAWEI)","TRAVAUX-HUAWEI", U37="Projet OCM (NOKIA)","TRAVAUX-NOKIA", U37="ACCESS-ISSUE","ACCESS-ISSUE", U37="Projet OCM (ZTE, NOKIA, autres projets)","TRAVAUX OCM", U37="No root CAuse","No root cause", U37="ODU HS","PDH", U37="IP & VLAN","PDH", U37="Warehouse HUAWEI","SPARE-ISSUE", U37="SPARE-HS","SPARE-ISSUE", U37="Power Telco","BSS",U37="no impacts","no impacts" ),"")} | T37: {=IFERROR(_xlfn.IFS( U37="MPR ISSUE","TX ISSUE", U37="BSS Hardware Issue","RAN ISSUE", U37="Sites strategiques, MLL, Pylone, etc.","ENVTECH", U37="AKTIVCO DEFAUT GE & POWER Cabinet","POWER ISSUE", U37="AKTIVCO Coupure ENEO & Baisse de tension","POWER ISSUE", U37="Coupure ENEO & Baisse de tension","POWER ISSUE", U37="Defaut GE & POWER Cabinet","POWER ISSUE", U37="Sharing","POWER ISSUE", U37="Sites strategiques & DataCenter","POWER ISSUE", U37="Exclu","Exclu", U37="SAT","TX ISSUE", U37="SPARE-ISSUE","SPARE-ISSUE", U37="Fiber CAmtel","TX ISSUE", U37="Fiber AOF","TX ISSUE", U37="Projet OCM (HUAWEI)","TRAVAUX-HUAWEI", U37="Projet OCM (NOKIA)","TRAVAUX -NOKIA", U37="ACCESS-ISSUE","ACCESS-ISSUE", U37="Projet OCM (ZTE, NOKIA, autres projets)","TRAVAUX OCM", U37="No root CAuse","No root cause", U37="ODU HS","TX ISSUE", U37="IP & VLAN","TX ISSUE", U37="Warehouse HUAWEI","SPARE-ISSUE", U37="SPARE-HS","SPARE-ISSUE", U37="Power Telco","RAN ISSUE",U37="no impacts","no impacts" ),"")} | V37: {=IFERROR(_xlfn.IFS( U37="MPR ISSUE","ACTIVE", U37="BSS Hardware Issue","ACTIVE", U37="Sites strategiques, MLL, Pylone, etc.","PASSIVE", U37="AKTIVCO DEFAUT GE & POWER Cabinet","PASSIVE", U37="AKTIVCO Coupure ENEO & Baisse de tension","PASSIVE", U37="Coupure ENEO & Baisse de tension","PASSIVE", U37="Defaut GE & POWER Cabinet","PASSIVE", U37="Sharing","PASSIVE", U37="Sites strategiques & DataCenter","PASSIVE", U37="Exclu","Exclu", U37="SAT","ACTIVE", U37="SPARE-ISSUE","SPARE-ISSUE", U37="Fiber CAmtel","ACTIVE", U37="Fiber AOF","ACTIVE", U37="Projet OCM (HUAWEI)","PLANNED WORKS", U37="Projet OCM (NOKIA)","PLANNED WORKS", U37="ACCESS-ISSUE","ACCESS-ISSUE", U37="Projet OCM (ZTE, NOKIA, autres projets)","PLANNED WORKS", U37="No root CAuse","No root cause", U37="ODU HS","ACTIVE", U37="IP & VLAN","ACTIVE", U37="Warehouse HUAWEI","SPARE-ISSUE", U37="SPARE-HS","SPARE-ISSUE", U37="Power Telco","ACTIVE", U37="no impacts","no impacts" ),"")} | W37: Grid Outage and Gen faulty | X37: Awaiting Grid return and fix generator | Y37: =_xlfn.XLOOKUP(B32,[9]ALL!$B:$B,[9]ALL!$N:$N,"") | Z37: IHS | AA37: Ongoing | AB37: INC-20260423-00010433…2026-04-23 14:21:07…investigations ongoing/Technician is trying to manage with level0..CTR_652..CTR_652..23.04.26: Coupure ENEO et le démarreur du GE est HS / En attente retour ENEO - Escalade L3 | AE37: 23.04.26: Coupure ENEO et le démarreur du GE est HS / En attente retour ENEO - Escalade L3 | AU37: INC-20260423-00010433…2026-04-23 14:21:07…investigations ongoing/Technician is trying to manage with level0 | AW37: CTR_652 | AX37: =_xlfn.XLOOKUP(B37,'[4]cell downs 18042026 17h'!$B:$B,'[4]cell downs 18042026 17h'!$B:$B,"") | AY37: =_xlfn.XLOOKUP(B37,'[5]Cells Huawei 19042026 15h'!$B:$B,'[5]Cells Huawei 19042026 15h'!$B:$B,"") | AZ37: =_xlfn.XLOOKUP(B37,'INCIDENT-04-23-2026'!E:E,'INCIDENT-04-23-2026'!F:F,"") | BA37: =_xlfn.XLOOKUP(B37,'[6]Eneo 17H'!$C:$C,'[6]Eneo 17H'!$I:$I,"") | BB37: =_xlfn.XLOOKUP(B37,[8]ALL!$B:$B,[8]ALL!$M:$M,"") -> 23.04.26: Coupure ENEO et le démarreur du GE est HS / En attente retour ENEO - Escalade L3 | BC37: =_xlfn.XLOOKUP(B37,'[6]Eneo 17H'!$C:$C,'[6]Eneo 17H'!$I:$I,"") | BD37: =_xlfn.XLOOKUP(B37,'[7]Eneo 12H'!$C:$C,'[7]Eneo 12H'!$I:$I,"") | BE37: 20/04/2026: Long lasting interferrence issue
A38: Bitoto | B38: CTR_315 | C38: =_xlfn.XLOOKUP(B38,'[1]daily break down'!$D:$D,'[1]daily break down'!$E:$E,"") -> Yaounde | D38: IHS | E38: Grid-Gen | F38: CENTRE | G38: Yaounde | H38: =_xlfn.XLOOKUP(B38,[2]CALCULATION!$B:$B,[2]CALCULATION!$H:$H,"") -> ZTE | I38: 2.9089191 | J38: 0 | K38: 15.832805 | L38: 0 | M38: 0 | N38: 14.353296 | O38: 0.82594248 | P38: No impact | Q38: Operationnel | S38: {=IFERROR(_xlfn.IFS( U38="MPR ISSUE","PDH", U38="BSS Hardware Issue","BSS", U38="Sites strategiques, MLL, Pylone, etc.","ENVTECH", U38="AKTIVCO DEFAUT GE & POWER Cabinet","AKTIVCO", U38="AKTIVCO Coupure ENEO & Baisse de tension","AKTIVCO GRID ONLY", U38="Coupure ENEO & Baisse de tension","IHS GRID ONLY", U38="Defaut GE & POWER Cabinet","IHS", U38="Sharing","Partners", U38="Sites strategiques & DataCenter","SST & DC", U38="Exclu","Exclu", U38="SAT","SAT", U38="SPARE-ISSUE","SPARE-ISSUE", U38="Fiber CAmtel","TRANS_FO_CAMTEL", U38="Fiber AOF","Fiber AOF", U38="Projet OCM (HUAWEI)","TRAVAUX-HUAWEI", U38="Projet OCM (NOKIA)","TRAVAUX-NOKIA", U38="ACCESS-ISSUE","ACCESS-ISSUE", U38="Projet OCM (ZTE, NOKIA, autres projets)","TRAVAUX OCM", U38="No root CAuse","No root cause", U38="ODU HS","PDH", U38="IP & VLAN","PDH", U38="Warehouse HUAWEI","SPARE-ISSUE", U38="SPARE-HS","SPARE-ISSUE", U38="Power Telco","BSS",U38="no impacts","no impacts" ),"")} | T38: {=IFERROR(_xlfn.IFS( U38="MPR ISSUE","TX ISSUE", U38="BSS Hardware Issue","RAN ISSUE", U38="Sites strategiques, MLL, Pylone, etc.","ENVTECH", U38="AKTIVCO DEFAUT GE & POWER Cabinet","POWER ISSUE", U38="AKTIVCO Coupure ENEO & Baisse de tension","POWER ISSUE", U38="Coupure ENEO & Baisse de tension","POWER ISSUE", U38="Defaut GE & POWER Cabinet","POWER ISSUE", U38="Sharing","POWER ISSUE", U38="Sites strategiques & DataCenter","POWER ISSUE", U38="Exclu","Exclu", U38="SAT","TX ISSUE", U38="SPARE-ISSUE","SPARE-ISSUE", U38="Fiber CAmtel","TX ISSUE", U38="Fiber AOF","TX ISSUE", U38="Projet OCM (HUAWEI)","TRAVAUX-HUAWEI", U38="Projet OCM (NOKIA)","TRAVAUX -NOKIA", U38="ACCESS-ISSUE","ACCESS-ISSUE", U38="Projet OCM (ZTE, NOKIA, autres projets)","TRAVAUX OCM", U38="No root CAuse","No root cause", U38="ODU HS","TX ISSUE", U38="IP & VLAN","TX ISSUE", U38="Warehouse HUAWEI","SPARE-ISSUE", U38="SPARE-HS","SPARE-ISSUE", U38="Power Telco","RAN ISSUE",U38="no impacts","no impacts" ),"")} | V38: {=IFERROR(_xlfn.IFS( U38="MPR ISSUE","ACTIVE", U38="BSS Hardware Issue","ACTIVE", U38="Sites strategiques, MLL, Pylone, etc.","PASSIVE", U38="AKTIVCO DEFAUT GE & POWER Cabinet","PASSIVE", U38="AKTIVCO Coupure ENEO & Baisse de tension","PASSIVE", U38="Coupure ENEO & Baisse de tension","PASSIVE", U38="Defaut GE & POWER Cabinet","PASSIVE", U38="Sharing","PASSIVE", U38="Sites strategiques & DataCenter","PASSIVE", U38="Exclu","Exclu", U38="SAT","ACTIVE", U38="SPARE-ISSUE","SPARE-ISSUE", U38="Fiber CAmtel","ACTIVE", U38="Fiber AOF","ACTIVE", U38="Projet OCM (HUAWEI)","PLANNED WORKS", U38="Projet OCM (NOKIA)","PLANNED WORKS", U38="ACCESS-ISSUE","ACCESS-ISSUE", U38="Projet OCM (ZTE, NOKIA, autres projets)","PLANNED WORKS", U38="No root CAuse","No root cause", U38="ODU HS","ACTIVE", U38="IP & VLAN","ACTIVE", U38="Warehouse HUAWEI","SPARE-ISSUE", U38="SPARE-HS","SPARE-ISSUE", U38="Power Telco","ACTIVE", U38="no impacts","no impacts" ),"")} | AX38: =_xlfn.XLOOKUP(B38,'[4]cell downs 18042026 17h'!$B:$B,'[4]cell downs 18042026 17h'!$B:$B,"") | AY38: =_xlfn.XLOOKUP(B38,'[5]Cells Huawei 19042026 15h'!$B:$B,'[5]Cells Huawei 19042026 15h'!$B:$B,"") | AZ38: =_xlfn.XLOOKUP(B38,'INCIDENT-04-23-2026'!E:E,'INCIDENT-04-23-2026'!F:F,"") -> (04/23/2026 incident ) : impact by CTR_315_Z_Bitoto RCA: Power issue / En attete RCA IHS | BA38: =_xlfn.XLOOKUP(B38,'[6]Eneo 17H'!$C:$C,'[6]Eneo 17H'!$I:$I,"") | BB38: =_xlfn.XLOOKUP(B38,[8]ALL!$B:$B,[8]ALL!$M:$M,"") | BC38: =_xlfn.XLOOKUP(B38,'[6]Eneo 17H'!$C:$C,'[6]Eneo 17H'!$I:$I,"") | BD38: =_xlfn.XLOOKUP(B38,'[7]Eneo 12H'!$C:$C,'[7]Eneo 12H'!$I:$I,"")
A39: Masque | B39: CTR_020 | C39: =_xlfn.XLOOKUP(B39,'[1]daily break down'!$D:$D,'[1]daily break down'!$E:$E,"") -> Yaounde | D39: IHS | E39: Grid-Gen | F39: CENTRE | G39: Yaounde | H39: =_xlfn.XLOOKUP(B39,[2]CALCULATION!$B:$B,[2]CALCULATION!$H:$H,"") -> ZTE | I39: 8.8216043 | J39: 6.3307572 | K39: 5.3269455 | L39: 9.2457046 | M39: 9.2457046 | N39: 9.5795059 | O39: 9.2689794 | P39: REPETITIF | Q39: Operationnel | S39: {=IFERROR(_xlfn.IFS( U39="MPR ISSUE","PDH", U39="BSS Hardware Issue","BSS", U39="Sites strategiques, MLL, Pylone, etc.","ENVTECH", U39="AKTIVCO DEFAUT GE & POWER Cabinet","AKTIVCO", U39="AKTIVCO Coupure ENEO & Baisse de tension","AKTIVCO GRID ONLY", U39="Coupure ENEO & Baisse de tension","IHS GRID ONLY", U39="Defaut GE & POWER Cabinet","IHS", U39="Sharing","Partners", U39="Sites strategiques & DataCenter","SST & DC", U39="Exclu","Exclu", U39="SAT","SAT", U39="SPARE-ISSUE","SPARE-ISSUE", U39="Fiber CAmtel","TRANS_FO_CAMTEL", U39="Fiber AOF","Fiber AOF", U39="Projet OCM (HUAWEI)","TRAVAUX-HUAWEI", U39="Projet OCM (NOKIA)","TRAVAUX-NOKIA", U39="ACCESS-ISSUE","ACCESS-ISSUE", U39="Projet OCM (ZTE, NOKIA, autres projets)","TRAVAUX OCM", U39="No root CAuse","No root cause", U39="ODU HS","PDH", U39="IP & VLAN","PDH", U39="Warehouse HUAWEI","SPARE-ISSUE", U39="SPARE-HS","SPARE-ISSUE", U39="Power Telco","BSS",U39="no impacts","no impacts" ),"")} | T39: {=IFERROR(_xlfn.IFS( U39="MPR ISSUE","TX ISSUE", U39="BSS Hardware Issue","RAN ISSUE", U39="Sites strategiques, MLL, Pylone, etc.","ENVTECH", U39="AKTIVCO DEFAUT GE & POWER Cabinet","POWER ISSUE", U39="AKTIVCO Coupure ENEO & Baisse de tension","POWER ISSUE", U39="Coupure ENEO & Baisse de tension","POWER ISSUE", U39="Defaut GE & POWER Cabinet","POWER ISSUE", U39="Sharing","POWER ISSUE", U39="Sites strategiques & DataCenter","POWER ISSUE", U39="Exclu","Exclu", U39="SAT","TX ISSUE", U39="SPARE-ISSUE","SPARE-ISSUE", U39="Fiber CAmtel","TX ISSUE", U39="Fiber AOF","TX ISSUE", U39="Projet OCM (HUAWEI)","TRAVAUX-HUAWEI", U39="Projet OCM (NOKIA)","TRAVAUX -NOKIA", U39="ACCESS-ISSUE","ACCESS-ISSUE", U39="Projet OCM (ZTE, NOKIA, autres projets)","TRAVAUX OCM", U39="No root CAuse","No root cause", U39="ODU HS","TX ISSUE", U39="IP & VLAN","TX ISSUE", U39="Warehouse HUAWEI","SPARE-ISSUE", U39="SPARE-HS","SPARE-ISSUE", U39="Power Telco","RAN ISSUE",U39="no impacts","no impacts" ),"")} | V39: {=IFERROR(_xlfn.IFS( U39="MPR ISSUE","ACTIVE", U39="BSS Hardware Issue","ACTIVE", U39="Sites strategiques, MLL, Pylone, etc.","PASSIVE", U39="AKTIVCO DEFAUT GE & POWER Cabinet","PASSIVE", U39="AKTIVCO Coupure ENEO & Baisse de tension","PASSIVE", U39="Coupure ENEO & Baisse de tension","PASSIVE", U39="Defaut GE & POWER Cabinet","PASSIVE", U39="Sharing","PASSIVE", U39="Sites strategiques & DataCenter","PASSIVE", U39="Exclu","Exclu", U39="SAT","ACTIVE", U39="SPARE-ISSUE","SPARE-ISSUE", U39="Fiber CAmtel","ACTIVE", U39="Fiber AOF","ACTIVE", U39="Projet OCM (HUAWEI)","PLANNED WORKS", U39="Projet OCM (NOKIA)","PLANNED WORKS", U39="ACCESS-ISSUE","ACCESS-ISSUE", U39="Projet OCM (ZTE, NOKIA, autres projets)","PLANNED WORKS", U39="No root CAuse","No root cause", U39="ODU HS","ACTIVE", U39="IP & VLAN","ACTIVE", U39="Warehouse HUAWEI","SPARE-ISSUE", U39="SPARE-HS","SPARE-ISSUE", U39="Power Telco","ACTIVE", U39="no impacts","no impacts" ),"")} | W39: Need BO RAN analysis | X39: Awaiting BO RAN analysis | Z39: BO RAN | AA39: Ongoing | AB39: 20/04/2026: Long lasting interferrence issue | AW39: CTR_020 | AX39: =_xlfn.XLOOKUP(B39,'[4]cell downs 18042026 17h'!$B:$B,'[4]cell downs 18042026 17h'!$B:$B,"") | AY39: =_xlfn.XLOOKUP(B39,'[5]Cells Huawei 19042026 15h'!$B:$B,'[5]Cells Huawei 19042026 15h'!$B:$B,"") | AZ39: =_xlfn.XLOOKUP(B39,'INCIDENT-04-23-2026'!E:E,'INCIDENT-04-23-2026'!F:F,"") | BA39: =_xlfn.XLOOKUP(B39,'[6]Eneo 17H'!$C:$C,'[6]Eneo 17H'!$I:$I,"") | BC39: =_xlfn.XLOOKUP(B39,'[6]Eneo 17H'!$C:$C,'[6]Eneo 17H'!$I:$I,"") | BD39: =_xlfn.XLOOKUP(B39,'[7]Eneo 12H'!$C:$C,'[7]Eneo 12H'!$I:$I,"") | BE39: Power issue OCM activé pour verifier le power. 20/04/2026: Long lasting interferrence issue
A40: Ndogbong-Bifaka | B40: LIT_671 | C40: =_xlfn.XLOOKUP(B40,'[1]daily break down'!$D:$D,'[1]daily break down'!$E:$E,"") -> Douala | D40: CAMUSAT | E40: Good Grid no GE - 8h | F40: LITTORAL | G40: Douala | H40: =_xlfn.XLOOKUP(B40,[2]CALCULATION!$B:$B,[2]CALCULATION!$H:$H,"") -> ZTE | I40: 0 | J40: 0 | K40: 0 | L40: 1.0545703 | M40: 0 | N40: 14.176801 | O40: 19.863943 | P40: REPETITIF | Q40: Operationnel | S40: {=IFERROR(_xlfn.IFS( U40="MPR ISSUE","PDH", U40="BSS Hardware Issue","BSS", U40="Sites strategiques, MLL, Pylone, etc.","ENVTECH", U40="AKTIVCO DEFAUT GE & POWER Cabinet","AKTIVCO", U40="AKTIVCO Coupure ENEO & Baisse de tension","AKTIVCO GRID ONLY", U40="Coupure ENEO & Baisse de tension","IHS GRID ONLY", U40="Defaut GE & POWER Cabinet","IHS", U40="Sharing","Partners", U40="Sites strategiques & DataCenter","SST & DC", U40="Exclu","Exclu", U40="SAT","SAT", U40="SPARE-ISSUE","SPARE-ISSUE", U40="Fiber CAmtel","TRANS_FO_CAMTEL", U40="Fiber AOF","Fiber AOF", U40="Projet OCM (HUAWEI)","TRAVAUX-HUAWEI", U40="Projet OCM (NOKIA)","TRAVAUX-NOKIA", U40="ACCESS-ISSUE","ACCESS-ISSUE", U40="Projet OCM (ZTE, NOKIA, autres projets)","TRAVAUX OCM", U40="No root CAuse","No root cause", U40="ODU HS","PDH", U40="IP & VLAN","PDH", U40="Warehouse HUAWEI","SPARE-ISSUE", U40="SPARE-HS","SPARE-ISSUE", U40="Power Telco","BSS",U40="no impacts","no impacts" ),"")} | T40: {=IFERROR(_xlfn.IFS( U40="MPR ISSUE","TX ISSUE", U40="BSS Hardware Issue","RAN ISSUE", U40="Sites strategiques, MLL, Pylone, etc.","ENVTECH", U40="AKTIVCO DEFAUT GE & POWER Cabinet","POWER ISSUE", U40="AKTIVCO Coupure ENEO & Baisse de tension","POWER ISSUE", U40="Coupure ENEO & Baisse de tension","POWER ISSUE", U40="Defaut GE & POWER Cabinet","POWER ISSUE", U40="Sharing","POWER ISSUE", U40="Sites strategiques & DataCenter","POWER ISSUE", U40="Exclu","Exclu", U40="SAT","TX ISSUE", U40="SPARE-ISSUE","SPARE-ISSUE", U40="Fiber CAmtel","TX ISSUE", U40="Fiber AOF","TX ISSUE", U40="Projet OCM (HUAWEI)","TRAVAUX-HUAWEI", U40="Projet OCM (NOKIA)","TRAVAUX -NOKIA", U40="ACCESS-ISSUE","ACCESS-ISSUE", U40="Projet OCM (ZTE, NOKIA, autres projets)","TRAVAUX OCM", U40="No root CAuse","No root cause", U40="ODU HS","TX ISSUE", U40="IP & VLAN","TX ISSUE", U40="Warehouse HUAWEI","SPARE-ISSUE", U40="SPARE-HS","SPARE-ISSUE", U40="Power Telco","RAN ISSUE",U40="no impacts","no impacts" ),"")} | V40: {=IFERROR(_xlfn.IFS( U40="MPR ISSUE","ACTIVE", U40="BSS Hardware Issue","ACTIVE", U40="Sites strategiques, MLL, Pylone, etc.","PASSIVE", U40="AKTIVCO DEFAUT GE & POWER Cabinet","PASSIVE", U40="AKTIVCO Coupure ENEO & Baisse de tension","PASSIVE", U40="Coupure ENEO & Baisse de tension","PASSIVE", U40="Defaut GE & POWER Cabinet","PASSIVE", U40="Sharing","PASSIVE", U40="Sites strategiques & DataCenter","PASSIVE", U40="Exclu","Exclu", U40="SAT","ACTIVE", U40="SPARE-ISSUE","SPARE-ISSUE", U40="Fiber CAmtel","ACTIVE", U40="Fiber AOF","ACTIVE", U40="Projet OCM (HUAWEI)","PLANNED WORKS", U40="Projet OCM (NOKIA)","PLANNED WORKS", U40="ACCESS-ISSUE","ACCESS-ISSUE", U40="Projet OCM (ZTE, NOKIA, autres projets)","PLANNED WORKS", U40="No root CAuse","No root cause", U40="ODU HS","ACTIVE", U40="IP & VLAN","ACTIVE", U40="Warehouse HUAWEI","SPARE-ISSUE", U40="SPARE-HS","SPARE-ISSUE", U40="Power Telco","ACTIVE", U40="no impacts","no impacts" ),"")} | W40: Need BO Tx analysis | X40: Awaiting BO TX analysis | Z40: BO TX | AA40: Ongoing | AB40: INC-20260423-00018249 | AU40: INC-20260423-00018249 | AX40: =_xlfn.XLOOKUP(B40,'[4]cell downs 18042026 17h'!$B:$B,'[4]cell downs 18042026 17h'!$B:$B,"") | AY40: =_xlfn.XLOOKUP(B40,'[5]Cells Huawei 19042026 15h'!$B:$B,'[5]Cells Huawei 19042026 15h'!$B:$B,"") | AZ40: =_xlfn.XLOOKUP(B40,'INCIDENT-04-23-2026'!E:E,'INCIDENT-04-23-2026'!F:F,"") | BA40: =_xlfn.XLOOKUP(B40,'[6]Eneo 17H'!$C:$C,'[6]Eneo 17H'!$I:$I,"") | BC40: =_xlfn.XLOOKUP(B40,'[6]Eneo 17H'!$C:$C,'[6]Eneo 17H'!$I:$I,"") | BD40: =_xlfn.XLOOKUP(B40,'[7]Eneo 12H'!$C:$C,'[7]Eneo 12H'!$I:$I,"") | BE40: INC-20260420-00008582
A41: Essu | B41: NRO_234 | C41: =_xlfn.XLOOKUP(B41,'[1]daily break down'!$D:$D,'[1]daily break down'!$E:$E,"") -> NORD-OUEST | D41: IHS | E41: Gen Only | F41: NORD-OUEST | G41: ESSU | H41: =_xlfn.XLOOKUP(B41,[2]CALCULATION!$B:$B,[2]CALCULATION!$H:$H,"") -> NOKIA | I41: 13.866524 | J41: 13.865989 | K41: 13.86631 | L41: 13.865989 | M41: 13.866203 | N41: 13.866203 | O41: 13.866203 | P41: REPETITIF | Q41: EXCLU | R41: site en projet | S41: {=IFERROR(_xlfn.IFS( U41="MPR ISSUE","PDH", U41="BSS Hardware Issue","BSS", U41="Sites strategiques, MLL, Pylone, etc.","ENVTECH", U41="AKTIVCO DEFAUT GE & POWER Cabinet","AKTIVCO", U41="AKTIVCO Coupure ENEO & Baisse de tension","AKTIVCO GRID ONLY", U41="Coupure ENEO & Baisse de tension","IHS GRID ONLY", U41="Defaut GE & POWER Cabinet","IHS", U41="Sharing","Partners", U41="Sites strategiques & DataCenter","SST & DC", U41="Exclu","Exclu", U41="SAT","SAT", U41="SPARE-ISSUE","SPARE-ISSUE", U41="Fiber CAmtel","TRANS_FO_CAMTEL", U41="Fiber AOF","Fiber AOF", U41="Projet OCM (HUAWEI)","TRAVAUX-HUAWEI", U41="Projet OCM (NOKIA)","TRAVAUX-NOKIA", U41="ACCESS-ISSUE","ACCESS-ISSUE", U41="Projet OCM (ZTE, NOKIA, autres projets)","TRAVAUX OCM", U41="No root CAuse","No root cause", U41="ODU HS","PDH", U41="IP & VLAN","PDH", U41="Warehouse HUAWEI","SPARE-ISSUE", U41="SPARE-HS","SPARE-ISSUE", U41="Power Telco","BSS",U41="no impacts","no impacts" ),"")} | T41: {=IFERROR(_xlfn.IFS( U41="MPR ISSUE","TX ISSUE", U41="BSS Hardware Issue","RAN ISSUE", U41="Sites strategiques, MLL, Pylone, etc.","ENVTECH", U41="AKTIVCO DEFAUT GE & POWER Cabinet","POWER ISSUE", U41="AKTIVCO Coupure ENEO & Baisse de tension","POWER ISSUE", U41="Coupure ENEO & Baisse de tension","POWER ISSUE", U41="Defaut GE & POWER Cabinet","POWER ISSUE", U41="Sharing","POWER ISSUE", U41="Sites strategiques & DataCenter","POWER ISSUE", U41="Exclu","Exclu", U41="SAT","TX ISSUE", U41="SPARE-ISSUE","SPARE-ISSUE", U41="Fiber CAmtel","TX ISSUE", U41="Fiber AOF","TX ISSUE", U41="Projet OCM (HUAWEI)","TRAVAUX-HUAWEI", U41="Projet OCM (NOKIA)","TRAVAUX -NOKIA", U41="ACCESS-ISSUE","ACCESS-ISSUE", U41="Projet OCM (ZTE, NOKIA, autres projets)","TRAVAUX OCM", U41="No root CAuse","No root cause", U41="ODU HS","TX ISSUE", U41="IP & VLAN","TX ISSUE", U41="Warehouse HUAWEI","SPARE-ISSUE", U41="SPARE-HS","SPARE-ISSUE", U41="Power Telco","RAN ISSUE",U41="no impacts","no impacts" ),"")} | V41: {=IFERROR(_xlfn.IFS( U41="MPR ISSUE","ACTIVE", U41="BSS Hardware Issue","ACTIVE", U41="Sites strategiques, MLL, Pylone, etc.","PASSIVE", U41="AKTIVCO DEFAUT GE & POWER Cabinet","PASSIVE", U41="AKTIVCO Coupure ENEO & Baisse de tension","PASSIVE", U41="Coupure ENEO & Baisse de tension","PASSIVE", U41="Defaut GE & POWER Cabinet","PASSIVE", U41="Sharing","PASSIVE", U41="Sites strategiques & DataCenter","PASSIVE", U41="Exclu","Exclu", U41="SAT","ACTIVE", U41="SPARE-ISSUE","SPARE-ISSUE", U41="Fiber CAmtel","ACTIVE", U41="Fiber AOF","ACTIVE", U41="Projet OCM (HUAWEI)","PLANNED WORKS", U41="Projet OCM (NOKIA)","PLANNED WORKS", U41="ACCESS-ISSUE","ACCESS-ISSUE", U41="Projet OCM (ZTE, NOKIA, autres projets)","PLANNED WORKS", U41="No root CAuse","No root cause", U41="ODU HS","ACTIVE", U41="IP & VLAN","ACTIVE", U41="Warehouse HUAWEI","SPARE-ISSUE", U41="SPARE-HS","SPARE-ISSUE", U41="Power Telco","ACTIVE", U41="no impacts","no impacts" ),"")} | AX41: =_xlfn.XLOOKUP(B41,'[4]cell downs 18042026 17h'!$B:$B,'[4]cell downs 18042026 17h'!$B:$B,"") | AY41: =_xlfn.XLOOKUP(B41,'[5]Cells Huawei 19042026 15h'!$B:$B,'[5]Cells Huawei 19042026 15h'!$B:$B,"") | AZ41: =_xlfn.XLOOKUP(B41,'INCIDENT-04-23-2026'!E:E,'INCIDENT-04-23-2026'!F:F,"") | BA41: =_xlfn.XLOOKUP(B41,'[6]Eneo 17H'!$C:$C,'[6]Eneo 17H'!$I:$I,"") | BB41: =_xlfn.XLOOKUP(B41,[8]ALL!$B:$B,[8]ALL!$M:$M,"") | BC41: =_xlfn.XLOOKUP(B41,'[6]Eneo 17H'!$C:$C,'[6]Eneo 17H'!$I:$I,"") | BD41: =_xlfn.XLOOKUP(B41,'[7]Eneo 12H'!$C:$C,'[7]Eneo 12H'!$I:$I,"") | BE41: FME Gerald managing with level 0 due to insecurity
