Workbook

Sheet Sheet3
E1: NUR DAILY RECAP - NUR 2326
A2: Row Labels | B2: Sum of NUR 19/04/2026 | D2: Row Labels | E2: Sum of NUR 19/04/2026 | G2: Row Labels | H2: Sum of NUR 19/04/2026
A3: ACTIVE | B3: 473.36713 | D3: ACCESS-ISSUE | E3: 104.28761 | G3: AKTIVCO | H3: 64.628764
A4: No root cause | B4: 804.36194 | D4: No root cause | E4: 804.36194 | G4: AKTIVCO GRID ONLY | H4: 511.03537
A5: PASSIVE | B5: 1175.3774 | D5: POWER ISSUE | E5: 1175.3774 | G5: BSS | H5: 231.6437
A6: Grand Total | B6: 2453.1065 | D6: RAN ISSUE | E6: 231.6437 | G6: IHS | H6: 409.83242
D7: SPARE-ISSUE | E7: 122.4415 | G7: IHS GRID ONLY | H7: 84.392951
D8: TRAVAUX-HUAWEI | E8: 0 | G8: No root cause | H8: 804.36194
D9: TX ISSUE | E9: 241.72343 | G9: PDH | H9: 195.05281
D10: Grand Total | E10: 2679.8356 | G10: Grand Total | H10: 2300.9479

Sheet daily break down
A1: Nom du Physique | B1: Codesite | C1: CLUSTER | D1: Owner | E1: Topology | F1: Region | G1: Ville | H1: Equipementiers | I1: 15/4/2026 | J1: 16/4/2026 | K1: 17/4/2026 | L1: 18/4/2026 | M1: 19/4/2026 | N1: 20/04/2026 | O1: 21/4/2026 | P1: Repetitive | Q1: Statut | R1: Raison d'exclusion | S1: OCM NOMENCLATURE | T1: SUB RCA | U1: CAUSE | V1: CATEGORIE | W1: RCA | X1: Action Plan | Y1: ETR | Z1: Owner | AA1: Status | AB1: Verifications 21/04/2026 | AC1: IHS FEEDBACK 21/04/2026 | AD1: Top Offenders | AE1: UPDATE 21/04/2026 | AF1: INCIDENT 21/04/2026 | AG1: top offenders 21/04/2026 | AH1: RETOUR CAMUSAT 21/04/2026 | AI1: RETOUR IHS 21/04/2026 | AJ1: Hourly IHS 21/04/2026 | AK1: Cells Huawei 21042026 9h | AL1: Cells Huawei 21042026 14h | AM1: Cells Huawei 21042026 18h | AN1: NOKIA cell downs 21042026 8h30 | AO1: cell downs 21042026 13h50 | AP1: cell downs 21042026 17h20 | AQ1: ZTEcells down 21042026 8h24 | AR1: cells down 21042026 13h08 | AS1: cell downs 20042026 17h16 | AT1: OCM Ran 21/04/2026 18H | AU1: OCM Ran 21/04/2026 14H | AV1: Ticket 21/04/2026 | AW1: Dashbord suivi TOP OFFENDERS 21/04/2026 | AX1: SITE WITH GPS ISSUE | AY1: nokia number cell | AZ1: HUAWEI number cell | BA1: ZTE number cell
A2: Batouri | B2: EST_005 | C2: =_xlfn.XLOOKUP(B2,'[1]daily break down'!$D:$D,'[1]daily break down'!$E:$E,"") -> CENTRE | D2: CAMUSAT | E2: Bad Grid + Solar + GE | F2: EST | G2: Batouri | H2: =_xlfn.XLOOKUP(B2,[2]CALCULATION!$B:$B,[2]CALCULATION!$H:$H,"") -> ZTE | I2: 0 | J2: 0 | K2: 0.0078117643 | L2: 0 | M2: 2.460135 | N2: 21.774348 | O2: 46.768034 | P2: REPETITIF | Q2: Operationnel | S2: {=IFERROR(_xlfn.IFS( U2="MPR ISSUE","PDH", U2="BSS Hardware Issue","BSS", U2="Sites strategiques, MLL, Pylone, etc.","ENVTECH", U2="AKTIVCO DEFAUT GE & POWER Cabinet","AKTIVCO", U2="AKTIVCO Coupure ENEO & Baisse de tension","AKTIVCO GRID ONLY", U2="Coupure ENEO & Baisse de tension","IHS GRID ONLY", U2="Defaut GE & POWER Cabinet","IHS", U2="Sharing","Partners", U2="Sites strategiques & DataCenter","SST & DC", U2="Exclu","Exclu", U2="SAT","SAT", U2="SPARE-ISSUE","SPARE-ISSUE", U2="Fiber CAmtel","TRANS_FO_CAMTEL", U2="Fiber AOF","Fiber AOF", U2="Projet OCM (HUAWEI)","TRAVAUX-HUAWEI", U2="Projet OCM (NOKIA)","TRAVAUX-NOKIA", U2="ACCESS-ISSUE","ACCESS-ISSUE", U2="Projet OCM (ZTE, NOKIA, autres projets)","TRAVAUX OCM", U2="No root CAuse","No root cause", U2="ODU HS","PDH", U2="IP & VLAN","PDH", U2="Warehouse HUAWEI","SPARE-ISSUE", U2="SPARE-HS","SPARE-ISSUE", U2="Power Telco","BSS" ),"")} | T2: {=IFERROR(_xlfn.IFS( U2="MPR ISSUE","TX ISSUE", U2="BSS Hardware Issue","RAN ISSUE", U2="Sites strategiques, MLL, Pylone, etc.","ENVTECH", U2="AKTIVCO DEFAUT GE & POWER Cabinet","POWER ISSUE", U2="AKTIVCO Coupure ENEO & Baisse de tension","POWER ISSUE", U2="Coupure ENEO & Baisse de tension","POWER ISSUE", U2="Defaut GE & POWER Cabinet","POWER ISSUE", U2="Sharing","POWER ISSUE", U2="Sites strategiques & DataCenter","POWER ISSUE", U2="Exclu","Exclu", U2="SAT","TX ISSUE", U2="SPARE-ISSUE","SPARE-ISSUE", U2="Fiber CAmtel","TX ISSUE", U2="Fiber AOF","TX ISSUE", U2="Projet OCM (HUAWEI)","TRAVAUX-HUAWEI", U2="Projet OCM (NOKIA)","TRAVAUX -NOKIA", U2="ACCESS-ISSUE","ACCESS-ISSUE", U2="Projet OCM (ZTE, NOKIA, autres projets)","TRAVAUX OCM", U2="No root CAuse","No root cause", U2="ODU HS","TX ISSUE", U2="IP & VLAN","TX ISSUE", U2="Warehouse HUAWEI","SPARE-ISSUE", U2="SPARE-HS","SPARE-ISSUE", U2="Power Telco","RAN ISSUE" ),"")} | V2: {=IFERROR(_xlfn.IFS( U2="MPR ISSUE","ACTIVE", U2="BSS Hardware Issue","ACTIVE", U2="Sites strategiques, MLL, Pylone, etc.","PASSIVE", U2="AKTIVCO DEFAUT GE & POWER Cabinet","PASSIVE", U2="AKTIVCO Coupure ENEO & Baisse de tension","PASSIVE", U2="Coupure ENEO & Baisse de tension","PASSIVE", U2="Defaut GE & POWER Cabinet","PASSIVE", U2="Sharing","PASSIVE", U2="Sites strategiques & DataCenter","PASSIVE", U2="Exclu","Exclu", U2="SAT","ACTIVE", U2="SPARE-ISSUE","SPARE-ISSUE", U2="Fiber CAmtel","ACTIVE", U2="Fiber AOF","ACTIVE", U2="Projet OCM (HUAWEI)","PLANNED WORKS", U2="Projet OCM (NOKIA)","PLANNED WORKS", U2="ACCESS-ISSUE","ACCESS-ISSUE", U2="Projet OCM (ZTE, NOKIA, autres projets)","PLANNED WORKS", U2="No root CAuse","No root cause", U2="ODU HS","ACTIVE", U2="IP & VLAN","ACTIVE", U2="Warehouse HUAWEI","SPARE-ISSUE", U2="SPARE-HS","SPARE-ISSUE", U2="Power Telco","ACTIVE" ),"")} | W2: MPR issue | X2: FME on site to check MPR status | Z2: GNOC | AA2: Ongoing | AB2: 21.04.26; Besoin d'un FME sur site pour vérifier le statut du MPR; FME Hugues activé pour investigations et manage avec le niveau 0, ETA=16H UTC 20/04/2026 Besoin d'un fme sur site pour verifier le status du MPR et la chaine antennaire de l ODU 3/1 20/04/2026 Rodrigue is managing with the guard. We will keep you posted 20.04.26; Camusat; Rodrigue is managing with the guard. We will keep you posted..(04/21/2026-ocm ran incident 14h):-21.04.26; Besoin d'un FME sur site pour vérifier le statut du MPR; FME Hugues activé pour investigations et manage avec le niveau 0, ETA=16H UTC 20/04/2026 Besoin d'un fme sur site pour verifier le status du MPR et la chaine antennaire de l ODU 3/1 20/04/2026 Rodrigue is managing with the guard. We will keep you posted 20.04.26; Camusat; Rodrigue is managing with the guard. We will keep you posted..(04/21/2026 tickect): -INC-20260421-00016076…2026-04-21 23:10:58…unknow / Notre FME a joint le level 0 et qui fait savoir qu'il y a couvre feu dans la nuit. Donc il ne peut pas sortir. l'investigation ne pourra être fait que ce matin autour de 07h | AC2: =_xlfn.XLOOKUP(B2,[4]ALL!$B:$B,[4]ALL!$N:$N,"") | AD2: 21.04.26; Besoin d'un FME sur site pour vérifier le statut du MPR; FME Hugues activé pour investigations et manage avec le niveau 0, ETA=16H UTC 20/04/2026 Besoin d'un fme sur site pour verifier le status du MPR et la chaine antennaire de l ODU 3/1 20/04/2026 Rodrigue is managing with the guard. We will keep you posted 20.04.26; Camusat; Rodrigue is managing with the guard. We will keep you posted | AU2: (04/21/2026-ocm ran incident 14h):-21.04.26; Besoin d'un FME sur site pour vérifier le statut du MPR; FME Hugues activé pour investigations et manage avec le niveau 0, ETA=16H UTC 20/04/2026 Besoin d'un fme sur site pour verifier le status du MPR et la chaine antennaire de l ODU 3/1 20/04/2026 Rodrigue is managing with the guard. We will keep you posted 20.04.26; Camusat; Rodrigue is managing with the guard. We will keep you posted | AV2: (04/21/2026 tickect): -INC-20260421-00016076…2026-04-21 23:10:58…unknow / Notre FME a joint le level 0 et qui fait savoir qu'il y a couvre feu dans la nuit. Donc il ne peut pas sortir. l'investigation ne pourra être fait que ce matin autour de 07h
A3: Superette-Biyem-Assi | B3: CTR_561 | C3: =_xlfn.XLOOKUP(B3,'[1]daily break down'!$D:$D,'[1]daily break down'!$E:$E,"") -> Yaounde | D3: CAMUSAT | E3: Good Grid no GE - 12h | F3: CENTRE | G3: Yaounde | H3: =_xlfn.XLOOKUP(B3,[2]CALCULATION!$B:$B,[2]CALCULATION!$H:$H,"") -> ZTE | I3: 0 | J3: 0 | K3: 0 | L3: 0 | M3: 0 | N3: 53.665323 | O3: 42.695323 | P3: REPETITIF | Q3: Operationnel | S3: {=IFERROR(_xlfn.IFS( U3="MPR ISSUE","PDH", U3="BSS Hardware Issue","BSS", U3="Sites strategiques, MLL, Pylone, etc.","ENVTECH", U3="AKTIVCO DEFAUT GE & POWER Cabinet","AKTIVCO", U3="AKTIVCO Coupure ENEO & Baisse de tension","AKTIVCO GRID ONLY", U3="Coupure ENEO & Baisse de tension","IHS GRID ONLY", U3="Defaut GE & POWER Cabinet","IHS", U3="Sharing","Partners", U3="Sites strategiques & DataCenter","SST & DC", U3="Exclu","Exclu", U3="SAT","SAT", U3="SPARE-ISSUE","SPARE-ISSUE", U3="Fiber CAmtel","TRANS_FO_CAMTEL", U3="Fiber AOF","Fiber AOF", U3="Projet OCM (HUAWEI)","TRAVAUX-HUAWEI", U3="Projet OCM (NOKIA)","TRAVAUX-NOKIA", U3="ACCESS-ISSUE","ACCESS-ISSUE", U3="Projet OCM (ZTE, NOKIA, autres projets)","TRAVAUX OCM", U3="No root CAuse","No root cause", U3="ODU HS","PDH", U3="IP & VLAN","PDH", U3="Warehouse HUAWEI","SPARE-ISSUE", U3="SPARE-HS","SPARE-ISSUE", U3="Power Telco","BSS" ),"")} | T3: {=IFERROR(_xlfn.IFS( U3="MPR ISSUE","TX ISSUE", U3="BSS Hardware Issue","RAN ISSUE", U3="Sites strategiques, MLL, Pylone, etc.","ENVTECH", U3="AKTIVCO DEFAUT GE & POWER Cabinet","POWER ISSUE", U3="AKTIVCO Coupure ENEO & Baisse de tension","POWER ISSUE", U3="Coupure ENEO & Baisse de tension","POWER ISSUE", U3="Defaut GE & POWER Cabinet","POWER ISSUE", U3="Sharing","POWER ISSUE", U3="Sites strategiques & DataCenter","POWER ISSUE", U3="Exclu","Exclu", U3="SAT","TX ISSUE", U3="SPARE-ISSUE","SPARE-ISSUE", U3="Fiber CAmtel","TX ISSUE", U3="Fiber AOF","TX ISSUE", U3="Projet OCM (HUAWEI)","TRAVAUX-HUAWEI", U3="Projet OCM (NOKIA)","TRAVAUX -NOKIA", U3="ACCESS-ISSUE","ACCESS-ISSUE", U3="Projet OCM (ZTE, NOKIA, autres projets)","TRAVAUX OCM", U3="No root CAuse","No root cause", U3="ODU HS","TX ISSUE", U3="IP & VLAN","TX ISSUE", U3="Warehouse HUAWEI","SPARE-ISSUE", U3="SPARE-HS","SPARE-ISSUE", U3="Power Telco","RAN ISSUE" ),"")} | V3: {=IFERROR(_xlfn.IFS( U3="MPR ISSUE","ACTIVE", U3="BSS Hardware Issue","ACTIVE", U3="Sites strategiques, MLL, Pylone, etc.","PASSIVE", U3="AKTIVCO DEFAUT GE & POWER Cabinet","PASSIVE", U3="AKTIVCO Coupure ENEO & Baisse de tension","PASSIVE", U3="Coupure ENEO & Baisse de tension","PASSIVE", U3="Defaut GE & POWER Cabinet","PASSIVE", U3="Sharing","PASSIVE", U3="Sites strategiques & DataCenter","PASSIVE", U3="Exclu","Exclu", U3="SAT","ACTIVE", U3="SPARE-ISSUE","SPARE-ISSUE", U3="Fiber CAmtel","ACTIVE", U3="Fiber AOF","ACTIVE", U3="Projet OCM (HUAWEI)","PLANNED WORKS", U3="Projet OCM (NOKIA)","PLANNED WORKS", U3="ACCESS-ISSUE","ACCESS-ISSUE", U3="Projet OCM (ZTE, NOKIA, autres projets)","PLANNED WORKS", U3="No root CAuse","No root cause", U3="ODU HS","ACTIVE", U3="IP & VLAN","ACTIVE", U3="Warehouse HUAWEI","SPARE-ISSUE", U3="SPARE-HS","SPARE-ISSUE", U3="Power Telco","ACTIVE" ),"")} | W3: Grid outage, Grid only site | X3: Awaiting Grid return | Z3: CAMUSAT | AA3: Ongoing | AB3: 21.04.26; Camusat; Grid outage, Grid only site / Grid return awaited - Escalated to L4 20.04.26; Camusat; Grid outage, Grid only site / Grid return awaited - Escalated to L3..(04/21/2026-ocm ran incident 14h):-21.04.26; Camusat; Grid outage, Grid only site / Grid return awaited - Escalated to L4 20.04.26; Camusat; Grid outage, Grid only site / Grid return awaited - Escalated to L3 | AC3: =_xlfn.XLOOKUP(B3,[4]ALL!$B:$B,[4]ALL!$N:$N,"") | AD3: 21.04.26; Camusat; Grid outage, Grid only site / Grid return awaited - Escalated to L4 20.04.26; Camusat; Grid outage, Grid only site / Grid return awaited - Escalated to L3 | AU3: (04/21/2026-ocm ran incident 14h):-21.04.26; Camusat; Grid outage, Grid only site / Grid return awaited - Escalated to L4 20.04.26; Camusat; Grid outage, Grid only site / Grid return awaited - Escalated to L3
A4: Foumbot-Centre-Ville-II | B4: OST_227 | C4: =_xlfn.XLOOKUP(B4,'[1]daily break down'!$D:$D,'[1]daily break down'!$E:$E,"") -> OUEST | D4: CAMUSAT | E4: Medium Grid + GE | F4: OUEST | G4: Foumbot | H4: =_xlfn.XLOOKUP(B4,[2]CALCULATION!$B:$B,[2]CALCULATION!$H:$H,"") -> Huawei | I4: 0 | J4: 37.82829 | K4: 41.605403 | L4: 41.605671 | M4: 41.605671 | N4: 41.553503 | O4: 41.604066 | P4: REPETITIF | Q4: Operationnel | S4: {=IFERROR(_xlfn.IFS( U4="MPR ISSUE","PDH", U4="BSS Hardware Issue","BSS", U4="Sites strategiques, MLL, Pylone, etc.","ENVTECH", U4="AKTIVCO DEFAUT GE & POWER Cabinet","AKTIVCO", U4="AKTIVCO Coupure ENEO & Baisse de tension","AKTIVCO GRID ONLY", U4="Coupure ENEO & Baisse de tension","IHS GRID ONLY", U4="Defaut GE & POWER Cabinet","IHS", U4="Sharing","Partners", U4="Sites strategiques & DataCenter","SST & DC", U4="Exclu","Exclu", U4="SAT","SAT", U4="SPARE-ISSUE","SPARE-ISSUE", U4="Fiber CAmtel","TRANS_FO_CAMTEL", U4="Fiber AOF","Fiber AOF", U4="Projet OCM (HUAWEI)","TRAVAUX-HUAWEI", U4="Projet OCM (NOKIA)","TRAVAUX-NOKIA", U4="ACCESS-ISSUE","ACCESS-ISSUE", U4="Projet OCM (ZTE, NOKIA, autres projets)","TRAVAUX OCM", U4="No root CAuse","No root cause", U4="ODU HS","PDH", U4="IP & VLAN","PDH", U4="Warehouse HUAWEI","SPARE-ISSUE", U4="SPARE-HS","SPARE-ISSUE", U4="Power Telco","BSS" ),"")} | T4: {=IFERROR(_xlfn.IFS( U4="MPR ISSUE","TX ISSUE", U4="BSS Hardware Issue","RAN ISSUE", U4="Sites strategiques, MLL, Pylone, etc.","ENVTECH", U4="AKTIVCO DEFAUT GE & POWER Cabinet","POWER ISSUE", U4="AKTIVCO Coupure ENEO & Baisse de tension","POWER ISSUE", U4="Coupure ENEO & Baisse de tension","POWER ISSUE", U4="Defaut GE & POWER Cabinet","POWER ISSUE", U4="Sharing","POWER ISSUE", U4="Sites strategiques & DataCenter","POWER ISSUE", U4="Exclu","Exclu", U4="SAT","TX ISSUE", U4="SPARE-ISSUE","SPARE-ISSUE", U4="Fiber CAmtel","TX ISSUE", U4="Fiber AOF","TX ISSUE", U4="Projet OCM (HUAWEI)","TRAVAUX-HUAWEI", U4="Projet OCM (NOKIA)","TRAVAUX -NOKIA", U4="ACCESS-ISSUE","ACCESS-ISSUE", U4="Projet OCM (ZTE, NOKIA, autres projets)","TRAVAUX OCM", U4="No root CAuse","No root cause", U4="ODU HS","TX ISSUE", U4="IP & VLAN","TX ISSUE", U4="Warehouse HUAWEI","SPARE-ISSUE", U4="SPARE-HS","SPARE-ISSUE", U4="Power Telco","RAN ISSUE" ),"")} | V4: {=IFERROR(_xlfn.IFS( U4="MPR ISSUE","ACTIVE", U4="BSS Hardware Issue","ACTIVE", U4="Sites strategiques, MLL, Pylone, etc.","PASSIVE", U4="AKTIVCO DEFAUT GE & POWER Cabinet","PASSIVE", U4="AKTIVCO Coupure ENEO & Baisse de tension","PASSIVE", U4="Coupure ENEO & Baisse de tension","PASSIVE", U4="Defaut GE & POWER Cabinet","PASSIVE", U4="Sharing","PASSIVE", U4="Sites strategiques & DataCenter","PASSIVE", U4="Exclu","Exclu", U4="SAT","ACTIVE", U4="SPARE-ISSUE","SPARE-ISSUE", U4="Fiber CAmtel","ACTIVE", U4="Fiber AOF","ACTIVE", U4="Projet OCM (HUAWEI)","PLANNED WORKS", U4="Projet OCM (NOKIA)","PLANNED WORKS", U4="ACCESS-ISSUE","ACCESS-ISSUE", U4="Projet OCM (ZTE, NOKIA, autres projets)","PLANNED WORKS", U4="No root CAuse","No root cause", U4="ODU HS","ACTIVE", U4="IP & VLAN","ACTIVE", U4="Warehouse HUAWEI","SPARE-ISSUE", U4="SPARE-HS","SPARE-ISSUE", U4="Power Telco","ACTIVE" ),"")} | W4: SCTP link fault due to AOF link issue | X4: Follow up with CDS for AOF recovery | Z4: GNOC | AA4: Ongoing | AB4: 20/04/2026 : Après analyse nous constatons qu’il a eu un souci d’énergie le 16/04/2026 sur le site de FOUMBO-CENTRE-VILLE-II. Aussi l’AOF FOUMBOT_1---- FOUMBO-CENTRE-VILLE-II ne prend pas de trafic. Merci d’impacter CDS pour prise en charge. 20/04/2026 : Escalade en voyee au Manager des BO TX GNOC. Point pris et son feedback attendu 16/04/2026 : Besoin d'analyse BO RAN || All cells down due to SCTP Link Fault . thanks to activate BO TX to check VLAN..(04/21/2026 cell huawei):-20/04/2026 : Après analyse nous constatons qu’il a eu un souci d’énergie le 16/04/2026 sur le site de FOUMBO-CENTRE-VILLE-II. Aussi l’AOF FOUMBOT_1---- FOUMBO-CENTRE-VILLE-II ne prend pas de trafic. Merci d’impacter CDS pour prise en charge. 20/04/2026 : Escalade en voyee au Manager des BO TX GNOC. Point pris et son feedback attendu 16/04/2026 : Besoin d'analyse BO RAN || All cells down due to SCTP Link Fault . thanks to activate BO TX to check VLAN..(04/21/2026 cell huawei):-20/04/2026 : Après analyse nous constatons qu’il a eu un souci d’énergie le 16/04/2026 sur le site de FOUMBO-CENTRE-VILLE-II. Aussi l’AOF FOUMBOT_1---- FOUMBO-CENTRE-VILLE-II ne prend pas de trafic. Merci d’impacter CDS pour prise en charge. 20/04/2026 : Escalade en voyee au Manager des BO TX GNOC. Point pris et son feedback attendu 16/04/2026 : Besoin d'analyse BO RAN || All cells down due to SCTP Link Fault . thanks to activate BO TX to check VLAN..(04/21/2026 cell huawei):-20/04/2026 : Après analyse nous constatons qu’il a eu un souci d’énergie le 16/04/2026 sur le site de FOUMBO-CENTRE-VILLE-II. Aussi l’AOF FOUMBOT_1---- FOUMBO-CENTRE-VILLE-II ne prend pas de trafic. Merci d’impacter CDS pour prise en charge. 20/04/2026 : Escalade en voyee au Manager des BO TX GNOC. Point pris et son feedback attendu 16/04/2026 : Besoin d'analyse BO RAN || All cells down due to SCTP Link Fault . thanks to activate BO TX to check VLAN..OST_227 | AC4: =_xlfn.XLOOKUP(B4,[4]ALL!$B:$B,[4]ALL!$N:$N,"") | AD4: 20/04/2026 : Après analyse nous constatons qu’il a eu un souci d’énergie le 16/04/2026 sur le site de FOUMBO-CENTRE-VILLE-II. Aussi l’AOF FOUMBOT_1---- FOUMBO-CENTRE-VILLE-II ne prend pas de trafic. Merci d’impacter CDS pour prise en charge. 20/04/2026 : Escalade en voyee au Manager des BO TX GNOC. Point pris et son feedback attendu 16/04/2026 : Besoin d'analyse BO RAN || All cells down due to SCTP Link Fault . thanks to activate BO TX to check VLAN | AK4: (04/21/2026 cell huawei):-20/04/2026 : Après analyse nous constatons qu’il a eu un souci d’énergie le 16/04/2026 sur le site de FOUMBO-CENTRE-VILLE-II. Aussi l’AOF FOUMBOT_1---- FOUMBO-CENTRE-VILLE-II ne prend pas de trafic. Merci d’impacter CDS pour prise en charge. 20/04/2026 : Escalade en voyee au Manager des BO TX GNOC. Point pris et son feedback attendu 16/04/2026 : Besoin d'analyse BO RAN || All cells down due to SCTP Link Fault . thanks to activate BO TX to check VLAN | AL4: (04/21/2026 cell huawei):-20/04/2026 : Après analyse nous constatons qu’il a eu un souci d’énergie le 16/04/2026 sur le site de FOUMBO-CENTRE-VILLE-II. Aussi l’AOF FOUMBOT_1---- FOUMBO-CENTRE-VILLE-II ne prend pas de trafic. Merci d’impacter CDS pour prise en charge. 20/04/2026 : Escalade en voyee au Manager des BO TX GNOC. Point pris et son feedback attendu 16/04/2026 : Besoin d'analyse BO RAN || All cells down due to SCTP Link Fault . thanks to activate BO TX to check VLAN | AM4: (04/21/2026 cell huawei):-20/04/2026 : Après analyse nous constatons qu’il a eu un souci d’énergie le 16/04/2026 sur le site de FOUMBO-CENTRE-VILLE-II. Aussi l’AOF FOUMBOT_1---- FOUMBO-CENTRE-VILLE-II ne prend pas de trafic. Merci d’impacter CDS pour prise en charge. 20/04/2026 : Escalade en voyee au Manager des BO TX GNOC. Point pris et son feedback attendu 16/04/2026 : Besoin d'analyse BO RAN || All cells down due to SCTP Link Fault . thanks to activate BO TX to check VLAN | AZ4: OST_227
A5: Hopital-General | B5: LIT_248 | C5: =_xlfn.XLOOKUP(B5,'[1]daily break down'!$D:$D,'[1]daily break down'!$E:$E,"") -> Douala | D5: IHS | E5: Grid-Gen | F5: LITTORAL | G5: Douala | H5: =_xlfn.XLOOKUP(B5,[2]CALCULATION!$B:$B,[2]CALCULATION!$H:$H,"") -> ZTE | I5: 0 | J5: 0 | K5: 0 | L5: 0 | M5: 0 | N5: 7.1571278 | O5: 37.663619 | P5: REPETITIF | Q5: Operationnel | S5: {=IFERROR(_xlfn.IFS( U5="MPR ISSUE","PDH", U5="BSS Hardware Issue","BSS", U5="Sites strategiques, MLL, Pylone, etc.","ENVTECH", U5="AKTIVCO DEFAUT GE & POWER Cabinet","AKTIVCO", U5="AKTIVCO Coupure ENEO & Baisse de tension","AKTIVCO GRID ONLY", U5="Coupure ENEO & Baisse de tension","IHS GRID ONLY", U5="Defaut GE & POWER Cabinet","IHS", U5="Sharing","Partners", U5="Sites strategiques & DataCenter","SST & DC", U5="Exclu","Exclu", U5="SAT","SAT", U5="SPARE-ISSUE","SPARE-ISSUE", U5="Fiber CAmtel","TRANS_FO_CAMTEL", U5="Fiber AOF","Fiber AOF", U5="Projet OCM (HUAWEI)","TRAVAUX-HUAWEI", U5="Projet OCM (NOKIA)","TRAVAUX-NOKIA", U5="ACCESS-ISSUE","ACCESS-ISSUE", U5="Projet OCM (ZTE, NOKIA, autres projets)","TRAVAUX OCM", U5="No root CAuse","No root cause", U5="ODU HS","PDH", U5="IP & VLAN","PDH", U5="Warehouse HUAWEI","SPARE-ISSUE", U5="SPARE-HS","SPARE-ISSUE", U5="Power Telco","BSS" ),"")} | T5: {=IFERROR(_xlfn.IFS( U5="MPR ISSUE","TX ISSUE", U5="BSS Hardware Issue","RAN ISSUE", U5="Sites strategiques, MLL, Pylone, etc.","ENVTECH", U5="AKTIVCO DEFAUT GE & POWER Cabinet","POWER ISSUE", U5="AKTIVCO Coupure ENEO & Baisse de tension","POWER ISSUE", U5="Coupure ENEO & Baisse de tension","POWER ISSUE", U5="Defaut GE & POWER Cabinet","POWER ISSUE", U5="Sharing","POWER ISSUE", U5="Sites strategiques & DataCenter","POWER ISSUE", U5="Exclu","Exclu", U5="SAT","TX ISSUE", U5="SPARE-ISSUE","SPARE-ISSUE", U5="Fiber CAmtel","TX ISSUE", U5="Fiber AOF","TX ISSUE", U5="Projet OCM (HUAWEI)","TRAVAUX-HUAWEI", U5="Projet OCM (NOKIA)","TRAVAUX -NOKIA", U5="ACCESS-ISSUE","ACCESS-ISSUE", U5="Projet OCM (ZTE, NOKIA, autres projets)","TRAVAUX OCM", U5="No root CAuse","No root cause", U5="ODU HS","TX ISSUE", U5="IP & VLAN","TX ISSUE", U5="Warehouse HUAWEI","SPARE-ISSUE", U5="SPARE-HS","SPARE-ISSUE", U5="Power Telco","RAN ISSUE" ),"")} | V5: {=IFERROR(_xlfn.IFS( U5="MPR ISSUE","ACTIVE", U5="BSS Hardware Issue","ACTIVE", U5="Sites strategiques, MLL, Pylone, etc.","PASSIVE", U5="AKTIVCO DEFAUT GE & POWER Cabinet","PASSIVE", U5="AKTIVCO Coupure ENEO & Baisse de tension","PASSIVE", U5="Coupure ENEO & Baisse de tension","PASSIVE", U5="Defaut GE & POWER Cabinet","PASSIVE", U5="Sharing","PASSIVE", U5="Sites strategiques & DataCenter","PASSIVE", U5="Exclu","Exclu", U5="SAT","ACTIVE", U5="SPARE-ISSUE","SPARE-ISSUE", U5="Fiber CAmtel","ACTIVE", U5="Fiber AOF","ACTIVE", U5="Projet OCM (HUAWEI)","PLANNED WORKS", U5="Projet OCM (NOKIA)","PLANNED WORKS", U5="ACCESS-ISSUE","ACCESS-ISSUE", U5="Projet OCM (ZTE, NOKIA, autres projets)","PLANNED WORKS", U5="No root CAuse","No root cause", U5="ODU HS","ACTIVE", U5="IP & VLAN","ACTIVE", U5="Warehouse HUAWEI","SPARE-ISSUE", U5="SPARE-HS","SPARE-ISSUE", U5="Power Telco","ACTIVE" ),"")} | W5: MPR issue | X5: Dispatch FME on site to reset MPR | Z5: GNOC | AA5: Ongoing | AB5: Not IHS Site..21.04.26; Besoin d'un FME sur site pour reset du MPR et si NOK, tsoot avec le BO TX; CM-20260420-00005639; FME Beauclair activé pour investigations, ETA=11H30 UTC | AC5: =_xlfn.XLOOKUP(B5,[4]ALL!$B:$B,[4]ALL!$N:$N,"") -> Not IHS Site | AD5: 21.04.26; Besoin d'un FME sur site pour reset du MPR et si NOK, tsoot avec le BO TX; CM-20260420-00005639; FME Beauclair activé pour investigations, ETA=11H30 UTC
A6: Ngona | B6: CTR_590 | C6: =_xlfn.XLOOKUP(B6,'[1]daily break down'!$D:$D,'[1]daily break down'!$E:$E,"") -> Yaounde | D6: IHS | E6: Grid-Gen | F6: CENTRE | G6: Yaounde | H6: =_xlfn.XLOOKUP(B6,[2]CALCULATION!$B:$B,[2]CALCULATION!$H:$H,"") -> ZTE | I6: 36.982818 | J6: 36.982818 | K6: 36.982818 | L6: 36.982818 | M6: 36.982818 | N6: 36.982818 | O6: 36.982818 | P6: REPETITIF | Q6: =_xlfn.XLOOKUP(B6,'[1]daily break down'!$D:$D,'[1]daily break down'!$O:$O,"") -> EXCLU | S6: {=IFERROR(_xlfn.IFS( U6="MPR ISSUE","PDH", U6="BSS Hardware Issue","BSS", U6="Sites strategiques, MLL, Pylone, etc.","ENVTECH", U6="AKTIVCO DEFAUT GE & POWER Cabinet","AKTIVCO", U6="AKTIVCO Coupure ENEO & Baisse de tension","AKTIVCO GRID ONLY", U6="Coupure ENEO & Baisse de tension","IHS GRID ONLY", U6="Defaut GE & POWER Cabinet","IHS", U6="Sharing","Partners", U6="Sites strategiques & DataCenter","SST & DC", U6="Exclu","Exclu", U6="SAT","SAT", U6="SPARE-ISSUE","SPARE-ISSUE", U6="Fiber CAmtel","TRANS_FO_CAMTEL", U6="Fiber AOF","Fiber AOF", U6="Projet OCM (HUAWEI)","TRAVAUX-HUAWEI", U6="Projet OCM (NOKIA)","TRAVAUX-NOKIA", U6="ACCESS-ISSUE","ACCESS-ISSUE", U6="Projet OCM (ZTE, NOKIA, autres projets)","TRAVAUX OCM", U6="No root CAuse","No root cause", U6="ODU HS","PDH", U6="IP & VLAN","PDH", U6="Warehouse HUAWEI","SPARE-ISSUE", U6="SPARE-HS","SPARE-ISSUE", U6="Power Telco","BSS" ),"")} | T6: {=IFERROR(_xlfn.IFS( U6="MPR ISSUE","TX ISSUE", U6="BSS Hardware Issue","RAN ISSUE", U6="Sites strategiques, MLL, Pylone, etc.","ENVTECH", U6="AKTIVCO DEFAUT GE & POWER Cabinet","POWER ISSUE", U6="AKTIVCO Coupure ENEO & Baisse de tension","POWER ISSUE", U6="Coupure ENEO & Baisse de tension","POWER ISSUE", U6="Defaut GE & POWER Cabinet","POWER ISSUE", U6="Sharing","POWER ISSUE", U6="Sites strategiques & DataCenter","POWER ISSUE", U6="Exclu","Exclu", U6="SAT","TX ISSUE", U6="SPARE-ISSUE","SPARE-ISSUE", U6="Fiber CAmtel","TX ISSUE", U6="Fiber AOF","TX ISSUE", U6="Projet OCM (HUAWEI)","TRAVAUX-HUAWEI", U6="Projet OCM (NOKIA)","TRAVAUX -NOKIA", U6="ACCESS-ISSUE","ACCESS-ISSUE", U6="Projet OCM (ZTE, NOKIA, autres projets)","TRAVAUX OCM", U6="No root CAuse","No root cause", U6="ODU HS","TX ISSUE", U6="IP & VLAN","TX ISSUE", U6="Warehouse HUAWEI","SPARE-ISSUE", U6="SPARE-HS","SPARE-ISSUE", U6="Power Telco","RAN ISSUE" ),"")} | V6: {=IFERROR(_xlfn.IFS( U6="MPR ISSUE","ACTIVE", U6="BSS Hardware Issue","ACTIVE", U6="Sites strategiques, MLL, Pylone, etc.","PASSIVE", U6="AKTIVCO DEFAUT GE & POWER Cabinet","PASSIVE", U6="AKTIVCO Coupure ENEO & Baisse de tension","PASSIVE", U6="Coupure ENEO & Baisse de tension","PASSIVE", U6="Defaut GE & POWER Cabinet","PASSIVE", U6="Sharing","PASSIVE", U6="Sites strategiques & DataCenter","PASSIVE", U6="Exclu","Exclu", U6="SAT","ACTIVE", U6="SPARE-ISSUE","SPARE-ISSUE", U6="Fiber CAmtel","ACTIVE", U6="Fiber AOF","ACTIVE", U6="Projet OCM (HUAWEI)","PLANNED WORKS", U6="Projet OCM (NOKIA)","PLANNED WORKS", U6="ACCESS-ISSUE","ACCESS-ISSUE", U6="Projet OCM (ZTE, NOKIA, autres projets)","PLANNED WORKS", U6="No root CAuse","No root cause", U6="ODU HS","ACTIVE", U6="IP & VLAN","ACTIVE", U6="Warehouse HUAWEI","SPARE-ISSUE", U6="SPARE-HS","SPARE-ISSUE", U6="Power Telco","ACTIVE" ),"")} | AB6: No Power issue..20/04/2026 : Site vendalise..(04/21/2026 cell zte):-20/04/2026 : Site vendalise..(04/21/2026 cell zte):-20/04/2026 : Site vendalise..(04/21/2026 cell zte):-20/04/2026 : Site vendalise..CTR_590 | AC6: =_xlfn.XLOOKUP(B6,[4]ALL!$B:$B,[4]ALL!$N:$N,"") -> No Power issue | AD6: 20/04/2026 : Site vendalise | AQ6: (04/21/2026 cell zte):-20/04/2026 : Site vendalise | AR6: (04/21/2026 cell zte):-20/04/2026 : Site vendalise | AS6: (04/21/2026 cell zte):-20/04/2026 : Site vendalise | BA6: CTR_590
A7: Lada | B7: CTR_667 | C7: =_xlfn.XLOOKUP(B7,'[1]daily break down'!$D:$D,'[1]daily break down'!$E:$E,"") -> Yaounde | D7: CAMUSAT | E7: Bad Grid + Solar + GE | F7: CENTRE | G7: Lada | H7: =_xlfn.XLOOKUP(B7,[2]CALCULATION!$B:$B,[2]CALCULATION!$H:$H,"") -> ZTE | I7: 8.6248299 | J7: 8.5509213 | K7: 1.3079176 | L7: 0 | M7: 4.926441 | N7: 33.85929 | O7: 36.982818 | P7: REPETITIF | Q7: Operationnel | S7: {=IFERROR(_xlfn.IFS( U7="MPR ISSUE","PDH", U7="BSS Hardware Issue","BSS", U7="Sites strategiques, MLL, Pylone, etc.","ENVTECH", U7="AKTIVCO DEFAUT GE & POWER Cabinet","AKTIVCO", U7="AKTIVCO Coupure ENEO & Baisse de tension","AKTIVCO GRID ONLY", U7="Coupure ENEO & Baisse de tension","IHS GRID ONLY", U7="Defaut GE & POWER Cabinet","IHS", U7="Sharing","Partners", U7="Sites strategiques & DataCenter","SST & DC", U7="Exclu","Exclu", U7="SAT","SAT", U7="SPARE-ISSUE","SPARE-ISSUE", U7="Fiber CAmtel","TRANS_FO_CAMTEL", U7="Fiber AOF","Fiber AOF", U7="Projet OCM (HUAWEI)","TRAVAUX-HUAWEI", U7="Projet OCM (NOKIA)","TRAVAUX-NOKIA", U7="ACCESS-ISSUE","ACCESS-ISSUE", U7="Projet OCM (ZTE, NOKIA, autres projets)","TRAVAUX OCM", U7="No root CAuse","No root cause", U7="ODU HS","PDH", U7="IP & VLAN","PDH", U7="Warehouse HUAWEI","SPARE-ISSUE", U7="SPARE-HS","SPARE-ISSUE", U7="Power Telco","BSS" ),"")} | T7: {=IFERROR(_xlfn.IFS( U7="MPR ISSUE","TX ISSUE", U7="BSS Hardware Issue","RAN ISSUE", U7="Sites strategiques, MLL, Pylone, etc.","ENVTECH", U7="AKTIVCO DEFAUT GE & POWER Cabinet","POWER ISSUE", U7="AKTIVCO Coupure ENEO & Baisse de tension","POWER ISSUE", U7="Coupure ENEO & Baisse de tension","POWER ISSUE", U7="Defaut GE & POWER Cabinet","POWER ISSUE", U7="Sharing","POWER ISSUE", U7="Sites strategiques & DataCenter","POWER ISSUE", U7="Exclu","Exclu", U7="SAT","TX ISSUE", U7="SPARE-ISSUE","SPARE-ISSUE", U7="Fiber CAmtel","TX ISSUE", U7="Fiber AOF","TX ISSUE", U7="Projet OCM (HUAWEI)","TRAVAUX-HUAWEI", U7="Projet OCM (NOKIA)","TRAVAUX -NOKIA", U7="ACCESS-ISSUE","ACCESS-ISSUE", U7="Projet OCM (ZTE, NOKIA, autres projets)","TRAVAUX OCM", U7="No root CAuse","No root cause", U7="ODU HS","TX ISSUE", U7="IP & VLAN","TX ISSUE", U7="Warehouse HUAWEI","SPARE-ISSUE", U7="SPARE-HS","SPARE-ISSUE", U7="Power Telco","RAN ISSUE" ),"")} | V7: {=IFERROR(_xlfn.IFS( U7="MPR ISSUE","ACTIVE", U7="BSS Hardware Issue","ACTIVE", U7="Sites strategiques, MLL, Pylone, etc.","PASSIVE", U7="AKTIVCO DEFAUT GE & POWER Cabinet","PASSIVE", U7="AKTIVCO Coupure ENEO & Baisse de tension","PASSIVE", U7="Coupure ENEO & Baisse de tension","PASSIVE", U7="Defaut GE & POWER Cabinet","PASSIVE", U7="Sharing","PASSIVE", U7="Sites strategiques & DataCenter","PASSIVE", U7="Exclu","Exclu", U7="SAT","ACTIVE", U7="SPARE-ISSUE","SPARE-ISSUE", U7="Fiber CAmtel","ACTIVE", U7="Fiber AOF","ACTIVE", U7="Projet OCM (HUAWEI)","PLANNED WORKS", U7="Projet OCM (NOKIA)","PLANNED WORKS", U7="ACCESS-ISSUE","ACCESS-ISSUE", U7="Projet OCM (ZTE, NOKIA, autres projets)","PLANNED WORKS", U7="No root CAuse","No root cause", U7="ODU HS","ACTIVE", U7="IP & VLAN","ACTIVE", U7="Warehouse HUAWEI","SPARE-ISSUE", U7="SPARE-HS","SPARE-ISSUE", U7="Power Telco","ACTIVE" ),"")} | W7: impacted by bitoto. Need BO TX analysis | X7: Awaiting BO TX analysis | Z7: BO TX | AA7: Ongoing | AC7: =_xlfn.XLOOKUP(B7,[4]ALL!$B:$B,[4]ALL!$N:$N,"")
A8: Kumba-Lutherian-Church-MTN | B8: SUO_054 | C8: =_xlfn.XLOOKUP(B8,'[1]daily break down'!$D:$D,'[1]daily break down'!$E:$E,"") -> SUD-OUEST | D8: IHS | E8: Grid-Gen | F8: SUD-OUEST | G8: Kumba | H8: =_xlfn.XLOOKUP(B8,[2]CALCULATION!$B:$B,[2]CALCULATION!$H:$H,"") -> Huawei | I8: 34.213691 | J8: 34.282409 | K8: 34.274009 | L8: 34.14779 | M8: 34.268123 | N8: 34.223946 | O8: 34.188971 | P8: REPETITIF | Q8: EXCLU | S8: {=IFERROR(_xlfn.IFS( U8="MPR ISSUE","PDH", U8="BSS Hardware Issue","BSS", U8="Sites strategiques, MLL, Pylone, etc.","ENVTECH", U8="AKTIVCO DEFAUT GE & POWER Cabinet","AKTIVCO", U8="AKTIVCO Coupure ENEO & Baisse de tension","AKTIVCO GRID ONLY", U8="Coupure ENEO & Baisse de tension","IHS GRID ONLY", U8="Defaut GE & POWER Cabinet","IHS", U8="Sharing","Partners", U8="Sites strategiques & DataCenter","SST & DC", U8="Exclu","Exclu", U8="SAT","SAT", U8="SPARE-ISSUE","SPARE-ISSUE", U8="Fiber CAmtel","TRANS_FO_CAMTEL", U8="Fiber AOF","Fiber AOF", U8="Projet OCM (HUAWEI)","TRAVAUX-HUAWEI", U8="Projet OCM (NOKIA)","TRAVAUX-NOKIA", U8="ACCESS-ISSUE","ACCESS-ISSUE", U8="Projet OCM (ZTE, NOKIA, autres projets)","TRAVAUX OCM", U8="No root CAuse","No root cause", U8="ODU HS","PDH", U8="IP & VLAN","PDH", U8="Warehouse HUAWEI","SPARE-ISSUE", U8="SPARE-HS","SPARE-ISSUE", U8="Power Telco","BSS" ),"")} | T8: {=IFERROR(_xlfn.IFS( U8="MPR ISSUE","TX ISSUE", U8="BSS Hardware Issue","RAN ISSUE", U8="Sites strategiques, MLL, Pylone, etc.","ENVTECH", U8="AKTIVCO DEFAUT GE & POWER Cabinet","POWER ISSUE", U8="AKTIVCO Coupure ENEO & Baisse de tension","POWER ISSUE", U8="Coupure ENEO & Baisse de tension","POWER ISSUE", U8="Defaut GE & POWER Cabinet","POWER ISSUE", U8="Sharing","POWER ISSUE", U8="Sites strategiques & DataCenter","POWER ISSUE", U8="Exclu","Exclu", U8="SAT","TX ISSUE", U8="SPARE-ISSUE","SPARE-ISSUE", U8="Fiber CAmtel","TX ISSUE", U8="Fiber AOF","TX ISSUE", U8="Projet OCM (HUAWEI)","TRAVAUX-HUAWEI", U8="Projet OCM (NOKIA)","TRAVAUX -NOKIA", U8="ACCESS-ISSUE","ACCESS-ISSUE", U8="Projet OCM (ZTE, NOKIA, autres projets)","TRAVAUX OCM", U8="No root CAuse","No root cause", U8="ODU HS","TX ISSUE", U8="IP & VLAN","TX ISSUE", U8="Warehouse HUAWEI","SPARE-ISSUE", U8="SPARE-HS","SPARE-ISSUE", U8="Power Telco","RAN ISSUE" ),"")} | V8: {=IFERROR(_xlfn.IFS( U8="MPR ISSUE","ACTIVE", U8="BSS Hardware Issue","ACTIVE", U8="Sites strategiques, MLL, Pylone, etc.","PASSIVE", U8="AKTIVCO DEFAUT GE & POWER Cabinet","PASSIVE", U8="AKTIVCO Coupure ENEO & Baisse de tension","PASSIVE", U8="Coupure ENEO & Baisse de tension","PASSIVE", U8="Defaut GE & POWER Cabinet","PASSIVE", U8="Sharing","PASSIVE", U8="Sites strategiques & DataCenter","PASSIVE", U8="Exclu","Exclu", U8="SAT","ACTIVE", U8="SPARE-ISSUE","SPARE-ISSUE", U8="Fiber CAmtel","ACTIVE", U8="Fiber AOF","ACTIVE", U8="Projet OCM (HUAWEI)","PLANNED WORKS", U8="Projet OCM (NOKIA)","PLANNED WORKS", U8="ACCESS-ISSUE","ACCESS-ISSUE", U8="Projet OCM (ZTE, NOKIA, autres projets)","PLANNED WORKS", U8="No root CAuse","No root cause", U8="ODU HS","ACTIVE", U8="IP & VLAN","ACTIVE", U8="Warehouse HUAWEI","SPARE-ISSUE", U8="SPARE-HS","SPARE-ISSUE", U8="Power Telco","ACTIVE" ),"")} | AB8: No Power issue..SUO_054 | AC8: =_xlfn.XLOOKUP(B8,[4]ALL!$B:$B,[4]ALL!$N:$N,"") -> No Power issue | AZ8: SUO_054
A9: Nkolmesseng-H-Pyramides | B9: CTR_771 | C9: =_xlfn.XLOOKUP(B9,'[1]daily break down'!$D:$D,'[1]daily break down'!$E:$E,"") -> Yaounde | D9: CAMUSAT | E9: Good Grid no GE - 8h | F9: CENTRE | G9: Yaounde | H9: =_xlfn.XLOOKUP(B9,[2]CALCULATION!$B:$B,[2]CALCULATION!$H:$H,"") -> ZTE | I9: 0 | J9: 0 | K9: 0 | L9: 0 | M9: 0 | N9: 4.1508826 | O9: 33.897493 | P9: REPETITIF | Q9: Operationnel | S9: {=IFERROR(_xlfn.IFS( U9="MPR ISSUE","PDH", U9="BSS Hardware Issue","BSS", U9="Sites strategiques, MLL, Pylone, etc.","ENVTECH", U9="AKTIVCO DEFAUT GE & POWER Cabinet","AKTIVCO", U9="AKTIVCO Coupure ENEO & Baisse de tension","AKTIVCO GRID ONLY", U9="Coupure ENEO & Baisse de tension","IHS GRID ONLY", U9="Defaut GE & POWER Cabinet","IHS", U9="Sharing","Partners", U9="Sites strategiques & DataCenter","SST & DC", U9="Exclu","Exclu", U9="SAT","SAT", U9="SPARE-ISSUE","SPARE-ISSUE", U9="Fiber CAmtel","TRANS_FO_CAMTEL", U9="Fiber AOF","Fiber AOF", U9="Projet OCM (HUAWEI)","TRAVAUX-HUAWEI", U9="Projet OCM (NOKIA)","TRAVAUX-NOKIA", U9="ACCESS-ISSUE","ACCESS-ISSUE", U9="Projet OCM (ZTE, NOKIA, autres projets)","TRAVAUX OCM", U9="No root CAuse","No root cause", U9="ODU HS","PDH", U9="IP & VLAN","PDH", U9="Warehouse HUAWEI","SPARE-ISSUE", U9="SPARE-HS","SPARE-ISSUE", U9="Power Telco","BSS" ),"")} | T9: {=IFERROR(_xlfn.IFS( U9="MPR ISSUE","TX ISSUE", U9="BSS Hardware Issue","RAN ISSUE", U9="Sites strategiques, MLL, Pylone, etc.","ENVTECH", U9="AKTIVCO DEFAUT GE & POWER Cabinet","POWER ISSUE", U9="AKTIVCO Coupure ENEO & Baisse de tension","POWER ISSUE", U9="Coupure ENEO & Baisse de tension","POWER ISSUE", U9="Defaut GE & POWER Cabinet","POWER ISSUE", U9="Sharing","POWER ISSUE", U9="Sites strategiques & DataCenter","POWER ISSUE", U9="Exclu","Exclu", U9="SAT","TX ISSUE", U9="SPARE-ISSUE","SPARE-ISSUE", U9="Fiber CAmtel","TX ISSUE", U9="Fiber AOF","TX ISSUE", U9="Projet OCM (HUAWEI)","TRAVAUX-HUAWEI", U9="Projet OCM (NOKIA)","TRAVAUX -NOKIA", U9="ACCESS-ISSUE","ACCESS-ISSUE", U9="Projet OCM (ZTE, NOKIA, autres projets)","TRAVAUX OCM", U9="No root CAuse","No root cause", U9="ODU HS","TX ISSUE", U9="IP & VLAN","TX ISSUE", U9="Warehouse HUAWEI","SPARE-ISSUE", U9="SPARE-HS","SPARE-ISSUE", U9="Power Telco","RAN ISSUE" ),"")} | V9: {=IFERROR(_xlfn.IFS( U9="MPR ISSUE","ACTIVE", U9="BSS Hardware Issue","ACTIVE", U9="Sites strategiques, MLL, Pylone, etc.","PASSIVE", U9="AKTIVCO DEFAUT GE & POWER Cabinet","PASSIVE", U9="AKTIVCO Coupure ENEO & Baisse de tension","PASSIVE", U9="Coupure ENEO & Baisse de tension","PASSIVE", U9="Defaut GE & POWER Cabinet","PASSIVE", U9="Sharing","PASSIVE", U9="Sites strategiques & DataCenter","PASSIVE", U9="Exclu","Exclu", U9="SAT","ACTIVE", U9="SPARE-ISSUE","SPARE-ISSUE", U9="Fiber CAmtel","ACTIVE", U9="Fiber AOF","ACTIVE", U9="Projet OCM (HUAWEI)","PLANNED WORKS", U9="Projet OCM (NOKIA)","PLANNED WORKS", U9="ACCESS-ISSUE","ACCESS-ISSUE", U9="Projet OCM (ZTE, NOKIA, autres projets)","PLANNED WORKS", U9="No root CAuse","No root cause", U9="ODU HS","ACTIVE", U9="IP & VLAN","ACTIVE", U9="Warehouse HUAWEI","SPARE-ISSUE", U9="SPARE-HS","SPARE-ISSUE", U9="Power Telco","ACTIVE" ),"")} | W9: Grid outage, Grid only site | X9: Awaiting Grid return | Z9: CAMUSAT | AA9: Ongoing | AB9: 21/04/2026 Camusat: grid outage grid only site / awaiting grid return..(04/21/2026-ocm ran incident 18h):-21/04/2026 grid outage, grid only / grid return awaited - Escalated to L3 20/04/2026 grid outage, grid only / grid return awaited..(04/21/2026-ocm ran incident 14h):-21/04/2026 grid outage, grid only / grid return awaited - Escalated to L3 20/04/2026 grid outage, grid only / grid return awaited..(04/21/2026 tickect): -INC-20260421-00014742…2026-04-21 23:48:04…Grid outage and grid only site / Grid return awaited | AC9: =_xlfn.XLOOKUP(B9,[4]ALL!$B:$B,[4]ALL!$N:$N,"") | AD9: 21/04/2026 Camusat: grid outage grid only site / awaiting grid return | AT9: (04/21/2026-ocm ran incident 18h):-21/04/2026 grid outage, grid only / grid return awaited - Escalated to L3 20/04/2026 grid outage, grid only / grid return awaited | AU9: (04/21/2026-ocm ran incident 14h):-21/04/2026 grid outage, grid only / grid return awaited - Escalated to L3 20/04/2026 grid outage, grid only / grid return awaited | AV9: (04/21/2026 tickect): -INC-20260421-00014742…2026-04-21 23:48:04…Grid outage and grid only site / Grid return awaited
A10: Koweit-City | B10: CTR_258 | C10: =_xlfn.XLOOKUP(B10,'[1]daily break down'!$D:$D,'[1]daily break down'!$E:$E,"") -> Yaounde | D10: CAMUSAT | E10: Good Grid + GE | F10: CENTRE | G10: Yaounde | H10: =_xlfn.XLOOKUP(B10,[2]CALCULATION!$B:$B,[2]CALCULATION!$H:$H,"") -> ZTE | I10: 22.084607 | J10: 17.864239 | K10: 7.9206475 | L10: 12.382485 | M10: 12.046668 | N10: 33.366168 | O10: 33.624901 | P10: REPETITIF | Q10: Operationnel | S10: {=IFERROR(_xlfn.IFS( U10="MPR ISSUE","PDH", U10="BSS Hardware Issue","BSS", U10="Sites strategiques, MLL, Pylone, etc.","ENVTECH", U10="AKTIVCO DEFAUT GE & POWER Cabinet","AKTIVCO", U10="AKTIVCO Coupure ENEO & Baisse de tension","AKTIVCO GRID ONLY", U10="Coupure ENEO & Baisse de tension","IHS GRID ONLY", U10="Defaut GE & POWER Cabinet","IHS", U10="Sharing","Partners", U10="Sites strategiques & DataCenter","SST & DC", U10="Exclu","Exclu", U10="SAT","SAT", U10="SPARE-ISSUE","SPARE-ISSUE", U10="Fiber CAmtel","TRANS_FO_CAMTEL", U10="Fiber AOF","Fiber AOF", U10="Projet OCM (HUAWEI)","TRAVAUX-HUAWEI", U10="Projet OCM (NOKIA)","TRAVAUX-NOKIA", U10="ACCESS-ISSUE","ACCESS-ISSUE", U10="Projet OCM (ZTE, NOKIA, autres projets)","TRAVAUX OCM", U10="No root CAuse","No root cause", U10="ODU HS","PDH", U10="IP & VLAN","PDH", U10="Warehouse HUAWEI","SPARE-ISSUE", U10="SPARE-HS","SPARE-ISSUE", U10="Power Telco","BSS" ),"")} | T10: {=IFERROR(_xlfn.IFS( U10="MPR ISSUE","TX ISSUE", U10="BSS Hardware Issue","RAN ISSUE", U10="Sites strategiques, MLL, Pylone, etc.","ENVTECH", U10="AKTIVCO DEFAUT GE & POWER Cabinet","POWER ISSUE", U10="AKTIVCO Coupure ENEO & Baisse de tension","POWER ISSUE", U10="Coupure ENEO & Baisse de tension","POWER ISSUE", U10="Defaut GE & POWER Cabinet","POWER ISSUE", U10="Sharing","POWER ISSUE", U10="Sites strategiques & DataCenter","POWER ISSUE", U10="Exclu","Exclu", U10="SAT","TX ISSUE", U10="SPARE-ISSUE","SPARE-ISSUE", U10="Fiber CAmtel","TX ISSUE", U10="Fiber AOF","TX ISSUE", U10="Projet OCM (HUAWEI)","TRAVAUX-HUAWEI", U10="Projet OCM (NOKIA)","TRAVAUX -NOKIA", U10="ACCESS-ISSUE","ACCESS-ISSUE", U10="Projet OCM (ZTE, NOKIA, autres projets)","TRAVAUX OCM", U10="No root CAuse","No root cause", U10="ODU HS","TX ISSUE", U10="IP & VLAN","TX ISSUE", U10="Warehouse HUAWEI","SPARE-ISSUE", U10="SPARE-HS","SPARE-ISSUE", U10="Power Telco","RAN ISSUE" ),"")} | V10: {=IFERROR(_xlfn.IFS( U10="MPR ISSUE","ACTIVE", U10="BSS Hardware Issue","ACTIVE", U10="Sites strategiques, MLL, Pylone, etc.","PASSIVE", U10="AKTIVCO DEFAUT GE & POWER Cabinet","PASSIVE", U10="AKTIVCO Coupure ENEO & Baisse de tension","PASSIVE", U10="Coupure ENEO & Baisse de tension","PASSIVE", U10="Defaut GE & POWER Cabinet","PASSIVE", U10="Sharing","PASSIVE", U10="Sites strategiques & DataCenter","PASSIVE", U10="Exclu","Exclu", U10="SAT","ACTIVE", U10="SPARE-ISSUE","SPARE-ISSUE", U10="Fiber CAmtel","ACTIVE", U10="Fiber AOF","ACTIVE", U10="Projet OCM (HUAWEI)","PLANNED WORKS", U10="Projet OCM (NOKIA)","PLANNED WORKS", U10="ACCESS-ISSUE","ACCESS-ISSUE", U10="Projet OCM (ZTE, NOKIA, autres projets)","PLANNED WORKS", U10="No root CAuse","No root cause", U10="ODU HS","ACTIVE", U10="IP & VLAN","ACTIVE", U10="Warehouse HUAWEI","SPARE-ISSUE", U10="SPARE-HS","SPARE-ISSUE", U10="Power Telco","ACTIVE" ),"")} | W10: Need BO RAN analysis | X10: Awaiting BO RAN analysis | Z10: BO RAN | AA10: Ongoing | AB10: 21/04/2026 : Besoin d'analyse BO RAN..(04/21/2026 cell zte):-21/04/2026 : Besoin d'analyse BO RAN..(04/21/2026 cell zte):-21/04/2026 : Besoin d'analyse BO RAN | AC10: =_xlfn.XLOOKUP(B10,[4]ALL!$B:$B,[4]ALL!$N:$N,"") | AD10: 21/04/2026 : Besoin d'analyse BO RAN | AR10: (04/21/2026 cell zte):-21/04/2026 : Besoin d'analyse BO RAN | AS10: (04/21/2026 cell zte):-21/04/2026 : Besoin d'analyse BO RAN
A11: Nkolmessing-Abom-MTN | B11: CTR_832 | C11: =_xlfn.XLOOKUP(B11,'[1]daily break down'!$D:$D,'[1]daily break down'!$E:$E,"") -> Yaounde | D11: MTN | F11: CENTRE | G11: Yaounde | H11: =_xlfn.XLOOKUP(B11,[2]CALCULATION!$B:$B,[2]CALCULATION!$H:$H,"") -> ZTE | I11: 32.359966 | J11: 32.359966 | K11: 32.359966 | L11: 32.359966 | M11: 32.359966 | N11: 32.359966 | O11: 32.359966 | P11: REPETITIF | Q11: Operationnel | S11: {=IFERROR(_xlfn.IFS( U11="MPR ISSUE","PDH", U11="BSS Hardware Issue","BSS", U11="Sites strategiques, MLL, Pylone, etc.","ENVTECH", U11="AKTIVCO DEFAUT GE & POWER Cabinet","AKTIVCO", U11="AKTIVCO Coupure ENEO & Baisse de tension","AKTIVCO GRID ONLY", U11="Coupure ENEO & Baisse de tension","IHS GRID ONLY", U11="Defaut GE & POWER Cabinet","IHS", U11="Sharing","Partners", U11="Sites strategiques & DataCenter","SST & DC", U11="Exclu","Exclu", U11="SAT","SAT", U11="SPARE-ISSUE","SPARE-ISSUE", U11="Fiber CAmtel","TRANS_FO_CAMTEL", U11="Fiber AOF","Fiber AOF", U11="Projet OCM (HUAWEI)","TRAVAUX-HUAWEI", U11="Projet OCM (NOKIA)","TRAVAUX-NOKIA", U11="ACCESS-ISSUE","ACCESS-ISSUE", U11="Projet OCM (ZTE, NOKIA, autres projets)","TRAVAUX OCM", U11="No root CAuse","No root cause", U11="ODU HS","PDH", U11="IP & VLAN","PDH", U11="Warehouse HUAWEI","SPARE-ISSUE", U11="SPARE-HS","SPARE-ISSUE", U11="Power Telco","BSS" ),"")} | T11: {=IFERROR(_xlfn.IFS( U11="MPR ISSUE","TX ISSUE", U11="BSS Hardware Issue","RAN ISSUE", U11="Sites strategiques, MLL, Pylone, etc.","ENVTECH", U11="AKTIVCO DEFAUT GE & POWER Cabinet","POWER ISSUE", U11="AKTIVCO Coupure ENEO & Baisse de tension","POWER ISSUE", U11="Coupure ENEO & Baisse de tension","POWER ISSUE", U11="Defaut GE & POWER Cabinet","POWER ISSUE", U11="Sharing","POWER ISSUE", U11="Sites strategiques & DataCenter","POWER ISSUE", U11="Exclu","Exclu", U11="SAT","TX ISSUE", U11="SPARE-ISSUE","SPARE-ISSUE", U11="Fiber CAmtel","TX ISSUE", U11="Fiber AOF","TX ISSUE", U11="Projet OCM (HUAWEI)","TRAVAUX-HUAWEI", U11="Projet OCM (NOKIA)","TRAVAUX -NOKIA", U11="ACCESS-ISSUE","ACCESS-ISSUE", U11="Projet OCM (ZTE, NOKIA, autres projets)","TRAVAUX OCM", U11="No root CAuse","No root cause", U11="ODU HS","TX ISSUE", U11="IP & VLAN","TX ISSUE", U11="Warehouse HUAWEI","SPARE-ISSUE", U11="SPARE-HS","SPARE-ISSUE", U11="Power Telco","RAN ISSUE" ),"")} | V11: {=IFERROR(_xlfn.IFS( U11="MPR ISSUE","ACTIVE", U11="BSS Hardware Issue","ACTIVE", U11="Sites strategiques, MLL, Pylone, etc.","PASSIVE", U11="AKTIVCO DEFAUT GE & POWER Cabinet","PASSIVE", U11="AKTIVCO Coupure ENEO & Baisse de tension","PASSIVE", U11="Coupure ENEO & Baisse de tension","PASSIVE", U11="Defaut GE & POWER Cabinet","PASSIVE", U11="Sharing","PASSIVE", U11="Sites strategiques & DataCenter","PASSIVE", U11="Exclu","Exclu", U11="SAT","ACTIVE", U11="SPARE-ISSUE","SPARE-ISSUE", U11="Fiber CAmtel","ACTIVE", U11="Fiber AOF","ACTIVE", U11="Projet OCM (HUAWEI)","PLANNED WORKS", U11="Projet OCM (NOKIA)","PLANNED WORKS", U11="ACCESS-ISSUE","ACCESS-ISSUE", U11="Projet OCM (ZTE, NOKIA, autres projets)","PLANNED WORKS", U11="No root CAuse","No root cause", U11="ODU HS","ACTIVE", U11="IP & VLAN","ACTIVE", U11="Warehouse HUAWEI","SPARE-ISSUE", U11="SPARE-HS","SPARE-ISSUE", U11="Power Telco","ACTIVE" ),"")} | W11: Power issue | X11: Awaiting BO TX analysis | Z11: BO TX | AA11: Ongoing | AB11: CTR_832 | AC11: =_xlfn.XLOOKUP(B11,[4]ALL!$B:$B,[4]ALL!$N:$N,"") | BA11: CTR_832
A12: Tropicana-New | B12: CTR_833 | C12: =_xlfn.XLOOKUP(B12,'[1]daily break down'!$D:$D,'[1]daily break down'!$E:$E,"") -> Yaounde | D12: CAMUSAT | E12: Good Grid + GE | F12: CENTRE | G12: Yaounde | H12: =_xlfn.XLOOKUP(B12,[2]CALCULATION!$B:$B,[2]CALCULATION!$H:$H,"") -> ZTE | I12: 3.4924829 | J12: 0.7168453 | K12: 0 | L12: 1.4686117 | M12: 17.352318 | N12: 6.2770915 | O12: 31.937275 | P12: REPETITIF | Q12: Operationnel | S12: {=IFERROR(_xlfn.IFS( U12="MPR ISSUE","PDH", U12="BSS Hardware Issue","BSS", U12="Sites strategiques, MLL, Pylone, etc.","ENVTECH", U12="AKTIVCO DEFAUT GE & POWER Cabinet","AKTIVCO", U12="AKTIVCO Coupure ENEO & Baisse de tension","AKTIVCO GRID ONLY", U12="Coupure ENEO & Baisse de tension","IHS GRID ONLY", U12="Defaut GE & POWER Cabinet","IHS", U12="Sharing","Partners", U12="Sites strategiques & DataCenter","SST & DC", U12="Exclu","Exclu", U12="SAT","SAT", U12="SPARE-ISSUE","SPARE-ISSUE", U12="Fiber CAmtel","TRANS_FO_CAMTEL", U12="Fiber AOF","Fiber AOF", U12="Projet OCM (HUAWEI)","TRAVAUX-HUAWEI", U12="Projet OCM (NOKIA)","TRAVAUX-NOKIA", U12="ACCESS-ISSUE","ACCESS-ISSUE", U12="Projet OCM (ZTE, NOKIA, autres projets)","TRAVAUX OCM", U12="No root CAuse","No root cause", U12="ODU HS","PDH", U12="IP & VLAN","PDH", U12="Warehouse HUAWEI","SPARE-ISSUE", U12="SPARE-HS","SPARE-ISSUE", U12="Power Telco","BSS" ),"")} | T12: {=IFERROR(_xlfn.IFS( U12="MPR ISSUE","TX ISSUE", U12="BSS Hardware Issue","RAN ISSUE", U12="Sites strategiques, MLL, Pylone, etc.","ENVTECH", U12="AKTIVCO DEFAUT GE & POWER Cabinet","POWER ISSUE", U12="AKTIVCO Coupure ENEO & Baisse de tension","POWER ISSUE", U12="Coupure ENEO & Baisse de tension","POWER ISSUE", U12="Defaut GE & POWER Cabinet","POWER ISSUE", U12="Sharing","POWER ISSUE", U12="Sites strategiques & DataCenter","POWER ISSUE", U12="Exclu","Exclu", U12="SAT","TX ISSUE", U12="SPARE-ISSUE","SPARE-ISSUE", U12="Fiber CAmtel","TX ISSUE", U12="Fiber AOF","TX ISSUE", U12="Projet OCM (HUAWEI)","TRAVAUX-HUAWEI", U12="Projet OCM (NOKIA)","TRAVAUX -NOKIA", U12="ACCESS-ISSUE","ACCESS-ISSUE", U12="Projet OCM (ZTE, NOKIA, autres projets)","TRAVAUX OCM", U12="No root CAuse","No root cause", U12="ODU HS","TX ISSUE", U12="IP & VLAN","TX ISSUE", U12="Warehouse HUAWEI","SPARE-ISSUE", U12="SPARE-HS","SPARE-ISSUE", U12="Power Telco","RAN ISSUE" ),"")} | V12: {=IFERROR(_xlfn.IFS( U12="MPR ISSUE","ACTIVE", U12="BSS Hardware Issue","ACTIVE", U12="Sites strategiques, MLL, Pylone, etc.","PASSIVE", U12="AKTIVCO DEFAUT GE & POWER Cabinet","PASSIVE", U12="AKTIVCO Coupure ENEO & Baisse de tension","PASSIVE", U12="Coupure ENEO & Baisse de tension","PASSIVE", U12="Defaut GE & POWER Cabinet","PASSIVE", U12="Sharing","PASSIVE", U12="Sites strategiques & DataCenter","PASSIVE", U12="Exclu","Exclu", U12="SAT","ACTIVE", U12="SPARE-ISSUE","SPARE-ISSUE", U12="Fiber CAmtel","ACTIVE", U12="Fiber AOF","ACTIVE", U12="Projet OCM (HUAWEI)","PLANNED WORKS", U12="Projet OCM (NOKIA)","PLANNED WORKS", U12="ACCESS-ISSUE","ACCESS-ISSUE", U12="Projet OCM (ZTE, NOKIA, autres projets)","PLANNED WORKS", U12="No root CAuse","No root cause", U12="ODU HS","ACTIVE", U12="IP & VLAN","ACTIVE", U12="Warehouse HUAWEI","SPARE-ISSUE", U12="SPARE-HS","SPARE-ISSUE", U12="Power Telco","ACTIVE" ),"")} | W12: Grid outage | X12: Awaiting Grid return | Z12: CAMUSAT | AA12: Ongoing | AB12: 21.04.26; Camusat; FME is on the way ETA 15H30..(04/21/2026-ocm ran incident 14h):-21.04.26; Camusat; FME is on the way ETA 15H30..(04/21/2026 tickect): -INC-20260421-00006727…2026-04-21 13:13:58…FME is on the way ETA 15H30 | AC12: =_xlfn.XLOOKUP(B12,[4]ALL!$B:$B,[4]ALL!$N:$N,"") | AD12: 21.04.26; Camusat; FME is on the way ETA 15H30 | AU12: (04/21/2026-ocm ran incident 14h):-21.04.26; Camusat; FME is on the way ETA 15H30 | AV12: (04/21/2026 tickect): -INC-20260421-00006727…2026-04-21 13:13:58…FME is on the way ETA 15H30
A13: Lendi-II | B13: LIT_582 | C13: =_xlfn.XLOOKUP(B13,'[1]daily break down'!$D:$D,'[1]daily break down'!$E:$E,"") -> Douala | D13: CAMUSAT | E13: Good Grid + GE | F13: LITTORAL | G13: Douala | H13: =_xlfn.XLOOKUP(B13,[2]CALCULATION!$B:$B,[2]CALCULATION!$H:$H,"") -> ZTE | I13: 0 | J13: 0 | K13: 0 | L13: 0 | M13: 4.2905313 | N13: 13.868557 | O13: 29.798885 | P13: REPETITIF | Q13: Operationnel | S13: {=IFERROR(_xlfn.IFS( U13="MPR ISSUE","PDH", U13="BSS Hardware Issue","BSS", U13="Sites strategiques, MLL, Pylone, etc.","ENVTECH", U13="AKTIVCO DEFAUT GE & POWER Cabinet","AKTIVCO", U13="AKTIVCO Coupure ENEO & Baisse de tension","AKTIVCO GRID ONLY", U13="Coupure ENEO & Baisse de tension","IHS GRID ONLY", U13="Defaut GE & POWER Cabinet","IHS", U13="Sharing","Partners", U13="Sites strategiques & DataCenter","SST & DC", U13="Exclu","Exclu", U13="SAT","SAT", U13="SPARE-ISSUE","SPARE-ISSUE", U13="Fiber CAmtel","TRANS_FO_CAMTEL", U13="Fiber AOF","Fiber AOF", U13="Projet OCM (HUAWEI)","TRAVAUX-HUAWEI", U13="Projet OCM (NOKIA)","TRAVAUX-NOKIA", U13="ACCESS-ISSUE","ACCESS-ISSUE", U13="Projet OCM (ZTE, NOKIA, autres projets)","TRAVAUX OCM", U13="No root CAuse","No root cause", U13="ODU HS","PDH", U13="IP & VLAN","PDH", U13="Warehouse HUAWEI","SPARE-ISSUE", U13="SPARE-HS","SPARE-ISSUE", U13="Power Telco","BSS" ),"")} | T13: {=IFERROR(_xlfn.IFS( U13="MPR ISSUE","TX ISSUE", U13="BSS Hardware Issue","RAN ISSUE", U13="Sites strategiques, MLL, Pylone, etc.","ENVTECH", U13="AKTIVCO DEFAUT GE & POWER Cabinet","POWER ISSUE", U13="AKTIVCO Coupure ENEO & Baisse de tension","POWER ISSUE", U13="Coupure ENEO & Baisse de tension","POWER ISSUE", U13="Defaut GE & POWER Cabinet","POWER ISSUE", U13="Sharing","POWER ISSUE", U13="Sites strategiques & DataCenter","POWER ISSUE", U13="Exclu","Exclu", U13="SAT","TX ISSUE", U13="SPARE-ISSUE","SPARE-ISSUE", U13="Fiber CAmtel","TX ISSUE", U13="Fiber AOF","TX ISSUE", U13="Projet OCM (HUAWEI)","TRAVAUX-HUAWEI", U13="Projet OCM (NOKIA)","TRAVAUX -NOKIA", U13="ACCESS-ISSUE","ACCESS-ISSUE", U13="Projet OCM (ZTE, NOKIA, autres projets)","TRAVAUX OCM", U13="No root CAuse","No root cause", U13="ODU HS","TX ISSUE", U13="IP & VLAN","TX ISSUE", U13="Warehouse HUAWEI","SPARE-ISSUE", U13="SPARE-HS","SPARE-ISSUE", U13="Power Telco","RAN ISSUE" ),"")} | V13: {=IFERROR(_xlfn.IFS( U13="MPR ISSUE","ACTIVE", U13="BSS Hardware Issue","ACTIVE", U13="Sites strategiques, MLL, Pylone, etc.","PASSIVE", U13="AKTIVCO DEFAUT GE & POWER Cabinet","PASSIVE", U13="AKTIVCO Coupure ENEO & Baisse de tension","PASSIVE", U13="Coupure ENEO & Baisse de tension","PASSIVE", U13="Defaut GE & POWER Cabinet","PASSIVE", U13="Sharing","PASSIVE", U13="Sites strategiques & DataCenter","PASSIVE", U13="Exclu","Exclu", U13="SAT","ACTIVE", U13="SPARE-ISSUE","SPARE-ISSUE", U13="Fiber CAmtel","ACTIVE", U13="Fiber AOF","ACTIVE", U13="Projet OCM (HUAWEI)","PLANNED WORKS", U13="Projet OCM (NOKIA)","PLANNED WORKS", U13="ACCESS-ISSUE","ACCESS-ISSUE", U13="Projet OCM (ZTE, NOKIA, autres projets)","PLANNED WORKS", U13="No root CAuse","No root cause", U13="ODU HS","ACTIVE", U13="IP & VLAN","ACTIVE", U13="Warehouse HUAWEI","SPARE-ISSUE", U13="SPARE-HS","SPARE-ISSUE", U13="Power Telco","ACTIVE" ),"")} | W13: =_xlfn.XLOOKUP($B13,Sheet1!$C:$C,Sheet1!E:E,"") -> Impacted by LIT_774_Z_Lendi-Chefferie. MPR issue | X13: =_xlfn.XLOOKUP($B13,Sheet1!$C:$C,Sheet1!F:F,"") -> Dispatch FME on site to check MPR status | Z13: =_xlfn.XLOOKUP($B13,Sheet1!$C:$C,Sheet1!H:H,"") -> GNOC | AA13: Ongoing | AB13: 20.04.26; FME sur site mais injoignable, escalade faite au RM, update ASAP 20.04.26; Besoin d'un FME sur site pour vérifier la chaine antennaire de l'ODU 3.1; FME Etaba activé pour investigations, FME sur site et travaux en cours Impacted by LIT_774_Z_Lendi-Chefferie (TX issue) | AC13: =_xlfn.XLOOKUP(B13,[4]ALL!$B:$B,[4]ALL!$N:$N,"") | AD13: 20.04.26; FME sur site mais injoignable, escalade faite au RM, update ASAP 20.04.26; Besoin d'un FME sur site pour vérifier la chaine antennaire de l'ODU 3.1; FME Etaba activé pour investigations, FME sur site et travaux en cours Impacted by LIT_774_Z_Lendi-Chefferie (TX issue)
A14: Lendi-Chefferie | B14: LIT_774 | C14: =_xlfn.XLOOKUP(B14,'[1]daily break down'!$D:$D,'[1]daily break down'!$E:$E,"") -> Douala | D14: CAMUSAT | E14: Good Grid + GE | F14: LITTORAL | G14: Douala | H14: =_xlfn.XLOOKUP(B14,[2]CALCULATION!$B:$B,[2]CALCULATION!$H:$H,"") -> ZTE | I14: 0 | J14: 0 | K14: 0 | L14: 0 | M14: 4.2900497 | N14: 56.485334 | O14: 29.798225 | P14: REPETITIF | Q14: Operationnel | S14: {=IFERROR(_xlfn.IFS( U14="MPR ISSUE","PDH", U14="BSS Hardware Issue","BSS", U14="Sites strategiques, MLL, Pylone, etc.","ENVTECH", U14="AKTIVCO DEFAUT GE & POWER Cabinet","AKTIVCO", U14="AKTIVCO Coupure ENEO & Baisse de tension","AKTIVCO GRID ONLY", U14="Coupure ENEO & Baisse de tension","IHS GRID ONLY", U14="Defaut GE & POWER Cabinet","IHS", U14="Sharing","Partners", U14="Sites strategiques & DataCenter","SST & DC", U14="Exclu","Exclu", U14="SAT","SAT", U14="SPARE-ISSUE","SPARE-ISSUE", U14="Fiber CAmtel","TRANS_FO_CAMTEL", U14="Fiber AOF","Fiber AOF", U14="Projet OCM (HUAWEI)","TRAVAUX-HUAWEI", U14="Projet OCM (NOKIA)","TRAVAUX-NOKIA", U14="ACCESS-ISSUE","ACCESS-ISSUE", U14="Projet OCM (ZTE, NOKIA, autres projets)","TRAVAUX OCM", U14="No root CAuse","No root cause", U14="ODU HS","PDH", U14="IP & VLAN","PDH", U14="Warehouse HUAWEI","SPARE-ISSUE", U14="SPARE-HS","SPARE-ISSUE", U14="Power Telco","BSS" ),"")} | T14: {=IFERROR(_xlfn.IFS( U14="MPR ISSUE","TX ISSUE", U14="BSS Hardware Issue","RAN ISSUE", U14="Sites strategiques, MLL, Pylone, etc.","ENVTECH", U14="AKTIVCO DEFAUT GE & POWER Cabinet","POWER ISSUE", U14="AKTIVCO Coupure ENEO & Baisse de tension","POWER ISSUE", U14="Coupure ENEO & Baisse de tension","POWER ISSUE", U14="Defaut GE & POWER Cabinet","POWER ISSUE", U14="Sharing","POWER ISSUE", U14="Sites strategiques & DataCenter","POWER ISSUE", U14="Exclu","Exclu", U14="SAT","TX ISSUE", U14="SPARE-ISSUE","SPARE-ISSUE", U14="Fiber CAmtel","TX ISSUE", U14="Fiber AOF","TX ISSUE", U14="Projet OCM (HUAWEI)","TRAVAUX-HUAWEI", U14="Projet OCM (NOKIA)","TRAVAUX -NOKIA", U14="ACCESS-ISSUE","ACCESS-ISSUE", U14="Projet OCM (ZTE, NOKIA, autres projets)","TRAVAUX OCM", U14="No root CAuse","No root cause", U14="ODU HS","TX ISSUE", U14="IP & VLAN","TX ISSUE", U14="Warehouse HUAWEI","SPARE-ISSUE", U14="SPARE-HS","SPARE-ISSUE", U14="Power Telco","RAN ISSUE" ),"")} | V14: {=IFERROR(_xlfn.IFS( U14="MPR ISSUE","ACTIVE", U14="BSS Hardware Issue","ACTIVE", U14="Sites strategiques, MLL, Pylone, etc.","PASSIVE", U14="AKTIVCO DEFAUT GE & POWER Cabinet","PASSIVE", U14="AKTIVCO Coupure ENEO & Baisse de tension","PASSIVE", U14="Coupure ENEO & Baisse de tension","PASSIVE", U14="Defaut GE & POWER Cabinet","PASSIVE", U14="Sharing","PASSIVE", U14="Sites strategiques & DataCenter","PASSIVE", U14="Exclu","Exclu", U14="SAT","ACTIVE", U14="SPARE-ISSUE","SPARE-ISSUE", U14="Fiber CAmtel","ACTIVE", U14="Fiber AOF","ACTIVE", U14="Projet OCM (HUAWEI)","PLANNED WORKS", U14="Projet OCM (NOKIA)","PLANNED WORKS", U14="ACCESS-ISSUE","ACCESS-ISSUE", U14="Projet OCM (ZTE, NOKIA, autres projets)","PLANNED WORKS", U14="No root CAuse","No root cause", U14="ODU HS","ACTIVE", U14="IP & VLAN","ACTIVE", U14="Warehouse HUAWEI","SPARE-ISSUE", U14="SPARE-HS","SPARE-ISSUE", U14="Power Telco","ACTIVE" ),"")} | W14: MPR issue | X14: Dispatch FME on site to check MPR status | Z14: GNOC | AA14: Ongoing | AB14: 20/04/2026 Besoin d'un fme sur site pour verifier le status du MPR | AC14: =_xlfn.XLOOKUP(B14,[4]ALL!$B:$B,[4]ALL!$N:$N,"") | AD14: 20/04/2026 Besoin d'un fme sur site pour verifier le status du MPR
A15: Fin-goudron-Mbangue | B15: LIT_844 | C15: =_xlfn.XLOOKUP(B15,'[1]daily break down'!$D:$D,'[1]daily break down'!$E:$E,"") -> Douala | D15: CAMUSAT | E15: Bad-Grid-GE | F15: LITTORAL | G15: Douala | H15: =_xlfn.XLOOKUP(B15,[2]CALCULATION!$B:$B,[2]CALCULATION!$H:$H,"") -> ZTE | I15: 0 | J15: 0 | K15: 41.248933 | L15: 0.2306254 | M15: 3.535947 | N15: 0.11619554 | O15: 29.782441 | P15: REPETITIF | Q15: Operationnel | S15: {=IFERROR(_xlfn.IFS( U15="MPR ISSUE","PDH", U15="BSS Hardware Issue","BSS", U15="Sites strategiques, MLL, Pylone, etc.","ENVTECH", U15="AKTIVCO DEFAUT GE & POWER Cabinet","AKTIVCO", U15="AKTIVCO Coupure ENEO & Baisse de tension","AKTIVCO GRID ONLY", U15="Coupure ENEO & Baisse de tension","IHS GRID ONLY", U15="Defaut GE & POWER Cabinet","IHS", U15="Sharing","Partners", U15="Sites strategiques & DataCenter","SST & DC", U15="Exclu","Exclu", U15="SAT","SAT", U15="SPARE-ISSUE","SPARE-ISSUE", U15="Fiber CAmtel","TRANS_FO_CAMTEL", U15="Fiber AOF","Fiber AOF", U15="Projet OCM (HUAWEI)","TRAVAUX-HUAWEI", U15="Projet OCM (NOKIA)","TRAVAUX-NOKIA", U15="ACCESS-ISSUE","ACCESS-ISSUE", U15="Projet OCM (ZTE, NOKIA, autres projets)","TRAVAUX OCM", U15="No root CAuse","No root cause", U15="ODU HS","PDH", U15="IP & VLAN","PDH", U15="Warehouse HUAWEI","SPARE-ISSUE", U15="SPARE-HS","SPARE-ISSUE", U15="Power Telco","BSS" ),"")} | T15: {=IFERROR(_xlfn.IFS( U15="MPR ISSUE","TX ISSUE", U15="BSS Hardware Issue","RAN ISSUE", U15="Sites strategiques, MLL, Pylone, etc.","ENVTECH", U15="AKTIVCO DEFAUT GE & POWER Cabinet","POWER ISSUE", U15="AKTIVCO Coupure ENEO & Baisse de tension","POWER ISSUE", U15="Coupure ENEO & Baisse de tension","POWER ISSUE", U15="Defaut GE & POWER Cabinet","POWER ISSUE", U15="Sharing","POWER ISSUE", U15="Sites strategiques & DataCenter","POWER ISSUE", U15="Exclu","Exclu", U15="SAT","TX ISSUE", U15="SPARE-ISSUE","SPARE-ISSUE", U15="Fiber CAmtel","TX ISSUE", U15="Fiber AOF","TX ISSUE", U15="Projet OCM (HUAWEI)","TRAVAUX-HUAWEI", U15="Projet OCM (NOKIA)","TRAVAUX -NOKIA", U15="ACCESS-ISSUE","ACCESS-ISSUE", U15="Projet OCM (ZTE, NOKIA, autres projets)","TRAVAUX OCM", U15="No root CAuse","No root cause", U15="ODU HS","TX ISSUE", U15="IP & VLAN","TX ISSUE", U15="Warehouse HUAWEI","SPARE-ISSUE", U15="SPARE-HS","SPARE-ISSUE", U15="Power Telco","RAN ISSUE" ),"")} | V15: {=IFERROR(_xlfn.IFS( U15="MPR ISSUE","ACTIVE", U15="BSS Hardware Issue","ACTIVE", U15="Sites strategiques, MLL, Pylone, etc.","PASSIVE", U15="AKTIVCO DEFAUT GE & POWER Cabinet","PASSIVE", U15="AKTIVCO Coupure ENEO & Baisse de tension","PASSIVE", U15="Coupure ENEO & Baisse de tension","PASSIVE", U15="Defaut GE & POWER Cabinet","PASSIVE", U15="Sharing","PASSIVE", U15="Sites strategiques & DataCenter","PASSIVE", U15="Exclu","Exclu", U15="SAT","ACTIVE", U15="SPARE-ISSUE","SPARE-ISSUE", U15="Fiber CAmtel","ACTIVE", U15="Fiber AOF","ACTIVE", U15="Projet OCM (HUAWEI)","PLANNED WORKS", U15="Projet OCM (NOKIA)","PLANNED WORKS", U15="ACCESS-ISSUE","ACCESS-ISSUE", U15="Projet OCM (ZTE, NOKIA, autres projets)","PLANNED WORKS", U15="No root CAuse","No root cause", U15="ODU HS","ACTIVE", U15="IP & VLAN","ACTIVE", U15="Warehouse HUAWEI","SPARE-ISSUE", U15="SPARE-HS","SPARE-ISSUE", U15="Power Telco","ACTIVE" ),"")} | W15: =_xlfn.XLOOKUP(B15,Sheet1!$C:$C,Sheet1!$E:$E,"") -> Impacted by LIT_657_Z_Kotto-Denver. Grid outage | X15: =_xlfn.XLOOKUP($B15,Sheet1!$C:$C,Sheet1!F:F,"") -> Awaiting Grid return | Z15: =_xlfn.XLOOKUP($B15,Sheet1!$C:$C,Sheet1!H:H,"") -> CAMUSAT | AA15: Ongoing | AB15: Impacted by LIT_657_Z_Kotto-Denver (Power issue)..(04/21/2026-ocm ran incident 18h):-Impacted by LIT_657_Z_Kotto-Denver (Power issue)..(04/21/2026-ocm ran incident 14h):-Impacted by LIT_657_Z_Kotto-Denver (Power issue) | AC15: =_xlfn.XLOOKUP(B15,[4]ALL!$B:$B,[4]ALL!$N:$N,"") | AD15: Impacted by LIT_657_Z_Kotto-Denver (Power issue) | AT15: (04/21/2026-ocm ran incident 18h):-Impacted by LIT_657_Z_Kotto-Denver (Power issue) | AU15: (04/21/2026-ocm ran incident 14h):-Impacted by LIT_657_Z_Kotto-Denver (Power issue)
A16: Makepe-Bloc-E | B16: LIT_613 | C16: =_xlfn.XLOOKUP(B16,'[1]daily break down'!$D:$D,'[1]daily break down'!$E:$E,"") -> Douala | D16: CAMUSAT | E16: Good Grid no GE - 8h | F16: LITTORAL | G16: Douala | H16: =_xlfn.XLOOKUP(B16,[2]CALCULATION!$B:$B,[2]CALCULATION!$H:$H,"") -> ZTE | I16: 39.527634 | J16: 35.308372 | K16: 27.968702 | L16: 29.162226 | M16: 28.579465 | N16: 25.403768 | O16: 29.194168 | P16: REPETITIF | Q16: Operationnel | S16: {=IFERROR(_xlfn.IFS( U16="MPR ISSUE","PDH", U16="BSS Hardware Issue","BSS", U16="Sites strategiques, MLL, Pylone, etc.","ENVTECH", U16="AKTIVCO DEFAUT GE & POWER Cabinet","AKTIVCO", U16="AKTIVCO Coupure ENEO & Baisse de tension","AKTIVCO GRID ONLY", U16="Coupure ENEO & Baisse de tension","IHS GRID ONLY", U16="Defaut GE & POWER Cabinet","IHS", U16="Sharing","Partners", U16="Sites strategiques & DataCenter","SST & DC", U16="Exclu","Exclu", U16="SAT","SAT", U16="SPARE-ISSUE","SPARE-ISSUE", U16="Fiber CAmtel","TRANS_FO_CAMTEL", U16="Fiber AOF","Fiber AOF", U16="Projet OCM (HUAWEI)","TRAVAUX-HUAWEI", U16="Projet OCM (NOKIA)","TRAVAUX-NOKIA", U16="ACCESS-ISSUE","ACCESS-ISSUE", U16="Projet OCM (ZTE, NOKIA, autres projets)","TRAVAUX OCM", U16="No root CAuse","No root cause", U16="ODU HS","PDH", U16="IP & VLAN","PDH", U16="Warehouse HUAWEI","SPARE-ISSUE", U16="SPARE-HS","SPARE-ISSUE", U16="Power Telco","BSS" ),"")} | T16: {=IFERROR(_xlfn.IFS( U16="MPR ISSUE","TX ISSUE", U16="BSS Hardware Issue","RAN ISSUE", U16="Sites strategiques, MLL, Pylone, etc.","ENVTECH", U16="AKTIVCO DEFAUT GE & POWER Cabinet","POWER ISSUE", U16="AKTIVCO Coupure ENEO & Baisse de tension","POWER ISSUE", U16="Coupure ENEO & Baisse de tension","POWER ISSUE", U16="Defaut GE & POWER Cabinet","POWER ISSUE", U16="Sharing","POWER ISSUE", U16="Sites strategiques & DataCenter","POWER ISSUE", U16="Exclu","Exclu", U16="SAT","TX ISSUE", U16="SPARE-ISSUE","SPARE-ISSUE", U16="Fiber CAmtel","TX ISSUE", U16="Fiber AOF","TX ISSUE", U16="Projet OCM (HUAWEI)","TRAVAUX-HUAWEI", U16="Projet OCM (NOKIA)","TRAVAUX -NOKIA", U16="ACCESS-ISSUE","ACCESS-ISSUE", U16="Projet OCM (ZTE, NOKIA, autres projets)","TRAVAUX OCM", U16="No root CAuse","No root cause", U16="ODU HS","TX ISSUE", U16="IP & VLAN","TX ISSUE", U16="Warehouse HUAWEI","SPARE-ISSUE", U16="SPARE-HS","SPARE-ISSUE", U16="Power Telco","RAN ISSUE" ),"")} | V16: {=IFERROR(_xlfn.IFS( U16="MPR ISSUE","ACTIVE", U16="BSS Hardware Issue","ACTIVE", U16="Sites strategiques, MLL, Pylone, etc.","PASSIVE", U16="AKTIVCO DEFAUT GE & POWER Cabinet","PASSIVE", U16="AKTIVCO Coupure ENEO & Baisse de tension","PASSIVE", U16="Coupure ENEO & Baisse de tension","PASSIVE", U16="Defaut GE & POWER Cabinet","PASSIVE", U16="Sharing","PASSIVE", U16="Sites strategiques & DataCenter","PASSIVE", U16="Exclu","Exclu", U16="SAT","ACTIVE", U16="SPARE-ISSUE","SPARE-ISSUE", U16="Fiber CAmtel","ACTIVE", U16="Fiber AOF","ACTIVE", U16="Projet OCM (HUAWEI)","PLANNED WORKS", U16="Projet OCM (NOKIA)","PLANNED WORKS", U16="ACCESS-ISSUE","ACCESS-ISSUE", U16="Projet OCM (ZTE, NOKIA, autres projets)","PLANNED WORKS", U16="No root CAuse","No root cause", U16="ODU HS","ACTIVE", U16="IP & VLAN","ACTIVE", U16="Warehouse HUAWEI","SPARE-ISSUE", U16="SPARE-HS","SPARE-ISSUE", U16="Power Telco","ACTIVE" ),"")} | W16: Power issue. Grid outage | X16: Awaiting Grid return | Z16: CAMUSAT | AA16: Ongoing | AB16: LIT_613 | AC16: =_xlfn.XLOOKUP(B16,[4]ALL!$B:$B,[4]ALL!$N:$N,"") | BA16: LIT_613
A17: Bonamoutongo-III | B17: LIT_718 | C17: =_xlfn.XLOOKUP(B17,'[1]daily break down'!$D:$D,'[1]daily break down'!$E:$E,"") -> Douala | D17: CAMUSAT | E17: Good Grid no GE - 8h | F17: LITTORAL | G17: Douala | H17: =_xlfn.XLOOKUP(B17,[2]CALCULATION!$B:$B,[2]CALCULATION!$H:$H,"") -> ZTE | I17: 5.7327827 | J17: 2.0288293 | K17: 1.7221908 | L17: 6.5621495 | M17: 11.718574 | N17: 19.542199 | O17: 28.048924 | P17: REPETITIF | Q17: Operationnel | S17: {=IFERROR(_xlfn.IFS( U17="MPR ISSUE","PDH", U17="BSS Hardware Issue","BSS", U17="Sites strategiques, MLL, Pylone, etc.","ENVTECH", U17="AKTIVCO DEFAUT GE & POWER Cabinet","AKTIVCO", U17="AKTIVCO Coupure ENEO & Baisse de tension","AKTIVCO GRID ONLY", U17="Coupure ENEO & Baisse de tension","IHS GRID ONLY", U17="Defaut GE & POWER Cabinet","IHS", U17="Sharing","Partners", U17="Sites strategiques & DataCenter","SST & DC", U17="Exclu","Exclu", U17="SAT","SAT", U17="SPARE-ISSUE","SPARE-ISSUE", U17="Fiber CAmtel","TRANS_FO_CAMTEL", U17="Fiber AOF","Fiber AOF", U17="Projet OCM (HUAWEI)","TRAVAUX-HUAWEI", U17="Projet OCM (NOKIA)","TRAVAUX-NOKIA", U17="ACCESS-ISSUE","ACCESS-ISSUE", U17="Projet OCM (ZTE, NOKIA, autres projets)","TRAVAUX OCM", U17="No root CAuse","No root cause", U17="ODU HS","PDH", U17="IP & VLAN","PDH", U17="Warehouse HUAWEI","SPARE-ISSUE", U17="SPARE-HS","SPARE-ISSUE", U17="Power Telco","BSS" ),"")} | T17: {=IFERROR(_xlfn.IFS( U17="MPR ISSUE","TX ISSUE", U17="BSS Hardware Issue","RAN ISSUE", U17="Sites strategiques, MLL, Pylone, etc.","ENVTECH", U17="AKTIVCO DEFAUT GE & POWER Cabinet","POWER ISSUE", U17="AKTIVCO Coupure ENEO & Baisse de tension","POWER ISSUE", U17="Coupure ENEO & Baisse de tension","POWER ISSUE", U17="Defaut GE & POWER Cabinet","POWER ISSUE", U17="Sharing","POWER ISSUE", U17="Sites strategiques & DataCenter","POWER ISSUE", U17="Exclu","Exclu", U17="SAT","TX ISSUE", U17="SPARE-ISSUE","SPARE-ISSUE", U17="Fiber CAmtel","TX ISSUE", U17="Fiber AOF","TX ISSUE", U17="Projet OCM (HUAWEI)","TRAVAUX-HUAWEI", U17="Projet OCM (NOKIA)","TRAVAUX -NOKIA", U17="ACCESS-ISSUE","ACCESS-ISSUE", U17="Projet OCM (ZTE, NOKIA, autres projets)","TRAVAUX OCM", U17="No root CAuse","No root cause", U17="ODU HS","TX ISSUE", U17="IP & VLAN","TX ISSUE", U17="Warehouse HUAWEI","SPARE-ISSUE", U17="SPARE-HS","SPARE-ISSUE", U17="Power Telco","RAN ISSUE" ),"")} | V17: {=IFERROR(_xlfn.IFS( U17="MPR ISSUE","ACTIVE", U17="BSS Hardware Issue","ACTIVE", U17="Sites strategiques, MLL, Pylone, etc.","PASSIVE", U17="AKTIVCO DEFAUT GE & POWER Cabinet","PASSIVE", U17="AKTIVCO Coupure ENEO & Baisse de tension","PASSIVE", U17="Coupure ENEO & Baisse de tension","PASSIVE", U17="Defaut GE & POWER Cabinet","PASSIVE", U17="Sharing","PASSIVE", U17="Sites strategiques & DataCenter","PASSIVE", U17="Exclu","Exclu", U17="SAT","ACTIVE", U17="SPARE-ISSUE","SPARE-ISSUE", U17="Fiber CAmtel","ACTIVE", U17="Fiber AOF","ACTIVE", U17="Projet OCM (HUAWEI)","PLANNED WORKS", U17="Projet OCM (NOKIA)","PLANNED WORKS", U17="ACCESS-ISSUE","ACCESS-ISSUE", U17="Projet OCM (ZTE, NOKIA, autres projets)","PLANNED WORKS", U17="No root CAuse","No root cause", U17="ODU HS","ACTIVE", U17="IP & VLAN","ACTIVE", U17="Warehouse HUAWEI","SPARE-ISSUE", U17="SPARE-HS","SPARE-ISSUE", U17="Power Telco","ACTIVE" ),"")} | W17: Grid outage, Grid only | X17: Awaiting Grid return (Escalated to L2) | Z17: CAMUSAT | AA17: Ongoing | AB17: 21.04.26; Probable Grid outage, Grid only site / FME will check - Fme is on the way ETA 12H30 - Escalated to L2..(04/21/2026-ocm ran incident 14h):-21.04.26; Probable Grid outage, Grid only site / FME will check - Fme is on the way ETA 12H30 - Escalated to L2..(04/21/2026 tickect): -INC-20260421-00002463…2026-04-21 11:02:27…Fme is on the way ETA 12H30 | AC17: =_xlfn.XLOOKUP(B17,[4]ALL!$B:$B,[4]ALL!$N:$N,"") | AD17: 21.04.26; Probable Grid outage, Grid only site / FME will check - Fme is on the way ETA 12H30 - Escalated to L2 | AU17: (04/21/2026-ocm ran incident 14h):-21.04.26; Probable Grid outage, Grid only site / FME will check - Fme is on the way ETA 12H30 - Escalated to L2 | AV17: (04/21/2026 tickect): -INC-20260421-00002463…2026-04-21 11:02:27…Fme is on the way ETA 12H30
A18: PK5-Auberge | B18: LIT_647 | C18: =_xlfn.XLOOKUP(B18,'[1]daily break down'!$D:$D,'[1]daily break down'!$E:$E,"") -> Douala | D18: CAMUSAT | E18: Good Grid no GE - 12h | F18: LITTORAL | G18: Douala | H18: =_xlfn.XLOOKUP(B18,[2]CALCULATION!$B:$B,[2]CALCULATION!$H:$H,"") -> ZTE | I18: 1.7869857 | J18: 7.1124152 | K18: 0 | L18: 1.1468134 | M18: 59.436718 | N18: 43.199627 | O18: 27.34731 | P18: REPETITIF | Q18: Operationnel | S18: {=IFERROR(_xlfn.IFS( U18="MPR ISSUE","PDH", U18="BSS Hardware Issue","BSS", U18="Sites strategiques, MLL, Pylone, etc.","ENVTECH", U18="AKTIVCO DEFAUT GE & POWER Cabinet","AKTIVCO", U18="AKTIVCO Coupure ENEO & Baisse de tension","AKTIVCO GRID ONLY", U18="Coupure ENEO & Baisse de tension","IHS GRID ONLY", U18="Defaut GE & POWER Cabinet","IHS", U18="Sharing","Partners", U18="Sites strategiques & DataCenter","SST & DC", U18="Exclu","Exclu", U18="SAT","SAT", U18="SPARE-ISSUE","SPARE-ISSUE", U18="Fiber CAmtel","TRANS_FO_CAMTEL", U18="Fiber AOF","Fiber AOF", U18="Projet OCM (HUAWEI)","TRAVAUX-HUAWEI", U18="Projet OCM (NOKIA)","TRAVAUX-NOKIA", U18="ACCESS-ISSUE","ACCESS-ISSUE", U18="Projet OCM (ZTE, NOKIA, autres projets)","TRAVAUX OCM", U18="No root CAuse","No root cause", U18="ODU HS","PDH", U18="IP & VLAN","PDH", U18="Warehouse HUAWEI","SPARE-ISSUE", U18="SPARE-HS","SPARE-ISSUE", U18="Power Telco","BSS" ),"")} | T18: {=IFERROR(_xlfn.IFS( U18="MPR ISSUE","TX ISSUE", U18="BSS Hardware Issue","RAN ISSUE", U18="Sites strategiques, MLL, Pylone, etc.","ENVTECH", U18="AKTIVCO DEFAUT GE & POWER Cabinet","POWER ISSUE", U18="AKTIVCO Coupure ENEO & Baisse de tension","POWER ISSUE", U18="Coupure ENEO & Baisse de tension","POWER ISSUE", U18="Defaut GE & POWER Cabinet","POWER ISSUE", U18="Sharing","POWER ISSUE", U18="Sites strategiques & DataCenter","POWER ISSUE", U18="Exclu","Exclu", U18="SAT","TX ISSUE", U18="SPARE-ISSUE","SPARE-ISSUE", U18="Fiber CAmtel","TX ISSUE", U18="Fiber AOF","TX ISSUE", U18="Projet OCM (HUAWEI)","TRAVAUX-HUAWEI", U18="Projet OCM (NOKIA)","TRAVAUX -NOKIA", U18="ACCESS-ISSUE","ACCESS-ISSUE", U18="Projet OCM (ZTE, NOKIA, autres projets)","TRAVAUX OCM", U18="No root CAuse","No root cause", U18="ODU HS","TX ISSUE", U18="IP & VLAN","TX ISSUE", U18="Warehouse HUAWEI","SPARE-ISSUE", U18="SPARE-HS","SPARE-ISSUE", U18="Power Telco","RAN ISSUE" ),"")} | V18: {=IFERROR(_xlfn.IFS( U18="MPR ISSUE","ACTIVE", U18="BSS Hardware Issue","ACTIVE", U18="Sites strategiques, MLL, Pylone, etc.","PASSIVE", U18="AKTIVCO DEFAUT GE & POWER Cabinet","PASSIVE", U18="AKTIVCO Coupure ENEO & Baisse de tension","PASSIVE", U18="Coupure ENEO & Baisse de tension","PASSIVE", U18="Defaut GE & POWER Cabinet","PASSIVE", U18="Sharing","PASSIVE", U18="Sites strategiques & DataCenter","PASSIVE", U18="Exclu","Exclu", U18="SAT","ACTIVE", U18="SPARE-ISSUE","SPARE-ISSUE", U18="Fiber CAmtel","ACTIVE", U18="Fiber AOF","ACTIVE", U18="Projet OCM (HUAWEI)","PLANNED WORKS", U18="Projet OCM (NOKIA)","PLANNED WORKS", U18="ACCESS-ISSUE","ACCESS-ISSUE", U18="Projet OCM (ZTE, NOKIA, autres projets)","PLANNED WORKS", U18="No root CAuse","No root cause", U18="ODU HS","ACTIVE", U18="IP & VLAN","ACTIVE", U18="Warehouse HUAWEI","SPARE-ISSUE", U18="SPARE-HS","SPARE-ISSUE", U18="Power Telco","ACTIVE" ),"")} | W18: Need BO RAN analysis | X18: Awaiting BO RAN analysis | Z18: BO RAN | AA18: Ongoing | AB18: 21//04//2026 : Besoin d'analyse BO RAN..(04/21/2026 cell zte):-21/04/2026 : Besoin d'analyse BO RAN..(04/21/2026 cell zte):-21//04//2026 : Besoin d'analyse BO RAN..(04/21/2026-ocm ran incident 18h):-Power status check ongoing..(04/21/2026-ocm ran incident 14h):-Power status check ongoing..(04/21/2026 tickect): -INC-20260421-00015866..LIT_647 | AC18: =_xlfn.XLOOKUP(B18,[4]ALL!$B:$B,[4]ALL!$N:$N,"") | AD18: 21//04//2026 : Besoin d'analyse BO RAN | AR18: (04/21/2026 cell zte):-21/04/2026 : Besoin d'analyse BO RAN | AS18: (04/21/2026 cell zte):-21//04//2026 : Besoin d'analyse BO RAN | AT18: (04/21/2026-ocm ran incident 18h):-Power status check ongoing | AU18: (04/21/2026-ocm ran incident 14h):-Power status check ongoing | AV18: (04/21/2026 tickect): -INC-20260421-00015866 | BA18: LIT_647
A19: Ekoumdoum | B19: CTR_259 | C19: =_xlfn.XLOOKUP(B19,'[1]daily break down'!$D:$D,'[1]daily break down'!$E:$E,"") -> Yaounde | D19: CAMUSAT | E19: Grid-Gen | F19: CENTRE | G19: Yaounde | H19: =_xlfn.XLOOKUP(B19,[2]CALCULATION!$B:$B,[2]CALCULATION!$H:$H,"") -> ZTE | I19: 0 | J19: 0 | K19: 0 | L19: 0 | M19: 0 | N19: 20.349129 | O19: 27.154049 | P19: REPETITIF | Q19: Operationnel | S19: {=IFERROR(_xlfn.IFS( U19="MPR ISSUE","PDH", U19="BSS Hardware Issue","BSS", U19="Sites strategiques, MLL, Pylone, etc.","ENVTECH", U19="AKTIVCO DEFAUT GE & POWER Cabinet","AKTIVCO", U19="AKTIVCO Coupure ENEO & Baisse de tension","AKTIVCO GRID ONLY", U19="Coupure ENEO & Baisse de tension","IHS GRID ONLY", U19="Defaut GE & POWER Cabinet","IHS", U19="Sharing","Partners", U19="Sites strategiques & DataCenter","SST & DC", U19="Exclu","Exclu", U19="SAT","SAT", U19="SPARE-ISSUE","SPARE-ISSUE", U19="Fiber CAmtel","TRANS_FO_CAMTEL", U19="Fiber AOF","Fiber AOF", U19="Projet OCM (HUAWEI)","TRAVAUX-HUAWEI", U19="Projet OCM (NOKIA)","TRAVAUX-NOKIA", U19="ACCESS-ISSUE","ACCESS-ISSUE", U19="Projet OCM (ZTE, NOKIA, autres projets)","TRAVAUX OCM", U19="No root CAuse","No root cause", U19="ODU HS","PDH", U19="IP & VLAN","PDH", U19="Warehouse HUAWEI","SPARE-ISSUE", U19="SPARE-HS","SPARE-ISSUE", U19="Power Telco","BSS" ),"")} | T19: {=IFERROR(_xlfn.IFS( U19="MPR ISSUE","TX ISSUE", U19="BSS Hardware Issue","RAN ISSUE", U19="Sites strategiques, MLL, Pylone, etc.","ENVTECH", U19="AKTIVCO DEFAUT GE & POWER Cabinet","POWER ISSUE", U19="AKTIVCO Coupure ENEO & Baisse de tension","POWER ISSUE", U19="Coupure ENEO & Baisse de tension","POWER ISSUE", U19="Defaut GE & POWER Cabinet","POWER ISSUE", U19="Sharing","POWER ISSUE", U19="Sites strategiques & DataCenter","POWER ISSUE", U19="Exclu","Exclu", U19="SAT","TX ISSUE", U19="SPARE-ISSUE","SPARE-ISSUE", U19="Fiber CAmtel","TX ISSUE", U19="Fiber AOF","TX ISSUE", U19="Projet OCM (HUAWEI)","TRAVAUX-HUAWEI", U19="Projet OCM (NOKIA)","TRAVAUX -NOKIA", U19="ACCESS-ISSUE","ACCESS-ISSUE", U19="Projet OCM (ZTE, NOKIA, autres projets)","TRAVAUX OCM", U19="No root CAuse","No root cause", U19="ODU HS","TX ISSUE", U19="IP & VLAN","TX ISSUE", U19="Warehouse HUAWEI","SPARE-ISSUE", U19="SPARE-HS","SPARE-ISSUE", U19="Power Telco","RAN ISSUE" ),"")} | V19: {=IFERROR(_xlfn.IFS( U19="MPR ISSUE","ACTIVE", U19="BSS Hardware Issue","ACTIVE", U19="Sites strategiques, MLL, Pylone, etc.","PASSIVE", U19="AKTIVCO DEFAUT GE & POWER Cabinet","PASSIVE", U19="AKTIVCO Coupure ENEO & Baisse de tension","PASSIVE", U19="Coupure ENEO & Baisse de tension","PASSIVE", U19="Defaut GE & POWER Cabinet","PASSIVE", U19="Sharing","PASSIVE", U19="Sites strategiques & DataCenter","PASSIVE", U19="Exclu","Exclu", U19="SAT","ACTIVE", U19="SPARE-ISSUE","SPARE-ISSUE", U19="Fiber CAmtel","ACTIVE", U19="Fiber AOF","ACTIVE", U19="Projet OCM (HUAWEI)","PLANNED WORKS", U19="Projet OCM (NOKIA)","PLANNED WORKS", U19="ACCESS-ISSUE","ACCESS-ISSUE", U19="Projet OCM (ZTE, NOKIA, autres projets)","PLANNED WORKS", U19="No root CAuse","No root cause", U19="ODU HS","ACTIVE", U19="IP & VLAN","ACTIVE", U19="Warehouse HUAWEI","SPARE-ISSUE", U19="SPARE-HS","SPARE-ISSUE", U19="Power Telco","ACTIVE" ),"")} | W19: Power issue | X19: Solve Power Issue on site | Z19: CAMUSAT | AA19: Ongoing | AB19: Not IHS Site..(04/21/2026 tickect): -INC-20260421-00016962…2026-04-22 01:50:32…unknow/Our FME will manage the point early this morning around 08am | AC19: =_xlfn.XLOOKUP(B19,[4]ALL!$B:$B,[4]ALL!$N:$N,"") -> Not IHS Site | AV19: (04/21/2026 tickect): -INC-20260421-00016962…2026-04-22 01:50:32…unknow/Our FME will manage the point early this morning around 08am
A20: Ndogbong-IUT | B20: LIT_221 | C20: =_xlfn.XLOOKUP(B20,'[1]daily break down'!$D:$D,'[1]daily break down'!$E:$E,"") -> Douala | D20: IHS | E20: Grid-Gen | F20: LITTORAL | G20: Douala | H20: =_xlfn.XLOOKUP(B20,[2]CALCULATION!$B:$B,[2]CALCULATION!$H:$H,"") -> ZTE | I20: 0 | J20: 0 | K20: 0 | L20: 0 | M20: 0 | N20: 0.51728861 | O20: 26.773502 | P20: INCIDENT | Q20: Operationnel | S20: {=IFERROR(_xlfn.IFS( U20="MPR ISSUE","PDH", U20="BSS Hardware Issue","BSS", U20="Sites strategiques, MLL, Pylone, etc.","ENVTECH", U20="AKTIVCO DEFAUT GE & POWER Cabinet","AKTIVCO", U20="AKTIVCO Coupure ENEO & Baisse de tension","AKTIVCO GRID ONLY", U20="Coupure ENEO & Baisse de tension","IHS GRID ONLY", U20="Defaut GE & POWER Cabinet","IHS", U20="Sharing","Partners", U20="Sites strategiques & DataCenter","SST & DC", U20="Exclu","Exclu", U20="SAT","SAT", U20="SPARE-ISSUE","SPARE-ISSUE", U20="Fiber CAmtel","TRANS_FO_CAMTEL", U20="Fiber AOF","Fiber AOF", U20="Projet OCM (HUAWEI)","TRAVAUX-HUAWEI", U20="Projet OCM (NOKIA)","TRAVAUX-NOKIA", U20="ACCESS-ISSUE","ACCESS-ISSUE", U20="Projet OCM (ZTE, NOKIA, autres projets)","TRAVAUX OCM", U20="No root CAuse","No root cause", U20="ODU HS","PDH", U20="IP & VLAN","PDH", U20="Warehouse HUAWEI","SPARE-ISSUE", U20="SPARE-HS","SPARE-ISSUE", U20="Power Telco","BSS" ),"")} | T20: {=IFERROR(_xlfn.IFS( U20="MPR ISSUE","TX ISSUE", U20="BSS Hardware Issue","RAN ISSUE", U20="Sites strategiques, MLL, Pylone, etc.","ENVTECH", U20="AKTIVCO DEFAUT GE & POWER Cabinet","POWER ISSUE", U20="AKTIVCO Coupure ENEO & Baisse de tension","POWER ISSUE", U20="Coupure ENEO & Baisse de tension","POWER ISSUE", U20="Defaut GE & POWER Cabinet","POWER ISSUE", U20="Sharing","POWER ISSUE", U20="Sites strategiques & DataCenter","POWER ISSUE", U20="Exclu","Exclu", U20="SAT","TX ISSUE", U20="SPARE-ISSUE","SPARE-ISSUE", U20="Fiber CAmtel","TX ISSUE", U20="Fiber AOF","TX ISSUE", U20="Projet OCM (HUAWEI)","TRAVAUX-HUAWEI", U20="Projet OCM (NOKIA)","TRAVAUX -NOKIA", U20="ACCESS-ISSUE","ACCESS-ISSUE", U20="Projet OCM (ZTE, NOKIA, autres projets)","TRAVAUX OCM", U20="No root CAuse","No root cause", U20="ODU HS","TX ISSUE", U20="IP & VLAN","TX ISSUE", U20="Warehouse HUAWEI","SPARE-ISSUE", U20="SPARE-HS","SPARE-ISSUE", U20="Power Telco","RAN ISSUE" ),"")} | V20: {=IFERROR(_xlfn.IFS( U20="MPR ISSUE","ACTIVE", U20="BSS Hardware Issue","ACTIVE", U20="Sites strategiques, MLL, Pylone, etc.","PASSIVE", U20="AKTIVCO DEFAUT GE & POWER Cabinet","PASSIVE", U20="AKTIVCO Coupure ENEO & Baisse de tension","PASSIVE", U20="Coupure ENEO & Baisse de tension","PASSIVE", U20="Defaut GE & POWER Cabinet","PASSIVE", U20="Sharing","PASSIVE", U20="Sites strategiques & DataCenter","PASSIVE", U20="Exclu","Exclu", U20="SAT","ACTIVE", U20="SPARE-ISSUE","SPARE-ISSUE", U20="Fiber CAmtel","ACTIVE", U20="Fiber AOF","ACTIVE", U20="Projet OCM (HUAWEI)","PLANNED WORKS", U20="Projet OCM (NOKIA)","PLANNED WORKS", U20="ACCESS-ISSUE","ACCESS-ISSUE", U20="Projet OCM (ZTE, NOKIA, autres projets)","PLANNED WORKS", U20="No root CAuse","No root cause", U20="ODU HS","ACTIVE", U20="IP & VLAN","ACTIVE", U20="Warehouse HUAWEI","SPARE-ISSUE", U20="SPARE-HS","SPARE-ISSUE", U20="Power Telco","ACTIVE" ),"")} | AB20: No Power issue..21.04.26; Besoin d'un FME sur site pour vérifier le statut de la BBU et son interco avec le MPR S1P6; FME Bruno activé pour investigations, ETA=11H30 UTC | AC20: =_xlfn.XLOOKUP(B20,[4]ALL!$B:$B,[4]ALL!$N:$N,"") -> No Power issue | AD20: 21.04.26; Besoin d'un FME sur site pour vérifier le statut de la BBU et son interco avec le MPR S1P6; FME Bruno activé pour investigations, ETA=11H30 UTC
A21: Ngo-Njo-II | B21: LIT_585 | C21: =_xlfn.XLOOKUP(B21,'[1]daily break down'!$D:$D,'[1]daily break down'!$E:$E,"") -> Douala | D21: CAMUSAT | E21: Medium Grid + GE | F21: LITTORAL | G21: Douala | H21: =_xlfn.XLOOKUP(B21,[2]CALCULATION!$B:$B,[2]CALCULATION!$H:$H,"") -> ZTE | I21: 7.288929 | J21: 20.366857 | K21: 0.53098595 | L21: 5.7896945 | M21: 5.1304921 | N21: 19.976393 | O21: 25.625351 | P21: REPETITIF | Q21: Operationnel | S21: {=IFERROR(_xlfn.IFS( U21="MPR ISSUE","PDH", U21="BSS Hardware Issue","BSS", U21="Sites strategiques, MLL, Pylone, etc.","ENVTECH", U21="AKTIVCO DEFAUT GE & POWER Cabinet","AKTIVCO", U21="AKTIVCO Coupure ENEO & Baisse de tension","AKTIVCO GRID ONLY", U21="Coupure ENEO & Baisse de tension","IHS GRID ONLY", U21="Defaut GE & POWER Cabinet","IHS", U21="Sharing","Partners", U21="Sites strategiques & DataCenter","SST & DC", U21="Exclu","Exclu", U21="SAT","SAT", U21="SPARE-ISSUE","SPARE-ISSUE", U21="Fiber CAmtel","TRANS_FO_CAMTEL", U21="Fiber AOF","Fiber AOF", U21="Projet OCM (HUAWEI)","TRAVAUX-HUAWEI", U21="Projet OCM (NOKIA)","TRAVAUX-NOKIA", U21="ACCESS-ISSUE","ACCESS-ISSUE", U21="Projet OCM (ZTE, NOKIA, autres projets)","TRAVAUX OCM", U21="No root CAuse","No root cause", U21="ODU HS","PDH", U21="IP & VLAN","PDH", U21="Warehouse HUAWEI","SPARE-ISSUE", U21="SPARE-HS","SPARE-ISSUE", U21="Power Telco","BSS" ),"")} | T21: {=IFERROR(_xlfn.IFS( U21="MPR ISSUE","TX ISSUE", U21="BSS Hardware Issue","RAN ISSUE", U21="Sites strategiques, MLL, Pylone, etc.","ENVTECH", U21="AKTIVCO DEFAUT GE & POWER Cabinet","POWER ISSUE", U21="AKTIVCO Coupure ENEO & Baisse de tension","POWER ISSUE", U21="Coupure ENEO & Baisse de tension","POWER ISSUE", U21="Defaut GE & POWER Cabinet","POWER ISSUE", U21="Sharing","POWER ISSUE", U21="Sites strategiques & DataCenter","POWER ISSUE", U21="Exclu","Exclu", U21="SAT","TX ISSUE", U21="SPARE-ISSUE","SPARE-ISSUE", U21="Fiber CAmtel","TX ISSUE", U21="Fiber AOF","TX ISSUE", U21="Projet OCM (HUAWEI)","TRAVAUX-HUAWEI", U21="Projet OCM (NOKIA)","TRAVAUX -NOKIA", U21="ACCESS-ISSUE","ACCESS-ISSUE", U21="Projet OCM (ZTE, NOKIA, autres projets)","TRAVAUX OCM", U21="No root CAuse","No root cause", U21="ODU HS","TX ISSUE", U21="IP & VLAN","TX ISSUE", U21="Warehouse HUAWEI","SPARE-ISSUE", U21="SPARE-HS","SPARE-ISSUE", U21="Power Telco","RAN ISSUE" ),"")} | V21: {=IFERROR(_xlfn.IFS( U21="MPR ISSUE","ACTIVE", U21="BSS Hardware Issue","ACTIVE", U21="Sites strategiques, MLL, Pylone, etc.","PASSIVE", U21="AKTIVCO DEFAUT GE & POWER Cabinet","PASSIVE", U21="AKTIVCO Coupure ENEO & Baisse de tension","PASSIVE", U21="Coupure ENEO & Baisse de tension","PASSIVE", U21="Defaut GE & POWER Cabinet","PASSIVE", U21="Sharing","PASSIVE", U21="Sites strategiques & DataCenter","PASSIVE", U21="Exclu","Exclu", U21="SAT","ACTIVE", U21="SPARE-ISSUE","SPARE-ISSUE", U21="Fiber CAmtel","ACTIVE", U21="Fiber AOF","ACTIVE", U21="Projet OCM (HUAWEI)","PLANNED WORKS", U21="Projet OCM (NOKIA)","PLANNED WORKS", U21="ACCESS-ISSUE","ACCESS-ISSUE", U21="Projet OCM (ZTE, NOKIA, autres projets)","PLANNED WORKS", U21="No root CAuse","No root cause", U21="ODU HS","ACTIVE", U21="IP & VLAN","ACTIVE", U21="Warehouse HUAWEI","SPARE-ISSUE", U21="SPARE-HS","SPARE-ISSUE", U21="Power Telco","ACTIVE" ),"")} | W21: =_xlfn.XLOOKUP(B21,Sheet1!$C:$C,Sheet1!$E:$E,"") -> Impacted by LIT_718_Z_Bonamoutongo-III. Grid outage, Grid only | X21: =_xlfn.XLOOKUP($B21,Sheet1!$C:$C,Sheet1!F:F,"") -> Awaiting Grid return (Escalated to L2) | Z21: =_xlfn.XLOOKUP($B21,Sheet1!$C:$C,Sheet1!H:H,"") -> CAMUSAT | AA21: Ongoing | AB21: Impacted by LIT_718_Z_Bonamoutongo-III (Grid outage)..(04/21/2026-ocm ran incident 14h):-Impacted by LIT_718_Z_Bonamoutongo-III (Grid outage)..(04/21/2026 tickect): -INC-20260421-00002458…impacté par bonamoutongo lll power issue grid outage no backup awaiting grid return …Others Transmission equipement fault | AC21: =_xlfn.XLOOKUP(B21,[4]ALL!$B:$B,[4]ALL!$N:$N,"") | AD21: Impacted by LIT_718_Z_Bonamoutongo-III (Grid outage) | AU21: (04/21/2026-ocm ran incident 14h):-Impacted by LIT_718_Z_Bonamoutongo-III (Grid outage) | AV21: (04/21/2026 tickect): -INC-20260421-00002458…impacté par bonamoutongo lll power issue grid outage no backup awaiting grid return …Others Transmission equipement fault
A22: PK15-Auberge | B22: LIT_728 | C22: =_xlfn.XLOOKUP(B22,'[1]daily break down'!$D:$D,'[1]daily break down'!$E:$E,"") -> Douala | D22: CAMUSAT | E22: Good Grid no GE - 8h | F22: LITTORAL | G22: Douala | H22: =_xlfn.XLOOKUP(B22,[2]CALCULATION!$B:$B,[2]CALCULATION!$H:$H,"") -> ZTE | I22: 3.490735 | J22: 0 | K22: 3.569031 | L22: 9.7081325 | M22: 12.986844 | N22: 27.554233 | O22: 24.226778 | P22: REPETITIF | Q22: Operationnel | S22: {=IFERROR(_xlfn.IFS( U22="MPR ISSUE","PDH", U22="BSS Hardware Issue","BSS", U22="Sites strategiques, MLL, Pylone, etc.","ENVTECH", U22="AKTIVCO DEFAUT GE & POWER Cabinet","AKTIVCO", U22="AKTIVCO Coupure ENEO & Baisse de tension","AKTIVCO GRID ONLY", U22="Coupure ENEO & Baisse de tension","IHS GRID ONLY", U22="Defaut GE & POWER Cabinet","IHS", U22="Sharing","Partners", U22="Sites strategiques & DataCenter","SST & DC", U22="Exclu","Exclu", U22="SAT","SAT", U22="SPARE-ISSUE","SPARE-ISSUE", U22="Fiber CAmtel","TRANS_FO_CAMTEL", U22="Fiber AOF","Fiber AOF", U22="Projet OCM (HUAWEI)","TRAVAUX-HUAWEI", U22="Projet OCM (NOKIA)","TRAVAUX-NOKIA", U22="ACCESS-ISSUE","ACCESS-ISSUE", U22="Projet OCM (ZTE, NOKIA, autres projets)","TRAVAUX OCM", U22="No root CAuse","No root cause", U22="ODU HS","PDH", U22="IP & VLAN","PDH", U22="Warehouse HUAWEI","SPARE-ISSUE", U22="SPARE-HS","SPARE-ISSUE", U22="Power Telco","BSS" ),"")} | T22: {=IFERROR(_xlfn.IFS( U22="MPR ISSUE","TX ISSUE", U22="BSS Hardware Issue","RAN ISSUE", U22="Sites strategiques, MLL, Pylone, etc.","ENVTECH", U22="AKTIVCO DEFAUT GE & POWER Cabinet","POWER ISSUE", U22="AKTIVCO Coupure ENEO & Baisse de tension","POWER ISSUE", U22="Coupure ENEO & Baisse de tension","POWER ISSUE", U22="Defaut GE & POWER Cabinet","POWER ISSUE", U22="Sharing","POWER ISSUE", U22="Sites strategiques & DataCenter","POWER ISSUE", U22="Exclu","Exclu", U22="SAT","TX ISSUE", U22="SPARE-ISSUE","SPARE-ISSUE", U22="Fiber CAmtel","TX ISSUE", U22="Fiber AOF","TX ISSUE", U22="Projet OCM (HUAWEI)","TRAVAUX-HUAWEI", U22="Projet OCM (NOKIA)","TRAVAUX -NOKIA", U22="ACCESS-ISSUE","ACCESS-ISSUE", U22="Projet OCM (ZTE, NOKIA, autres projets)","TRAVAUX OCM", U22="No root CAuse","No root cause", U22="ODU HS","TX ISSUE", U22="IP & VLAN","TX ISSUE", U22="Warehouse HUAWEI","SPARE-ISSUE", U22="SPARE-HS","SPARE-ISSUE", U22="Power Telco","RAN ISSUE" ),"")} | V22: {=IFERROR(_xlfn.IFS( U22="MPR ISSUE","ACTIVE", U22="BSS Hardware Issue","ACTIVE", U22="Sites strategiques, MLL, Pylone, etc.","PASSIVE", U22="AKTIVCO DEFAUT GE & POWER Cabinet","PASSIVE", U22="AKTIVCO Coupure ENEO & Baisse de tension","PASSIVE", U22="Coupure ENEO & Baisse de tension","PASSIVE", U22="Defaut GE & POWER Cabinet","PASSIVE", U22="Sharing","PASSIVE", U22="Sites strategiques & DataCenter","PASSIVE", U22="Exclu","Exclu", U22="SAT","ACTIVE", U22="SPARE-ISSUE","SPARE-ISSUE", U22="Fiber CAmtel","ACTIVE", U22="Fiber AOF","ACTIVE", U22="Projet OCM (HUAWEI)","PLANNED WORKS", U22="Projet OCM (NOKIA)","PLANNED WORKS", U22="ACCESS-ISSUE","ACCESS-ISSUE", U22="Projet OCM (ZTE, NOKIA, autres projets)","PLANNED WORKS", U22="No root CAuse","No root cause", U22="ODU HS","ACTIVE", U22="IP & VLAN","ACTIVE", U22="Warehouse HUAWEI","SPARE-ISSUE", U22="SPARE-HS","SPARE-ISSUE", U22="Power Telco","ACTIVE" ),"")} | W22: Spare Issue, ODU faulty | X22: ODU shipment ongoing | Z22: CELLDOWN | AA22: Ongoing | AB22: 21/04/2026 : Feedback FME apres intervenvion sur le site pour probleme de GPS || L"ODU est faulty || commande en cours || possible de remplacer demain 22042026 20/04/2026 : Probleme GPS resolu 19/04/2026: Need BO RAN analysis || Cell was down due to GPS issue => Check GPS cable connectivity || Fme active ETA 20042026..(04/21/2026 cell zte):-21/04/2026 : Besoin d'analyse BO RAN..(04/21/2026 cell zte):-21/04/2026 : Besoin d'analyse BO RAN || Power issue : mail sent to Camusat..(04/21/2026 cell zte):-21/04/2026 : Feedback FME apres intervenvion sur le site pour probleme de GPS || L"ODU est faulty || commande en cours || possible de remplacer demain 22042026 20/04/2026 : Probleme GPS resolu 19/04/2026: Need BO RAN analysis || Cell was down due to GPS issue => Check GPS cable connectivity || Fme active ETA 20042026..(04/21/2026 tickect): -INC-20260421-00012379..LIT_728 | AC22: =_xlfn.XLOOKUP(B22,[4]ALL!$B:$B,[4]ALL!$N:$N,"") | AD22: 21/04/2026 : Feedback FME apres intervenvion sur le site pour probleme de GPS || L"ODU est faulty || commande en cours || possible de remplacer demain 22042026 20/04/2026 : Probleme GPS resolu 19/04/2026: Need BO RAN analysis || Cell was down due to GPS issue => Check GPS cable connectivity || Fme active ETA 20042026 | AQ22: (04/21/2026 cell zte):-21/04/2026 : Besoin d'analyse BO RAN | AR22: (04/21/2026 cell zte):-21/04/2026 : Besoin d'analyse BO RAN || Power issue : mail sent to Camusat | AS22: (04/21/2026 cell zte):-21/04/2026 : Feedback FME apres intervenvion sur le site pour probleme de GPS || L"ODU est faulty || commande en cours || possible de remplacer demain 22042026 20/04/2026 : Probleme GPS resolu 19/04/2026: Need BO RAN analysis || Cell was down due to GPS issue => Check GPS cable connectivity || Fme active ETA 20042026 | AV22: (04/21/2026 tickect): -INC-20260421-00012379 | BA22: LIT_728
A23: Obili-GP-MTN | B23: CTR_747 | C23: =_xlfn.XLOOKUP(B23,'[1]daily break down'!$D:$D,'[1]daily break down'!$E:$E,"") -> Yaounde | D23: MTN sharing | E23: MTN | F23: CENTRE | G23: Yaounde | H23: =_xlfn.XLOOKUP(B23,[2]CALCULATION!$B:$B,[2]CALCULATION!$H:$H,"") -> ZTE | I23: 17.06389 | J23: 0.81181709 | K23: 0 | L23: 0 | M23: 2.2088923 | N23: 7.6820676 | O23: 23.988341 | P23: REPETITIF | Q23: Operationnel | S23: {=IFERROR(_xlfn.IFS( U23="MPR ISSUE","PDH", U23="BSS Hardware Issue","BSS", U23="Sites strategiques, MLL, Pylone, etc.","ENVTECH", U23="AKTIVCO DEFAUT GE & POWER Cabinet","AKTIVCO", U23="AKTIVCO Coupure ENEO & Baisse de tension","AKTIVCO GRID ONLY", U23="Coupure ENEO & Baisse de tension","IHS GRID ONLY", U23="Defaut GE & POWER Cabinet","IHS", U23="Sharing","Partners", U23="Sites strategiques & DataCenter","SST & DC", U23="Exclu","Exclu", U23="SAT","SAT", U23="SPARE-ISSUE","SPARE-ISSUE", U23="Fiber CAmtel","TRANS_FO_CAMTEL", U23="Fiber AOF","Fiber AOF", U23="Projet OCM (HUAWEI)","TRAVAUX-HUAWEI", U23="Projet OCM (NOKIA)","TRAVAUX-NOKIA", U23="ACCESS-ISSUE","ACCESS-ISSUE", U23="Projet OCM (ZTE, NOKIA, autres projets)","TRAVAUX OCM", U23="No root CAuse","No root cause", U23="ODU HS","PDH", U23="IP & VLAN","PDH", U23="Warehouse HUAWEI","SPARE-ISSUE", U23="SPARE-HS","SPARE-ISSUE", U23="Power Telco","BSS" ),"")} | T23: {=IFERROR(_xlfn.IFS( U23="MPR ISSUE","TX ISSUE", U23="BSS Hardware Issue","RAN ISSUE", U23="Sites strategiques, MLL, Pylone, etc.","ENVTECH", U23="AKTIVCO DEFAUT GE & POWER Cabinet","POWER ISSUE", U23="AKTIVCO Coupure ENEO & Baisse de tension","POWER ISSUE", U23="Coupure ENEO & Baisse de tension","POWER ISSUE", U23="Defaut GE & POWER Cabinet","POWER ISSUE", U23="Sharing","POWER ISSUE", U23="Sites strategiques & DataCenter","POWER ISSUE", U23="Exclu","Exclu", U23="SAT","TX ISSUE", U23="SPARE-ISSUE","SPARE-ISSUE", U23="Fiber CAmtel","TX ISSUE", U23="Fiber AOF","TX ISSUE", U23="Projet OCM (HUAWEI)","TRAVAUX-HUAWEI", U23="Projet OCM (NOKIA)","TRAVAUX -NOKIA", U23="ACCESS-ISSUE","ACCESS-ISSUE", U23="Projet OCM (ZTE, NOKIA, autres projets)","TRAVAUX OCM", U23="No root CAuse","No root cause", U23="ODU HS","TX ISSUE", U23="IP & VLAN","TX ISSUE", U23="Warehouse HUAWEI","SPARE-ISSUE", U23="SPARE-HS","SPARE-ISSUE", U23="Power Telco","RAN ISSUE" ),"")} | V23: {=IFERROR(_xlfn.IFS( U23="MPR ISSUE","ACTIVE", U23="BSS Hardware Issue","ACTIVE", U23="Sites strategiques, MLL, Pylone, etc.","PASSIVE", U23="AKTIVCO DEFAUT GE & POWER Cabinet","PASSIVE", U23="AKTIVCO Coupure ENEO & Baisse de tension","PASSIVE", U23="Coupure ENEO & Baisse de tension","PASSIVE", U23="Defaut GE & POWER Cabinet","PASSIVE", U23="Sharing","PASSIVE", U23="Sites strategiques & DataCenter","PASSIVE", U23="Exclu","Exclu", U23="SAT","ACTIVE", U23="SPARE-ISSUE","SPARE-ISSUE", U23="Fiber CAmtel","ACTIVE", U23="Fiber AOF","ACTIVE", U23="Projet OCM (HUAWEI)","PLANNED WORKS", U23="Projet OCM (NOKIA)","PLANNED WORKS", U23="ACCESS-ISSUE","ACCESS-ISSUE", U23="Projet OCM (ZTE, NOKIA, autres projets)","PLANNED WORKS", U23="No root CAuse","No root cause", U23="ODU HS","ACTIVE", U23="IP & VLAN","ACTIVE", U23="Warehouse HUAWEI","SPARE-ISSUE", U23="SPARE-HS","SPARE-ISSUE", U23="Power Telco","ACTIVE" ),"")} | W23: Power Issue | X23: Solve Power Issue on site | Z23: MTN | AA23: Ongoing | AB23: 21.04.26; Impossible d'entrer dans le site ce soir et intervention prévue pour ce 22.04.26 21.04.26; Besoin d'un FME sur site pour vérifier le statut du MPR; CM-20260421-00004070; FME Hosiah activé pour investigations, update ASAP 21.04.26; Power alarms; Escalated to L3 of MTN 20/04/2026 Power issue MTN activé escalade L2 MTN ..(04/21/2026-ocm ran incident 14h):-21.04.26; Power alarms; Escalated to L3 of MTN 20/04/2026 Power issue MTN activé escalade L2 MTN | AC23: =_xlfn.XLOOKUP(B23,[4]ALL!$B:$B,[4]ALL!$N:$N,"") | AD23: 21.04.26; Impossible d'entrer dans le site ce soir et intervention prévue pour ce 22.04.26 21.04.26; Besoin d'un FME sur site pour vérifier le statut du MPR; CM-20260421-00004070; FME Hosiah activé pour investigations, update ASAP 21.04.26; Power alarms; Escalated to L3 of MTN 20/04/2026 Power issue MTN activé escalade L2 MTN | AU23: (04/21/2026-ocm ran incident 14h):-21.04.26; Power alarms; Escalated to L3 of MTN 20/04/2026 Power issue MTN activé escalade L2 MTN
A24: Goulfey | B24: EXN_021 | C24: =_xlfn.XLOOKUP(B24,'[1]daily break down'!$D:$D,'[1]daily break down'!$E:$E,"") -> EXTREME-NORD | D24: IHS | E24: Solar-Gen | F24: EXTREME-NORD | G24: Goulfey | H24: =_xlfn.XLOOKUP(B24,[2]CALCULATION!$B:$B,[2]CALCULATION!$H:$H,"") -> NOKIA | I24: 0.011058389 | J24: 0.48378662 | K24: 0.091939829 | L24: 0.15423776 | M24: 0.12003008 | N24: 13.782752 | O24: 23.113566 | P24: REPETITIF | Q24: =_xlfn.XLOOKUP(B24,'[1]daily break down'!$D:$D,'[1]daily break down'!$O:$O,"") -> Insecurity | S24: {=IFERROR(_xlfn.IFS( U24="MPR ISSUE","PDH", U24="BSS Hardware Issue","BSS", U24="Sites strategiques, MLL, Pylone, etc.","ENVTECH", U24="AKTIVCO DEFAUT GE & POWER Cabinet","AKTIVCO", U24="AKTIVCO Coupure ENEO & Baisse de tension","AKTIVCO GRID ONLY", U24="Coupure ENEO & Baisse de tension","IHS GRID ONLY", U24="Defaut GE & POWER Cabinet","IHS", U24="Sharing","Partners", U24="Sites strategiques & DataCenter","SST & DC", U24="Exclu","Exclu", U24="SAT","SAT", U24="SPARE-ISSUE","SPARE-ISSUE", U24="Fiber CAmtel","TRANS_FO_CAMTEL", U24="Fiber AOF","Fiber AOF", U24="Projet OCM (HUAWEI)","TRAVAUX-HUAWEI", U24="Projet OCM (NOKIA)","TRAVAUX-NOKIA", U24="ACCESS-ISSUE","ACCESS-ISSUE", U24="Projet OCM (ZTE, NOKIA, autres projets)","TRAVAUX OCM", U24="No root CAuse","No root cause", U24="ODU HS","PDH", U24="IP & VLAN","PDH", U24="Warehouse HUAWEI","SPARE-ISSUE", U24="SPARE-HS","SPARE-ISSUE", U24="Power Telco","BSS" ),"")} | T24: {=IFERROR(_xlfn.IFS( U24="MPR ISSUE","TX ISSUE", U24="BSS Hardware Issue","RAN ISSUE", U24="Sites strategiques, MLL, Pylone, etc.","ENVTECH", U24="AKTIVCO DEFAUT GE & POWER Cabinet","POWER ISSUE", U24="AKTIVCO Coupure ENEO & Baisse de tension","POWER ISSUE", U24="Coupure ENEO & Baisse de tension","POWER ISSUE", U24="Defaut GE & POWER Cabinet","POWER ISSUE", U24="Sharing","POWER ISSUE", U24="Sites strategiques & DataCenter","POWER ISSUE", U24="Exclu","Exclu", U24="SAT","TX ISSUE", U24="SPARE-ISSUE","SPARE-ISSUE", U24="Fiber CAmtel","TX ISSUE", U24="Fiber AOF","TX ISSUE", U24="Projet OCM (HUAWEI)","TRAVAUX-HUAWEI", U24="Projet OCM (NOKIA)","TRAVAUX -NOKIA", U24="ACCESS-ISSUE","ACCESS-ISSUE", U24="Projet OCM (ZTE, NOKIA, autres projets)","TRAVAUX OCM", U24="No root CAuse","No root cause", U24="ODU HS","TX ISSUE", U24="IP & VLAN","TX ISSUE", U24="Warehouse HUAWEI","SPARE-ISSUE", U24="SPARE-HS","SPARE-ISSUE", U24="Power Telco","RAN ISSUE" ),"")} | V24: {=IFERROR(_xlfn.IFS( U24="MPR ISSUE","ACTIVE", U24="BSS Hardware Issue","ACTIVE", U24="Sites strategiques, MLL, Pylone, etc.","PASSIVE", U24="AKTIVCO DEFAUT GE & POWER Cabinet","PASSIVE", U24="AKTIVCO Coupure ENEO & Baisse de tension","PASSIVE", U24="Coupure ENEO & Baisse de tension","PASSIVE", U24="Defaut GE & POWER Cabinet","PASSIVE", U24="Sharing","PASSIVE", U24="Sites strategiques & DataCenter","PASSIVE", U24="Exclu","Exclu", U24="SAT","ACTIVE", U24="SPARE-ISSUE","SPARE-ISSUE", U24="Fiber CAmtel","ACTIVE", U24="Fiber AOF","ACTIVE", U24="Projet OCM (HUAWEI)","PLANNED WORKS", U24="Projet OCM (NOKIA)","PLANNED WORKS", U24="ACCESS-ISSUE","ACCESS-ISSUE", U24="Projet OCM (ZTE, NOKIA, autres projets)","PLANNED WORKS", U24="No root CAuse","No root cause", U24="ODU HS","ACTIVE", U24="IP & VLAN","ACTIVE", U24="Warehouse HUAWEI","SPARE-ISSUE", U24="SPARE-HS","SPARE-ISSUE", U24="Power Telco","ACTIVE" ),"")} | AB24: No Power issue..20/04/2026 : Check breaker and interconnection FXDB (sfp, optical fiber) between system and radio module, swap its if needed || Yanoussa activer pour investigation ..(04/21/2026 cell nokia):-20/04/2026 : Check breaker and interconnection FXDB (sfp, optical fiber) between system and radio module, swap its if needed..(04/21/2026 cell nokia):-20/04/2026 : Check breaker and interconnection FXDB (sfp, optical fiber) between system and radio module, swap its if needed || Yanoussa activer pour investigation ..(04/21/2026 cell nokia):-20/04/2026 : Check breaker and interconnection FXDB (sfp, optical fiber) between system and radio module, swap its if needed || Yanoussa activer pour investigation | AC24: =_xlfn.XLOOKUP(B24,[4]ALL!$B:$B,[4]ALL!$N:$N,"") -> No Power issue | AD24: 20/04/2026 : Check breaker and interconnection FXDB (sfp, optical fiber) between system and radio module, swap its if needed || Yanoussa activer pour investigation | AN24: (04/21/2026 cell nokia):-20/04/2026 : Check breaker and interconnection FXDB (sfp, optical fiber) between system and radio module, swap its if needed | AO24: (04/21/2026 cell nokia):-20/04/2026 : Check breaker and interconnection FXDB (sfp, optical fiber) between system and radio module, swap its if needed || Yanoussa activer pour investigation | AP24: (04/21/2026 cell nokia):-20/04/2026 : Check breaker and interconnection FXDB (sfp, optical fiber) between system and radio module, swap its if needed || Yanoussa activer pour investigation
A25: CHR-Bafoussam | B25: OST_307 | C25: =_xlfn.XLOOKUP(B25,'[1]daily break down'!$D:$D,'[1]daily break down'!$E:$E,"") -> Bafoussam | D25: CAMUSAT | E25: Medium Grid + GE | F25: OUEST | G25: Bafoussam | H25: =_xlfn.XLOOKUP(B25,[2]CALCULATION!$B:$B,[2]CALCULATION!$H:$H,"") -> NOKIA | I25: 0 | J25: 0.0010701047 | K25: 0.55991445 | L25: 6.7782292 | M25: 27.683912 | N25: 23.112656 | O25: 23.113512 | P25: REPETITIF | Q25: Operationnel | S25: {=IFERROR(_xlfn.IFS( U25="MPR ISSUE","PDH", U25="BSS Hardware Issue","BSS", U25="Sites strategiques, MLL, Pylone, etc.","ENVTECH", U25="AKTIVCO DEFAUT GE & POWER Cabinet","AKTIVCO", U25="AKTIVCO Coupure ENEO & Baisse de tension","AKTIVCO GRID ONLY", U25="Coupure ENEO & Baisse de tension","IHS GRID ONLY", U25="Defaut GE & POWER Cabinet","IHS", U25="Sharing","Partners", U25="Sites strategiques & DataCenter","SST & DC", U25="Exclu","Exclu", U25="SAT","SAT", U25="SPARE-ISSUE","SPARE-ISSUE", U25="Fiber CAmtel","TRANS_FO_CAMTEL", U25="Fiber AOF","Fiber AOF", U25="Projet OCM (HUAWEI)","TRAVAUX-HUAWEI", U25="Projet OCM (NOKIA)","TRAVAUX-NOKIA", U25="ACCESS-ISSUE","ACCESS-ISSUE", U25="Projet OCM (ZTE, NOKIA, autres projets)","TRAVAUX OCM", U25="No root CAuse","No root cause", U25="ODU HS","PDH", U25="IP & VLAN","PDH", U25="Warehouse HUAWEI","SPARE-ISSUE", U25="SPARE-HS","SPARE-ISSUE", U25="Power Telco","BSS" ),"")} | T25: {=IFERROR(_xlfn.IFS( U25="MPR ISSUE","TX ISSUE", U25="BSS Hardware Issue","RAN ISSUE", U25="Sites strategiques, MLL, Pylone, etc.","ENVTECH", U25="AKTIVCO DEFAUT GE & POWER Cabinet","POWER ISSUE", U25="AKTIVCO Coupure ENEO & Baisse de tension","POWER ISSUE", U25="Coupure ENEO & Baisse de tension","POWER ISSUE", U25="Defaut GE & POWER Cabinet","POWER ISSUE", U25="Sharing","POWER ISSUE", U25="Sites strategiques & DataCenter","POWER ISSUE", U25="Exclu","Exclu", U25="SAT","TX ISSUE", U25="SPARE-ISSUE","SPARE-ISSUE", U25="Fiber CAmtel","TX ISSUE", U25="Fiber AOF","TX ISSUE", U25="Projet OCM (HUAWEI)","TRAVAUX-HUAWEI", U25="Projet OCM (NOKIA)","TRAVAUX -NOKIA", U25="ACCESS-ISSUE","ACCESS-ISSUE", U25="Projet OCM (ZTE, NOKIA, autres projets)","TRAVAUX OCM", U25="No root CAuse","No root cause", U25="ODU HS","TX ISSUE", U25="IP & VLAN","TX ISSUE", U25="Warehouse HUAWEI","SPARE-ISSUE", U25="SPARE-HS","SPARE-ISSUE", U25="Power Telco","RAN ISSUE" ),"")} | V25: {=IFERROR(_xlfn.IFS( U25="MPR ISSUE","ACTIVE", U25="BSS Hardware Issue","ACTIVE", U25="Sites strategiques, MLL, Pylone, etc.","PASSIVE", U25="AKTIVCO DEFAUT GE & POWER Cabinet","PASSIVE", U25="AKTIVCO Coupure ENEO & Baisse de tension","PASSIVE", U25="Coupure ENEO & Baisse de tension","PASSIVE", U25="Defaut GE & POWER Cabinet","PASSIVE", U25="Sharing","PASSIVE", U25="Sites strategiques & DataCenter","PASSIVE", U25="Exclu","Exclu", U25="SAT","ACTIVE", U25="SPARE-ISSUE","SPARE-ISSUE", U25="Fiber CAmtel","ACTIVE", U25="Fiber AOF","ACTIVE", U25="Projet OCM (HUAWEI)","PLANNED WORKS", U25="Projet OCM (NOKIA)","PLANNED WORKS", U25="ACCESS-ISSUE","ACCESS-ISSUE", U25="Projet OCM (ZTE, NOKIA, autres projets)","PLANNED WORKS", U25="No root CAuse","No root cause", U25="ODU HS","ACTIVE", U25="IP & VLAN","ACTIVE", U25="Warehouse HUAWEI","SPARE-ISSUE", U25="SPARE-HS","SPARE-ISSUE", U25="Power Telco","ACTIVE" ),"")} | W25: =_xlfn.XLOOKUP(B25,Sheet1!$C:$C,Sheet1!$E:$E,"") -> Impacted by OST_075_H_Bfsam-Ndjinga. Spare Issue, ODU 3DB208858AC faulty | X25: =_xlfn.XLOOKUP($B25,Sheet1!$C:$C,Sheet1!F:F,"") -> Replace faulty ODU upon spare receipt | Z25: =_xlfn.XLOOKUP($B25,Sheet1!$C:$C,Sheet1!H:H,"") -> GNOC | AA25: Ongoing | AB25: Impacted by OST_075_H_Bfsam-Ndjinga (TX issue)..(04/21/2026-ocm ran incident 18h):-Impacted by OST_075_H_Bfsam-Ndjinga (TX issue)..(04/21/2026-ocm ran incident 14h):-Impacted by OST_075_H_Bfsam-Ndjinga (TX issue) | AC25: =_xlfn.XLOOKUP(B25,[4]ALL!$B:$B,[4]ALL!$N:$N,"") | AD25: Impacted by OST_075_H_Bfsam-Ndjinga (TX issue) | AT25: (04/21/2026-ocm ran incident 18h):-Impacted by OST_075_H_Bfsam-Ndjinga (TX issue) | AU25: (04/21/2026-ocm ran incident 14h):-Impacted by OST_075_H_Bfsam-Ndjinga (TX issue)
A26: Wonya-Mavio-IHS | B26: SUO_195 | C26: =_xlfn.XLOOKUP(B26,'[1]daily break down'!$D:$D,'[1]daily break down'!$E:$E,"") -> SUD-OUEST | D26: IHS | E26: Grid-Gen | F26: SUD-OUEST | G26: Buea | H26: =_xlfn.XLOOKUP(B26,[2]CALCULATION!$B:$B,[2]CALCULATION!$H:$H,"") -> Huawei | I26: 1.3247539 | J26: 0 | K26: 0 | L26: 1.0472758 | M26: 12.334633 | N26: 23.114261 | O26: 23.113994 | P26: REPETITIF | Q26: Operationnel | S26: {=IFERROR(_xlfn.IFS( U26="MPR ISSUE","PDH", U26="BSS Hardware Issue","BSS", U26="Sites strategiques, MLL, Pylone, etc.","ENVTECH", U26="AKTIVCO DEFAUT GE & POWER Cabinet","AKTIVCO", U26="AKTIVCO Coupure ENEO & Baisse de tension","AKTIVCO GRID ONLY", U26="Coupure ENEO & Baisse de tension","IHS GRID ONLY", U26="Defaut GE & POWER Cabinet","IHS", U26="Sharing","Partners", U26="Sites strategiques & DataCenter","SST & DC", U26="Exclu","Exclu", U26="SAT","SAT", U26="SPARE-ISSUE","SPARE-ISSUE", U26="Fiber CAmtel","TRANS_FO_CAMTEL", U26="Fiber AOF","Fiber AOF", U26="Projet OCM (HUAWEI)","TRAVAUX-HUAWEI", U26="Projet OCM (NOKIA)","TRAVAUX-NOKIA", U26="ACCESS-ISSUE","ACCESS-ISSUE", U26="Projet OCM (ZTE, NOKIA, autres projets)","TRAVAUX OCM", U26="No root CAuse","No root cause", U26="ODU HS","PDH", U26="IP & VLAN","PDH", U26="Warehouse HUAWEI","SPARE-ISSUE", U26="SPARE-HS","SPARE-ISSUE", U26="Power Telco","BSS" ),"")} | T26: {=IFERROR(_xlfn.IFS( U26="MPR ISSUE","TX ISSUE", U26="BSS Hardware Issue","RAN ISSUE", U26="Sites strategiques, MLL, Pylone, etc.","ENVTECH", U26="AKTIVCO DEFAUT GE & POWER Cabinet","POWER ISSUE", U26="AKTIVCO Coupure ENEO & Baisse de tension","POWER ISSUE", U26="Coupure ENEO & Baisse de tension","POWER ISSUE", U26="Defaut GE & POWER Cabinet","POWER ISSUE", U26="Sharing","POWER ISSUE", U26="Sites strategiques & DataCenter","POWER ISSUE", U26="Exclu","Exclu", U26="SAT","TX ISSUE", U26="SPARE-ISSUE","SPARE-ISSUE", U26="Fiber CAmtel","TX ISSUE", U26="Fiber AOF","TX ISSUE", U26="Projet OCM (HUAWEI)","TRAVAUX-HUAWEI", U26="Projet OCM (NOKIA)","TRAVAUX -NOKIA", U26="ACCESS-ISSUE","ACCESS-ISSUE", U26="Projet OCM (ZTE, NOKIA, autres projets)","TRAVAUX OCM", U26="No root CAuse","No root cause", U26="ODU HS","TX ISSUE", U26="IP & VLAN","TX ISSUE", U26="Warehouse HUAWEI","SPARE-ISSUE", U26="SPARE-HS","SPARE-ISSUE", U26="Power Telco","RAN ISSUE" ),"")} | V26: {=IFERROR(_xlfn.IFS( U26="MPR ISSUE","ACTIVE", U26="BSS Hardware Issue","ACTIVE", U26="Sites strategiques, MLL, Pylone, etc.","PASSIVE", U26="AKTIVCO DEFAUT GE & POWER Cabinet","PASSIVE", U26="AKTIVCO Coupure ENEO & Baisse de tension","PASSIVE", U26="Coupure ENEO & Baisse de tension","PASSIVE", U26="Defaut GE & POWER Cabinet","PASSIVE", U26="Sharing","PASSIVE", U26="Sites strategiques & DataCenter","PASSIVE", U26="Exclu","Exclu", U26="SAT","ACTIVE", U26="SPARE-ISSUE","SPARE-ISSUE", U26="Fiber CAmtel","ACTIVE", U26="Fiber AOF","ACTIVE", U26="Projet OCM (HUAWEI)","PLANNED WORKS", U26="Projet OCM (NOKIA)","PLANNED WORKS", U26="ACCESS-ISSUE","ACCESS-ISSUE", U26="Projet OCM (ZTE, NOKIA, autres projets)","PLANNED WORKS", U26="No root CAuse","No root cause", U26="ODU HS","ACTIVE", U26="IP & VLAN","ACTIVE", U26="Warehouse HUAWEI","SPARE-ISSUE", U26="SPARE-HS","SPARE-ISSUE", U26="Power Telco","ACTIVE" ),"")} | W26: Carte EAC 3DB19417AA faulty | X26: Commande Passe a OCM | Z26: OCM | AA26: Ongoing | AB26: No Power issue..20.04.26; Carte EAC 3DB19417AA faulty, commande passée vers OCM 19.04.26; Besoin d'un FME sur SUO_077_H_Buea-David-Square pour vérifier la chaine antennaire de l'ODU 3.2; FME Fabien activé pour investigations, update ASAP 19.04.26; Reste down après l'incident P2 sur Buea-David..(04/21/2026-ocm ran incident 18h):-20.04.26; Carte EAC 3DB19417AA faulty, commande passée vers OCM 19.04.26; Besoin d'un FME sur SUO_077_H_Buea-David-Square pour vérifier la chaine antennaire de l'ODU 3.2; FME Fabien activé pour investigations, update ASAP 19.04.26; Reste down après l'incident P2 sur Buea-David..(04/21/2026-ocm ran incident 14h):-20.04.26; Carte EAC 3DB19417AA faulty, commande passée vers OCM 19.04.26; Besoin d'un FME sur SUO_077_H_Buea-David-Square pour vérifier la chaine antennaire de l'ODU 3.2; FME Fabien activé pour investigations, update ASAP 19.04.26; Reste down après l'incident P2 sur Buea-David | AC26: =_xlfn.XLOOKUP(B26,[4]ALL!$B:$B,[4]ALL!$N:$N,"") -> No Power issue | AD26: 20.04.26; Carte EAC 3DB19417AA faulty, commande passée vers OCM 19.04.26; Besoin d'un FME sur SUO_077_H_Buea-David-Square pour vérifier la chaine antennaire de l'ODU 3.2; FME Fabien activé pour investigations, update ASAP 19.04.26; Reste down après l'incident P2 sur Buea-David | AT26: (04/21/2026-ocm ran incident 18h):-20.04.26; Carte EAC 3DB19417AA faulty, commande passée vers OCM 19.04.26; Besoin d'un FME sur SUO_077_H_Buea-David-Square pour vérifier la chaine antennaire de l'ODU 3.2; FME Fabien activé pour investigations, update ASAP 19.04.26; Reste down après l'incident P2 sur Buea-David | AU26: (04/21/2026-ocm ran incident 14h):-20.04.26; Carte EAC 3DB19417AA faulty, commande passée vers OCM 19.04.26; Besoin d'un FME sur SUO_077_H_Buea-David-Square pour vérifier la chaine antennaire de l'ODU 3.2; FME Fabien activé pour investigations, update ASAP 19.04.26; Reste down après l'incident P2 sur Buea-David
A27: Dschang-St-Augustin | B27: OST_084 | C27: =_xlfn.XLOOKUP(B27,'[1]daily break down'!$D:$D,'[1]daily break down'!$E:$E,"") -> OUEST | D27: IHS | E27: Grid-Gen | F27: OUEST | G27: Dschang | H27: =_xlfn.XLOOKUP(B27,[2]CALCULATION!$B:$B,[2]CALCULATION!$H:$H,"") -> Huawei | I27: 7.1435909 | J27: 17.813284 | K27: 5.4113411 | L27: 9.5367374 | M27: 16.939543 | N27: 18.491409 | O27: 21.452692 | P27: REPETITIF | Q27: Operationnel | S27: {=IFERROR(_xlfn.IFS( U27="MPR ISSUE","PDH", U27="BSS Hardware Issue","BSS", U27="Sites strategiques, MLL, Pylone, etc.","ENVTECH", U27="AKTIVCO DEFAUT GE & POWER Cabinet","AKTIVCO", U27="AKTIVCO Coupure ENEO & Baisse de tension","AKTIVCO GRID ONLY", U27="Coupure ENEO & Baisse de tension","IHS GRID ONLY", U27="Defaut GE & POWER Cabinet","IHS", U27="Sharing","Partners", U27="Sites strategiques & DataCenter","SST & DC", U27="Exclu","Exclu", U27="SAT","SAT", U27="SPARE-ISSUE","SPARE-ISSUE", U27="Fiber CAmtel","TRANS_FO_CAMTEL", U27="Fiber AOF","Fiber AOF", U27="Projet OCM (HUAWEI)","TRAVAUX-HUAWEI", U27="Projet OCM (NOKIA)","TRAVAUX-NOKIA", U27="ACCESS-ISSUE","ACCESS-ISSUE", U27="Projet OCM (ZTE, NOKIA, autres projets)","TRAVAUX OCM", U27="No root CAuse","No root cause", U27="ODU HS","PDH", U27="IP & VLAN","PDH", U27="Warehouse HUAWEI","SPARE-ISSUE", U27="SPARE-HS","SPARE-ISSUE", U27="Power Telco","BSS" ),"")} | T27: {=IFERROR(_xlfn.IFS( U27="MPR ISSUE","TX ISSUE", U27="BSS Hardware Issue","RAN ISSUE", U27="Sites strategiques, MLL, Pylone, etc.","ENVTECH", U27="AKTIVCO DEFAUT GE & POWER Cabinet","POWER ISSUE", U27="AKTIVCO Coupure ENEO & Baisse de tension","POWER ISSUE", U27="Coupure ENEO & Baisse de tension","POWER ISSUE", U27="Defaut GE & POWER Cabinet","POWER ISSUE", U27="Sharing","POWER ISSUE", U27="Sites strategiques & DataCenter","POWER ISSUE", U27="Exclu","Exclu", U27="SAT","TX ISSUE", U27="SPARE-ISSUE","SPARE-ISSUE", U27="Fiber CAmtel","TX ISSUE", U27="Fiber AOF","TX ISSUE", U27="Projet OCM (HUAWEI)","TRAVAUX-HUAWEI", U27="Projet OCM (NOKIA)","TRAVAUX -NOKIA", U27="ACCESS-ISSUE","ACCESS-ISSUE", U27="Projet OCM (ZTE, NOKIA, autres projets)","TRAVAUX OCM", U27="No root CAuse","No root cause", U27="ODU HS","TX ISSUE", U27="IP & VLAN","TX ISSUE", U27="Warehouse HUAWEI","SPARE-ISSUE", U27="SPARE-HS","SPARE-ISSUE", U27="Power Telco","RAN ISSUE" ),"")} | V27: {=IFERROR(_xlfn.IFS( U27="MPR ISSUE","ACTIVE", U27="BSS Hardware Issue","ACTIVE", U27="Sites strategiques, MLL, Pylone, etc.","PASSIVE", U27="AKTIVCO DEFAUT GE & POWER Cabinet","PASSIVE", U27="AKTIVCO Coupure ENEO & Baisse de tension","PASSIVE", U27="Coupure ENEO & Baisse de tension","PASSIVE", U27="Defaut GE & POWER Cabinet","PASSIVE", U27="Sharing","PASSIVE", U27="Sites strategiques & DataCenter","PASSIVE", U27="Exclu","Exclu", U27="SAT","ACTIVE", U27="SPARE-ISSUE","SPARE-ISSUE", U27="Fiber CAmtel","ACTIVE", U27="Fiber AOF","ACTIVE", U27="Projet OCM (HUAWEI)","PLANNED WORKS", U27="Projet OCM (NOKIA)","PLANNED WORKS", U27="ACCESS-ISSUE","ACCESS-ISSUE", U27="Projet OCM (ZTE, NOKIA, autres projets)","PLANNED WORKS", U27="No root CAuse","No root cause", U27="ODU HS","ACTIVE", U27="IP & VLAN","ACTIVE", U27="Warehouse HUAWEI","SPARE-ISSUE", U27="SPARE-HS","SPARE-ISSUE", U27="Power Telco","ACTIVE" ),"")} | W27: Gen and PWC Overload | X27: FIX GEN and upgrade PWC | Z27: IHS | AA27: Ongoing | AB27: Power issue NUR to be checked..21/04/2026 Gen and PWC Overload...(04/21/2026 hourly IHS)-9:11:00-Gen and PWC Overload. | AC27: =_xlfn.XLOOKUP(B27,[4]ALL!$B:$B,[4]ALL!$N:$N,"") -> Power issue NUR to be checked | AD27: 21/04/2026 Gen and PWC Overload. | AJ27: (04/21/2026 hourly IHS)-9:11:00-Gen and PWC Overload.
A28: Maroua-Entree | B28: EXN_250 | C28: =_xlfn.XLOOKUP(B28,'[1]daily break down'!$D:$D,'[1]daily break down'!$E:$E,"") -> Maroua | D28: CAMUSAT | E28: Bad Grid + GE | F28: EXTREME-NORD | G28: Maroua | H28: =_xlfn.XLOOKUP(B28,[2]CALCULATION!$B:$B,[2]CALCULATION!$H:$H,"") -> Huawei | I28: 0 | J28: 0 | K28: 0.019707762 | L28: 0.0049046465 | M28: 5.3999267 | N28: 28.175108 | O28: 21.344166 | P28: REPETITIF | Q28: Operationnel | S28: {=IFERROR(_xlfn.IFS( U28="MPR ISSUE","PDH", U28="BSS Hardware Issue","BSS", U28="Sites strategiques, MLL, Pylone, etc.","ENVTECH", U28="AKTIVCO DEFAUT GE & POWER Cabinet","AKTIVCO", U28="AKTIVCO Coupure ENEO & Baisse de tension","AKTIVCO GRID ONLY", U28="Coupure ENEO & Baisse de tension","IHS GRID ONLY", U28="Defaut GE & POWER Cabinet","IHS", U28="Sharing","Partners", U28="Sites strategiques & DataCenter","SST & DC", U28="Exclu","Exclu", U28="SAT","SAT", U28="SPARE-ISSUE","SPARE-ISSUE", U28="Fiber CAmtel","TRANS_FO_CAMTEL", U28="Fiber AOF","Fiber AOF", U28="Projet OCM (HUAWEI)","TRAVAUX-HUAWEI", U28="Projet OCM (NOKIA)","TRAVAUX-NOKIA", U28="ACCESS-ISSUE","ACCESS-ISSUE", U28="Projet OCM (ZTE, NOKIA, autres projets)","TRAVAUX OCM", U28="No root CAuse","No root cause", U28="ODU HS","PDH", U28="IP & VLAN","PDH", U28="Warehouse HUAWEI","SPARE-ISSUE", U28="SPARE-HS","SPARE-ISSUE", U28="Power Telco","BSS" ),"")} | T28: {=IFERROR(_xlfn.IFS( U28="MPR ISSUE","TX ISSUE", U28="BSS Hardware Issue","RAN ISSUE", U28="Sites strategiques, MLL, Pylone, etc.","ENVTECH", U28="AKTIVCO DEFAUT GE & POWER Cabinet","POWER ISSUE", U28="AKTIVCO Coupure ENEO & Baisse de tension","POWER ISSUE", U28="Coupure ENEO & Baisse de tension","POWER ISSUE", U28="Defaut GE & POWER Cabinet","POWER ISSUE", U28="Sharing","POWER ISSUE", U28="Sites strategiques & DataCenter","POWER ISSUE", U28="Exclu","Exclu", U28="SAT","TX ISSUE", U28="SPARE-ISSUE","SPARE-ISSUE", U28="Fiber CAmtel","TX ISSUE", U28="Fiber AOF","TX ISSUE", U28="Projet OCM (HUAWEI)","TRAVAUX-HUAWEI", U28="Projet OCM (NOKIA)","TRAVAUX -NOKIA", U28="ACCESS-ISSUE","ACCESS-ISSUE", U28="Projet OCM (ZTE, NOKIA, autres projets)","TRAVAUX OCM", U28="No root CAuse","No root cause", U28="ODU HS","TX ISSUE", U28="IP & VLAN","TX ISSUE", U28="Warehouse HUAWEI","SPARE-ISSUE", U28="SPARE-HS","SPARE-ISSUE", U28="Power Telco","RAN ISSUE" ),"")} | V28: {=IFERROR(_xlfn.IFS( U28="MPR ISSUE","ACTIVE", U28="BSS Hardware Issue","ACTIVE", U28="Sites strategiques, MLL, Pylone, etc.","PASSIVE", U28="AKTIVCO DEFAUT GE & POWER Cabinet","PASSIVE", U28="AKTIVCO Coupure ENEO & Baisse de tension","PASSIVE", U28="Coupure ENEO & Baisse de tension","PASSIVE", U28="Defaut GE & POWER Cabinet","PASSIVE", U28="Sharing","PASSIVE", U28="Sites strategiques & DataCenter","PASSIVE", U28="Exclu","Exclu", U28="SAT","ACTIVE", U28="SPARE-ISSUE","SPARE-ISSUE", U28="Fiber CAmtel","ACTIVE", U28="Fiber AOF","ACTIVE", U28="Projet OCM (HUAWEI)","PLANNED WORKS", U28="Projet OCM (NOKIA)","PLANNED WORKS", U28="ACCESS-ISSUE","ACCESS-ISSUE", U28="Projet OCM (ZTE, NOKIA, autres projets)","PLANNED WORKS", U28="No root CAuse","No root cause", U28="ODU HS","ACTIVE", U28="IP & VLAN","ACTIVE", U28="Warehouse HUAWEI","SPARE-ISSUE", U28="SPARE-HS","SPARE-ISSUE", U28="Power Telco","ACTIVE" ),"")} | W28: Power Instability | X28: Stabilize Power on site | Z28: CAMUSAT | AA28: Ongoing | AB28: 21/04/2P026 : Power instability || Mail sent to Camusat || ETA 13h30 || Notre technicien est encore sur site et il travaille sur le Powercore qui présente quelques défaillances..(04/21/2026 cell huawei):-21/04/2P026 : Power instability || Mail sent to Camusat || ETA 13h30..(04/21/2026 cell huawei):-21/04/2P026 : Power instability || Mail sent to Camusat || ETA 13h30 || Notre technicien est encore sur site et il travaille sur le Powercore qui présente quelques défaillances..(04/21/2026-ocm ran incident 14h):-Power status check ongoing | AC28: =_xlfn.XLOOKUP(B28,[4]ALL!$B:$B,[4]ALL!$N:$N,"") | AD28: 21/04/2P026 : Power instability || Mail sent to Camusat || ETA 13h30 || Notre technicien est encore sur site et il travaille sur le Powercore qui présente quelques défaillances | AK28: (04/21/2026 cell huawei):-21/04/2P026 : Power instability || Mail sent to Camusat || ETA 13h30 | AL28: (04/21/2026 cell huawei):-21/04/2P026 : Power instability || Mail sent to Camusat || ETA 13h30 || Notre technicien est encore sur site et il travaille sur le Powercore qui présente quelques défaillances | AU28: (04/21/2026-ocm ran incident 14h):-Power status check ongoing
A29: Marche-Odza-IHS | B29: CTR_479 | C29: =_xlfn.XLOOKUP(B29,'[1]daily break down'!$D:$D,'[1]daily break down'!$E:$E,"") -> Yaounde | D29: IHS | E29: Grid-Gen | F29: CENTRE | G29: Yaounde | H29: =_xlfn.XLOOKUP(B29,[2]CALCULATION!$B:$B,[2]CALCULATION!$H:$H,"") -> ZTE | I29: 0 | J29: 0 | K29: 0 | L29: 0 | M29: 4.4780315 | N29: 0 | O29: 21.040042 | P29: REPETITIF | Q29: Operationnel | S29: {=IFERROR(_xlfn.IFS( U29="MPR ISSUE","PDH", U29="BSS Hardware Issue","BSS", U29="Sites strategiques, MLL, Pylone, etc.","ENVTECH", U29="AKTIVCO DEFAUT GE & POWER Cabinet","AKTIVCO", U29="AKTIVCO Coupure ENEO & Baisse de tension","AKTIVCO GRID ONLY", U29="Coupure ENEO & Baisse de tension","IHS GRID ONLY", U29="Defaut GE & POWER Cabinet","IHS", U29="Sharing","Partners", U29="Sites strategiques & DataCenter","SST & DC", U29="Exclu","Exclu", U29="SAT","SAT", U29="SPARE-ISSUE","SPARE-ISSUE", U29="Fiber CAmtel","TRANS_FO_CAMTEL", U29="Fiber AOF","Fiber AOF", U29="Projet OCM (HUAWEI)","TRAVAUX-HUAWEI", U29="Projet OCM (NOKIA)","TRAVAUX-NOKIA", U29="ACCESS-ISSUE","ACCESS-ISSUE", U29="Projet OCM (ZTE, NOKIA, autres projets)","TRAVAUX OCM", U29="No root CAuse","No root cause", U29="ODU HS","PDH", U29="IP & VLAN","PDH", U29="Warehouse HUAWEI","SPARE-ISSUE", U29="SPARE-HS","SPARE-ISSUE", U29="Power Telco","BSS" ),"")} | T29: {=IFERROR(_xlfn.IFS( U29="MPR ISSUE","TX ISSUE", U29="BSS Hardware Issue","RAN ISSUE", U29="Sites strategiques, MLL, Pylone, etc.","ENVTECH", U29="AKTIVCO DEFAUT GE & POWER Cabinet","POWER ISSUE", U29="AKTIVCO Coupure ENEO & Baisse de tension","POWER ISSUE", U29="Coupure ENEO & Baisse de tension","POWER ISSUE", U29="Defaut GE & POWER Cabinet","POWER ISSUE", U29="Sharing","POWER ISSUE", U29="Sites strategiques & DataCenter","POWER ISSUE", U29="Exclu","Exclu", U29="SAT","TX ISSUE", U29="SPARE-ISSUE","SPARE-ISSUE", U29="Fiber CAmtel","TX ISSUE", U29="Fiber AOF","TX ISSUE", U29="Projet OCM (HUAWEI)","TRAVAUX-HUAWEI", U29="Projet OCM (NOKIA)","TRAVAUX -NOKIA", U29="ACCESS-ISSUE","ACCESS-ISSUE", U29="Projet OCM (ZTE, NOKIA, autres projets)","TRAVAUX OCM", U29="No root CAuse","No root cause", U29="ODU HS","TX ISSUE", U29="IP & VLAN","TX ISSUE", U29="Warehouse HUAWEI","SPARE-ISSUE", U29="SPARE-HS","SPARE-ISSUE", U29="Power Telco","RAN ISSUE" ),"")} | V29: {=IFERROR(_xlfn.IFS( U29="MPR ISSUE","ACTIVE", U29="BSS Hardware Issue","ACTIVE", U29="Sites strategiques, MLL, Pylone, etc.","PASSIVE", U29="AKTIVCO DEFAUT GE & POWER Cabinet","PASSIVE", U29="AKTIVCO Coupure ENEO & Baisse de tension","PASSIVE", U29="Coupure ENEO & Baisse de tension","PASSIVE", U29="Defaut GE & POWER Cabinet","PASSIVE", U29="Sharing","PASSIVE", U29="Sites strategiques & DataCenter","PASSIVE", U29="Exclu","Exclu", U29="SAT","ACTIVE", U29="SPARE-ISSUE","SPARE-ISSUE", U29="Fiber CAmtel","ACTIVE", U29="Fiber AOF","ACTIVE", U29="Projet OCM (HUAWEI)","PLANNED WORKS", U29="Projet OCM (NOKIA)","PLANNED WORKS", U29="ACCESS-ISSUE","ACCESS-ISSUE", U29="Projet OCM (ZTE, NOKIA, autres projets)","PLANNED WORKS", U29="No root CAuse","No root cause", U29="ODU HS","ACTIVE", U29="IP & VLAN","ACTIVE", U29="Warehouse HUAWEI","SPARE-ISSUE", U29="SPARE-HS","SPARE-ISSUE", U29="Power Telco","ACTIVE" ),"")} | W29: Power Issue | X29: Power Team is handling the issue | Z29: IHS | AA29: Ongoing | AB29: Power issue NUR to be checked..21.04.26; IHS; Our FME IS on the site..(04/21/2026 hourly IHS)-7:40:35-Our FME IS on the site..(04/21/2026 tickect): -INC-20260421-00001020 | AC29: =_xlfn.XLOOKUP(B29,[4]ALL!$B:$B,[4]ALL!$N:$N,"") -> Power issue NUR to be checked | AD29: 21.04.26; IHS; Our FME IS on the site | AJ29: (04/21/2026 hourly IHS)-7:40:35-Our FME IS on the site | AV29: (04/21/2026 tickect): -INC-20260421-00001020
A30: Makepe-Crf-Conquete | B30: LIT_775 | C30: =_xlfn.XLOOKUP(B30,'[1]daily break down'!$D:$D,'[1]daily break down'!$E:$E,"") -> Douala | F30: LITTORAL | G30: Douala | H30: =_xlfn.XLOOKUP(B30,[2]CALCULATION!$B:$B,[2]CALCULATION!$H:$H,"") -> ZTE | I30: 2.7267516 | J30: 0 | K30: 0 | L30: 2.0345187 | M30: 0 | N30: 3.786512 | O30: 20.271136 | P30: REPETITIF | Q30: Operationnel | S30: {=IFERROR(_xlfn.IFS( U30="MPR ISSUE","PDH", U30="BSS Hardware Issue","BSS", U30="Sites strategiques, MLL, Pylone, etc.","ENVTECH", U30="AKTIVCO DEFAUT GE & POWER Cabinet","AKTIVCO", U30="AKTIVCO Coupure ENEO & Baisse de tension","AKTIVCO GRID ONLY", U30="Coupure ENEO & Baisse de tension","IHS GRID ONLY", U30="Defaut GE & POWER Cabinet","IHS", U30="Sharing","Partners", U30="Sites strategiques & DataCenter","SST & DC", U30="Exclu","Exclu", U30="SAT","SAT", U30="SPARE-ISSUE","SPARE-ISSUE", U30="Fiber CAmtel","TRANS_FO_CAMTEL", U30="Fiber AOF","Fiber AOF", U30="Projet OCM (HUAWEI)","TRAVAUX-HUAWEI", U30="Projet OCM (NOKIA)","TRAVAUX-NOKIA", U30="ACCESS-ISSUE","ACCESS-ISSUE", U30="Projet OCM (ZTE, NOKIA, autres projets)","TRAVAUX OCM", U30="No root CAuse","No root cause", U30="ODU HS","PDH", U30="IP & VLAN","PDH", U30="Warehouse HUAWEI","SPARE-ISSUE", U30="SPARE-HS","SPARE-ISSUE", U30="Power Telco","BSS" ),"")} | T30: {=IFERROR(_xlfn.IFS( U30="MPR ISSUE","TX ISSUE", U30="BSS Hardware Issue","RAN ISSUE", U30="Sites strategiques, MLL, Pylone, etc.","ENVTECH", U30="AKTIVCO DEFAUT GE & POWER Cabinet","POWER ISSUE", U30="AKTIVCO Coupure ENEO & Baisse de tension","POWER ISSUE", U30="Coupure ENEO & Baisse de tension","POWER ISSUE", U30="Defaut GE & POWER Cabinet","POWER ISSUE", U30="Sharing","POWER ISSUE", U30="Sites strategiques & DataCenter","POWER ISSUE", U30="Exclu","Exclu", U30="SAT","TX ISSUE", U30="SPARE-ISSUE","SPARE-ISSUE", U30="Fiber CAmtel","TX ISSUE", U30="Fiber AOF","TX ISSUE", U30="Projet OCM (HUAWEI)","TRAVAUX-HUAWEI", U30="Projet OCM (NOKIA)","TRAVAUX -NOKIA", U30="ACCESS-ISSUE","ACCESS-ISSUE", U30="Projet OCM (ZTE, NOKIA, autres projets)","TRAVAUX OCM", U30="No root CAuse","No root cause", U30="ODU HS","TX ISSUE", U30="IP & VLAN","TX ISSUE", U30="Warehouse HUAWEI","SPARE-ISSUE", U30="SPARE-HS","SPARE-ISSUE", U30="Power Telco","RAN ISSUE" ),"")} | V30: {=IFERROR(_xlfn.IFS( U30="MPR ISSUE","ACTIVE", U30="BSS Hardware Issue","ACTIVE", U30="Sites strategiques, MLL, Pylone, etc.","PASSIVE", U30="AKTIVCO DEFAUT GE & POWER Cabinet","PASSIVE", U30="AKTIVCO Coupure ENEO & Baisse de tension","PASSIVE", U30="Coupure ENEO & Baisse de tension","PASSIVE", U30="Defaut GE & POWER Cabinet","PASSIVE", U30="Sharing","PASSIVE", U30="Sites strategiques & DataCenter","PASSIVE", U30="Exclu","Exclu", U30="SAT","ACTIVE", U30="SPARE-ISSUE","SPARE-ISSUE", U30="Fiber CAmtel","ACTIVE", U30="Fiber AOF","ACTIVE", U30="Projet OCM (HUAWEI)","PLANNED WORKS", U30="Projet OCM (NOKIA)","PLANNED WORKS", U30="ACCESS-ISSUE","ACCESS-ISSUE", U30="Projet OCM (ZTE, NOKIA, autres projets)","PLANNED WORKS", U30="No root CAuse","No root cause", U30="ODU HS","ACTIVE", U30="IP & VLAN","ACTIVE", U30="Warehouse HUAWEI","SPARE-ISSUE", U30="SPARE-HS","SPARE-ISSUE", U30="Power Telco","ACTIVE" ),"")} | W30: =_xlfn.XLOOKUP(B30,Sheet1!$C:$C,Sheet1!$E:$E,"") -> Impacted by LIT_248_Z_Hopital-General. MPR issue | X30: =_xlfn.XLOOKUP($B30,Sheet1!$C:$C,Sheet1!F:F,"") -> Dispatch FME on site to reset MPR | Z30: =_xlfn.XLOOKUP($B30,Sheet1!$C:$C,Sheet1!H:H,"") -> GNOC | AA30: Ongoing | AB30: Impacted by LIT_248_Z_Hopital-General (TX issue) | AC30: =_xlfn.XLOOKUP(B30,[4]ALL!$B:$B,[4]ALL!$N:$N,"") | AD30: Impacted by LIT_248_Z_Hopital-General (TX issue)
A31: Mvolye-New | B31: CTR_310 | C31: =_xlfn.XLOOKUP(B31,'[1]daily break down'!$D:$D,'[1]daily break down'!$E:$E,"") -> Yaounde | D31: IHS | E31: GridOnly | F31: CENTRE | G31: Yaounde | H31: =_xlfn.XLOOKUP(B31,[2]CALCULATION!$B:$B,[2]CALCULATION!$H:$H,"") -> ZTE | I31: 1.9757521 | J31: 0.86740903 | K31: 0.037881706 | L31: 0.095292823 | M31: 3.3743255 | N31: 2.2478798 | O31: 19.202886 | P31: REPETITIF | Q31: Operationnel | S31: {=IFERROR(_xlfn.IFS( U31="MPR ISSUE","PDH", U31="BSS Hardware Issue","BSS", U31="Sites strategiques, MLL, Pylone, etc.","ENVTECH", U31="AKTIVCO DEFAUT GE & POWER Cabinet","AKTIVCO", U31="AKTIVCO Coupure ENEO & Baisse de tension","AKTIVCO GRID ONLY", U31="Coupure ENEO & Baisse de tension","IHS GRID ONLY", U31="Defaut GE & POWER Cabinet","IHS", U31="Sharing","Partners", U31="Sites strategiques & DataCenter","SST & DC", U31="Exclu","Exclu", U31="SAT","SAT", U31="SPARE-ISSUE","SPARE-ISSUE", U31="Fiber CAmtel","TRANS_FO_CAMTEL", U31="Fiber AOF","Fiber AOF", U31="Projet OCM (HUAWEI)","TRAVAUX-HUAWEI", U31="Projet OCM (NOKIA)","TRAVAUX-NOKIA", U31="ACCESS-ISSUE","ACCESS-ISSUE", U31="Projet OCM (ZTE, NOKIA, autres projets)","TRAVAUX OCM", U31="No root CAuse","No root cause", U31="ODU HS","PDH", U31="IP & VLAN","PDH", U31="Warehouse HUAWEI","SPARE-ISSUE", U31="SPARE-HS","SPARE-ISSUE", U31="Power Telco","BSS" ),"")} | T31: {=IFERROR(_xlfn.IFS( U31="MPR ISSUE","TX ISSUE", U31="BSS Hardware Issue","RAN ISSUE", U31="Sites strategiques, MLL, Pylone, etc.","ENVTECH", U31="AKTIVCO DEFAUT GE & POWER Cabinet","POWER ISSUE", U31="AKTIVCO Coupure ENEO & Baisse de tension","POWER ISSUE", U31="Coupure ENEO & Baisse de tension","POWER ISSUE", U31="Defaut GE & POWER Cabinet","POWER ISSUE", U31="Sharing","POWER ISSUE", U31="Sites strategiques & DataCenter","POWER ISSUE", U31="Exclu","Exclu", U31="SAT","TX ISSUE", U31="SPARE-ISSUE","SPARE-ISSUE", U31="Fiber CAmtel","TX ISSUE", U31="Fiber AOF","TX ISSUE", U31="Projet OCM (HUAWEI)","TRAVAUX-HUAWEI", U31="Projet OCM (NOKIA)","TRAVAUX -NOKIA", U31="ACCESS-ISSUE","ACCESS-ISSUE", U31="Projet OCM (ZTE, NOKIA, autres projets)","TRAVAUX OCM", U31="No root CAuse","No root cause", U31="ODU HS","TX ISSUE", U31="IP & VLAN","TX ISSUE", U31="Warehouse HUAWEI","SPARE-ISSUE", U31="SPARE-HS","SPARE-ISSUE", U31="Power Telco","RAN ISSUE" ),"")} | V31: {=IFERROR(_xlfn.IFS( U31="MPR ISSUE","ACTIVE", U31="BSS Hardware Issue","ACTIVE", U31="Sites strategiques, MLL, Pylone, etc.","PASSIVE", U31="AKTIVCO DEFAUT GE & POWER Cabinet","PASSIVE", U31="AKTIVCO Coupure ENEO & Baisse de tension","PASSIVE", U31="Coupure ENEO & Baisse de tension","PASSIVE", U31="Defaut GE & POWER Cabinet","PASSIVE", U31="Sharing","PASSIVE", U31="Sites strategiques & DataCenter","PASSIVE", U31="Exclu","Exclu", U31="SAT","ACTIVE", U31="SPARE-ISSUE","SPARE-ISSUE", U31="Fiber CAmtel","ACTIVE", U31="Fiber AOF","ACTIVE", U31="Projet OCM (HUAWEI)","PLANNED WORKS", U31="Projet OCM (NOKIA)","PLANNED WORKS", U31="ACCESS-ISSUE","ACCESS-ISSUE", U31="Projet OCM (ZTE, NOKIA, autres projets)","PLANNED WORKS", U31="No root CAuse","No root cause", U31="ODU HS","ACTIVE", U31="IP & VLAN","ACTIVE", U31="Warehouse HUAWEI","SPARE-ISSUE", U31="SPARE-HS","SPARE-ISSUE", U31="Power Telco","ACTIVE" ),"")} | W31: ODU 3.1 antenna chain issue | X31: Follow up with FME to ensure issue resolution on site | Z31: GNOC | AA31: Ongoing | AB31: No Power issue..21.04.26; Besoin d'un FME sur site pour vérifier la chaine antennaire de l'ODU 3.1; FME Hosiah activé pour investigations, update ASAP..(04/21/2026 tickect): -INC-20260421-00002315…2026-04-21 09:19:41…21.04.26; Besoin d'un FME sur site pour vérifier la chaine antennaire de l'ODU 3.1; FME Hosiah activé pour investigations, update ASAP | AC31: =_xlfn.XLOOKUP(B31,[4]ALL!$B:$B,[4]ALL!$N:$N,"") -> No Power issue | AD31: 21.04.26; Besoin d'un FME sur site pour vérifier la chaine antennaire de l'ODU 3.1; FME Hosiah activé pour investigations, update ASAP | AV31: (04/21/2026 tickect): -INC-20260421-00002315…2026-04-21 09:19:41…21.04.26; Besoin d'un FME sur site pour vérifier la chaine antennaire de l'ODU 3.1; FME Hosiah activé pour investigations, update ASAP
A32: Rd-Pt-Longkak | B32: CTR_449 | C32: =_xlfn.XLOOKUP(B32,'[1]daily break down'!$D:$D,'[1]daily break down'!$E:$E,"") -> Yaounde | D32: IHS | E32: Grid-Gen | F32: CENTRE | G32: Yaounde | H32: =_xlfn.XLOOKUP(B32,[2]CALCULATION!$B:$B,[2]CALCULATION!$H:$H,"") -> ZTE | I32: 9.2457046 | J32: 9.2457046 | K32: 9.2457046 | L32: 17.685995 | M32: 12.211411 | N32: 11.064241 | O32: 18.985744 | P32: REPETITIF | Q32: Operationnel | S32: {=IFERROR(_xlfn.IFS( U32="MPR ISSUE","PDH", U32="BSS Hardware Issue","BSS", U32="Sites strategiques, MLL, Pylone, etc.","ENVTECH", U32="AKTIVCO DEFAUT GE & POWER Cabinet","AKTIVCO", U32="AKTIVCO Coupure ENEO & Baisse de tension","AKTIVCO GRID ONLY", U32="Coupure ENEO & Baisse de tension","IHS GRID ONLY", U32="Defaut GE & POWER Cabinet","IHS", U32="Sharing","Partners", U32="Sites strategiques & DataCenter","SST & DC", U32="Exclu","Exclu", U32="SAT","SAT", U32="SPARE-ISSUE","SPARE-ISSUE", U32="Fiber CAmtel","TRANS_FO_CAMTEL", U32="Fiber AOF","Fiber AOF", U32="Projet OCM (HUAWEI)","TRAVAUX-HUAWEI", U32="Projet OCM (NOKIA)","TRAVAUX-NOKIA", U32="ACCESS-ISSUE","ACCESS-ISSUE", U32="Projet OCM (ZTE, NOKIA, autres projets)","TRAVAUX OCM", U32="No root CAuse","No root cause", U32="ODU HS","PDH", U32="IP & VLAN","PDH", U32="Warehouse HUAWEI","SPARE-ISSUE", U32="SPARE-HS","SPARE-ISSUE", U32="Power Telco","BSS" ),"")} | T32: {=IFERROR(_xlfn.IFS( U32="MPR ISSUE","TX ISSUE", U32="BSS Hardware Issue","RAN ISSUE", U32="Sites strategiques, MLL, Pylone, etc.","ENVTECH", U32="AKTIVCO DEFAUT GE & POWER Cabinet","POWER ISSUE", U32="AKTIVCO Coupure ENEO & Baisse de tension","POWER ISSUE", U32="Coupure ENEO & Baisse de tension","POWER ISSUE", U32="Defaut GE & POWER Cabinet","POWER ISSUE", U32="Sharing","POWER ISSUE", U32="Sites strategiques & DataCenter","POWER ISSUE", U32="Exclu","Exclu", U32="SAT","TX ISSUE", U32="SPARE-ISSUE","SPARE-ISSUE", U32="Fiber CAmtel","TX ISSUE", U32="Fiber AOF","TX ISSUE", U32="Projet OCM (HUAWEI)","TRAVAUX-HUAWEI", U32="Projet OCM (NOKIA)","TRAVAUX -NOKIA", U32="ACCESS-ISSUE","ACCESS-ISSUE", U32="Projet OCM (ZTE, NOKIA, autres projets)","TRAVAUX OCM", U32="No root CAuse","No root cause", U32="ODU HS","TX ISSUE", U32="IP & VLAN","TX ISSUE", U32="Warehouse HUAWEI","SPARE-ISSUE", U32="SPARE-HS","SPARE-ISSUE", U32="Power Telco","RAN ISSUE" ),"")} | V32: {=IFERROR(_xlfn.IFS( U32="MPR ISSUE","ACTIVE", U32="BSS Hardware Issue","ACTIVE", U32="Sites strategiques, MLL, Pylone, etc.","PASSIVE", U32="AKTIVCO DEFAUT GE & POWER Cabinet","PASSIVE", U32="AKTIVCO Coupure ENEO & Baisse de tension","PASSIVE", U32="Coupure ENEO & Baisse de tension","PASSIVE", U32="Defaut GE & POWER Cabinet","PASSIVE", U32="Sharing","PASSIVE", U32="Sites strategiques & DataCenter","PASSIVE", U32="Exclu","Exclu", U32="SAT","ACTIVE", U32="SPARE-ISSUE","SPARE-ISSUE", U32="Fiber CAmtel","ACTIVE", U32="Fiber AOF","ACTIVE", U32="Projet OCM (HUAWEI)","PLANNED WORKS", U32="Projet OCM (NOKIA)","PLANNED WORKS", U32="ACCESS-ISSUE","ACCESS-ISSUE", U32="Projet OCM (ZTE, NOKIA, autres projets)","PLANNED WORKS", U32="No root CAuse","No root cause", U32="ODU HS","ACTIVE", U32="IP & VLAN","ACTIVE", U32="Warehouse HUAWEI","SPARE-ISSUE", U32="SPARE-HS","SPARE-ISSUE", U32="Power Telco","ACTIVE" ),"")} | W32: Grid outage | X32: Awaiting Grid return | Z32: =D32 -> IHS | AA32: Ongoing | AB32: No Power issue..(04/21/2026 tickect): -INC-20260421-00002524..CTR_449..CTR_449 | AC32: =_xlfn.XLOOKUP(B32,[4]ALL!$B:$B,[4]ALL!$N:$N,"") -> No Power issue | AV32: (04/21/2026 tickect): -INC-20260421-00002524 | AX32: CTR_449 | BA32: CTR_449
A33: Tchika | B33: EXN_225 | C33: =_xlfn.XLOOKUP(B33,'[1]daily break down'!$D:$D,'[1]daily break down'!$E:$E,"") -> EXTREME-NORD | D33: IHS | E33: Hybrid-Gen | F33: EXTREME-NORD | G33: Tchika | H33: =_xlfn.XLOOKUP(B33,[2]CALCULATION!$B:$B,[2]CALCULATION!$H:$H,"") -> NOKIA | I33: 18.490553 | J33: 18.490553 | K33: 18.490767 | L33: 18.49066 | M33: 18.490607 | N33: 18.490393 | O33: 18.490714 | P33: REPETITIF | Q33: =_xlfn.XLOOKUP(B33,'[1]daily break down'!$D:$D,'[1]daily break down'!$O:$O,"") -> EXCLU | S33: {=IFERROR(_xlfn.IFS( U33="MPR ISSUE","PDH", U33="BSS Hardware Issue","BSS", U33="Sites strategiques, MLL, Pylone, etc.","ENVTECH", U33="AKTIVCO DEFAUT GE & POWER Cabinet","AKTIVCO", U33="AKTIVCO Coupure ENEO & Baisse de tension","AKTIVCO GRID ONLY", U33="Coupure ENEO & Baisse de tension","IHS GRID ONLY", U33="Defaut GE & POWER Cabinet","IHS", U33="Sharing","Partners", U33="Sites strategiques & DataCenter","SST & DC", U33="Exclu","Exclu", U33="SAT","SAT", U33="SPARE-ISSUE","SPARE-ISSUE", U33="Fiber CAmtel","TRANS_FO_CAMTEL", U33="Fiber AOF","Fiber AOF", U33="Projet OCM (HUAWEI)","TRAVAUX-HUAWEI", U33="Projet OCM (NOKIA)","TRAVAUX-NOKIA", U33="ACCESS-ISSUE","ACCESS-ISSUE", U33="Projet OCM (ZTE, NOKIA, autres projets)","TRAVAUX OCM", U33="No root CAuse","No root cause", U33="ODU HS","PDH", U33="IP & VLAN","PDH", U33="Warehouse HUAWEI","SPARE-ISSUE", U33="SPARE-HS","SPARE-ISSUE", U33="Power Telco","BSS" ),"")} | T33: {=IFERROR(_xlfn.IFS( U33="MPR ISSUE","TX ISSUE", U33="BSS Hardware Issue","RAN ISSUE", U33="Sites strategiques, MLL, Pylone, etc.","ENVTECH", U33="AKTIVCO DEFAUT GE & POWER Cabinet","POWER ISSUE", U33="AKTIVCO Coupure ENEO & Baisse de tension","POWER ISSUE", U33="Coupure ENEO & Baisse de tension","POWER ISSUE", U33="Defaut GE & POWER Cabinet","POWER ISSUE", U33="Sharing","POWER ISSUE", U33="Sites strategiques & DataCenter","POWER ISSUE", U33="Exclu","Exclu", U33="SAT","TX ISSUE", U33="SPARE-ISSUE","SPARE-ISSUE", U33="Fiber CAmtel","TX ISSUE", U33="Fiber AOF","TX ISSUE", U33="Projet OCM (HUAWEI)","TRAVAUX-HUAWEI", U33="Projet OCM (NOKIA)","TRAVAUX -NOKIA", U33="ACCESS-ISSUE","ACCESS-ISSUE", U33="Projet OCM (ZTE, NOKIA, autres projets)","TRAVAUX OCM", U33="No root CAuse","No root cause", U33="ODU HS","TX ISSUE", U33="IP & VLAN","TX ISSUE", U33="Warehouse HUAWEI","SPARE-ISSUE", U33="SPARE-HS","SPARE-ISSUE", U33="Power Telco","RAN ISSUE" ),"")} | V33: {=IFERROR(_xlfn.IFS( U33="MPR ISSUE","ACTIVE", U33="BSS Hardware Issue","ACTIVE", U33="Sites strategiques, MLL, Pylone, etc.","PASSIVE", U33="AKTIVCO DEFAUT GE & POWER Cabinet","PASSIVE", U33="AKTIVCO Coupure ENEO & Baisse de tension","PASSIVE", U33="Coupure ENEO & Baisse de tension","PASSIVE", U33="Defaut GE & POWER Cabinet","PASSIVE", U33="Sharing","PASSIVE", U33="Sites strategiques & DataCenter","PASSIVE", U33="Exclu","Exclu", U33="SAT","ACTIVE", U33="SPARE-ISSUE","SPARE-ISSUE", U33="Fiber CAmtel","ACTIVE", U33="Fiber AOF","ACTIVE", U33="Projet OCM (HUAWEI)","PLANNED WORKS", U33="Projet OCM (NOKIA)","PLANNED WORKS", U33="ACCESS-ISSUE","ACCESS-ISSUE", U33="Projet OCM (ZTE, NOKIA, autres projets)","PLANNED WORKS", U33="No root CAuse","No root cause", U33="ODU HS","ACTIVE", U33="IP & VLAN","ACTIVE", U33="Warehouse HUAWEI","SPARE-ISSUE", U33="SPARE-HS","SPARE-ISSUE", U33="Power Telco","ACTIVE" ),"")} | AB33: Not IHS Site | AC33: =_xlfn.XLOOKUP(B33,[4]ALL!$B:$B,[4]ALL!$N:$N,"") -> Not IHS Site
A34: Mamfe-Camtel | B34: SUO_245 | C34: =_xlfn.XLOOKUP(B34,'[1]daily break down'!$D:$D,'[1]daily break down'!$E:$E,"") -> SUD-OUEST | D34: ESCO | E34: HGB | F34: SUD-OUEST | G34: Mamfe | H34: =_xlfn.XLOOKUP(B34,[2]CALCULATION!$B:$B,[2]CALCULATION!$H:$H,"") -> NOKIA | I34: 18.490125 | J34: 18.490232 | K34: 18.490393 | L34: 18.490125 | M34: 18.490286 | N34: 18.490125 | O34: 18.490232 | P34: REPETITIF | Q34: =_xlfn.XLOOKUP(B34,'[1]daily break down'!$D:$D,'[1]daily break down'!$O:$O,"") -> Insecurity | S34: {=IFERROR(_xlfn.IFS( U34="MPR ISSUE","PDH", U34="BSS Hardware Issue","BSS", U34="Sites strategiques, MLL, Pylone, etc.","ENVTECH", U34="AKTIVCO DEFAUT GE & POWER Cabinet","AKTIVCO", U34="AKTIVCO Coupure ENEO & Baisse de tension","AKTIVCO GRID ONLY", U34="Coupure ENEO & Baisse de tension","IHS GRID ONLY", U34="Defaut GE & POWER Cabinet","IHS", U34="Sharing","Partners", U34="Sites strategiques & DataCenter","SST & DC", U34="Exclu","Exclu", U34="SAT","SAT", U34="SPARE-ISSUE","SPARE-ISSUE", U34="Fiber CAmtel","TRANS_FO_CAMTEL", U34="Fiber AOF","Fiber AOF", U34="Projet OCM (HUAWEI)","TRAVAUX-HUAWEI", U34="Projet OCM (NOKIA)","TRAVAUX-NOKIA", U34="ACCESS-ISSUE","ACCESS-ISSUE", U34="Projet OCM (ZTE, NOKIA, autres projets)","TRAVAUX OCM", U34="No root CAuse","No root cause", U34="ODU HS","PDH", U34="IP & VLAN","PDH", U34="Warehouse HUAWEI","SPARE-ISSUE", U34="SPARE-HS","SPARE-ISSUE", U34="Power Telco","BSS" ),"")} | T34: {=IFERROR(_xlfn.IFS( U34="MPR ISSUE","TX ISSUE", U34="BSS Hardware Issue","RAN ISSUE", U34="Sites strategiques, MLL, Pylone, etc.","ENVTECH", U34="AKTIVCO DEFAUT GE & POWER Cabinet","POWER ISSUE", U34="AKTIVCO Coupure ENEO & Baisse de tension","POWER ISSUE", U34="Coupure ENEO & Baisse de tension","POWER ISSUE", U34="Defaut GE & POWER Cabinet","POWER ISSUE", U34="Sharing","POWER ISSUE", U34="Sites strategiques & DataCenter","POWER ISSUE", U34="Exclu","Exclu", U34="SAT","TX ISSUE", U34="SPARE-ISSUE","SPARE-ISSUE", U34="Fiber CAmtel","TX ISSUE", U34="Fiber AOF","TX ISSUE", U34="Projet OCM (HUAWEI)","TRAVAUX-HUAWEI", U34="Projet OCM (NOKIA)","TRAVAUX -NOKIA", U34="ACCESS-ISSUE","ACCESS-ISSUE", U34="Projet OCM (ZTE, NOKIA, autres projets)","TRAVAUX OCM", U34="No root CAuse","No root cause", U34="ODU HS","TX ISSUE", U34="IP & VLAN","TX ISSUE", U34="Warehouse HUAWEI","SPARE-ISSUE", U34="SPARE-HS","SPARE-ISSUE", U34="Power Telco","RAN ISSUE" ),"")} | V34: {=IFERROR(_xlfn.IFS( U34="MPR ISSUE","ACTIVE", U34="BSS Hardware Issue","ACTIVE", U34="Sites strategiques, MLL, Pylone, etc.","PASSIVE", U34="AKTIVCO DEFAUT GE & POWER Cabinet","PASSIVE", U34="AKTIVCO Coupure ENEO & Baisse de tension","PASSIVE", U34="Coupure ENEO & Baisse de tension","PASSIVE", U34="Defaut GE & POWER Cabinet","PASSIVE", U34="Sharing","PASSIVE", U34="Sites strategiques & DataCenter","PASSIVE", U34="Exclu","Exclu", U34="SAT","ACTIVE", U34="SPARE-ISSUE","SPARE-ISSUE", U34="Fiber CAmtel","ACTIVE", U34="Fiber AOF","ACTIVE", U34="Projet OCM (HUAWEI)","PLANNED WORKS", U34="Projet OCM (NOKIA)","PLANNED WORKS", U34="ACCESS-ISSUE","ACCESS-ISSUE", U34="Projet OCM (ZTE, NOKIA, autres projets)","PLANNED WORKS", U34="No root CAuse","No root cause", U34="ODU HS","ACTIVE", U34="IP & VLAN","ACTIVE", U34="Warehouse HUAWEI","SPARE-ISSUE", U34="SPARE-HS","SPARE-ISSUE", U34="Power Telco","ACTIVE" ),"")} | AC34: =_xlfn.XLOOKUP(B34,[4]ALL!$B:$B,[4]ALL!$N:$N,"")
A35: Bfsam-Bamendzi-II | B35: OST_135 | C35: =_xlfn.XLOOKUP(B35,'[1]daily break down'!$D:$D,'[1]daily break down'!$E:$E,"") -> Bafoussam | D35: IHS | E35: GridOnly | F35: OUEST | G35: Bafoussam | H35: =_xlfn.XLOOKUP(B35,[2]CALCULATION!$B:$B,[2]CALCULATION!$H:$H,"") -> Huawei | I35: 0 | J35: 0 | K35: 0 | L35: 0 | M35: 0 | N35: 0 | O35: 0 | P35: No impact | Q35: Operationnel | S35: {=IFERROR(_xlfn.IFS( U35="MPR ISSUE","PDH", U35="BSS Hardware Issue","BSS", U35="Sites strategiques, MLL, Pylone, etc.","ENVTECH", U35="AKTIVCO DEFAUT GE & POWER Cabinet","AKTIVCO", U35="AKTIVCO Coupure ENEO & Baisse de tension","AKTIVCO GRID ONLY", U35="Coupure ENEO & Baisse de tension","IHS GRID ONLY", U35="Defaut GE & POWER Cabinet","IHS", U35="Sharing","Partners", U35="Sites strategiques & DataCenter","SST & DC", U35="Exclu","Exclu", U35="SAT","SAT", U35="SPARE-ISSUE","SPARE-ISSUE", U35="Fiber CAmtel","TRANS_FO_CAMTEL", U35="Fiber AOF","Fiber AOF", U35="Projet OCM (HUAWEI)","TRAVAUX-HUAWEI", U35="Projet OCM (NOKIA)","TRAVAUX-NOKIA", U35="ACCESS-ISSUE","ACCESS-ISSUE", U35="Projet OCM (ZTE, NOKIA, autres projets)","TRAVAUX OCM", U35="No root CAuse","No root cause", U35="ODU HS","PDH", U35="IP & VLAN","PDH", U35="Warehouse HUAWEI","SPARE-ISSUE", U35="SPARE-HS","SPARE-ISSUE", U35="Power Telco","BSS" ),"")} | T35: {=IFERROR(_xlfn.IFS( U35="MPR ISSUE","TX ISSUE", U35="BSS Hardware Issue","RAN ISSUE", U35="Sites strategiques, MLL, Pylone, etc.","ENVTECH", U35="AKTIVCO DEFAUT GE & POWER Cabinet","POWER ISSUE", U35="AKTIVCO Coupure ENEO & Baisse de tension","POWER ISSUE", U35="Coupure ENEO & Baisse de tension","POWER ISSUE", U35="Defaut GE & POWER Cabinet","POWER ISSUE", U35="Sharing","POWER ISSUE", U35="Sites strategiques & DataCenter","POWER ISSUE", U35="Exclu","Exclu", U35="SAT","TX ISSUE", U35="SPARE-ISSUE","SPARE-ISSUE", U35="Fiber CAmtel","TX ISSUE", U35="Fiber AOF","TX ISSUE", U35="Projet OCM (HUAWEI)","TRAVAUX-HUAWEI", U35="Projet OCM (NOKIA)","TRAVAUX -NOKIA", U35="ACCESS-ISSUE","ACCESS-ISSUE", U35="Projet OCM (ZTE, NOKIA, autres projets)","TRAVAUX OCM", U35="No root CAuse","No root cause", U35="ODU HS","TX ISSUE", U35="IP & VLAN","TX ISSUE", U35="Warehouse HUAWEI","SPARE-ISSUE", U35="SPARE-HS","SPARE-ISSUE", U35="Power Telco","RAN ISSUE" ),"")} | V35: {=IFERROR(_xlfn.IFS( U35="MPR ISSUE","ACTIVE", U35="BSS Hardware Issue","ACTIVE", U35="Sites strategiques, MLL, Pylone, etc.","PASSIVE", U35="AKTIVCO DEFAUT GE & POWER Cabinet","PASSIVE", U35="AKTIVCO Coupure ENEO & Baisse de tension","PASSIVE", U35="Coupure ENEO & Baisse de tension","PASSIVE", U35="Defaut GE & POWER Cabinet","PASSIVE", U35="Sharing","PASSIVE", U35="Sites strategiques & DataCenter","PASSIVE", U35="Exclu","Exclu", U35="SAT","ACTIVE", U35="SPARE-ISSUE","SPARE-ISSUE", U35="Fiber CAmtel","ACTIVE", U35="Fiber AOF","ACTIVE", U35="Projet OCM (HUAWEI)","PLANNED WORKS", U35="Projet OCM (NOKIA)","PLANNED WORKS", U35="ACCESS-ISSUE","ACCESS-ISSUE", U35="Projet OCM (ZTE, NOKIA, autres projets)","PLANNED WORKS", U35="No root CAuse","No root cause", U35="ODU HS","ACTIVE", U35="IP & VLAN","ACTIVE", U35="Warehouse HUAWEI","SPARE-ISSUE", U35="SPARE-HS","SPARE-ISSUE", U35="Power Telco","ACTIVE" ),"")} | AC35: =_xlfn.XLOOKUP(B35,[4]ALL!$B:$B,[4]ALL!$N:$N,"")
A36: Beka-Hossere-MTN-IHS | B36: ADM_132 | C36: =_xlfn.XLOOKUP(B36,'[1]daily break down'!$D:$D,'[1]daily break down'!$E:$E,"") -> Ngaoundere | D36: IHS | E36: Grid-Gen | F36: ADAMAOUA | G36: Ngaoundere | H36: =_xlfn.XLOOKUP(B36,[2]CALCULATION!$B:$B,[2]CALCULATION!$H:$H,"") -> Huawei | I36: 18.491409 | J36: 18.491409 | K36: 18.491142 | L36: 18.491409 | M36: 18.491409 | N36: 18.491142 | O36: 18.491409 | P36: REPETITIF | Q36: EXCLU | R36: enquete suite a un deces | S36: {=IFERROR(_xlfn.IFS( U36="MPR ISSUE","PDH", U36="BSS Hardware Issue","BSS", U36="Sites strategiques, MLL, Pylone, etc.","ENVTECH", U36="AKTIVCO DEFAUT GE & POWER Cabinet","AKTIVCO", U36="AKTIVCO Coupure ENEO & Baisse de tension","AKTIVCO GRID ONLY", U36="Coupure ENEO & Baisse de tension","IHS GRID ONLY", U36="Defaut GE & POWER Cabinet","IHS", U36="Sharing","Partners", U36="Sites strategiques & DataCenter","SST & DC", U36="Exclu","Exclu", U36="SAT","SAT", U36="SPARE-ISSUE","SPARE-ISSUE", U36="Fiber CAmtel","TRANS_FO_CAMTEL", U36="Fiber AOF","Fiber AOF", U36="Projet OCM (HUAWEI)","TRAVAUX-HUAWEI", U36="Projet OCM (NOKIA)","TRAVAUX-NOKIA", U36="ACCESS-ISSUE","ACCESS-ISSUE", U36="Projet OCM (ZTE, NOKIA, autres projets)","TRAVAUX OCM", U36="No root CAuse","No root cause", U36="ODU HS","PDH", U36="IP & VLAN","PDH", U36="Warehouse HUAWEI","SPARE-ISSUE", U36="SPARE-HS","SPARE-ISSUE", U36="Power Telco","BSS" ),"")} | T36: {=IFERROR(_xlfn.IFS( U36="MPR ISSUE","TX ISSUE", U36="BSS Hardware Issue","RAN ISSUE", U36="Sites strategiques, MLL, Pylone, etc.","ENVTECH", U36="AKTIVCO DEFAUT GE & POWER Cabinet","POWER ISSUE", U36="AKTIVCO Coupure ENEO & Baisse de tension","POWER ISSUE", U36="Coupure ENEO & Baisse de tension","POWER ISSUE", U36="Defaut GE & POWER Cabinet","POWER ISSUE", U36="Sharing","POWER ISSUE", U36="Sites strategiques & DataCenter","POWER ISSUE", U36="Exclu","Exclu", U36="SAT","TX ISSUE", U36="SPARE-ISSUE","SPARE-ISSUE", U36="Fiber CAmtel","TX ISSUE", U36="Fiber AOF","TX ISSUE", U36="Projet OCM (HUAWEI)","TRAVAUX-HUAWEI", U36="Projet OCM (NOKIA)","TRAVAUX -NOKIA", U36="ACCESS-ISSUE","ACCESS-ISSUE", U36="Projet OCM (ZTE, NOKIA, autres projets)","TRAVAUX OCM", U36="No root CAuse","No root cause", U36="ODU HS","TX ISSUE", U36="IP & VLAN","TX ISSUE", U36="Warehouse HUAWEI","SPARE-ISSUE", U36="SPARE-HS","SPARE-ISSUE", U36="Power Telco","RAN ISSUE" ),"")} | V36: {=IFERROR(_xlfn.IFS( U36="MPR ISSUE","ACTIVE", U36="BSS Hardware Issue","ACTIVE", U36="Sites strategiques, MLL, Pylone, etc.","PASSIVE", U36="AKTIVCO DEFAUT GE & POWER Cabinet","PASSIVE", U36="AKTIVCO Coupure ENEO & Baisse de tension","PASSIVE", U36="Coupure ENEO & Baisse de tension","PASSIVE", U36="Defaut GE & POWER Cabinet","PASSIVE", U36="Sharing","PASSIVE", U36="Sites strategiques & DataCenter","PASSIVE", U36="Exclu","Exclu", U36="SAT","ACTIVE", U36="SPARE-ISSUE","SPARE-ISSUE", U36="Fiber CAmtel","ACTIVE", U36="Fiber AOF","ACTIVE", U36="Projet OCM (HUAWEI)","PLANNED WORKS", U36="Projet OCM (NOKIA)","PLANNED WORKS", U36="ACCESS-ISSUE","ACCESS-ISSUE", U36="Projet OCM (ZTE, NOKIA, autres projets)","PLANNED WORKS", U36="No root CAuse","No root cause", U36="ODU HS","ACTIVE", U36="IP & VLAN","ACTIVE", U36="Warehouse HUAWEI","SPARE-ISSUE", U36="SPARE-HS","SPARE-ISSUE", U36="Power Telco","ACTIVE" ),"")} | AB36: No Power issue..09.04.26; IHS; ACCESS DENIED BY LOCAL AUTHORITY - Escalade L5 08.04.26; IHS; ACCESS DENIED BY LOCAL AUTHORITY - Escalade L5 06.04.26; IHS; ACCESS DENIED BY LOCAL AUTHORITY - Escalade L4 02.04.26: IHS: ACCESS DENIED BY LOCAL AUTHORITY escalade L3 IHS ..(04/21/2026 hourly IHS)-452:15:17-ACCESS DENIED BY LOCAL AUTHORITY..(04/21/2026-ocm ran incident 18h):-09.04.26; IHS; ACCESS DENIED BY LOCAL AUTHORITY - Escalade L5 08.04.26; IHS; ACCESS DENIED BY LOCAL AUTHORITY - Escalade L5 06.04.26; IHS; ACCESS DENIED BY LOCAL AUTHORITY - Escalade L4 02.04.26: IHS: ACCESS DENIED BY LOCAL AUTHORITY escalade L3 IHS ..(04/21/2026-ocm ran incident 14h):-09.04.26; IHS; ACCESS DENIED BY LOCAL AUTHORITY - Escalade L5 08.04.26; IHS; ACCESS DENIED BY LOCAL AUTHORITY - Escalade L5 06.04.26; IHS; ACCESS DENIED BY LOCAL AUTHORITY - Escalade L4 02.04.26: IHS: ACCESS DENIED BY LOCAL AUTHORITY escalade L3 IHS | AC36: =_xlfn.XLOOKUP(B36,[4]ALL!$B:$B,[4]ALL!$N:$N,"") -> No Power issue | AD36: 09.04.26; IHS; ACCESS DENIED BY LOCAL AUTHORITY - Escalade L5 08.04.26; IHS; ACCESS DENIED BY LOCAL AUTHORITY - Escalade L5 06.04.26; IHS; ACCESS DENIED BY LOCAL AUTHORITY - Escalade L4 02.04.26: IHS: ACCESS DENIED BY LOCAL AUTHORITY escalade L3 IHS | AJ36: (04/21/2026 hourly IHS)-452:15:17-ACCESS DENIED BY LOCAL AUTHORITY | AT36: (04/21/2026-ocm ran incident 18h):-09.04.26; IHS; ACCESS DENIED BY LOCAL AUTHORITY - Escalade L5 08.04.26; IHS; ACCESS DENIED BY LOCAL AUTHORITY - Escalade L5 06.04.26; IHS; ACCESS DENIED BY LOCAL AUTHORITY - Escalade L4 02.04.26: IHS: ACCESS DENIED BY LOCAL AUTHORITY escalade L3 IHS | AU36: (04/21/2026-ocm ran incident 14h):-09.04.26; IHS; ACCESS DENIED BY LOCAL AUTHORITY - Escalade L5 08.04.26; IHS; ACCESS DENIED BY LOCAL AUTHORITY - Escalade L5 06.04.26; IHS; ACCESS DENIED BY LOCAL AUTHORITY - Escalade L4 02.04.26: IHS: ACCESS DENIED BY LOCAL AUTHORITY escalade L3 IHS
A37: Bfsam-Ndjinga | B37: OST_075 | C37: =_xlfn.XLOOKUP(B37,'[1]daily break down'!$D:$D,'[1]daily break down'!$E:$E,"") -> Bafoussam | D37: IHS | E37: Grid-Gen | F37: OUEST | G37: Bafoussam | H37: =_xlfn.XLOOKUP(B37,[2]CALCULATION!$B:$B,[2]CALCULATION!$H:$H,"") -> Huawei | I37: 0 | J37: 0 | K37: 1.3128758 | L37: 7.4409552 | M37: 18.431109 | N37: 18.478479 | O37: 18.491409 | P37: REPETITIF | Q37: Operationnel | S37: {=IFERROR(_xlfn.IFS( U37="MPR ISSUE","PDH", U37="BSS Hardware Issue","BSS", U37="Sites strategiques, MLL, Pylone, etc.","ENVTECH", U37="AKTIVCO DEFAUT GE & POWER Cabinet","AKTIVCO", U37="AKTIVCO Coupure ENEO & Baisse de tension","AKTIVCO GRID ONLY", U37="Coupure ENEO & Baisse de tension","IHS GRID ONLY", U37="Defaut GE & POWER Cabinet","IHS", U37="Sharing","Partners", U37="Sites strategiques & DataCenter","SST & DC", U37="Exclu","Exclu", U37="SAT","SAT", U37="SPARE-ISSUE","SPARE-ISSUE", U37="Fiber CAmtel","TRANS_FO_CAMTEL", U37="Fiber AOF","Fiber AOF", U37="Projet OCM (HUAWEI)","TRAVAUX-HUAWEI", U37="Projet OCM (NOKIA)","TRAVAUX-NOKIA", U37="ACCESS-ISSUE","ACCESS-ISSUE", U37="Projet OCM (ZTE, NOKIA, autres projets)","TRAVAUX OCM", U37="No root CAuse","No root cause", U37="ODU HS","PDH", U37="IP & VLAN","PDH", U37="Warehouse HUAWEI","SPARE-ISSUE", U37="SPARE-HS","SPARE-ISSUE", U37="Power Telco","BSS" ),"")} | T37: {=IFERROR(_xlfn.IFS( U37="MPR ISSUE","TX ISSUE", U37="BSS Hardware Issue","RAN ISSUE", U37="Sites strategiques, MLL, Pylone, etc.","ENVTECH", U37="AKTIVCO DEFAUT GE & POWER Cabinet","POWER ISSUE", U37="AKTIVCO Coupure ENEO & Baisse de tension","POWER ISSUE", U37="Coupure ENEO & Baisse de tension","POWER ISSUE", U37="Defaut GE & POWER Cabinet","POWER ISSUE", U37="Sharing","POWER ISSUE", U37="Sites strategiques & DataCenter","POWER ISSUE", U37="Exclu","Exclu", U37="SAT","TX ISSUE", U37="SPARE-ISSUE","SPARE-ISSUE", U37="Fiber CAmtel","TX ISSUE", U37="Fiber AOF","TX ISSUE", U37="Projet OCM (HUAWEI)","TRAVAUX-HUAWEI", U37="Projet OCM (NOKIA)","TRAVAUX -NOKIA", U37="ACCESS-ISSUE","ACCESS-ISSUE", U37="Projet OCM (ZTE, NOKIA, autres projets)","TRAVAUX OCM", U37="No root CAuse","No root cause", U37="ODU HS","TX ISSUE", U37="IP & VLAN","TX ISSUE", U37="Warehouse HUAWEI","SPARE-ISSUE", U37="SPARE-HS","SPARE-ISSUE", U37="Power Telco","RAN ISSUE" ),"")} | V37: {=IFERROR(_xlfn.IFS( U37="MPR ISSUE","ACTIVE", U37="BSS Hardware Issue","ACTIVE", U37="Sites strategiques, MLL, Pylone, etc.","PASSIVE", U37="AKTIVCO DEFAUT GE & POWER Cabinet","PASSIVE", U37="AKTIVCO Coupure ENEO & Baisse de tension","PASSIVE", U37="Coupure ENEO & Baisse de tension","PASSIVE", U37="Defaut GE & POWER Cabinet","PASSIVE", U37="Sharing","PASSIVE", U37="Sites strategiques & DataCenter","PASSIVE", U37="Exclu","Exclu", U37="SAT","ACTIVE", U37="SPARE-ISSUE","SPARE-ISSUE", U37="Fiber CAmtel","ACTIVE", U37="Fiber AOF","ACTIVE", U37="Projet OCM (HUAWEI)","PLANNED WORKS", U37="Projet OCM (NOKIA)","PLANNED WORKS", U37="ACCESS-ISSUE","ACCESS-ISSUE", U37="Projet OCM (ZTE, NOKIA, autres projets)","PLANNED WORKS", U37="No root CAuse","No root cause", U37="ODU HS","ACTIVE", U37="IP & VLAN","ACTIVE", U37="Warehouse HUAWEI","SPARE-ISSUE", U37="SPARE-HS","SPARE-ISSUE", U37="Power Telco","ACTIVE" ),"")} | W37: Spare Issue, ODU 3DB208858AC faulty | X37: Replace faulty ODU upon spare receipt | Z37: GNOC | AA37: Ongoing | AB37: No Power issue..22.04.26 spare sent yesteday and will be receive this morning for site restoration ETA 11AM 20.04.26; ODU 3DB208858AC faulty et expédition en cours de Bamenda pour Bafoussam, ETD=21.04.26 20.04.26; FME is ongoing to the site for alignment, ETA=10H UTC 19.04.26; Probable infiltration on antenna chain of ODU and to be check this 20.04.26 19.04.26; Besoin d'un FME sur site pour vérifier le statut du MPR; CM-20260418-00005035; RM Denis informé pour investigations, update ASAP..(04/21/2026-ocm ran incident 18h):-20.04.26; ODU 3DB208858AC faulty et expédition en cours de Bamenda pour Bafoussam, ETD=21.04.26 20.04.26; FME is ongoing to the site for alignment, ETA=10H UTC 19.04.26; Probable infiltration on antenna chain of ODU and to be check this 20.04.26 19.04.26; Besoin d'un FME sur site pour vérifier le statut du MPR; CM-20260418-00005035; RM Denis informé pour investigations, update ASAP..(04/21/2026-ocm ran incident 14h):-20.04.26; ODU 3DB208858AC faulty et expédition en cours de Bamenda pour Bafoussam, ETD=21.04.26 20.04.26; FME is ongoing to the site for alignment, ETA=10H UTC 19.04.26; Probable infiltration on antenna chain of ODU and to be check this 20.04.26 19.04.26; Besoin d'un FME sur site pour vérifier le statut du MPR; CM-20260418-00005035; RM Denis informé pour investigations, update ASAP | AC37: =_xlfn.XLOOKUP(B37,[4]ALL!$B:$B,[4]ALL!$N:$N,"") -> No Power issue | AD37: 22.04.26 spare sent yesteday and will be receive this morning for site restoration ETA 11AM 20.04.26; ODU 3DB208858AC faulty et expédition en cours de Bamenda pour Bafoussam, ETD=21.04.26 20.04.26; FME is ongoing to the site for alignment, ETA=10H UTC 19.04.26; Probable infiltration on antenna chain of ODU and to be check this 20.04.26 19.04.26; Besoin d'un FME sur site pour vérifier le statut du MPR; CM-20260418-00005035; RM Denis informé pour investigations, update ASAP | AT37: (04/21/2026-ocm ran incident 18h):-20.04.26; ODU 3DB208858AC faulty et expédition en cours de Bamenda pour Bafoussam, ETD=21.04.26 20.04.26; FME is ongoing to the site for alignment, ETA=10H UTC 19.04.26; Probable infiltration on antenna chain of ODU and to be check this 20.04.26 19.04.26; Besoin d'un FME sur site pour vérifier le statut du MPR; CM-20260418-00005035; RM Denis informé pour investigations, update ASAP | AU37: (04/21/2026-ocm ran incident 14h):-20.04.26; ODU 3DB208858AC faulty et expédition en cours de Bamenda pour Bafoussam, ETD=21.04.26 20.04.26; FME is ongoing to the site for alignment, ETA=10H UTC 19.04.26; Probable infiltration on antenna chain of ODU and to be check this 20.04.26 19.04.26; Besoin d'un FME sur site pour vérifier le statut du MPR; CM-20260418-00005035; RM Denis informé pour investigations, update ASAP
A38: Foumban-Kounga-II | B38: OST_233 | C38: =_xlfn.XLOOKUP(B38,'[1]daily break down'!$D:$D,'[1]daily break down'!$E:$E,"") -> OUEST | D38: CAMUSAT | E38: Medium Grid + GE | F38: OUEST | G38: Foumban | H38: =_xlfn.XLOOKUP(B38,[2]CALCULATION!$B:$B,[2]CALCULATION!$H:$H,"") -> Huawei | I38: 0 | J38: 1.2881207 | K38: 13.02774 | L38: 0 | M38: 0 | N38: 13.088183 | O38: 18.491409 | P38: REPETITIF | Q38: Operationnel | S38: {=IFERROR(_xlfn.IFS( U38="MPR ISSUE","PDH", U38="BSS Hardware Issue","BSS", U38="Sites strategiques, MLL, Pylone, etc.","ENVTECH", U38="AKTIVCO DEFAUT GE & POWER Cabinet","AKTIVCO", U38="AKTIVCO Coupure ENEO & Baisse de tension","AKTIVCO GRID ONLY", U38="Coupure ENEO & Baisse de tension","IHS GRID ONLY", U38="Defaut GE & POWER Cabinet","IHS", U38="Sharing","Partners", U38="Sites strategiques & DataCenter","SST & DC", U38="Exclu","Exclu", U38="SAT","SAT", U38="SPARE-ISSUE","SPARE-ISSUE", U38="Fiber CAmtel","TRANS_FO_CAMTEL", U38="Fiber AOF","Fiber AOF", U38="Projet OCM (HUAWEI)","TRAVAUX-HUAWEI", U38="Projet OCM (NOKIA)","TRAVAUX-NOKIA", U38="ACCESS-ISSUE","ACCESS-ISSUE", U38="Projet OCM (ZTE, NOKIA, autres projets)","TRAVAUX OCM", U38="No root CAuse","No root cause", U38="ODU HS","PDH", U38="IP & VLAN","PDH", U38="Warehouse HUAWEI","SPARE-ISSUE", U38="SPARE-HS","SPARE-ISSUE", U38="Power Telco","BSS" ),"")} | T38: {=IFERROR(_xlfn.IFS( U38="MPR ISSUE","TX ISSUE", U38="BSS Hardware Issue","RAN ISSUE", U38="Sites strategiques, MLL, Pylone, etc.","ENVTECH", U38="AKTIVCO DEFAUT GE & POWER Cabinet","POWER ISSUE", U38="AKTIVCO Coupure ENEO & Baisse de tension","POWER ISSUE", U38="Coupure ENEO & Baisse de tension","POWER ISSUE", U38="Defaut GE & POWER Cabinet","POWER ISSUE", U38="Sharing","POWER ISSUE", U38="Sites strategiques & DataCenter","POWER ISSUE", U38="Exclu","Exclu", U38="SAT","TX ISSUE", U38="SPARE-ISSUE","SPARE-ISSUE", U38="Fiber CAmtel","TX ISSUE", U38="Fiber AOF","TX ISSUE", U38="Projet OCM (HUAWEI)","TRAVAUX-HUAWEI", U38="Projet OCM (NOKIA)","TRAVAUX -NOKIA", U38="ACCESS-ISSUE","ACCESS-ISSUE", U38="Projet OCM (ZTE, NOKIA, autres projets)","TRAVAUX OCM", U38="No root CAuse","No root cause", U38="ODU HS","TX ISSUE", U38="IP & VLAN","TX ISSUE", U38="Warehouse HUAWEI","SPARE-ISSUE", U38="SPARE-HS","SPARE-ISSUE", U38="Power Telco","RAN ISSUE" ),"")} | V38: {=IFERROR(_xlfn.IFS( U38="MPR ISSUE","ACTIVE", U38="BSS Hardware Issue","ACTIVE", U38="Sites strategiques, MLL, Pylone, etc.","PASSIVE", U38="AKTIVCO DEFAUT GE & POWER Cabinet","PASSIVE", U38="AKTIVCO Coupure ENEO & Baisse de tension","PASSIVE", U38="Coupure ENEO & Baisse de tension","PASSIVE", U38="Defaut GE & POWER Cabinet","PASSIVE", U38="Sharing","PASSIVE", U38="Sites strategiques & DataCenter","PASSIVE", U38="Exclu","Exclu", U38="SAT","ACTIVE", U38="SPARE-ISSUE","SPARE-ISSUE", U38="Fiber CAmtel","ACTIVE", U38="Fiber AOF","ACTIVE", U38="Projet OCM (HUAWEI)","PLANNED WORKS", U38="Projet OCM (NOKIA)","PLANNED WORKS", U38="ACCESS-ISSUE","ACCESS-ISSUE", U38="Projet OCM (ZTE, NOKIA, autres projets)","PLANNED WORKS", U38="No root CAuse","No root cause", U38="ODU HS","ACTIVE", U38="IP & VLAN","ACTIVE", U38="Warehouse HUAWEI","SPARE-ISSUE", U38="SPARE-HS","SPARE-ISSUE", U38="Power Telco","ACTIVE" ),"")} | W38: Spare Issue, ODU 3DB20826AA faulty | X38: Replace faulty ODU upon spare receipt | Z38: GNOC | AA38: Ongoing | AB38: 20.04.26; ODU 3DB20826AA faulty et expédition en cours de Bafoussam, ETD=21.04.26 20.04.26; FME should check the site environment, MPR status and ODU 3/2 antenna line; FME Yaya activé pour investigations, ETA=15H UTC..(04/21/2026-ocm ran incident 18h):-20.04.26; ODU 3DB20826AA faulty et expédition en cours de Bafoussam, ETD=21.04.26 20.04.26; FME should check the site environment, MPR status and ODU 3/2 antenna line; FME Yaya activé pour investigations, ETA=15H UTC..(04/21/2026-ocm ran incident 14h):-20.04.26; ODU 3DB20826AA faulty et expédition en cours de Bafoussam, ETD=21.04.26 20.04.26; FME should check the site environment, MPR status and ODU 3/2 antenna line; FME Yaya activé pour investigations, ETA=15H UTC | AC38: =_xlfn.XLOOKUP(B38,[4]ALL!$B:$B,[4]ALL!$N:$N,"") | AD38: 20.04.26; ODU 3DB20826AA faulty et expédition en cours de Bafoussam, ETD=21.04.26 20.04.26; FME should check the site environment, MPR status and ODU 3/2 antenna line; FME Yaya activé pour investigations, ETA=15H UTC | AT38: (04/21/2026-ocm ran incident 18h):-20.04.26; ODU 3DB20826AA faulty et expédition en cours de Bafoussam, ETD=21.04.26 20.04.26; FME should check the site environment, MPR status and ODU 3/2 antenna line; FME Yaya activé pour investigations, ETA=15H UTC | AU38: (04/21/2026-ocm ran incident 14h):-20.04.26; ODU 3DB20826AA faulty et expédition en cours de Bafoussam, ETD=21.04.26 20.04.26; FME should check the site environment, MPR status and ODU 3/2 antenna line; FME Yaya activé pour investigations, ETA=15H UTC
A39: Batchenga-Nachtigal-IHS | B39: CTR_699 | C39: =_xlfn.XLOOKUP(B39,'[1]daily break down'!$D:$D,'[1]daily break down'!$E:$E,"") -> CENTRE | D39: IHS | E39: Grid-Gen | F39: CENTRE | G39: Batchenga | H39: =_xlfn.XLOOKUP(B39,[2]CALCULATION!$B:$B,[2]CALCULATION!$H:$H,"") -> NOKIA | I39: 0 | J39: 0.19984115 | K39: 0 | L39: 0.23938144 | M39: 0.1482992 | N39: 4.0242001 | O39: 18.491409 | P39: REPETITIF | Q39: Operationnel | S39: {=IFERROR(_xlfn.IFS( U39="MPR ISSUE","PDH", U39="BSS Hardware Issue","BSS", U39="Sites strategiques, MLL, Pylone, etc.","ENVTECH", U39="AKTIVCO DEFAUT GE & POWER Cabinet","AKTIVCO", U39="AKTIVCO Coupure ENEO & Baisse de tension","AKTIVCO GRID ONLY", U39="Coupure ENEO & Baisse de tension","IHS GRID ONLY", U39="Defaut GE & POWER Cabinet","IHS", U39="Sharing","Partners", U39="Sites strategiques & DataCenter","SST & DC", U39="Exclu","Exclu", U39="SAT","SAT", U39="SPARE-ISSUE","SPARE-ISSUE", U39="Fiber CAmtel","TRANS_FO_CAMTEL", U39="Fiber AOF","Fiber AOF", U39="Projet OCM (HUAWEI)","TRAVAUX-HUAWEI", U39="Projet OCM (NOKIA)","TRAVAUX-NOKIA", U39="ACCESS-ISSUE","ACCESS-ISSUE", U39="Projet OCM (ZTE, NOKIA, autres projets)","TRAVAUX OCM", U39="No root CAuse","No root cause", U39="ODU HS","PDH", U39="IP & VLAN","PDH", U39="Warehouse HUAWEI","SPARE-ISSUE", U39="SPARE-HS","SPARE-ISSUE", U39="Power Telco","BSS" ),"")} | T39: {=IFERROR(_xlfn.IFS( U39="MPR ISSUE","TX ISSUE", U39="BSS Hardware Issue","RAN ISSUE", U39="Sites strategiques, MLL, Pylone, etc.","ENVTECH", U39="AKTIVCO DEFAUT GE & POWER Cabinet","POWER ISSUE", U39="AKTIVCO Coupure ENEO & Baisse de tension","POWER ISSUE", U39="Coupure ENEO & Baisse de tension","POWER ISSUE", U39="Defaut GE & POWER Cabinet","POWER ISSUE", U39="Sharing","POWER ISSUE", U39="Sites strategiques & DataCenter","POWER ISSUE", U39="Exclu","Exclu", U39="SAT","TX ISSUE", U39="SPARE-ISSUE","SPARE-ISSUE", U39="Fiber CAmtel","TX ISSUE", U39="Fiber AOF","TX ISSUE", U39="Projet OCM (HUAWEI)","TRAVAUX-HUAWEI", U39="Projet OCM (NOKIA)","TRAVAUX -NOKIA", U39="ACCESS-ISSUE","ACCESS-ISSUE", U39="Projet OCM (ZTE, NOKIA, autres projets)","TRAVAUX OCM", U39="No root CAuse","No root cause", U39="ODU HS","TX ISSUE", U39="IP & VLAN","TX ISSUE", U39="Warehouse HUAWEI","SPARE-ISSUE", U39="SPARE-HS","SPARE-ISSUE", U39="Power Telco","RAN ISSUE" ),"")} | V39: {=IFERROR(_xlfn.IFS( U39="MPR ISSUE","ACTIVE", U39="BSS Hardware Issue","ACTIVE", U39="Sites strategiques, MLL, Pylone, etc.","PASSIVE", U39="AKTIVCO DEFAUT GE & POWER Cabinet","PASSIVE", U39="AKTIVCO Coupure ENEO & Baisse de tension","PASSIVE", U39="Coupure ENEO & Baisse de tension","PASSIVE", U39="Defaut GE & POWER Cabinet","PASSIVE", U39="Sharing","PASSIVE", U39="Sites strategiques & DataCenter","PASSIVE", U39="Exclu","Exclu", U39="SAT","ACTIVE", U39="SPARE-ISSUE","SPARE-ISSUE", U39="Fiber CAmtel","ACTIVE", U39="Fiber AOF","ACTIVE", U39="Projet OCM (HUAWEI)","PLANNED WORKS", U39="Projet OCM (NOKIA)","PLANNED WORKS", U39="ACCESS-ISSUE","ACCESS-ISSUE", U39="Projet OCM (ZTE, NOKIA, autres projets)","PLANNED WORKS", U39="No root CAuse","No root cause", U39="ODU HS","ACTIVE", U39="IP & VLAN","ACTIVE", U39="Warehouse HUAWEI","SPARE-ISSUE", U39="SPARE-HS","SPARE-ISSUE", U39="Power Telco","ACTIVE" ),"")} | W39: Link misalignment (Ntui–Batchenga-Nachtigal) with pending site access for tower work | X39: Follow up on site access, realign link to target level (20 dBm) | Z39: GNOC | AA39: Ongoing | AB39: No Power issue..21.04.26; Pylone de Camtel. Demande d'accès en cours pour des travaux en hauteur 21.04.26; Lien Ntui<>Batchenga-Nachtigal à réaligner pour gagner 20 dbm; FME Apiang en route pour le site, ETA=16H UTC 20/04/2026 Besoin d'un fme sur site pour verifier le status du MPR et la chaine antennaire de L ODU fme apiang activé ..(04/21/2026-ocm ran incident 18h):-21.04.26; Pylone de Camtel. Demande d'accès en cours pour des travaux en hauteur 21.04.26; Lien Ntui<>Batchenga-Nachtigal à réaligner pour gagner 20 dbm; FME Apiang en route pour le site, ETA=16H UTC 20/04/2026 Besoin d'un fme sur site pour verifier le status du MPR et la chaine antennaire de L ODU fme apiang activé ..(04/21/2026-ocm ran incident 14h):-21.04.26; Lien Ntui<>Batchenga-Nachtigal à réaligner pour gagner 20 dbm; FME Apiang en route pour le site, ETA=16H UTC 20/04/2026 Besoin d'un fme sur site pour verifier le status du MPR et la chaine antennaire de L ODU fme apiang activé | AC39: =_xlfn.XLOOKUP(B39,[4]ALL!$B:$B,[4]ALL!$N:$N,"") -> No Power issue | AD39: 21.04.26; Pylone de Camtel. Demande d'accès en cours pour des travaux en hauteur 21.04.26; Lien Ntui<>Batchenga-Nachtigal à réaligner pour gagner 20 dbm; FME Apiang en route pour le site, ETA=16H UTC 20/04/2026 Besoin d'un fme sur site pour verifier le status du MPR et la chaine antennaire de L ODU fme apiang activé | AT39: (04/21/2026-ocm ran incident 18h):-21.04.26; Pylone de Camtel. Demande d'accès en cours pour des travaux en hauteur 21.04.26; Lien Ntui<>Batchenga-Nachtigal à réaligner pour gagner 20 dbm; FME Apiang en route pour le site, ETA=16H UTC 20/04/2026 Besoin d'un fme sur site pour verifier le status du MPR et la chaine antennaire de L ODU fme apiang activé | AU39: (04/21/2026-ocm ran incident 14h):-21.04.26; Lien Ntui<>Batchenga-Nachtigal à réaligner pour gagner 20 dbm; FME Apiang en route pour le site, ETA=16H UTC 20/04/2026 Besoin d'un fme sur site pour verifier le status du MPR et la chaine antennaire de L ODU fme apiang activé
A40: Moulanga | B40: LIT_670 | C40: =_xlfn.XLOOKUP(B40,'[1]daily break down'!$D:$D,'[1]daily break down'!$E:$E,"") -> LITTORAL | D40: CAMUSAT | E40: Good Grid + GE | F40: LITTORAL | G40: Moulanga | H40: =_xlfn.XLOOKUP(B40,[2]CALCULATION!$B:$B,[2]CALCULATION!$H:$H,"") -> ZTE | I40: 15.543699 | J40: 16.075166 | K40: 0 | L40: 0 | M40: 0.74350874 | N40: 14.916439 | O40: 18.077903 | P40: REPETITIF | Q40: Operationnel | S40: {=IFERROR(_xlfn.IFS( U40="MPR ISSUE","PDH", U40="BSS Hardware Issue","BSS", U40="Sites strategiques, MLL, Pylone, etc.","ENVTECH", U40="AKTIVCO DEFAUT GE & POWER Cabinet","AKTIVCO", U40="AKTIVCO Coupure ENEO & Baisse de tension","AKTIVCO GRID ONLY", U40="Coupure ENEO & Baisse de tension","IHS GRID ONLY", U40="Defaut GE & POWER Cabinet","IHS", U40="Sharing","Partners", U40="Sites strategiques & DataCenter","SST & DC", U40="Exclu","Exclu", U40="SAT","SAT", U40="SPARE-ISSUE","SPARE-ISSUE", U40="Fiber CAmtel","TRANS_FO_CAMTEL", U40="Fiber AOF","Fiber AOF", U40="Projet OCM (HUAWEI)","TRAVAUX-HUAWEI", U40="Projet OCM (NOKIA)","TRAVAUX-NOKIA", U40="ACCESS-ISSUE","ACCESS-ISSUE", U40="Projet OCM (ZTE, NOKIA, autres projets)","TRAVAUX OCM", U40="No root CAuse","No root cause", U40="ODU HS","PDH", U40="IP & VLAN","PDH", U40="Warehouse HUAWEI","SPARE-ISSUE", U40="SPARE-HS","SPARE-ISSUE", U40="Power Telco","BSS" ),"")} | T40: {=IFERROR(_xlfn.IFS( U40="MPR ISSUE","TX ISSUE", U40="BSS Hardware Issue","RAN ISSUE", U40="Sites strategiques, MLL, Pylone, etc.","ENVTECH", U40="AKTIVCO DEFAUT GE & POWER Cabinet","POWER ISSUE", U40="AKTIVCO Coupure ENEO & Baisse de tension","POWER ISSUE", U40="Coupure ENEO & Baisse de tension","POWER ISSUE", U40="Defaut GE & POWER Cabinet","POWER ISSUE", U40="Sharing","POWER ISSUE", U40="Sites strategiques & DataCenter","POWER ISSUE", U40="Exclu","Exclu", U40="SAT","TX ISSUE", U40="SPARE-ISSUE","SPARE-ISSUE", U40="Fiber CAmtel","TX ISSUE", U40="Fiber AOF","TX ISSUE", U40="Projet OCM (HUAWEI)","TRAVAUX-HUAWEI", U40="Projet OCM (NOKIA)","TRAVAUX -NOKIA", U40="ACCESS-ISSUE","ACCESS-ISSUE", U40="Projet OCM (ZTE, NOKIA, autres projets)","TRAVAUX OCM", U40="No root CAuse","No root cause", U40="ODU HS","TX ISSUE", U40="IP & VLAN","TX ISSUE", U40="Warehouse HUAWEI","SPARE-ISSUE", U40="SPARE-HS","SPARE-ISSUE", U40="Power Telco","RAN ISSUE" ),"")} | V40: {=IFERROR(_xlfn.IFS( U40="MPR ISSUE","ACTIVE", U40="BSS Hardware Issue","ACTIVE", U40="Sites strategiques, MLL, Pylone, etc.","PASSIVE", U40="AKTIVCO DEFAUT GE & POWER Cabinet","PASSIVE", U40="AKTIVCO Coupure ENEO & Baisse de tension","PASSIVE", U40="Coupure ENEO & Baisse de tension","PASSIVE", U40="Defaut GE & POWER Cabinet","PASSIVE", U40="Sharing","PASSIVE", U40="Sites strategiques & DataCenter","PASSIVE", U40="Exclu","Exclu", U40="SAT","ACTIVE", U40="SPARE-ISSUE","SPARE-ISSUE", U40="Fiber CAmtel","ACTIVE", U40="Fiber AOF","ACTIVE", U40="Projet OCM (HUAWEI)","PLANNED WORKS", U40="Projet OCM (NOKIA)","PLANNED WORKS", U40="ACCESS-ISSUE","ACCESS-ISSUE", U40="Projet OCM (ZTE, NOKIA, autres projets)","PLANNED WORKS", U40="No root CAuse","No root cause", U40="ODU HS","ACTIVE", U40="IP & VLAN","ACTIVE", U40="Warehouse HUAWEI","SPARE-ISSUE", U40="SPARE-HS","SPARE-ISSUE", U40="Power Telco","ACTIVE" ),"")} | W40: =_xlfn.XLOOKUP(B40,Sheet1!$C:$C,Sheet1!$E:$E,"") -> Impacted by SUO_061_Z_Bekoko-MTN . Need BO TX analysis | X40: =_xlfn.XLOOKUP($B40,Sheet1!$C:$C,Sheet1!F:F,"") -> Awaiting BO TX analysis | Z40: =_xlfn.XLOOKUP($B40,Sheet1!$C:$C,Sheet1!H:H,"") -> BO TX | AA40: Ongoing | AB40: Impacted by SUO_061_Z_Bekoko-MTN (TX issue) | AC40: =_xlfn.XLOOKUP(B40,[4]ALL!$B:$B,[4]ALL!$N:$N,"") | AD40: Impacted by SUO_061_Z_Bekoko-MTN (TX issue)
A41: Old-Airport-IHS | B41: LIT_122 | C41: =_xlfn.XLOOKUP(B41,'[1]daily break down'!$D:$D,'[1]daily break down'!$E:$E,"") -> Douala | D41: IHS | E41: Grid-Lithium | F41: LITTORAL | G41: Douala | H41: =_xlfn.XLOOKUP(B41,[2]CALCULATION!$B:$B,[2]CALCULATION!$H:$H,"") -> ZTE | I41: 30.2741 | J41: 0 | K41: 68.600506 | L41: 62.769149 | M41: 0 | N41: 2.107054 | O41: 17.996967 | P41: REPETITIF | Q41: Operationnel | S41: {=IFERROR(_xlfn.IFS( U41="MPR ISSUE","PDH", U41="BSS Hardware Issue","BSS", U41="Sites strategiques, MLL, Pylone, etc.","ENVTECH", U41="AKTIVCO DEFAUT GE & POWER Cabinet","AKTIVCO", U41="AKTIVCO Coupure ENEO & Baisse de tension","AKTIVCO GRID ONLY", U41="Coupure ENEO & Baisse de tension","IHS GRID ONLY", U41="Defaut GE & POWER Cabinet","IHS", U41="Sharing","Partners", U41="Sites strategiques & DataCenter","SST & DC", U41="Exclu","Exclu", U41="SAT","SAT", U41="SPARE-ISSUE","SPARE-ISSUE", U41="Fiber CAmtel","TRANS_FO_CAMTEL", U41="Fiber AOF","Fiber AOF", U41="Projet OCM (HUAWEI)","TRAVAUX-HUAWEI", U41="Projet OCM (NOKIA)","TRAVAUX-NOKIA", U41="ACCESS-ISSUE","ACCESS-ISSUE", U41="Projet OCM (ZTE, NOKIA, autres projets)","TRAVAUX OCM", U41="No root CAuse","No root cause", U41="ODU HS","PDH", U41="IP & VLAN","PDH", U41="Warehouse HUAWEI","SPARE-ISSUE", U41="SPARE-HS","SPARE-ISSUE", U41="Power Telco","BSS" ),"")} | T41: {=IFERROR(_xlfn.IFS( U41="MPR ISSUE","TX ISSUE", U41="BSS Hardware Issue","RAN ISSUE", U41="Sites strategiques, MLL, Pylone, etc.","ENVTECH", U41="AKTIVCO DEFAUT GE & POWER Cabinet","POWER ISSUE", U41="AKTIVCO Coupure ENEO & Baisse de tension","POWER ISSUE", U41="Coupure ENEO & Baisse de tension","POWER ISSUE", U41="Defaut GE & POWER Cabinet","POWER ISSUE", U41="Sharing","POWER ISSUE", U41="Sites strategiques & DataCenter","POWER ISSUE", U41="Exclu","Exclu", U41="SAT","TX ISSUE", U41="SPARE-ISSUE","SPARE-ISSUE", U41="Fiber CAmtel","TX ISSUE", U41="Fiber AOF","TX ISSUE", U41="Projet OCM (HUAWEI)","TRAVAUX-HUAWEI", U41="Projet OCM (NOKIA)","TRAVAUX -NOKIA", U41="ACCESS-ISSUE","ACCESS-ISSUE", U41="Projet OCM (ZTE, NOKIA, autres projets)","TRAVAUX OCM", U41="No root CAuse","No root cause", U41="ODU HS","TX ISSUE", U41="IP & VLAN","TX ISSUE", U41="Warehouse HUAWEI","SPARE-ISSUE", U41="SPARE-HS","SPARE-ISSUE", U41="Power Telco","RAN ISSUE" ),"")} | V41: {=IFERROR(_xlfn.IFS( U41="MPR ISSUE","ACTIVE", U41="BSS Hardware Issue","ACTIVE", U41="Sites strategiques, MLL, Pylone, etc.","PASSIVE", U41="AKTIVCO DEFAUT GE & POWER Cabinet","PASSIVE", U41="AKTIVCO Coupure ENEO & Baisse de tension","PASSIVE", U41="Coupure ENEO & Baisse de tension","PASSIVE", U41="Defaut GE & POWER Cabinet","PASSIVE", U41="Sharing","PASSIVE", U41="Sites strategiques & DataCenter","PASSIVE", U41="Exclu","Exclu", U41="SAT","ACTIVE", U41="SPARE-ISSUE","SPARE-ISSUE", U41="Fiber CAmtel","ACTIVE", U41="Fiber AOF","ACTIVE", U41="Projet OCM (HUAWEI)","PLANNED WORKS", U41="Projet OCM (NOKIA)","PLANNED WORKS", U41="ACCESS-ISSUE","ACCESS-ISSUE", U41="Projet OCM (ZTE, NOKIA, autres projets)","PLANNED WORKS", U41="No root CAuse","No root cause", U41="ODU HS","ACTIVE", U41="IP & VLAN","ACTIVE", U41="Warehouse HUAWEI","SPARE-ISSUE", U41="SPARE-HS","SPARE-ISSUE", U41="Power Telco","ACTIVE" ),"")} | W41: Grid outage, no space to deploy MDG | X41: Awaiting Grid return | Z41: IHS | AA41: Ongoing | AB41: Power issue NUR to be checked..22/04/2026 IHS Feedback : Grid outage, no space to deploy MDG, Awaiting grid return 21/04/2026 probleme d'energie en attente de retour IHS ..(04/21/2026 hourly IHS)-5:05:28-Grid outage, Awaiting grid returned..(04/21/2026 tickect): -INC-20260421-00011826…2026-04-21 20:24:16 | AC41: =_xlfn.XLOOKUP(B41,[4]ALL!$B:$B,[4]ALL!$N:$N,"") -> Power issue NUR to be checked | AD41: 22/04/2026 IHS Feedback : Grid outage, no space to deploy MDG, Awaiting grid return 21/04/2026 probleme d'energie en attente de retour IHS | AJ41: (04/21/2026 hourly IHS)-5:05:28-Grid outage, Awaiting grid returned | AV41: (04/21/2026 tickect): -INC-20260421-00011826…2026-04-21 20:24:16
A42: Mvog-Mangaa-II | B42: CTR_669 | C42: =_xlfn.XLOOKUP(B42,'[1]daily break down'!$D:$D,'[1]daily break down'!$E:$E,"") -> Yaounde | D42: CAMUSAT | E42: Good Grid no GE - 12h | F42: CENTRE | G42: Yaounde | H42: =_xlfn.XLOOKUP(B42,[2]CALCULATION!$B:$B,[2]CALCULATION!$H:$H,"") -> ZTE | I42: 19.539113 | J42: 0 | K42: 0 | L42: 0 | M42: 9.1810346 | N42: 33.210289 | O42: 17.27042 | P42: REPETITIF | Q42: Operationnel | S42: {=IFERROR(_xlfn.IFS( U42="MPR ISSUE","PDH", U42="BSS Hardware Issue","BSS", U42="Sites strategiques, MLL, Pylone, etc.","ENVTECH", U42="AKTIVCO DEFAUT GE & POWER Cabinet","AKTIVCO", U42="AKTIVCO Coupure ENEO & Baisse de tension","AKTIVCO GRID ONLY", U42="Coupure ENEO & Baisse de tension","IHS GRID ONLY", U42="Defaut GE & POWER Cabinet","IHS", U42="Sharing","Partners", U42="Sites strategiques & DataCenter","SST & DC", U42="Exclu","Exclu", U42="SAT","SAT", U42="SPARE-ISSUE","SPARE-ISSUE", U42="Fiber CAmtel","TRANS_FO_CAMTEL", U42="Fiber AOF","Fiber AOF", U42="Projet OCM (HUAWEI)","TRAVAUX-HUAWEI", U42="Projet OCM (NOKIA)","TRAVAUX-NOKIA", U42="ACCESS-ISSUE","ACCESS-ISSUE", U42="Projet OCM (ZTE, NOKIA, autres projets)","TRAVAUX OCM", U42="No root CAuse","No root cause", U42="ODU HS","PDH", U42="IP & VLAN","PDH", U42="Warehouse HUAWEI","SPARE-ISSUE", U42="SPARE-HS","SPARE-ISSUE", U42="Power Telco","BSS" ),"")} | T42: {=IFERROR(_xlfn.IFS( U42="MPR ISSUE","TX ISSUE", U42="BSS Hardware Issue","RAN ISSUE", U42="Sites strategiques, MLL, Pylone, etc.","ENVTECH", U42="AKTIVCO DEFAUT GE & POWER Cabinet","POWER ISSUE", U42="AKTIVCO Coupure ENEO & Baisse de tension","POWER ISSUE", U42="Coupure ENEO & Baisse de tension","POWER ISSUE", U42="Defaut GE & POWER Cabinet","POWER ISSUE", U42="Sharing","POWER ISSUE", U42="Sites strategiques & DataCenter","POWER ISSUE", U42="Exclu","Exclu", U42="SAT","TX ISSUE", U42="SPARE-ISSUE","SPARE-ISSUE", U42="Fiber CAmtel","TX ISSUE", U42="Fiber AOF","TX ISSUE", U42="Projet OCM (HUAWEI)","TRAVAUX-HUAWEI", U42="Projet OCM (NOKIA)","TRAVAUX -NOKIA", U42="ACCESS-ISSUE","ACCESS-ISSUE", U42="Projet OCM (ZTE, NOKIA, autres projets)","TRAVAUX OCM", U42="No root CAuse","No root cause", U42="ODU HS","TX ISSUE", U42="IP & VLAN","TX ISSUE", U42="Warehouse HUAWEI","SPARE-ISSUE", U42="SPARE-HS","SPARE-ISSUE", U42="Power Telco","RAN ISSUE" ),"")} | V42: {=IFERROR(_xlfn.IFS( U42="MPR ISSUE","ACTIVE", U42="BSS Hardware Issue","ACTIVE", U42="Sites strategiques, MLL, Pylone, etc.","PASSIVE", U42="AKTIVCO DEFAUT GE & POWER Cabinet","PASSIVE", U42="AKTIVCO Coupure ENEO & Baisse de tension","PASSIVE", U42="Coupure ENEO & Baisse de tension","PASSIVE", U42="Defaut GE & POWER Cabinet","PASSIVE", U42="Sharing","PASSIVE", U42="Sites strategiques & DataCenter","PASSIVE", U42="Exclu","Exclu", U42="SAT","ACTIVE", U42="SPARE-ISSUE","SPARE-ISSUE", U42="Fiber CAmtel","ACTIVE", U42="Fiber AOF","ACTIVE", U42="Projet OCM (HUAWEI)","PLANNED WORKS", U42="Projet OCM (NOKIA)","PLANNED WORKS", U42="ACCESS-ISSUE","ACCESS-ISSUE", U42="Projet OCM (ZTE, NOKIA, autres projets)","PLANNED WORKS", U42="No root CAuse","No root cause", U42="ODU HS","ACTIVE", U42="IP & VLAN","ACTIVE", U42="Warehouse HUAWEI","SPARE-ISSUE", U42="SPARE-HS","SPARE-ISSUE", U42="Power Telco","ACTIVE" ),"")} | W42: Grid outage, no space to deploy MDG | X42: Awaiting Grid return | Z42: CAMUSAT | AA42: Ongoing | AB42: 21.04.26; Camusat; Probable Grid outage, Grid only site / FME will check..(04/21/2026 tickect): -INC-20260421-00000243…2026-04-21 01:02:05…Probable Grid outage, Grid only site / FME will check | AC42: =_xlfn.XLOOKUP(B42,[4]ALL!$B:$B,[4]ALL!$N:$N,"") | AD42: 21.04.26; Camusat; Probable Grid outage, Grid only site / FME will check | AV42: (04/21/2026 tickect): -INC-20260421-00000243…2026-04-21 01:02:05…Probable Grid outage, Grid only site / FME will check
A43: Kotto-Denver | B43: LIT_657 | C43: =_xlfn.XLOOKUP(B43,'[1]daily break down'!$D:$D,'[1]daily break down'!$E:$E,"") -> Douala | D43: CAMUSAT | E43: Good Grid no GE - 12h | F43: LITTORAL | G43: Douala | H43: =_xlfn.XLOOKUP(B43,[2]CALCULATION!$B:$B,[2]CALCULATION!$H:$H,"") -> ZTE | I43: 0 | J43: 0 | K43: 18.847308 | L43: 0.11084501 | M43: 1.8771777 | N43: 0.44414696 | O43: 16.078769 | P43: REPETITIF | Q43: Operationnel | S43: {=IFERROR(_xlfn.IFS( U43="MPR ISSUE","PDH", U43="BSS Hardware Issue","BSS", U43="Sites strategiques, MLL, Pylone, etc.","ENVTECH", U43="AKTIVCO DEFAUT GE & POWER Cabinet","AKTIVCO", U43="AKTIVCO Coupure ENEO & Baisse de tension","AKTIVCO GRID ONLY", U43="Coupure ENEO & Baisse de tension","IHS GRID ONLY", U43="Defaut GE & POWER Cabinet","IHS", U43="Sharing","Partners", U43="Sites strategiques & DataCenter","SST & DC", U43="Exclu","Exclu", U43="SAT","SAT", U43="SPARE-ISSUE","SPARE-ISSUE", U43="Fiber CAmtel","TRANS_FO_CAMTEL", U43="Fiber AOF","Fiber AOF", U43="Projet OCM (HUAWEI)","TRAVAUX-HUAWEI", U43="Projet OCM (NOKIA)","TRAVAUX-NOKIA", U43="ACCESS-ISSUE","ACCESS-ISSUE", U43="Projet OCM (ZTE, NOKIA, autres projets)","TRAVAUX OCM", U43="No root CAuse","No root cause", U43="ODU HS","PDH", U43="IP & VLAN","PDH", U43="Warehouse HUAWEI","SPARE-ISSUE", U43="SPARE-HS","SPARE-ISSUE", U43="Power Telco","BSS" ),"")} | T43: {=IFERROR(_xlfn.IFS( U43="MPR ISSUE","TX ISSUE", U43="BSS Hardware Issue","RAN ISSUE", U43="Sites strategiques, MLL, Pylone, etc.","ENVTECH", U43="AKTIVCO DEFAUT GE & POWER Cabinet","POWER ISSUE", U43="AKTIVCO Coupure ENEO & Baisse de tension","POWER ISSUE", U43="Coupure ENEO & Baisse de tension","POWER ISSUE", U43="Defaut GE & POWER Cabinet","POWER ISSUE", U43="Sharing","POWER ISSUE", U43="Sites strategiques & DataCenter","POWER ISSUE", U43="Exclu","Exclu", U43="SAT","TX ISSUE", U43="SPARE-ISSUE","SPARE-ISSUE", U43="Fiber CAmtel","TX ISSUE", U43="Fiber AOF","TX ISSUE", U43="Projet OCM (HUAWEI)","TRAVAUX-HUAWEI", U43="Projet OCM (NOKIA)","TRAVAUX -NOKIA", U43="ACCESS-ISSUE","ACCESS-ISSUE", U43="Projet OCM (ZTE, NOKIA, autres projets)","TRAVAUX OCM", U43="No root CAuse","No root cause", U43="ODU HS","TX ISSUE", U43="IP & VLAN","TX ISSUE", U43="Warehouse HUAWEI","SPARE-ISSUE", U43="SPARE-HS","SPARE-ISSUE", U43="Power Telco","RAN ISSUE" ),"")} | V43: {=IFERROR(_xlfn.IFS( U43="MPR ISSUE","ACTIVE", U43="BSS Hardware Issue","ACTIVE", U43="Sites strategiques, MLL, Pylone, etc.","PASSIVE", U43="AKTIVCO DEFAUT GE & POWER Cabinet","PASSIVE", U43="AKTIVCO Coupure ENEO & Baisse de tension","PASSIVE", U43="Coupure ENEO & Baisse de tension","PASSIVE", U43="Defaut GE & POWER Cabinet","PASSIVE", U43="Sharing","PASSIVE", U43="Sites strategiques & DataCenter","PASSIVE", U43="Exclu","Exclu", U43="SAT","ACTIVE", U43="SPARE-ISSUE","SPARE-ISSUE", U43="Fiber CAmtel","ACTIVE", U43="Fiber AOF","ACTIVE", U43="Projet OCM (HUAWEI)","PLANNED WORKS", U43="Projet OCM (NOKIA)","PLANNED WORKS", U43="ACCESS-ISSUE","ACCESS-ISSUE", U43="Projet OCM (ZTE, NOKIA, autres projets)","PLANNED WORKS", U43="No root CAuse","No root cause", U43="ODU HS","ACTIVE", U43="IP & VLAN","ACTIVE", U43="Warehouse HUAWEI","SPARE-ISSUE", U43="SPARE-HS","SPARE-ISSUE", U43="Power Telco","ACTIVE" ),"")} | W43: Grid outage | X43: Awaiting Grid return | Z43: CAMUSAT | AA43: Ongoing | AB43: 21/04/2026 : Besoin d'analyse BO RAN..(04/21/2026 cell zte):-21/04/2026 : Besoin d'analyse BO RAN..(04/21/2026 cell zte):-21/04/2026 : Besoin d'analyse BO RAN..(04/21/2026-ocm ran incident 18h):-21.04.26; Camusat; Grid outage, Grid only site / awaiting Grid return - Escalated to L2..(04/21/2026-ocm ran incident 14h):-21.04.26; Camusat; Grid outage, Grid only site / awaiting Grid return..(04/21/2026 tickect): -INC-20260421-00005083…2026-04-21 10:30:10…Grid outage, Grid only site / awaiting Grid return | AC43: =_xlfn.XLOOKUP(B43,[4]ALL!$B:$B,[4]ALL!$N:$N,"") | AD43: 21/04/2026 : Besoin d'analyse BO RAN | AR43: (04/21/2026 cell zte):-21/04/2026 : Besoin d'analyse BO RAN | AS43: (04/21/2026 cell zte):-21/04/2026 : Besoin d'analyse BO RAN | AT43: (04/21/2026-ocm ran incident 18h):-21.04.26; Camusat; Grid outage, Grid only site / awaiting Grid return - Escalated to L2 | AU43: (04/21/2026-ocm ran incident 14h):-21.04.26; Camusat; Grid outage, Grid only site / awaiting Grid return | AV43: (04/21/2026 tickect): -INC-20260421-00005083…2026-04-21 10:30:10…Grid outage, Grid only site / awaiting Grid return
A44: Bekoko-MTN | B44: SUO_061 | C44: =_xlfn.XLOOKUP(B44,'[1]daily break down'!$D:$D,'[1]daily break down'!$E:$E,"") -> LITTORAL | D44: IHS | E44: Grid-Gen | F44: SUD-OUEST | G44: Bekoko | H44: =_xlfn.XLOOKUP(B44,[2]CALCULATION!$B:$B,[2]CALCULATION!$H:$H,"") -> ZTE | I44: 13.81045 | J44: 14.415987 | K44: 0 | L44: 0 | M44: 0.6469318 | N44: 13.21738 | O44: 16.067265 | P44: REPETITIF | Q44: Operationnel | S44: {=IFERROR(_xlfn.IFS( U44="MPR ISSUE","PDH", U44="BSS Hardware Issue","BSS", U44="Sites strategiques, MLL, Pylone, etc.","ENVTECH", U44="AKTIVCO DEFAUT GE & POWER Cabinet","AKTIVCO", U44="AKTIVCO Coupure ENEO & Baisse de tension","AKTIVCO GRID ONLY", U44="Coupure ENEO & Baisse de tension","IHS GRID ONLY", U44="Defaut GE & POWER Cabinet","IHS", U44="Sharing","Partners", U44="Sites strategiques & DataCenter","SST & DC", U44="Exclu","Exclu", U44="SAT","SAT", U44="SPARE-ISSUE","SPARE-ISSUE", U44="Fiber CAmtel","TRANS_FO_CAMTEL", U44="Fiber AOF","Fiber AOF", U44="Projet OCM (HUAWEI)","TRAVAUX-HUAWEI", U44="Projet OCM (NOKIA)","TRAVAUX-NOKIA", U44="ACCESS-ISSUE","ACCESS-ISSUE", U44="Projet OCM (ZTE, NOKIA, autres projets)","TRAVAUX OCM", U44="No root CAuse","No root cause", U44="ODU HS","PDH", U44="IP & VLAN","PDH", U44="Warehouse HUAWEI","SPARE-ISSUE", U44="SPARE-HS","SPARE-ISSUE", U44="Power Telco","BSS" ),"")} | T44: {=IFERROR(_xlfn.IFS( U44="MPR ISSUE","TX ISSUE", U44="BSS Hardware Issue","RAN ISSUE", U44="Sites strategiques, MLL, Pylone, etc.","ENVTECH", U44="AKTIVCO DEFAUT GE & POWER Cabinet","POWER ISSUE", U44="AKTIVCO Coupure ENEO & Baisse de tension","POWER ISSUE", U44="Coupure ENEO & Baisse de tension","POWER ISSUE", U44="Defaut GE & POWER Cabinet","POWER ISSUE", U44="Sharing","POWER ISSUE", U44="Sites strategiques & DataCenter","POWER ISSUE", U44="Exclu","Exclu", U44="SAT","TX ISSUE", U44="SPARE-ISSUE","SPARE-ISSUE", U44="Fiber CAmtel","TX ISSUE", U44="Fiber AOF","TX ISSUE", U44="Projet OCM (HUAWEI)","TRAVAUX-HUAWEI", U44="Projet OCM (NOKIA)","TRAVAUX -NOKIA", U44="ACCESS-ISSUE","ACCESS-ISSUE", U44="Projet OCM (ZTE, NOKIA, autres projets)","TRAVAUX OCM", U44="No root CAuse","No root cause", U44="ODU HS","TX ISSUE", U44="IP & VLAN","TX ISSUE", U44="Warehouse HUAWEI","SPARE-ISSUE", U44="SPARE-HS","SPARE-ISSUE", U44="Power Telco","RAN ISSUE" ),"")} | V44: {=IFERROR(_xlfn.IFS( U44="MPR ISSUE","ACTIVE", U44="BSS Hardware Issue","ACTIVE", U44="Sites strategiques, MLL, Pylone, etc.","PASSIVE", U44="AKTIVCO DEFAUT GE & POWER Cabinet","PASSIVE", U44="AKTIVCO Coupure ENEO & Baisse de tension","PASSIVE", U44="Coupure ENEO & Baisse de tension","PASSIVE", U44="Defaut GE & POWER Cabinet","PASSIVE", U44="Sharing","PASSIVE", U44="Sites strategiques & DataCenter","PASSIVE", U44="Exclu","Exclu", U44="SAT","ACTIVE", U44="SPARE-ISSUE","SPARE-ISSUE", U44="Fiber CAmtel","ACTIVE", U44="Fiber AOF","ACTIVE", U44="Projet OCM (HUAWEI)","PLANNED WORKS", U44="Projet OCM (NOKIA)","PLANNED WORKS", U44="ACCESS-ISSUE","ACCESS-ISSUE", U44="Projet OCM (ZTE, NOKIA, autres projets)","PLANNED WORKS", U44="No root CAuse","No root cause", U44="ODU HS","ACTIVE", U44="IP & VLAN","ACTIVE", U44="Warehouse HUAWEI","SPARE-ISSUE", U44="SPARE-HS","SPARE-ISSUE", U44="Power Telco","ACTIVE" ),"")} | W44: Need BO TX analysis | X44: Awaiting BO TX analysis | Z44: BO TX | AA44: Ongoing | AB44: No Power issue..21.04.26; Besoin d'un FME sur site pour tshoot avec le BO TX; FME Pascal activé pour investigations, ETA=13H UTC | AC44: =_xlfn.XLOOKUP(B44,[4]ALL!$B:$B,[4]ALL!$N:$N,"") -> No Power issue | AD44: 21.04.26; Besoin d'un FME sur site pour tshoot avec le BO TX; FME Pascal activé pour investigations, ETA=13H UTC
A45: Bonewonda-II | B45: LIT_378 | C45: =_xlfn.XLOOKUP(B45,'[1]daily break down'!$D:$D,'[1]daily break down'!$E:$E,"") -> Douala | D45: IHS | E45: Grid-Gen | F45: LITTORAL | G45: Douala | H45: =_xlfn.XLOOKUP(B45,[2]CALCULATION!$B:$B,[2]CALCULATION!$H:$H,"") -> ZTE | I45: 0 | J45: 0 | K45: 0 | L45: 0 | M45: 0 | N45: 1.0163854 | O45: 15.949393 | P45: REPETITIF | Q45: Operationnel | S45: {=IFERROR(_xlfn.IFS( U45="MPR ISSUE","PDH", U45="BSS Hardware Issue","BSS", U45="Sites strategiques, MLL, Pylone, etc.","ENVTECH", U45="AKTIVCO DEFAUT GE & POWER Cabinet","AKTIVCO", U45="AKTIVCO Coupure ENEO & Baisse de tension","AKTIVCO GRID ONLY", U45="Coupure ENEO & Baisse de tension","IHS GRID ONLY", U45="Defaut GE & POWER Cabinet","IHS", U45="Sharing","Partners", U45="Sites strategiques & DataCenter","SST & DC", U45="Exclu","Exclu", U45="SAT","SAT", U45="SPARE-ISSUE","SPARE-ISSUE", U45="Fiber CAmtel","TRANS_FO_CAMTEL", U45="Fiber AOF","Fiber AOF", U45="Projet OCM (HUAWEI)","TRAVAUX-HUAWEI", U45="Projet OCM (NOKIA)","TRAVAUX-NOKIA", U45="ACCESS-ISSUE","ACCESS-ISSUE", U45="Projet OCM (ZTE, NOKIA, autres projets)","TRAVAUX OCM", U45="No root CAuse","No root cause", U45="ODU HS","PDH", U45="IP & VLAN","PDH", U45="Warehouse HUAWEI","SPARE-ISSUE", U45="SPARE-HS","SPARE-ISSUE", U45="Power Telco","BSS" ),"")} | T45: {=IFERROR(_xlfn.IFS( U45="MPR ISSUE","TX ISSUE", U45="BSS Hardware Issue","RAN ISSUE", U45="Sites strategiques, MLL, Pylone, etc.","ENVTECH", U45="AKTIVCO DEFAUT GE & POWER Cabinet","POWER ISSUE", U45="AKTIVCO Coupure ENEO & Baisse de tension","POWER ISSUE", U45="Coupure ENEO & Baisse de tension","POWER ISSUE", U45="Defaut GE & POWER Cabinet","POWER ISSUE", U45="Sharing","POWER ISSUE", U45="Sites strategiques & DataCenter","POWER ISSUE", U45="Exclu","Exclu", U45="SAT","TX ISSUE", U45="SPARE-ISSUE","SPARE-ISSUE", U45="Fiber CAmtel","TX ISSUE", U45="Fiber AOF","TX ISSUE", U45="Projet OCM (HUAWEI)","TRAVAUX-HUAWEI", U45="Projet OCM (NOKIA)","TRAVAUX -NOKIA", U45="ACCESS-ISSUE","ACCESS-ISSUE", U45="Projet OCM (ZTE, NOKIA, autres projets)","TRAVAUX OCM", U45="No root CAuse","No root cause", U45="ODU HS","TX ISSUE", U45="IP & VLAN","TX ISSUE", U45="Warehouse HUAWEI","SPARE-ISSUE", U45="SPARE-HS","SPARE-ISSUE", U45="Power Telco","RAN ISSUE" ),"")} | V45: {=IFERROR(_xlfn.IFS( U45="MPR ISSUE","ACTIVE", U45="BSS Hardware Issue","ACTIVE", U45="Sites strategiques, MLL, Pylone, etc.","PASSIVE", U45="AKTIVCO DEFAUT GE & POWER Cabinet","PASSIVE", U45="AKTIVCO Coupure ENEO & Baisse de tension","PASSIVE", U45="Coupure ENEO & Baisse de tension","PASSIVE", U45="Defaut GE & POWER Cabinet","PASSIVE", U45="Sharing","PASSIVE", U45="Sites strategiques & DataCenter","PASSIVE", U45="Exclu","Exclu", U45="SAT","ACTIVE", U45="SPARE-ISSUE","SPARE-ISSUE", U45="Fiber CAmtel","ACTIVE", U45="Fiber AOF","ACTIVE", U45="Projet OCM (HUAWEI)","PLANNED WORKS", U45="Projet OCM (NOKIA)","PLANNED WORKS", U45="ACCESS-ISSUE","ACCESS-ISSUE", U45="Projet OCM (ZTE, NOKIA, autres projets)","PLANNED WORKS", U45="No root CAuse","No root cause", U45="ODU HS","ACTIVE", U45="IP & VLAN","ACTIVE", U45="Warehouse HUAWEI","SPARE-ISSUE", U45="SPARE-HS","SPARE-ISSUE", U45="Power Telco","ACTIVE" ),"")} | W45: Power Issue | X45: Awaiting IHS' return | Z45: IHS | AA45: Ongoing | AB45: Power issue NUR to be checked..21/04/2026 : Power issue || Mail sent to IHS..(04/21/2026 hourly IHS)-Site went down due to insufficiency (02/05) of rectifiers on site, IHS SS Maxime is informed and confirmed..(04/21/2026 cell zte):-21/04/2026 : Power issue || Mail sent to IHS..(04/21/2026 cell zte):-21/04/2026 : Power issue || Mail sent to IHS..(04/21/2026 tickect): -INC-20260421-00012998 | AC45: =_xlfn.XLOOKUP(B45,[4]ALL!$B:$B,[4]ALL!$N:$N,"") -> Power issue NUR to be checked | AD45: 21/04/2026 : Power issue || Mail sent to IHS | AJ45: (04/21/2026 hourly IHS)-Site went down due to insufficiency (02/05) of rectifiers on site, IHS SS Maxime is informed and confirmed | AQ45: (04/21/2026 cell zte):-21/04/2026 : Power issue || Mail sent to IHS | AR45: (04/21/2026 cell zte):-21/04/2026 : Power issue || Mail sent to IHS | AV45: (04/21/2026 tickect): -INC-20260421-00012998
A46: LIT_827_Z_Bwang-Bakoko | B46: LIT_827 | C46: =_xlfn.XLOOKUP(B46,'[1]daily break down'!$D:$D,'[1]daily break down'!$E:$E,"") -> Douala | D46: ESCO | E46: Good Grid + Solar + GE | F46: LITTORAL | G46: Douala | H46: =_xlfn.XLOOKUP(B46,[2]CALCULATION!$B:$B,[2]CALCULATION!$H:$H,"") -> ZTE | I46: 0.43428416 | J46: 4.4424148 | K46: 0.28400579 | L46: 0 | M46: 1.6445726 | N46: 1.574338 | O46: 15.755526 | P46: REPETITIF | Q46: Operationnel | S46: {=IFERROR(_xlfn.IFS( U46="MPR ISSUE","PDH", U46="BSS Hardware Issue","BSS", U46="Sites strategiques, MLL, Pylone, etc.","ENVTECH", U46="AKTIVCO DEFAUT GE & POWER Cabinet","AKTIVCO", U46="AKTIVCO Coupure ENEO & Baisse de tension","AKTIVCO GRID ONLY", U46="Coupure ENEO & Baisse de tension","IHS GRID ONLY", U46="Defaut GE & POWER Cabinet","IHS", U46="Sharing","Partners", U46="Sites strategiques & DataCenter","SST & DC", U46="Exclu","Exclu", U46="SAT","SAT", U46="SPARE-ISSUE","SPARE-ISSUE", U46="Fiber CAmtel","TRANS_FO_CAMTEL", U46="Fiber AOF","Fiber AOF", U46="Projet OCM (HUAWEI)","TRAVAUX-HUAWEI", U46="Projet OCM (NOKIA)","TRAVAUX-NOKIA", U46="ACCESS-ISSUE","ACCESS-ISSUE", U46="Projet OCM (ZTE, NOKIA, autres projets)","TRAVAUX OCM", U46="No root CAuse","No root cause", U46="ODU HS","PDH", U46="IP & VLAN","PDH", U46="Warehouse HUAWEI","SPARE-ISSUE", U46="SPARE-HS","SPARE-ISSUE", U46="Power Telco","BSS" ),"")} | T46: {=IFERROR(_xlfn.IFS( U46="MPR ISSUE","TX ISSUE", U46="BSS Hardware Issue","RAN ISSUE", U46="Sites strategiques, MLL, Pylone, etc.","ENVTECH", U46="AKTIVCO DEFAUT GE & POWER Cabinet","POWER ISSUE", U46="AKTIVCO Coupure ENEO & Baisse de tension","POWER ISSUE", U46="Coupure ENEO & Baisse de tension","POWER ISSUE", U46="Defaut GE & POWER Cabinet","POWER ISSUE", U46="Sharing","POWER ISSUE", U46="Sites strategiques & DataCenter","POWER ISSUE", U46="Exclu","Exclu", U46="SAT","TX ISSUE", U46="SPARE-ISSUE","SPARE-ISSUE", U46="Fiber CAmtel","TX ISSUE", U46="Fiber AOF","TX ISSUE", U46="Projet OCM (HUAWEI)","TRAVAUX-HUAWEI", U46="Projet OCM (NOKIA)","TRAVAUX -NOKIA", U46="ACCESS-ISSUE","ACCESS-ISSUE", U46="Projet OCM (ZTE, NOKIA, autres projets)","TRAVAUX OCM", U46="No root CAuse","No root cause", U46="ODU HS","TX ISSUE", U46="IP & VLAN","TX ISSUE", U46="Warehouse HUAWEI","SPARE-ISSUE", U46="SPARE-HS","SPARE-ISSUE", U46="Power Telco","RAN ISSUE" ),"")} | V46: {=IFERROR(_xlfn.IFS( U46="MPR ISSUE","ACTIVE", U46="BSS Hardware Issue","ACTIVE", U46="Sites strategiques, MLL, Pylone, etc.","PASSIVE", U46="AKTIVCO DEFAUT GE & POWER Cabinet","PASSIVE", U46="AKTIVCO Coupure ENEO & Baisse de tension","PASSIVE", U46="Coupure ENEO & Baisse de tension","PASSIVE", U46="Defaut GE & POWER Cabinet","PASSIVE", U46="Sharing","PASSIVE", U46="Sites strategiques & DataCenter","PASSIVE", U46="Exclu","Exclu", U46="SAT","ACTIVE", U46="SPARE-ISSUE","SPARE-ISSUE", U46="Fiber CAmtel","ACTIVE", U46="Fiber AOF","ACTIVE", U46="Projet OCM (HUAWEI)","PLANNED WORKS", U46="Projet OCM (NOKIA)","PLANNED WORKS", U46="ACCESS-ISSUE","ACCESS-ISSUE", U46="Projet OCM (ZTE, NOKIA, autres projets)","PLANNED WORKS", U46="No root CAuse","No root cause", U46="ODU HS","ACTIVE", U46="IP & VLAN","ACTIVE", U46="Warehouse HUAWEI","SPARE-ISSUE", U46="SPARE-HS","SPARE-ISSUE", U46="Power Telco","ACTIVE" ),"")} | W46: Grid outage, Grid Only | X46: Awaiting Grid return | Z46: CAMUSAT | AA46: Ongoing | AB46: 21/04/2026 : Besoin d'analyse BO RAN..(04/20/2026 incidents):-4/21/2026 : impacted by SUD_128_N_BISSIANG-Kribi . Soucis d'energie || Action : en attente RCA CAMUSAT..(04/21/2026 cell zte):-21/04/2026 : Besoin d'analyse BO RAN..(04/21/2026-ocm ran incident 18h):-Power status check ongoing..(04/21/2026 tickect): -INC-20260421-00010925…2026-04-21 20:10:27…grid outage grid only site / awaiting grid return…grid outage grid only site / awaiting grid return…Coupure Secteur…grid outage grid only site / awaiting grid return | AC46: =_xlfn.XLOOKUP(B46,[4]ALL!$B:$B,[4]ALL!$N:$N,"") | AD46: 21/04/2026 : Besoin d'analyse BO RAN | AF46: (04/20/2026 incidents):-4/21/2026 : impacted by SUD_128_N_BISSIANG-Kribi . Soucis d'energie || Action : en attente RCA CAMUSAT | AQ46: (04/21/2026 cell zte):-21/04/2026 : Besoin d'analyse BO RAN | AT46: (04/21/2026-ocm ran incident 18h):-Power status check ongoing | AV46: (04/21/2026 tickect): -INC-20260421-00010925…2026-04-21 20:10:27…grid outage grid only site / awaiting grid return…grid outage grid only site / awaiting grid return…Coupure Secteur…grid outage grid only site / awaiting grid return
A47: Galim-Tignere | B47: ADM_024 | C47: =_xlfn.XLOOKUP(B47,'[1]daily break down'!$D:$D,'[1]daily break down'!$E:$E,"") -> ADAMAOUA | D47: IHS | E47: Hybrid-Gen | F47: ADAMAOUA | G47: Galim-Tignere | H47: =_xlfn.XLOOKUP(B47,[2]CALCULATION!$B:$B,[2]CALCULATION!$H:$H,"") -> NOKIA | I47: 4.6714054 | J47: 0.49671959 | K47: 9.1831529 | L47: 5.0938954 | M47: 7.0683234 | N47: 6.7034754 | O47: 14.890976 | P47: REPETITIF | Q47: Operationnel | S47: {=IFERROR(_xlfn.IFS( U47="MPR ISSUE","PDH", U47="BSS Hardware Issue","BSS", U47="Sites strategiques, MLL, Pylone, etc.","ENVTECH", U47="AKTIVCO DEFAUT GE & POWER Cabinet","AKTIVCO", U47="AKTIVCO Coupure ENEO & Baisse de tension","AKTIVCO GRID ONLY", U47="Coupure ENEO & Baisse de tension","IHS GRID ONLY", U47="Defaut GE & POWER Cabinet","IHS", U47="Sharing","Partners", U47="Sites strategiques & DataCenter","SST & DC", U47="Exclu","Exclu", U47="SAT","SAT", U47="SPARE-ISSUE","SPARE-ISSUE", U47="Fiber CAmtel","TRANS_FO_CAMTEL", U47="Fiber AOF","Fiber AOF", U47="Projet OCM (HUAWEI)","TRAVAUX-HUAWEI", U47="Projet OCM (NOKIA)","TRAVAUX-NOKIA", U47="ACCESS-ISSUE","ACCESS-ISSUE", U47="Projet OCM (ZTE, NOKIA, autres projets)","TRAVAUX OCM", U47="No root CAuse","No root cause", U47="ODU HS","PDH", U47="IP & VLAN","PDH", U47="Warehouse HUAWEI","SPARE-ISSUE", U47="SPARE-HS","SPARE-ISSUE", U47="Power Telco","BSS" ),"")} | T47: {=IFERROR(_xlfn.IFS( U47="MPR ISSUE","TX ISSUE", U47="BSS Hardware Issue","RAN ISSUE", U47="Sites strategiques, MLL, Pylone, etc.","ENVTECH", U47="AKTIVCO DEFAUT GE & POWER Cabinet","POWER ISSUE", U47="AKTIVCO Coupure ENEO & Baisse de tension","POWER ISSUE", U47="Coupure ENEO & Baisse de tension","POWER ISSUE", U47="Defaut GE & POWER Cabinet","POWER ISSUE", U47="Sharing","POWER ISSUE", U47="Sites strategiques & DataCenter","POWER ISSUE", U47="Exclu","Exclu", U47="SAT","TX ISSUE", U47="SPARE-ISSUE","SPARE-ISSUE", U47="Fiber CAmtel","TX ISSUE", U47="Fiber AOF","TX ISSUE", U47="Projet OCM (HUAWEI)","TRAVAUX-HUAWEI", U47="Projet OCM (NOKIA)","TRAVAUX -NOKIA", U47="ACCESS-ISSUE","ACCESS-ISSUE", U47="Projet OCM (ZTE, NOKIA, autres projets)","TRAVAUX OCM", U47="No root CAuse","No root cause", U47="ODU HS","TX ISSUE", U47="IP & VLAN","TX ISSUE", U47="Warehouse HUAWEI","SPARE-ISSUE", U47="SPARE-HS","SPARE-ISSUE", U47="Power Telco","RAN ISSUE" ),"")} | V47: {=IFERROR(_xlfn.IFS( U47="MPR ISSUE","ACTIVE", U47="BSS Hardware Issue","ACTIVE", U47="Sites strategiques, MLL, Pylone, etc.","PASSIVE", U47="AKTIVCO DEFAUT GE & POWER Cabinet","PASSIVE", U47="AKTIVCO Coupure ENEO & Baisse de tension","PASSIVE", U47="Coupure ENEO & Baisse de tension","PASSIVE", U47="Defaut GE & POWER Cabinet","PASSIVE", U47="Sharing","PASSIVE", U47="Sites strategiques & DataCenter","PASSIVE", U47="Exclu","Exclu", U47="SAT","ACTIVE", U47="SPARE-ISSUE","SPARE-ISSUE", U47="Fiber CAmtel","ACTIVE", U47="Fiber AOF","ACTIVE", U47="Projet OCM (HUAWEI)","PLANNED WORKS", U47="Projet OCM (NOKIA)","PLANNED WORKS", U47="ACCESS-ISSUE","ACCESS-ISSUE", U47="Projet OCM (ZTE, NOKIA, autres projets)","PLANNED WORKS", U47="No root CAuse","No root cause", U47="ODU HS","ACTIVE", U47="IP & VLAN","ACTIVE", U47="Warehouse HUAWEI","SPARE-ISSUE", U47="SPARE-HS","SPARE-ISSUE", U47="Power Telco","ACTIVE" ),"")} | W47: Need BO TX analysis | X47: Awaiting BO TX analysis | Z47: BO TX | AA47: Ongoing | AB47: No Power issue..(04/21/2026-ocm ran incident 18h):-Power status check ongoing..(04/21/2026 tickect): -INC-20260421-00017035 | AC47: =_xlfn.XLOOKUP(B47,[4]ALL!$B:$B,[4]ALL!$N:$N,"") -> No Power issue | AT47: (04/21/2026-ocm ran incident 18h):-Power status check ongoing | AV47: (04/21/2026 tickect): -INC-20260421-00017035
A48: Mile16-Bolifamba-IHS | B48: SUO_220 | C48: =_xlfn.XLOOKUP(B48,'[1]daily break down'!$D:$D,'[1]daily break down'!$E:$E,"") -> SUD-OUEST | D48: IHS | E48: Grid-Gen | F48: SUD-OUEST | G48: Buea | H48: =_xlfn.XLOOKUP(B48,[2]CALCULATION!$B:$B,[2]CALCULATION!$H:$H,"") -> Huawei | I48: 0 | J48: 2.8479053 | K48: 3.2220852 | L48: 0 | M48: 0 | N48: 0 | O48: 14.895144 | P48: INCIDENT | Q48: Operationnel | S48: {=IFERROR(_xlfn.IFS( U48="MPR ISSUE","PDH", U48="BSS Hardware Issue","BSS", U48="Sites strategiques, MLL, Pylone, etc.","ENVTECH", U48="AKTIVCO DEFAUT GE & POWER Cabinet","AKTIVCO", U48="AKTIVCO Coupure ENEO & Baisse de tension","AKTIVCO GRID ONLY", U48="Coupure ENEO & Baisse de tension","IHS GRID ONLY", U48="Defaut GE & POWER Cabinet","IHS", U48="Sharing","Partners", U48="Sites strategiques & DataCenter","SST & DC", U48="Exclu","Exclu", U48="SAT","SAT", U48="SPARE-ISSUE","SPARE-ISSUE", U48="Fiber CAmtel","TRANS_FO_CAMTEL", U48="Fiber AOF","Fiber AOF", U48="Projet OCM (HUAWEI)","TRAVAUX-HUAWEI", U48="Projet OCM (NOKIA)","TRAVAUX-NOKIA", U48="ACCESS-ISSUE","ACCESS-ISSUE", U48="Projet OCM (ZTE, NOKIA, autres projets)","TRAVAUX OCM", U48="No root CAuse","No root cause", U48="ODU HS","PDH", U48="IP & VLAN","PDH", U48="Warehouse HUAWEI","SPARE-ISSUE", U48="SPARE-HS","SPARE-ISSUE", U48="Power Telco","BSS" ),"")} | T48: {=IFERROR(_xlfn.IFS( U48="MPR ISSUE","TX ISSUE", U48="BSS Hardware Issue","RAN ISSUE", U48="Sites strategiques, MLL, Pylone, etc.","ENVTECH", U48="AKTIVCO DEFAUT GE & POWER Cabinet","POWER ISSUE", U48="AKTIVCO Coupure ENEO & Baisse de tension","POWER ISSUE", U48="Coupure ENEO & Baisse de tension","POWER ISSUE", U48="Defaut GE & POWER Cabinet","POWER ISSUE", U48="Sharing","POWER ISSUE", U48="Sites strategiques & DataCenter","POWER ISSUE", U48="Exclu","Exclu", U48="SAT","TX ISSUE", U48="SPARE-ISSUE","SPARE-ISSUE", U48="Fiber CAmtel","TX ISSUE", U48="Fiber AOF","TX ISSUE", U48="Projet OCM (HUAWEI)","TRAVAUX-HUAWEI", U48="Projet OCM (NOKIA)","TRAVAUX -NOKIA", U48="ACCESS-ISSUE","ACCESS-ISSUE", U48="Projet OCM (ZTE, NOKIA, autres projets)","TRAVAUX OCM", U48="No root CAuse","No root cause", U48="ODU HS","TX ISSUE", U48="IP & VLAN","TX ISSUE", U48="Warehouse HUAWEI","SPARE-ISSUE", U48="SPARE-HS","SPARE-ISSUE", U48="Power Telco","RAN ISSUE" ),"")} | V48: {=IFERROR(_xlfn.IFS( U48="MPR ISSUE","ACTIVE", U48="BSS Hardware Issue","ACTIVE", U48="Sites strategiques, MLL, Pylone, etc.","PASSIVE", U48="AKTIVCO DEFAUT GE & POWER Cabinet","PASSIVE", U48="AKTIVCO Coupure ENEO & Baisse de tension","PASSIVE", U48="Coupure ENEO & Baisse de tension","PASSIVE", U48="Defaut GE & POWER Cabinet","PASSIVE", U48="Sharing","PASSIVE", U48="Sites strategiques & DataCenter","PASSIVE", U48="Exclu","Exclu", U48="SAT","ACTIVE", U48="SPARE-ISSUE","SPARE-ISSUE", U48="Fiber CAmtel","ACTIVE", U48="Fiber AOF","ACTIVE", U48="Projet OCM (HUAWEI)","PLANNED WORKS", U48="Projet OCM (NOKIA)","PLANNED WORKS", U48="ACCESS-ISSUE","ACCESS-ISSUE", U48="Projet OCM (ZTE, NOKIA, autres projets)","PLANNED WORKS", U48="No root CAuse","No root cause", U48="ODU HS","ACTIVE", U48="IP & VLAN","ACTIVE", U48="Warehouse HUAWEI","SPARE-ISSUE", U48="SPARE-HS","SPARE-ISSUE", U48="Power Telco","ACTIVE" ),"")} | AB48: Power issue NUR to be checked..Impacted by SUO_169_H_Buea-Bomaka-III-MTN | AC48: =_xlfn.XLOOKUP(B48,[4]ALL!$B:$B,[4]ALL!$N:$N,"") -> Power issue NUR to be checked | AD48: Impacted by SUO_169_H_Buea-Bomaka-III-MTN
