Workbook

Sheet RAPPORT
A1: oprationnel | B1: Operationnel | E1: oprationnel | F1: Operationnel | H1: oprationnel | I1: Operationnel
A3: Row Labels | B3: Sum of NUR DU 26/04/2026 | E3: Row Labels | F3: Sum of NUR DU 26/04/2026 | H3: Row Labels | I3: Sum of NUR DU 26/04/2026
A4: ACCESS-ISSUE | B4: 19.36622 | E4: ACCESS-ISSUE | F4: 19.36622 | H4: ACCESS-ISSUE | I4: 19.36622
A5: ACTIVE | B5: 395.71906 | E5: ENVTECH | F5: 12.326928 | H5: AKTIVCO | I5: 216.9684
A6: no impacts | B6: 45.567945 | E6: no impacts | F6: 45.567945 | H6: AKTIVCO GRID ONLY | I6: 361.51932
A7: No root cause | B7: 225.93662 | E7: No root cause | F7: 225.93662 | H7: BSS | I7: 207.98778
A8: PASSIVE | B8: 1303.484 | E8: POWER ISSUE | F8: 1291.1571 | H8: ENVTECH | I8: 12.326928
A9: PLANNED WORKS | B9: 5.8660821 | E9: RAN ISSUE | F9: 207.98778 | H9: Fiber AOF | I9: 39.888947
A10: SPARE-ISSUE | B10: 134.06102 | E10: SPARE-ISSUE | F10: 134.06102 | H10: IHS | I10: 568.37362
A11: Grand Total | B11: 2130.001 | E11: TRAVAUX OCM | F11: 4.6214612 | H11: IHS GRID ONLY | I11: 89.350247
E12: TRAVAUX-HUAWEI | F12: 1.2446209 | H12: no impacts | I12: 45.567945
E13: TX ISSUE | F13: 187.73128 | H13: No root cause | I13: 225.93662
E14: Grand Total | F14: 2130.001 | H14: Partners | I14: 54.945507
H15: PDH | I15: 147.84233
H16: SPARE-ISSUE | I16: 134.06102
H17: TRAVAUX OCM | I17: 4.6214612
H18: TRAVAUX-HUAWEI | I18: 1.2446209
H19: Grand Total | I19: 2130.001
D39: NUR DAILY RECAP - NUR 2130
A40: RCA | B40: NUR | D40: RCA | E40: NUR | G40: RCA | H40: NUR
A41: ACCESS-ISSUE | B41: =GETPIVOTDATA("NUR DU 26/04/2026",$A$3,"CATEGORIE","ACCESS-ISSUE") -> 19.36622 | D41: ACCESS-ISSUE | E41: =GETPIVOTDATA("NUR DU 26/04/2026",$E$3,"SUB RCA","ACCESS-ISSUE") -> 19.36622 | G41: ACCESS-ISSUE | H41: =GETPIVOTDATA("NUR DU 26/04/2026",$H$3,"OCM NOMENCLATURE","ACCESS-ISSUE") -> 19.36622
A42: ACTIVE | B42: =GETPIVOTDATA("NUR DU 26/04/2026",$A$3,"CATEGORIE","ACTIVE") -> 395.71906 | D42: ENV TCH OCM | E42: =GETPIVOTDATA("NUR DU 26/04/2026",$E$3,"SUB RCA","ENVTECH") -> 12.326928 | G42: AKTIVCO With Backup | H42: =GETPIVOTDATA("NUR DU 26/04/2026",$H$3,"OCM NOMENCLATURE","AKTIVCO") -> 216.9684
A43: No root cause | B43: =GETPIVOTDATA("NUR DU 26/04/2026",$A$3,"CATEGORIE","No root cause") -> 225.93662 | D43: No root cause | E43: =GETPIVOTDATA("NUR DU 26/04/2026",$E$3,"SUB RCA","No root cause") -> 225.93662 | G43: AKTIVCO GRID ONLY | H43: =GETPIVOTDATA("NUR DU 26/04/2026",$H$3,"OCM NOMENCLATURE","AKTIVCO GRID ONLY") -> 361.51932
A44: PASSIVE | B44: =GETPIVOTDATA("NUR DU 26/04/2026",$A$3,"CATEGORIE","PASSIVE") -> 1303.484 | D44: POWER ISSUE | E44: =GETPIVOTDATA("NUR DU 26/04/2026",$E$3,"SUB RCA","POWER ISSUE") -> 1291.1571 | G44: Hardware issue | H44: =GETPIVOTDATA("NUR DU 26/04/2026",$H$3,"OCM NOMENCLATURE","BSS") -> 207.98778
A45: PLANNED WORKS | B45: =GETPIVOTDATA("NUR DU 26/04/2026",$A$3,"CATEGORIE","PLANNED WORKS") -> 5.8660821 | D45: RAN ISSUE | E45: =GETPIVOTDATA("NUR DU 26/04/2026",$E$3,"SUB RCA","RAN ISSUE") -> 207.98778 | G45: ENVTECH | H45: =GETPIVOTDATA("NUR DU 26/04/2026",$H$3,"OCM NOMENCLATURE","ENVTECH") -> 12.326928
A46: SPARE-ISSUE | B46: =GETPIVOTDATA("NUR DU 26/04/2026",$A$3,"CATEGORIE","SPARE-ISSUE") -> 134.06102 | D46: SPARE-ISSUE | E46: =GETPIVOTDATA("NUR DU 26/04/2026",$E$3,"SUB RCA","SPARE-ISSUE") -> 134.06102 | G46: Fiber AOF | H46: =GETPIVOTDATA("NUR DU 26/04/2026",$H$3,"OCM NOMENCLATURE","Fiber AOF") -> 39.888947
A47: Grand Total | B47: =GETPIVOTDATA("NUR DU 26/04/2026",$A$3) -> 2130.001 | D47: PLANNED WORKS | E47: =GETPIVOTDATA("NUR DU 26/04/2026",$E$3,"SUB RCA","TRAVAUX OCM")+GETPIVOTDATA("NUR DU 26/04/2026",$E$3,"SUB RCA","TRAVAUX-HUAWEI") -> 5.8660821 | G47: IHS | H47: =GETPIVOTDATA("NUR DU 26/04/2026",$H$3,"OCM NOMENCLATURE","IHS") -> 568.37362
D48: TX ISSUE | E48: =GETPIVOTDATA("NUR DU 26/04/2026",$E$3,"SUB RCA","TX ISSUE") -> 187.73128 | G48: IHS GRID ONLY | H48: =GETPIVOTDATA("NUR DU 26/04/2026",$H$3,"OCM NOMENCLATURE","IHS GRID ONLY") -> 89.350247
D49: Grand Total | E49: =GETPIVOTDATA("NUR DU 26/04/2026",$E$3) -> 2130.001 | G49: No root cause | H49: =GETPIVOTDATA("NUR DU 26/04/2026",$H$3,"OCM NOMENCLATURE","No root cause") -> 225.93662
G50: Power MTN | H50: =GETPIVOTDATA("NUR DU 26/04/2026",$H$3,"OCM NOMENCLATURE","Partners") -> 54.945507
G51: TX issue MPR / ODU -- | H51: =GETPIVOTDATA("NUR DU 26/04/2026",$H$3,"OCM NOMENCLATURE","PDH") -> 147.84233
G52: SPARE-ISSUE | H52: =GETPIVOTDATA("NUR DU 26/04/2026",$H$3,"OCM NOMENCLATURE","SPARE-ISSUE") -> 134.06102
G53: PLANNED WORKS | H53: =GETPIVOTDATA("NUR DU 26/04/2026",$H$3,"OCM NOMENCLATURE","TRAVAUX OCM")+GETPIVOTDATA("NUR DU 26/04/2026",$H$3,"OCM NOMENCLATURE","TRAVAUX-HUAWEI") -> 5.8660821
G54: Grand Total | H54: =GETPIVOTDATA("NUR DU 26/04/2026",$H$3) -> 2130.001
B57: CTR_211

Sheet FOLLOW UP
A1: Nom du Physique | B1: Codesite | C1: CLUSTER | D1: Owner | E1: Topology | F1: Region | G1: Ville | H1: Vendor | I1: 21/4/2026 | J1: 22/4/2026 | K1: 23/4/2026 | L1: 24/4/2026 | M1: 25/4/2026 | N1: 26/4/2026 | O1: 27/04/2026 | P1: Repetitive | Q1: Vendor | R1: Raison d'exclusion | S1: OCM NOMENCLATURE | T1: SUB RCA | U1: CAUSE | V1: CATEGORIE | W1: RCA | X1: Action Plan | Y1: ETR | Z1: Owner | AA1: Status | AB1: Verifications 26/04/2026 | AC1: INCIDENT 27/04/2026 | AD1: impacts | AE1: top offenders 26/04/2026 | AF1: RETOUR CAMUSAT 26/04/2026 | AG1: RETOUR IHS 26/04/2026 | AH1: Hourly IHS 26/04/2026 | AI1: Cells Huawei 27042026 10h | AJ1: Cells Huawei 27042026 15h | AK1: cells down 27042026 11h28 | AL1: cells down 27042026 18h01 | AM1: cell downs 27042026 11h | AN1: cell downs 27042026 17h40 | AO1: OCM Ran 27/04/2026 17H | AP1: OCM Ran 27/04/2026 11H | AQ1: Ticket 26/04/2026 | AR1: Dashbord suivi TOP OFFENDERS 26/04/2026 | AS1: SITE WITH GPS ISSUE || 14/04/2026: hardware issue, site with GPS issue (alarm : TDD down 09Apr 02pm) | AT1: nokia number cell | AU1: HUAWEI number cell | AV1: ZTE number cell
A2: Bonewonda-III | B2: LIT_615 | C2: =_xlfn.XLOOKUP(B2,'[1]daily break down'!$D:$D,'[1]daily break down'!$E:$E,"") -> Douala | D2: CAMUSAT | E2: Good Grid no GE - 8h | F2: LITTORAL | G2: Douala | H2: =_xlfn.XLOOKUP(B2,[2]CALCULATION!$B:$B,[2]CALCULATION!$H:$H,"") -> ZTE | I2: 0 | J2: 13.732654 | K2: 13.868557 | L2: 60.682481 | M2: 48.377382 | N2: 36.683564 | O2: 63.555052 | P2: REPETITIF | Q2: Operationnel | S2: {=IFERROR(_xlfn.IFS( U2="MPR ISSUE","PDH", U2="BSS Hardware Issue","BSS", U2="Sites strategiques, MLL, Pylone, etc.","ENVTECH", U2="AKTIVCO DEFAUT GE & POWER Cabinet","AKTIVCO", U2="AKTIVCO Coupure ENEO & Baisse de tension","AKTIVCO GRID ONLY", U2="Coupure ENEO & Baisse de tension","IHS GRID ONLY", U2="Defaut GE & POWER Cabinet","IHS", U2="Sharing","Partners", U2="Sites strategiques & DataCenter","SST & DC", U2="Exclu","Exclu", U2="SAT","SAT", U2="SPARE-ISSUE","SPARE-ISSUE", U2="Fiber CAmtel","TRANS_FO_CAMTEL", U2="Fiber AOF","Fiber AOF", U2="Projet OCM (HUAWEI)","TRAVAUX-HUAWEI", U2="Projet OCM (NOKIA)","TRAVAUX-NOKIA", U2="ACCESS-ISSUE","ACCESS-ISSUE", U2="Projet OCM (ZTE, NOKIA, autres projets)","TRAVAUX OCM", U2="No root CAuse","No root cause", U2="ODU HS","PDH", U2="IP & VLAN","PDH", U2="Warehouse HUAWEI","SPARE-ISSUE", U2="SPARE-HS","SPARE-ISSUE", U2="Power Telco","BSS",U2="no impacts","no impacts" ),"")} -> AKTIVCO GRID ONLY | T2: {=IFERROR(_xlfn.IFS( U2="MPR ISSUE","TX ISSUE", U2="BSS Hardware Issue","RAN ISSUE", U2="Sites strategiques, MLL, Pylone, etc.","ENVTECH", U2="AKTIVCO DEFAUT GE & POWER Cabinet","POWER ISSUE", U2="AKTIVCO Coupure ENEO & Baisse de tension","POWER ISSUE", U2="Coupure ENEO & Baisse de tension","POWER ISSUE", U2="Defaut GE & POWER Cabinet","POWER ISSUE", U2="Sharing","POWER ISSUE", U2="Sites strategiques & DataCenter","POWER ISSUE", U2="Exclu","Exclu", U2="SAT","TX ISSUE", U2="SPARE-ISSUE","SPARE-ISSUE", U2="Fiber CAmtel","TX ISSUE", U2="Fiber AOF","TX ISSUE", U2="Projet OCM (HUAWEI)","TRAVAUX-HUAWEI", U2="Projet OCM (NOKIA)","TRAVAUX -NOKIA", U2="ACCESS-ISSUE","ACCESS-ISSUE", U2="Projet OCM (ZTE, NOKIA, autres projets)","TRAVAUX OCM", U2="No root CAuse","No root cause", U2="ODU HS","TX ISSUE", U2="IP & VLAN","TX ISSUE", U2="Warehouse HUAWEI","SPARE-ISSUE", U2="SPARE-HS","SPARE-ISSUE", U2="Power Telco","RAN ISSUE",U2="no impacts","no impacts" ),"")} -> POWER ISSUE | U2: AKTIVCO Coupure ENEO & Baisse de tension | V2: {=IFERROR(_xlfn.IFS( U2="MPR ISSUE","ACTIVE", U2="BSS Hardware Issue","ACTIVE", U2="Sites strategiques, MLL, Pylone, etc.","PASSIVE", U2="AKTIVCO DEFAUT GE & POWER Cabinet","PASSIVE", U2="AKTIVCO Coupure ENEO & Baisse de tension","PASSIVE", U2="Coupure ENEO & Baisse de tension","PASSIVE", U2="Defaut GE & POWER Cabinet","PASSIVE", U2="Sharing","PASSIVE", U2="Sites strategiques & DataCenter","PASSIVE", U2="Exclu","Exclu", U2="SAT","ACTIVE", U2="SPARE-ISSUE","SPARE-ISSUE", U2="Fiber CAmtel","ACTIVE", U2="Fiber AOF","ACTIVE", U2="Projet OCM (HUAWEI)","PLANNED WORKS", U2="Projet OCM (NOKIA)","PLANNED WORKS", U2="ACCESS-ISSUE","ACCESS-ISSUE", U2="Projet OCM (ZTE, NOKIA, autres projets)","PLANNED WORKS", U2="No root CAuse","No root cause", U2="ODU HS","ACTIVE", U2="IP & VLAN","ACTIVE", U2="Warehouse HUAWEI","SPARE-ISSUE", U2="SPARE-HS","SPARE-ISSUE", U2="Power Telco","ACTIVE", U2="no impacts","no impacts" ),"")} -> PASSIVE | W2: Grid Outage | X2: Awaiting Grid return | Z2: CAMUSAT | AA2: Ongoing | AB2: (04/27/2026 top offenders):-27/04/2026 Grid Grid and GEN faulty / Grid return awaited ESCALADE L3 CAMUSAT ..(04/27/2026 cell zte):-22/04/2026 : Site down..(04/27/2026 ocm ran 17h):-27/04/2026 Grid Grid and GEN faulty / Grid return awaited ESCALADE L3 CAMUSAT ..(04/27/2026 ocm ran 11h):-27/04/2026 Grid Grid and GEN faulty / Grid return awaited ESCALADE L3 CAMUSAT | AC2: =_xlfn.XLOOKUP(B2,'INCIDENT-04-27-2026'!E:E,'INCIDENT-04-27-2026'!F:F,"") | AE2: (04/27/2026 top offenders):-27/04/2026 Grid Grid and GEN faulty / Grid return awaited ESCALADE L3 CAMUSAT | AF2: =_xlfn.XLOOKUP(B2,'[13]Input_27-04'!$B:$B,'[13]Input_27-04'!$M:$M,"") -> GE faulty | AI2: =_xlfn.XLOOKUP(B2,'[3]Cells Huawei 27042026 10h'!$B:$B,'[3]Cells Huawei 27042026 10h'!$T:$T,"") | AJ2: =_xlfn.XLOOKUP(B2,'[3]Cells Huawei 27042026 15h'!$B:$B,'[3]Cells Huawei 27042026 15h'!$T:$T,"") | AK2: =_xlfn.XLOOKUP(B2,'[4]cells down 27042026 11h28'!$B:$B,'[4]cells down 27042026 11h28'!$R:$R,"") | AL2: =_xlfn.XLOOKUP(B2,'[4]cells down 27042026 18h01'!$B:$B,'[4]cells down 27042026 18h01'!$R:$R,"") -> (04/27/2026 cell zte):-22/04/2026 : Site down | AM2: =_xlfn.XLOOKUP(B2,'[5]cell downs 27042026 11h'!$B:$B,'[5]cell downs 27042026 11h'!$R:$R,"") | AN2: =_xlfn.XLOOKUP(B2,'[5]cell downs 27042026 17h40'!$B:$B,'[5]cell downs 27042026 17h40'!$R:$R,"") | AO2: =_xlfn.XLOOKUP(B2,'[6]ALL SITES DOWN'!$D:$D,'[6]ALL SITES DOWN'!$J:$J,"") -> (04/27/2026 ocm ran 17h):-27/04/2026 Grid Grid and GEN faulty / Grid return awaited ESCALADE L3 CAMUSAT | AP2: =_xlfn.XLOOKUP(B2,'[7]ALL SITES DOWN'!$D:$D,'[7]ALL SITES DOWN'!$J:$J,"") -> (04/27/2026 ocm ran 11h):-27/04/2026 Grid Grid and GEN faulty / Grid return awaited ESCALADE L3 CAMUSAT | AQ2: =_xlfn.XLOOKUP(B2,[8]sheet1!$AC:$AC,[8]sheet1!$AF:$AF,"") | AT2: =_xlfn.XLOOKUP(B2,'[9]cell downs 18042026 17h'!$B:$B,'[9]cell downs 18042026 17h'!$B:$B,"") | AU2: =_xlfn.XLOOKUP(B2,'[10]Cells Huawei 19042026 15h'!$B:$B,'[10]Cells Huawei 19042026 15h'!$B:$B,"") | AV2: =_xlfn.XLOOKUP(B2,'[11]cells down 19042026 9H40'!$B:$B,'[11]cells down 19042026 9H40'!$B:$B,"")
A3: Ancien-Troisieme | B3: LIT_653 | C3: =_xlfn.XLOOKUP(B3,'[1]daily break down'!$D:$D,'[1]daily break down'!$E:$E,"") -> Douala | D3: CAMUSAT | E3: Good Grid no GE - 8h | F3: LITTORAL | G3: Douala | H3: =_xlfn.XLOOKUP(B3,[2]CALCULATION!$B:$B,[2]CALCULATION!$H:$H,"") -> ZTE | I3: 0 | J3: 0 | K3: 0 | L3: 0 | M3: 17.279266 | N3: 58.181682 | O3: 58.59212 | P3: REPETITIF | Q3: Operationnel | S3: {=IFERROR(_xlfn.IFS( U3="MPR ISSUE","PDH", U3="BSS Hardware Issue","BSS", U3="Sites strategiques, MLL, Pylone, etc.","ENVTECH", U3="AKTIVCO DEFAUT GE & POWER Cabinet","AKTIVCO", U3="AKTIVCO Coupure ENEO & Baisse de tension","AKTIVCO GRID ONLY", U3="Coupure ENEO & Baisse de tension","IHS GRID ONLY", U3="Defaut GE & POWER Cabinet","IHS", U3="Sharing","Partners", U3="Sites strategiques & DataCenter","SST & DC", U3="Exclu","Exclu", U3="SAT","SAT", U3="SPARE-ISSUE","SPARE-ISSUE", U3="Fiber CAmtel","TRANS_FO_CAMTEL", U3="Fiber AOF","Fiber AOF", U3="Projet OCM (HUAWEI)","TRAVAUX-HUAWEI", U3="Projet OCM (NOKIA)","TRAVAUX-NOKIA", U3="ACCESS-ISSUE","ACCESS-ISSUE", U3="Projet OCM (ZTE, NOKIA, autres projets)","TRAVAUX OCM", U3="No root CAuse","No root cause", U3="ODU HS","PDH", U3="IP & VLAN","PDH", U3="Warehouse HUAWEI","SPARE-ISSUE", U3="SPARE-HS","SPARE-ISSUE", U3="Power Telco","BSS",U3="no impacts","no impacts" ),"")} -> AKTIVCO GRID ONLY | T3: {=IFERROR(_xlfn.IFS( U3="MPR ISSUE","TX ISSUE", U3="BSS Hardware Issue","RAN ISSUE", U3="Sites strategiques, MLL, Pylone, etc.","ENVTECH", U3="AKTIVCO DEFAUT GE & POWER Cabinet","POWER ISSUE", U3="AKTIVCO Coupure ENEO & Baisse de tension","POWER ISSUE", U3="Coupure ENEO & Baisse de tension","POWER ISSUE", U3="Defaut GE & POWER Cabinet","POWER ISSUE", U3="Sharing","POWER ISSUE", U3="Sites strategiques & DataCenter","POWER ISSUE", U3="Exclu","Exclu", U3="SAT","TX ISSUE", U3="SPARE-ISSUE","SPARE-ISSUE", U3="Fiber CAmtel","TX ISSUE", U3="Fiber AOF","TX ISSUE", U3="Projet OCM (HUAWEI)","TRAVAUX-HUAWEI", U3="Projet OCM (NOKIA)","TRAVAUX -NOKIA", U3="ACCESS-ISSUE","ACCESS-ISSUE", U3="Projet OCM (ZTE, NOKIA, autres projets)","TRAVAUX OCM", U3="No root CAuse","No root cause", U3="ODU HS","TX ISSUE", U3="IP & VLAN","TX ISSUE", U3="Warehouse HUAWEI","SPARE-ISSUE", U3="SPARE-HS","SPARE-ISSUE", U3="Power Telco","RAN ISSUE",U3="no impacts","no impacts" ),"")} -> POWER ISSUE | U3: AKTIVCO Coupure ENEO & Baisse de tension | V3: {=IFERROR(_xlfn.IFS( U3="MPR ISSUE","ACTIVE", U3="BSS Hardware Issue","ACTIVE", U3="Sites strategiques, MLL, Pylone, etc.","PASSIVE", U3="AKTIVCO DEFAUT GE & POWER Cabinet","PASSIVE", U3="AKTIVCO Coupure ENEO & Baisse de tension","PASSIVE", U3="Coupure ENEO & Baisse de tension","PASSIVE", U3="Defaut GE & POWER Cabinet","PASSIVE", U3="Sharing","PASSIVE", U3="Sites strategiques & DataCenter","PASSIVE", U3="Exclu","Exclu", U3="SAT","ACTIVE", U3="SPARE-ISSUE","SPARE-ISSUE", U3="Fiber CAmtel","ACTIVE", U3="Fiber AOF","ACTIVE", U3="Projet OCM (HUAWEI)","PLANNED WORKS", U3="Projet OCM (NOKIA)","PLANNED WORKS", U3="ACCESS-ISSUE","ACCESS-ISSUE", U3="Projet OCM (ZTE, NOKIA, autres projets)","PLANNED WORKS", U3="No root CAuse","No root cause", U3="ODU HS","ACTIVE", U3="IP & VLAN","ACTIVE", U3="Warehouse HUAWEI","SPARE-ISSUE", U3="SPARE-HS","SPARE-ISSUE", U3="Power Telco","ACTIVE", U3="no impacts","no impacts" ),"")} -> PASSIVE | W3: Power Issue | X3: Awaiting CAMUSAT's return | Z3: MTN | AA3: Ongoing | AB3: (04/27/2026 top offenders):-27/04/2026 : Besoin d'analyse BO RAN || Power issue || Mail sent to camusat..(04/27/2026 cell zte):-27/04/2026 : Besoin d'analyse BO RAN..(04/27/2026 cell zte):-27/04/2026 : Besoin d'analyse BO RAN || Power issue || Mail sent to camusat..(04/27/2026 ticket):-INC-20260427-00017150 | AC3: =_xlfn.XLOOKUP(B3,'INCIDENT-04-27-2026'!E:E,'INCIDENT-04-27-2026'!F:F,"") | AE3: (04/27/2026 top offenders):-27/04/2026 : Besoin d'analyse BO RAN || Power issue || Mail sent to camusat | AF3: =_xlfn.XLOOKUP(B3,'[13]Input_27-04'!$B:$B,'[13]Input_27-04'!$M:$M,"") -> Mauvaises phases ENEO | AI3: =_xlfn.XLOOKUP(B3,'[3]Cells Huawei 27042026 10h'!$B:$B,'[3]Cells Huawei 27042026 10h'!$T:$T,"") | AJ3: =_xlfn.XLOOKUP(B3,'[3]Cells Huawei 27042026 15h'!$B:$B,'[3]Cells Huawei 27042026 15h'!$T:$T,"") | AK3: =_xlfn.XLOOKUP(B3,'[4]cells down 27042026 11h28'!$B:$B,'[4]cells down 27042026 11h28'!$R:$R,"") -> (04/27/2026 cell zte):-27/04/2026 : Besoin d'analyse BO RAN | AL3: =_xlfn.XLOOKUP(B3,'[4]cells down 27042026 18h01'!$B:$B,'[4]cells down 27042026 18h01'!$R:$R,"") -> (04/27/2026 cell zte):-27/04/2026 : Besoin d'analyse BO RAN || Power issue || Mail sent to camusat | AM3: =_xlfn.XLOOKUP(B3,'[5]cell downs 27042026 11h'!$B:$B,'[5]cell downs 27042026 11h'!$R:$R,"") | AN3: =_xlfn.XLOOKUP(B3,'[5]cell downs 27042026 17h40'!$B:$B,'[5]cell downs 27042026 17h40'!$R:$R,"") | AO3: =_xlfn.XLOOKUP(B3,'[6]ALL SITES DOWN'!$D:$D,'[6]ALL SITES DOWN'!$J:$J,"") | AP3: =_xlfn.XLOOKUP(B3,'[7]ALL SITES DOWN'!$D:$D,'[7]ALL SITES DOWN'!$J:$J,"") | AQ3: =_xlfn.XLOOKUP(B3,[8]sheet1!$AC:$AC,[8]sheet1!$AF:$AF,"") -> (04/27/2026 ticket):-INC-20260427-00017150 | AT3: =_xlfn.XLOOKUP(B3,'[9]cell downs 18042026 17h'!$B:$B,'[9]cell downs 18042026 17h'!$B:$B,"") | AU3: =_xlfn.XLOOKUP(B3,'[10]Cells Huawei 19042026 15h'!$B:$B,'[10]Cells Huawei 19042026 15h'!$B:$B,"") | AV3: =_xlfn.XLOOKUP(B3,'[11]cells down 19042026 9H40'!$B:$B,'[11]cells down 19042026 9H40'!$B:$B,"")
A4: Institute-Samba-New | B4: CTR_868 | C4: =_xlfn.XLOOKUP(B4,'[1]daily break down'!$D:$D,'[1]daily break down'!$E:$E,"") -> Yaounde | D4: CAMUSAT | E4: Good Grid no GE - 8h | F4: CENTRE | G4: Yaounde | H4: =_xlfn.XLOOKUP(B4,[2]CALCULATION!$B:$B,[2]CALCULATION!$H:$H,"") -> ZTE | I4: 9.3119084 | J4: 12.948695 | K4: 13.868557 | L4: 13.868557 | M4: 13.868557 | N4: 13.868557 | O4: 57.190301 | P4: REPETITIF | Q4: Operationnel | S4: {=IFERROR(_xlfn.IFS( U4="MPR ISSUE","PDH", U4="BSS Hardware Issue","BSS", U4="Sites strategiques, MLL, Pylone, etc.","ENVTECH", U4="AKTIVCO DEFAUT GE & POWER Cabinet","AKTIVCO", U4="AKTIVCO Coupure ENEO & Baisse de tension","AKTIVCO GRID ONLY", U4="Coupure ENEO & Baisse de tension","IHS GRID ONLY", U4="Defaut GE & POWER Cabinet","IHS", U4="Sharing","Partners", U4="Sites strategiques & DataCenter","SST & DC", U4="Exclu","Exclu", U4="SAT","SAT", U4="SPARE-ISSUE","SPARE-ISSUE", U4="Fiber CAmtel","TRANS_FO_CAMTEL", U4="Fiber AOF","Fiber AOF", U4="Projet OCM (HUAWEI)","TRAVAUX-HUAWEI", U4="Projet OCM (NOKIA)","TRAVAUX-NOKIA", U4="ACCESS-ISSUE","ACCESS-ISSUE", U4="Projet OCM (ZTE, NOKIA, autres projets)","TRAVAUX OCM", U4="No root CAuse","No root cause", U4="ODU HS","PDH", U4="IP & VLAN","PDH", U4="Warehouse HUAWEI","SPARE-ISSUE", U4="SPARE-HS","SPARE-ISSUE", U4="Power Telco","BSS",U4="no impacts","no impacts" ),"")} -> AKTIVCO GRID ONLY | T4: {=IFERROR(_xlfn.IFS( U4="MPR ISSUE","TX ISSUE", U4="BSS Hardware Issue","RAN ISSUE", U4="Sites strategiques, MLL, Pylone, etc.","ENVTECH", U4="AKTIVCO DEFAUT GE & POWER Cabinet","POWER ISSUE", U4="AKTIVCO Coupure ENEO & Baisse de tension","POWER ISSUE", U4="Coupure ENEO & Baisse de tension","POWER ISSUE", U4="Defaut GE & POWER Cabinet","POWER ISSUE", U4="Sharing","POWER ISSUE", U4="Sites strategiques & DataCenter","POWER ISSUE", U4="Exclu","Exclu", U4="SAT","TX ISSUE", U4="SPARE-ISSUE","SPARE-ISSUE", U4="Fiber CAmtel","TX ISSUE", U4="Fiber AOF","TX ISSUE", U4="Projet OCM (HUAWEI)","TRAVAUX-HUAWEI", U4="Projet OCM (NOKIA)","TRAVAUX -NOKIA", U4="ACCESS-ISSUE","ACCESS-ISSUE", U4="Projet OCM (ZTE, NOKIA, autres projets)","TRAVAUX OCM", U4="No root CAuse","No root cause", U4="ODU HS","TX ISSUE", U4="IP & VLAN","TX ISSUE", U4="Warehouse HUAWEI","SPARE-ISSUE", U4="SPARE-HS","SPARE-ISSUE", U4="Power Telco","RAN ISSUE",U4="no impacts","no impacts" ),"")} -> POWER ISSUE | U4: AKTIVCO Coupure ENEO & Baisse de tension | V4: {=IFERROR(_xlfn.IFS( U4="MPR ISSUE","ACTIVE", U4="BSS Hardware Issue","ACTIVE", U4="Sites strategiques, MLL, Pylone, etc.","PASSIVE", U4="AKTIVCO DEFAUT GE & POWER Cabinet","PASSIVE", U4="AKTIVCO Coupure ENEO & Baisse de tension","PASSIVE", U4="Coupure ENEO & Baisse de tension","PASSIVE", U4="Defaut GE & POWER Cabinet","PASSIVE", U4="Sharing","PASSIVE", U4="Sites strategiques & DataCenter","PASSIVE", U4="Exclu","Exclu", U4="SAT","ACTIVE", U4="SPARE-ISSUE","SPARE-ISSUE", U4="Fiber CAmtel","ACTIVE", U4="Fiber AOF","ACTIVE", U4="Projet OCM (HUAWEI)","PLANNED WORKS", U4="Projet OCM (NOKIA)","PLANNED WORKS", U4="ACCESS-ISSUE","ACCESS-ISSUE", U4="Projet OCM (ZTE, NOKIA, autres projets)","PLANNED WORKS", U4="No root CAuse","No root cause", U4="ODU HS","ACTIVE", U4="IP & VLAN","ACTIVE", U4="Warehouse HUAWEI","SPARE-ISSUE", U4="SPARE-HS","SPARE-ISSUE", U4="Power Telco","ACTIVE", U4="no impacts","no impacts" ),"")} -> PASSIVE | W4: Grid Outage | X4: Awaiting Grid return | Z4: CAMUSAT | AA4: Ongoing | AB4: (04/27/2026 top offenders):-27.04.26: Camusat: Grid outage and Grid only site / Grid return awaited..(04/27/2026 cell zte):-0..(04/27/2026 ocm ran 17h):-power status check ongoing..(04/27/2026 ticket):-INC-20260427-00011306…2026-04-27 19:58:38…Grid outage and Grid only site / Grid return awaited | AC4: =_xlfn.XLOOKUP(B4,'INCIDENT-04-27-2026'!E:E,'INCIDENT-04-27-2026'!F:F,"") | AE4: (04/27/2026 top offenders):-27.04.26: Camusat: Grid outage and Grid only site / Grid return awaited | AF4: =_xlfn.XLOOKUP(B4,'[13]Input_27-04'!$B:$B,'[13]Input_27-04'!$M:$M,"") -> Grid outage, / grid return awaited | AI4: =_xlfn.XLOOKUP(B4,'[3]Cells Huawei 27042026 10h'!$B:$B,'[3]Cells Huawei 27042026 10h'!$T:$T,"") | AJ4: =_xlfn.XLOOKUP(B4,'[3]Cells Huawei 27042026 15h'!$B:$B,'[3]Cells Huawei 27042026 15h'!$T:$T,"") | AK4: =_xlfn.XLOOKUP(B4,'[4]cells down 27042026 11h28'!$B:$B,'[4]cells down 27042026 11h28'!$R:$R,"") | AL4: =_xlfn.XLOOKUP(B4,'[4]cells down 27042026 18h01'!$B:$B,'[4]cells down 27042026 18h01'!$R:$R,"") -> (04/27/2026 cell zte):-0 | AM4: =_xlfn.XLOOKUP(B4,'[5]cell downs 27042026 11h'!$B:$B,'[5]cell downs 27042026 11h'!$R:$R,"") | AN4: =_xlfn.XLOOKUP(B4,'[5]cell downs 27042026 17h40'!$B:$B,'[5]cell downs 27042026 17h40'!$R:$R,"") | AO4: =_xlfn.XLOOKUP(B4,'[6]ALL SITES DOWN'!$D:$D,'[6]ALL SITES DOWN'!$J:$J,"") -> (04/27/2026 ocm ran 17h):-power status check ongoing | AP4: =_xlfn.XLOOKUP(B4,'[7]ALL SITES DOWN'!$D:$D,'[7]ALL SITES DOWN'!$J:$J,"") | AQ4: =_xlfn.XLOOKUP(B4,[8]sheet1!$AC:$AC,[8]sheet1!$AF:$AF,"") -> (04/27/2026 ticket):-INC-20260427-00011306…2026-04-27 19:58:38…Grid outage and Grid only site / Grid return awaited | AT4: =_xlfn.XLOOKUP(B4,'[9]cell downs 18042026 17h'!$B:$B,'[9]cell downs 18042026 17h'!$B:$B,"") | AU4: =_xlfn.XLOOKUP(B4,'[10]Cells Huawei 19042026 15h'!$B:$B,'[10]Cells Huawei 19042026 15h'!$B:$B,"") | AV4: =_xlfn.XLOOKUP(B4,'[11]cells down 19042026 9H40'!$B:$B,'[11]cells down 19042026 9H40'!$B:$B,"") -> CTR_868
A5: Rd-Pt-Longkak | B5: CTR_449 | C5: =_xlfn.XLOOKUP(B5,'[1]daily break down'!$D:$D,'[1]daily break down'!$E:$E,"") -> Yaounde | D5: IHS | E5: Grid-Gen | F5: CENTRE | G5: Yaounde | H5: =_xlfn.XLOOKUP(B5,[2]CALCULATION!$B:$B,[2]CALCULATION!$H:$H,"") -> ZTE | I5: 18.985744 | J5: 9.2457046 | K5: 7.0823631 | L5: 1.681509 | M5: 4.5175005 | N5: 8.1458153 | O5: 56.225548 | P5: REPETITIF | Q5: Operationnel | S5: {=IFERROR(_xlfn.IFS( U5="MPR ISSUE","PDH", U5="BSS Hardware Issue","BSS", U5="Sites strategiques, MLL, Pylone, etc.","ENVTECH", U5="AKTIVCO DEFAUT GE & POWER Cabinet","AKTIVCO", U5="AKTIVCO Coupure ENEO & Baisse de tension","AKTIVCO GRID ONLY", U5="Coupure ENEO & Baisse de tension","IHS GRID ONLY", U5="Defaut GE & POWER Cabinet","IHS", U5="Sharing","Partners", U5="Sites strategiques & DataCenter","SST & DC", U5="Exclu","Exclu", U5="SAT","SAT", U5="SPARE-ISSUE","SPARE-ISSUE", U5="Fiber CAmtel","TRANS_FO_CAMTEL", U5="Fiber AOF","Fiber AOF", U5="Projet OCM (HUAWEI)","TRAVAUX-HUAWEI", U5="Projet OCM (NOKIA)","TRAVAUX-NOKIA", U5="ACCESS-ISSUE","ACCESS-ISSUE", U5="Projet OCM (ZTE, NOKIA, autres projets)","TRAVAUX OCM", U5="No root CAuse","No root cause", U5="ODU HS","PDH", U5="IP & VLAN","PDH", U5="Warehouse HUAWEI","SPARE-ISSUE", U5="SPARE-HS","SPARE-ISSUE", U5="Power Telco","BSS",U5="no impacts","no impacts" ),"")} -> BSS | T5: {=IFERROR(_xlfn.IFS( U5="MPR ISSUE","TX ISSUE", U5="BSS Hardware Issue","RAN ISSUE", U5="Sites strategiques, MLL, Pylone, etc.","ENVTECH", U5="AKTIVCO DEFAUT GE & POWER Cabinet","POWER ISSUE", U5="AKTIVCO Coupure ENEO & Baisse de tension","POWER ISSUE", U5="Coupure ENEO & Baisse de tension","POWER ISSUE", U5="Defaut GE & POWER Cabinet","POWER ISSUE", U5="Sharing","POWER ISSUE", U5="Sites strategiques & DataCenter","POWER ISSUE", U5="Exclu","Exclu", U5="SAT","TX ISSUE", U5="SPARE-ISSUE","SPARE-ISSUE", U5="Fiber CAmtel","TX ISSUE", U5="Fiber AOF","TX ISSUE", U5="Projet OCM (HUAWEI)","TRAVAUX-HUAWEI", U5="Projet OCM (NOKIA)","TRAVAUX -NOKIA", U5="ACCESS-ISSUE","ACCESS-ISSUE", U5="Projet OCM (ZTE, NOKIA, autres projets)","TRAVAUX OCM", U5="No root CAuse","No root cause", U5="ODU HS","TX ISSUE", U5="IP & VLAN","TX ISSUE", U5="Warehouse HUAWEI","SPARE-ISSUE", U5="SPARE-HS","SPARE-ISSUE", U5="Power Telco","RAN ISSUE",U5="no impacts","no impacts" ),"")} -> RAN ISSUE | U5: BSS Hardware issue | V5: {=IFERROR(_xlfn.IFS( U5="MPR ISSUE","ACTIVE", U5="BSS Hardware Issue","ACTIVE", U5="Sites strategiques, MLL, Pylone, etc.","PASSIVE", U5="AKTIVCO DEFAUT GE & POWER Cabinet","PASSIVE", U5="AKTIVCO Coupure ENEO & Baisse de tension","PASSIVE", U5="Coupure ENEO & Baisse de tension","PASSIVE", U5="Defaut GE & POWER Cabinet","PASSIVE", U5="Sharing","PASSIVE", U5="Sites strategiques & DataCenter","PASSIVE", U5="Exclu","Exclu", U5="SAT","ACTIVE", U5="SPARE-ISSUE","SPARE-ISSUE", U5="Fiber CAmtel","ACTIVE", U5="Fiber AOF","ACTIVE", U5="Projet OCM (HUAWEI)","PLANNED WORKS", U5="Projet OCM (NOKIA)","PLANNED WORKS", U5="ACCESS-ISSUE","ACCESS-ISSUE", U5="Projet OCM (ZTE, NOKIA, autres projets)","PLANNED WORKS", U5="No root CAuse","No root cause", U5="ODU HS","ACTIVE", U5="IP & VLAN","ACTIVE", U5="Warehouse HUAWEI","SPARE-ISSUE", U5="SPARE-HS","SPARE-ISSUE", U5="Power Telco","ACTIVE", U5="no impacts","no impacts" ),"")} -> ACTIVE | W5: Impacted by CTR_197_Z_Charles-Atangana(CTR-197) | AA5: Ongoing | AB5: CTR_197_Z_Charles-Atangana(CTR-197) , En attente de retour ENEO sur CTR_197_Z_Charles-Atangana(CTR-197)…power issues responsabilité ihs ..(04/27/2026 top offenders):-Impacted by CTR_197_Z_Charles-Atangana(CTR-197)..(04/27/2026 ocm ran 17h):-Impacted by CTR_197_Z_Charles-Atangana(CTR-197)..(04/27/2026 ocm ran 11h):-Impacted by CTR_197_Z_Charles-Atangana(CTR-197)..(04/27/2026 ticket):-INC-20260427-00002062…2026-04-27 19:15:19…Site impacted by CTR_197_Z_Charles-Atangana(CTR-197) // En attente de retour ENEO sur CTR_197_Z_Charles-Atangana(CTR-197)…power issues responsabilité ihs | AC5: =_xlfn.XLOOKUP(B5,'INCIDENT-04-27-2026'!E:E,'INCIDENT-04-27-2026'!F:F,"") | AD5: CTR_197_Z_Charles-Atangana(CTR-197) , En attente de retour ENEO sur CTR_197_Z_Charles-Atangana(CTR-197)…power issues responsabilité ihs | AE5: (04/27/2026 top offenders):-Impacted by CTR_197_Z_Charles-Atangana(CTR-197) | AF5: =_xlfn.XLOOKUP(B5,'[13]Input_27-04'!$B:$B,'[13]Input_27-04'!$M:$M,"") | AI5: =_xlfn.XLOOKUP(B5,'[3]Cells Huawei 27042026 10h'!$B:$B,'[3]Cells Huawei 27042026 10h'!$T:$T,"") | AJ5: =_xlfn.XLOOKUP(B5,'[3]Cells Huawei 27042026 15h'!$B:$B,'[3]Cells Huawei 27042026 15h'!$T:$T,"") | AK5: =_xlfn.XLOOKUP(B5,'[4]cells down 27042026 11h28'!$B:$B,'[4]cells down 27042026 11h28'!$R:$R,"") | AL5: =_xlfn.XLOOKUP(B5,'[4]cells down 27042026 18h01'!$B:$B,'[4]cells down 27042026 18h01'!$R:$R,"") | AM5: =_xlfn.XLOOKUP(B5,'[5]cell downs 27042026 11h'!$B:$B,'[5]cell downs 27042026 11h'!$R:$R,"") | AN5: =_xlfn.XLOOKUP(B5,'[5]cell downs 27042026 17h40'!$B:$B,'[5]cell downs 27042026 17h40'!$R:$R,"") | AO5: =_xlfn.XLOOKUP(B5,'[6]ALL SITES DOWN'!$D:$D,'[6]ALL SITES DOWN'!$J:$J,"") -> (04/27/2026 ocm ran 17h):-Impacted by CTR_197_Z_Charles-Atangana(CTR-197) | AP5: =_xlfn.XLOOKUP(B5,'[7]ALL SITES DOWN'!$D:$D,'[7]ALL SITES DOWN'!$J:$J,"") -> (04/27/2026 ocm ran 11h):-Impacted by CTR_197_Z_Charles-Atangana(CTR-197) | AQ5: =_xlfn.XLOOKUP(B5,[8]sheet1!$AC:$AC,[8]sheet1!$AF:$AF,"") -> (04/27/2026 ticket):-INC-20260427-00002062…2026-04-27 19:15:19…Site impacted by CTR_197_Z_Charles-Atangana(CTR-197) // En attente de retour ENEO sur CTR_197_Z_Charles-Atangana(CTR-197)…power issues responsabilité ihs | AS5: CTR_449 | AT5: =_xlfn.XLOOKUP(B5,'[9]cell downs 18042026 17h'!$B:$B,'[9]cell downs 18042026 17h'!$B:$B,"") | AU5: =_xlfn.XLOOKUP(B5,'[10]Cells Huawei 19042026 15h'!$B:$B,'[10]Cells Huawei 19042026 15h'!$B:$B,"") | AV5: =_xlfn.XLOOKUP(B5,'[11]cells down 19042026 9H40'!$B:$B,'[11]cells down 19042026 9H40'!$B:$B,"") -> CTR_449
A6: Nkolmintag | B6: LIT_539 | C6: =_xlfn.XLOOKUP(B6,'[1]daily break down'!$D:$D,'[1]daily break down'!$E:$E,"") -> Douala | D6: CAMUSAT | E6: Good Grid no GE - 12h | F6: LITTORAL | G6: Douala | H6: =_xlfn.XLOOKUP(B6,[2]CALCULATION!$B:$B,[2]CALCULATION!$H:$H,"") -> ZTE | I6: 2.0669964 | J6: 8.4491543 | K6: 4.2033178 | L6: 3.7941632 | M6: 1.4785815 | N6: 3.8880827 | O6: 49.477307 | P6: REPETITIF | Q6: Operationnel | S6: {=IFERROR(_xlfn.IFS( U6="MPR ISSUE","PDH", U6="BSS Hardware Issue","BSS", U6="Sites strategiques, MLL, Pylone, etc.","ENVTECH", U6="AKTIVCO DEFAUT GE & POWER Cabinet","AKTIVCO", U6="AKTIVCO Coupure ENEO & Baisse de tension","AKTIVCO GRID ONLY", U6="Coupure ENEO & Baisse de tension","IHS GRID ONLY", U6="Defaut GE & POWER Cabinet","IHS", U6="Sharing","Partners", U6="Sites strategiques & DataCenter","SST & DC", U6="Exclu","Exclu", U6="SAT","SAT", U6="SPARE-ISSUE","SPARE-ISSUE", U6="Fiber CAmtel","TRANS_FO_CAMTEL", U6="Fiber AOF","Fiber AOF", U6="Projet OCM (HUAWEI)","TRAVAUX-HUAWEI", U6="Projet OCM (NOKIA)","TRAVAUX-NOKIA", U6="ACCESS-ISSUE","ACCESS-ISSUE", U6="Projet OCM (ZTE, NOKIA, autres projets)","TRAVAUX OCM", U6="No root CAuse","No root cause", U6="ODU HS","PDH", U6="IP & VLAN","PDH", U6="Warehouse HUAWEI","SPARE-ISSUE", U6="SPARE-HS","SPARE-ISSUE", U6="Power Telco","BSS",U6="no impacts","no impacts" ),"")} -> AKTIVCO GRID ONLY | T6: {=IFERROR(_xlfn.IFS( U6="MPR ISSUE","TX ISSUE", U6="BSS Hardware Issue","RAN ISSUE", U6="Sites strategiques, MLL, Pylone, etc.","ENVTECH", U6="AKTIVCO DEFAUT GE & POWER Cabinet","POWER ISSUE", U6="AKTIVCO Coupure ENEO & Baisse de tension","POWER ISSUE", U6="Coupure ENEO & Baisse de tension","POWER ISSUE", U6="Defaut GE & POWER Cabinet","POWER ISSUE", U6="Sharing","POWER ISSUE", U6="Sites strategiques & DataCenter","POWER ISSUE", U6="Exclu","Exclu", U6="SAT","TX ISSUE", U6="SPARE-ISSUE","SPARE-ISSUE", U6="Fiber CAmtel","TX ISSUE", U6="Fiber AOF","TX ISSUE", U6="Projet OCM (HUAWEI)","TRAVAUX-HUAWEI", U6="Projet OCM (NOKIA)","TRAVAUX -NOKIA", U6="ACCESS-ISSUE","ACCESS-ISSUE", U6="Projet OCM (ZTE, NOKIA, autres projets)","TRAVAUX OCM", U6="No root CAuse","No root cause", U6="ODU HS","TX ISSUE", U6="IP & VLAN","TX ISSUE", U6="Warehouse HUAWEI","SPARE-ISSUE", U6="SPARE-HS","SPARE-ISSUE", U6="Power Telco","RAN ISSUE",U6="no impacts","no impacts" ),"")} -> POWER ISSUE | U6: AKTIVCO Coupure ENEO & Baisse de tension | V6: {=IFERROR(_xlfn.IFS( U6="MPR ISSUE","ACTIVE", U6="BSS Hardware Issue","ACTIVE", U6="Sites strategiques, MLL, Pylone, etc.","PASSIVE", U6="AKTIVCO DEFAUT GE & POWER Cabinet","PASSIVE", U6="AKTIVCO Coupure ENEO & Baisse de tension","PASSIVE", U6="Coupure ENEO & Baisse de tension","PASSIVE", U6="Defaut GE & POWER Cabinet","PASSIVE", U6="Sharing","PASSIVE", U6="Sites strategiques & DataCenter","PASSIVE", U6="Exclu","Exclu", U6="SAT","ACTIVE", U6="SPARE-ISSUE","SPARE-ISSUE", U6="Fiber CAmtel","ACTIVE", U6="Fiber AOF","ACTIVE", U6="Projet OCM (HUAWEI)","PLANNED WORKS", U6="Projet OCM (NOKIA)","PLANNED WORKS", U6="ACCESS-ISSUE","ACCESS-ISSUE", U6="Projet OCM (ZTE, NOKIA, autres projets)","PLANNED WORKS", U6="No root CAuse","No root cause", U6="ODU HS","ACTIVE", U6="IP & VLAN","ACTIVE", U6="Warehouse HUAWEI","SPARE-ISSUE", U6="SPARE-HS","SPARE-ISSUE", U6="Power Telco","ACTIVE", U6="no impacts","no impacts" ),"")} -> PASSIVE | W6: Grid outage grid only site | X6: Awaiting Grid return | Z6: CAMUSAT | AA6: Ongoing | AB6: (04/27/2026 top offenders):-27/04/2026 Grid outage grid only site /Grid return awaited..(04/27/2026 cell zte):-27/04/2026 : Besoin d'analyse BO RAN..(04/27/2026 cell zte):-27/04/2026 : Besoin d'analyse BO RAN || Site down..(04/27/2026 ocm ran 17h):-27/04/2026 Grid outage grid only site /Grid return awaited..(04/27/2026 ticket):-INC-20260427-00007626…2026-04-27 19:54:29…Grid outage and Grid only site / Grid return awaited | AC6: =_xlfn.XLOOKUP(B6,'INCIDENT-04-27-2026'!E:E,'INCIDENT-04-27-2026'!F:F,"") | AE6: (04/27/2026 top offenders):-27/04/2026 Grid outage grid only site /Grid return awaited | AF6: =_xlfn.XLOOKUP(B6,'[13]Input_27-04'!$B:$B,'[13]Input_27-04'!$M:$M,"") -> Grid outage, / grid return awaited | AI6: =_xlfn.XLOOKUP(B6,'[3]Cells Huawei 27042026 10h'!$B:$B,'[3]Cells Huawei 27042026 10h'!$T:$T,"") | AJ6: =_xlfn.XLOOKUP(B6,'[3]Cells Huawei 27042026 15h'!$B:$B,'[3]Cells Huawei 27042026 15h'!$T:$T,"") | AK6: =_xlfn.XLOOKUP(B6,'[4]cells down 27042026 11h28'!$B:$B,'[4]cells down 27042026 11h28'!$R:$R,"") -> (04/27/2026 cell zte):-27/04/2026 : Besoin d'analyse BO RAN | AL6: =_xlfn.XLOOKUP(B6,'[4]cells down 27042026 18h01'!$B:$B,'[4]cells down 27042026 18h01'!$R:$R,"") -> (04/27/2026 cell zte):-27/04/2026 : Besoin d'analyse BO RAN || Site down | AM6: =_xlfn.XLOOKUP(B6,'[5]cell downs 27042026 11h'!$B:$B,'[5]cell downs 27042026 11h'!$R:$R,"") | AN6: =_xlfn.XLOOKUP(B6,'[5]cell downs 27042026 17h40'!$B:$B,'[5]cell downs 27042026 17h40'!$R:$R,"") | AO6: =_xlfn.XLOOKUP(B6,'[6]ALL SITES DOWN'!$D:$D,'[6]ALL SITES DOWN'!$J:$J,"") -> (04/27/2026 ocm ran 17h):-27/04/2026 Grid outage grid only site /Grid return awaited | AP6: =_xlfn.XLOOKUP(B6,'[7]ALL SITES DOWN'!$D:$D,'[7]ALL SITES DOWN'!$J:$J,"") | AQ6: =_xlfn.XLOOKUP(B6,[8]sheet1!$AC:$AC,[8]sheet1!$AF:$AF,"") -> (04/27/2026 ticket):-INC-20260427-00007626…2026-04-27 19:54:29…Grid outage and Grid only site / Grid return awaited | AT6: =_xlfn.XLOOKUP(B6,'[9]cell downs 18042026 17h'!$B:$B,'[9]cell downs 18042026 17h'!$B:$B,"") | AU6: =_xlfn.XLOOKUP(B6,'[10]Cells Huawei 19042026 15h'!$B:$B,'[10]Cells Huawei 19042026 15h'!$B:$B,"") | AV6: =_xlfn.XLOOKUP(B6,'[11]cells down 19042026 9H40'!$B:$B,'[11]cells down 19042026 9H40'!$B:$B,"")
A7: Bonas-Yde-MTN-IHS | B7: CTR_524 | C7: =_xlfn.XLOOKUP(B7,'[1]daily break down'!$D:$D,'[1]daily break down'!$E:$E,"") -> Yaounde | D7: IHS | E7: Grid-Gen | F7: CENTRE | G7: Yaounde | H7: =_xlfn.XLOOKUP(B7,[2]CALCULATION!$B:$B,[2]CALCULATION!$H:$H,"") -> ZTE | I7: 0 | J7: 0 | K7: 0.028910662 | L7: 0 | M7: 8.8723451 | N7: 13.868557 | O7: 46.838269 | P7: REPETITIF | Q7: Operationnel | S7: {=IFERROR(_xlfn.IFS( U7="MPR ISSUE","PDH", U7="BSS Hardware Issue","BSS", U7="Sites strategiques, MLL, Pylone, etc.","ENVTECH", U7="AKTIVCO DEFAUT GE & POWER Cabinet","AKTIVCO", U7="AKTIVCO Coupure ENEO & Baisse de tension","AKTIVCO GRID ONLY", U7="Coupure ENEO & Baisse de tension","IHS GRID ONLY", U7="Defaut GE & POWER Cabinet","IHS", U7="Sharing","Partners", U7="Sites strategiques & DataCenter","SST & DC", U7="Exclu","Exclu", U7="SAT","SAT", U7="SPARE-ISSUE","SPARE-ISSUE", U7="Fiber CAmtel","TRANS_FO_CAMTEL", U7="Fiber AOF","Fiber AOF", U7="Projet OCM (HUAWEI)","TRAVAUX-HUAWEI", U7="Projet OCM (NOKIA)","TRAVAUX-NOKIA", U7="ACCESS-ISSUE","ACCESS-ISSUE", U7="Projet OCM (ZTE, NOKIA, autres projets)","TRAVAUX OCM", U7="No root CAuse","No root cause", U7="ODU HS","PDH", U7="IP & VLAN","PDH", U7="Warehouse HUAWEI","SPARE-ISSUE", U7="SPARE-HS","SPARE-ISSUE", U7="Power Telco","BSS",U7="no impacts","no impacts" ),"")} -> IHS | T7: {=IFERROR(_xlfn.IFS( U7="MPR ISSUE","TX ISSUE", U7="BSS Hardware Issue","RAN ISSUE", U7="Sites strategiques, MLL, Pylone, etc.","ENVTECH", U7="AKTIVCO DEFAUT GE & POWER Cabinet","POWER ISSUE", U7="AKTIVCO Coupure ENEO & Baisse de tension","POWER ISSUE", U7="Coupure ENEO & Baisse de tension","POWER ISSUE", U7="Defaut GE & POWER Cabinet","POWER ISSUE", U7="Sharing","POWER ISSUE", U7="Sites strategiques & DataCenter","POWER ISSUE", U7="Exclu","Exclu", U7="SAT","TX ISSUE", U7="SPARE-ISSUE","SPARE-ISSUE", U7="Fiber CAmtel","TX ISSUE", U7="Fiber AOF","TX ISSUE", U7="Projet OCM (HUAWEI)","TRAVAUX-HUAWEI", U7="Projet OCM (NOKIA)","TRAVAUX -NOKIA", U7="ACCESS-ISSUE","ACCESS-ISSUE", U7="Projet OCM (ZTE, NOKIA, autres projets)","TRAVAUX OCM", U7="No root CAuse","No root cause", U7="ODU HS","TX ISSUE", U7="IP & VLAN","TX ISSUE", U7="Warehouse HUAWEI","SPARE-ISSUE", U7="SPARE-HS","SPARE-ISSUE", U7="Power Telco","RAN ISSUE",U7="no impacts","no impacts" ),"")} -> POWER ISSUE | U7: Defaut GE & Power Cabinet | V7: {=IFERROR(_xlfn.IFS( U7="MPR ISSUE","ACTIVE", U7="BSS Hardware Issue","ACTIVE", U7="Sites strategiques, MLL, Pylone, etc.","PASSIVE", U7="AKTIVCO DEFAUT GE & POWER Cabinet","PASSIVE", U7="AKTIVCO Coupure ENEO & Baisse de tension","PASSIVE", U7="Coupure ENEO & Baisse de tension","PASSIVE", U7="Defaut GE & POWER Cabinet","PASSIVE", U7="Sharing","PASSIVE", U7="Sites strategiques & DataCenter","PASSIVE", U7="Exclu","Exclu", U7="SAT","ACTIVE", U7="SPARE-ISSUE","SPARE-ISSUE", U7="Fiber CAmtel","ACTIVE", U7="Fiber AOF","ACTIVE", U7="Projet OCM (HUAWEI)","PLANNED WORKS", U7="Projet OCM (NOKIA)","PLANNED WORKS", U7="ACCESS-ISSUE","ACCESS-ISSUE", U7="Projet OCM (ZTE, NOKIA, autres projets)","PLANNED WORKS", U7="No root CAuse","No root cause", U7="ODU HS","ACTIVE", U7="IP & VLAN","ACTIVE", U7="Warehouse HUAWEI","SPARE-ISSUE", U7="SPARE-HS","SPARE-ISSUE", U7="Power Telco","ACTIVE", U7="no impacts","no impacts" ),"")} -> PASSIVE | W7: Power Issue | X7: Solve Power Issue on site | Z7: IHS | AA7: Ongoing | AB7: (04/27/2026 top offenders):-27/04/2026 FME mbah hosiah activé ETA=14H UTC 27/04/2026 Power issue evidence transmis a IHS en attente de retour 26/04/2026 OCM_AOF_CTR_242_CTR_524_E-Poste_BONAS-YDE down CDS activated ETA ASAP ..(04/27/2026 ocm ran 17h):-27/04/2026 FME mbah hosiah activé ETA=14H UTC 27/04/2026 Power issue evidence transmis a IHS en attente de retour 26/04/2026 OCM_AOF_CTR_242_CTR_524_E-Poste_BONAS-YDE down CDS activated ETA ASAP ..(04/27/2026 ocm ran 11h):-27/04/2026 Power issue evidence transmis a IHS en attente de retour 26/04/2026 OCM_AOF_CTR_242_CTR_524_E-Poste_BONAS-YDE down CDS activated ETA ASAP | AC7: =_xlfn.XLOOKUP(B7,'INCIDENT-04-27-2026'!E:E,'INCIDENT-04-27-2026'!F:F,"") | AE7: (04/27/2026 top offenders):-27/04/2026 FME mbah hosiah activé ETA=14H UTC 27/04/2026 Power issue evidence transmis a IHS en attente de retour 26/04/2026 OCM_AOF_CTR_242_CTR_524_E-Poste_BONAS-YDE down CDS activated ETA ASAP | AF7: =_xlfn.XLOOKUP(B7,'[13]Input_27-04'!$B:$B,'[13]Input_27-04'!$M:$M,"") | AI7: =_xlfn.XLOOKUP(B7,'[3]Cells Huawei 27042026 10h'!$B:$B,'[3]Cells Huawei 27042026 10h'!$T:$T,"") | AJ7: =_xlfn.XLOOKUP(B7,'[3]Cells Huawei 27042026 15h'!$B:$B,'[3]Cells Huawei 27042026 15h'!$T:$T,"") | AK7: =_xlfn.XLOOKUP(B7,'[4]cells down 27042026 11h28'!$B:$B,'[4]cells down 27042026 11h28'!$R:$R,"") | AL7: =_xlfn.XLOOKUP(B7,'[4]cells down 27042026 18h01'!$B:$B,'[4]cells down 27042026 18h01'!$R:$R,"") | AM7: =_xlfn.XLOOKUP(B7,'[5]cell downs 27042026 11h'!$B:$B,'[5]cell downs 27042026 11h'!$R:$R,"") | AN7: =_xlfn.XLOOKUP(B7,'[5]cell downs 27042026 17h40'!$B:$B,'[5]cell downs 27042026 17h40'!$R:$R,"") | AO7: =_xlfn.XLOOKUP(B7,'[6]ALL SITES DOWN'!$D:$D,'[6]ALL SITES DOWN'!$J:$J,"") -> (04/27/2026 ocm ran 17h):-27/04/2026 FME mbah hosiah activé ETA=14H UTC 27/04/2026 Power issue evidence transmis a IHS en attente de retour 26/04/2026 OCM_AOF_CTR_242_CTR_524_E-Poste_BONAS-YDE down CDS activated ETA ASAP | AP7: =_xlfn.XLOOKUP(B7,'[7]ALL SITES DOWN'!$D:$D,'[7]ALL SITES DOWN'!$J:$J,"") -> (04/27/2026 ocm ran 11h):-27/04/2026 Power issue evidence transmis a IHS en attente de retour 26/04/2026 OCM_AOF_CTR_242_CTR_524_E-Poste_BONAS-YDE down CDS activated ETA ASAP | AQ7: =_xlfn.XLOOKUP(B7,[8]sheet1!$AC:$AC,[8]sheet1!$AF:$AF,"") | AT7: =_xlfn.XLOOKUP(B7,'[9]cell downs 18042026 17h'!$B:$B,'[9]cell downs 18042026 17h'!$B:$B,"") | AU7: =_xlfn.XLOOKUP(B7,'[10]Cells Huawei 19042026 15h'!$B:$B,'[10]Cells Huawei 19042026 15h'!$B:$B,"") | AV7: =_xlfn.XLOOKUP(B7,'[11]cells down 19042026 9H40'!$B:$B,'[11]cells down 19042026 9H40'!$B:$B,"")
A8: Marche-Central-Bonawon-New | B8: LIT_740 | C8: =_xlfn.XLOOKUP(B8,'[1]daily break down'!$D:$D,'[1]daily break down'!$E:$E,"") -> Douala | D8: CAMUSAT | E8: Good Grid no GE - 8h | F8: LITTORAL | G8: Douala | H8: =_xlfn.XLOOKUP(B8,[2]CALCULATION!$B:$B,[2]CALCULATION!$H:$H,"") -> ZTE | I8: 0 | J8: 5.9068709 | K8: 11.730399 | L8: 34.629408 | M8: 30.956952 | N8: 15.409508 | O8: 45.748314 | P8: REPETITIF | Q8: Operationnel | S8: {=IFERROR(_xlfn.IFS( U8="MPR ISSUE","PDH", U8="BSS Hardware Issue","BSS", U8="Sites strategiques, MLL, Pylone, etc.","ENVTECH", U8="AKTIVCO DEFAUT GE & POWER Cabinet","AKTIVCO", U8="AKTIVCO Coupure ENEO & Baisse de tension","AKTIVCO GRID ONLY", U8="Coupure ENEO & Baisse de tension","IHS GRID ONLY", U8="Defaut GE & POWER Cabinet","IHS", U8="Sharing","Partners", U8="Sites strategiques & DataCenter","SST & DC", U8="Exclu","Exclu", U8="SAT","SAT", U8="SPARE-ISSUE","SPARE-ISSUE", U8="Fiber CAmtel","TRANS_FO_CAMTEL", U8="Fiber AOF","Fiber AOF", U8="Projet OCM (HUAWEI)","TRAVAUX-HUAWEI", U8="Projet OCM (NOKIA)","TRAVAUX-NOKIA", U8="ACCESS-ISSUE","ACCESS-ISSUE", U8="Projet OCM (ZTE, NOKIA, autres projets)","TRAVAUX OCM", U8="No root CAuse","No root cause", U8="ODU HS","PDH", U8="IP & VLAN","PDH", U8="Warehouse HUAWEI","SPARE-ISSUE", U8="SPARE-HS","SPARE-ISSUE", U8="Power Telco","BSS",U8="no impacts","no impacts" ),"")} -> AKTIVCO GRID ONLY | T8: {=IFERROR(_xlfn.IFS( U8="MPR ISSUE","TX ISSUE", U8="BSS Hardware Issue","RAN ISSUE", U8="Sites strategiques, MLL, Pylone, etc.","ENVTECH", U8="AKTIVCO DEFAUT GE & POWER Cabinet","POWER ISSUE", U8="AKTIVCO Coupure ENEO & Baisse de tension","POWER ISSUE", U8="Coupure ENEO & Baisse de tension","POWER ISSUE", U8="Defaut GE & POWER Cabinet","POWER ISSUE", U8="Sharing","POWER ISSUE", U8="Sites strategiques & DataCenter","POWER ISSUE", U8="Exclu","Exclu", U8="SAT","TX ISSUE", U8="SPARE-ISSUE","SPARE-ISSUE", U8="Fiber CAmtel","TX ISSUE", U8="Fiber AOF","TX ISSUE", U8="Projet OCM (HUAWEI)","TRAVAUX-HUAWEI", U8="Projet OCM (NOKIA)","TRAVAUX -NOKIA", U8="ACCESS-ISSUE","ACCESS-ISSUE", U8="Projet OCM (ZTE, NOKIA, autres projets)","TRAVAUX OCM", U8="No root CAuse","No root cause", U8="ODU HS","TX ISSUE", U8="IP & VLAN","TX ISSUE", U8="Warehouse HUAWEI","SPARE-ISSUE", U8="SPARE-HS","SPARE-ISSUE", U8="Power Telco","RAN ISSUE",U8="no impacts","no impacts" ),"")} -> POWER ISSUE | U8: AKTIVCO Coupure ENEO & Baisse de tension | V8: {=IFERROR(_xlfn.IFS( U8="MPR ISSUE","ACTIVE", U8="BSS Hardware Issue","ACTIVE", U8="Sites strategiques, MLL, Pylone, etc.","PASSIVE", U8="AKTIVCO DEFAUT GE & POWER Cabinet","PASSIVE", U8="AKTIVCO Coupure ENEO & Baisse de tension","PASSIVE", U8="Coupure ENEO & Baisse de tension","PASSIVE", U8="Defaut GE & POWER Cabinet","PASSIVE", U8="Sharing","PASSIVE", U8="Sites strategiques & DataCenter","PASSIVE", U8="Exclu","Exclu", U8="SAT","ACTIVE", U8="SPARE-ISSUE","SPARE-ISSUE", U8="Fiber CAmtel","ACTIVE", U8="Fiber AOF","ACTIVE", U8="Projet OCM (HUAWEI)","PLANNED WORKS", U8="Projet OCM (NOKIA)","PLANNED WORKS", U8="ACCESS-ISSUE","ACCESS-ISSUE", U8="Projet OCM (ZTE, NOKIA, autres projets)","PLANNED WORKS", U8="No root CAuse","No root cause", U8="ODU HS","ACTIVE", U8="IP & VLAN","ACTIVE", U8="Warehouse HUAWEI","SPARE-ISSUE", U8="SPARE-HS","SPARE-ISSUE", U8="Power Telco","ACTIVE", U8="no impacts","no impacts" ),"")} -> PASSIVE | W8: Grid outage grid only site | X8: Awaiting Grid return | Z8: CAMUSAT | AA8: Ongoing | AB8: (04/27/2026 top offenders):-27/04/2026 : Besoin d'analyse BO RAN..(04/27/2026 cell zte):-27/04/2026 : Besoin d'analyse BO RAN..(04/27/2026 ticket):-INC-20260427-00010265…2026-04-27 15:44:11…Grid outage and grid only site / Grid return awaited | AC8: =_xlfn.XLOOKUP(B8,'INCIDENT-04-27-2026'!E:E,'INCIDENT-04-27-2026'!F:F,"") | AE8: (04/27/2026 top offenders):-27/04/2026 : Besoin d'analyse BO RAN | AF8: =_xlfn.XLOOKUP(B8,'[13]Input_27-04'!$B:$B,'[13]Input_27-04'!$M:$M,"") -> Grid outage, / grid return awaited | AI8: =_xlfn.XLOOKUP(B8,'[3]Cells Huawei 27042026 10h'!$B:$B,'[3]Cells Huawei 27042026 10h'!$T:$T,"") | AJ8: =_xlfn.XLOOKUP(B8,'[3]Cells Huawei 27042026 15h'!$B:$B,'[3]Cells Huawei 27042026 15h'!$T:$T,"") | AK8: =_xlfn.XLOOKUP(B8,'[4]cells down 27042026 11h28'!$B:$B,'[4]cells down 27042026 11h28'!$R:$R,"") -> (04/27/2026 cell zte):-27/04/2026 : Besoin d'analyse BO RAN | AL8: =_xlfn.XLOOKUP(B8,'[4]cells down 27042026 18h01'!$B:$B,'[4]cells down 27042026 18h01'!$R:$R,"") | AM8: =_xlfn.XLOOKUP(B8,'[5]cell downs 27042026 11h'!$B:$B,'[5]cell downs 27042026 11h'!$R:$R,"") | AN8: =_xlfn.XLOOKUP(B8,'[5]cell downs 27042026 17h40'!$B:$B,'[5]cell downs 27042026 17h40'!$R:$R,"") | AO8: =_xlfn.XLOOKUP(B8,'[6]ALL SITES DOWN'!$D:$D,'[6]ALL SITES DOWN'!$J:$J,"") | AP8: =_xlfn.XLOOKUP(B8,'[7]ALL SITES DOWN'!$D:$D,'[7]ALL SITES DOWN'!$J:$J,"") | AQ8: =_xlfn.XLOOKUP(B8,[8]sheet1!$AC:$AC,[8]sheet1!$AF:$AF,"") -> (04/27/2026 ticket):-INC-20260427-00010265…2026-04-27 15:44:11…Grid outage and grid only site / Grid return awaited | AT8: =_xlfn.XLOOKUP(B8,'[9]cell downs 18042026 17h'!$B:$B,'[9]cell downs 18042026 17h'!$B:$B,"") | AU8: =_xlfn.XLOOKUP(B8,'[10]Cells Huawei 19042026 15h'!$B:$B,'[10]Cells Huawei 19042026 15h'!$B:$B,"") | AV8: =_xlfn.XLOOKUP(B8,'[11]cells down 19042026 9H40'!$B:$B,'[11]cells down 19042026 9H40'!$B:$B,"")
A9: Mboppi-New | B9: LIT_736 | C9: =_xlfn.XLOOKUP(B9,'[1]daily break down'!$D:$D,'[1]daily break down'!$E:$E,"") -> Douala | D9: CAMUSAT | E9: Good Grid no GE - 8h | F9: LITTORAL | G9: Douala | H9: =_xlfn.XLOOKUP(B9,[2]CALCULATION!$B:$B,[2]CALCULATION!$H:$H,"") -> ZTE | I9: 0 | J9: 15.895692 | K9: 13.868557 | L9: 13.868557 | M9: 13.868557 | N9: 13.868557 | O9: 45.674423 | P9: REPETITIF | Q9: Operationnel | S9: {=IFERROR(_xlfn.IFS( U9="MPR ISSUE","PDH", U9="BSS Hardware Issue","BSS", U9="Sites strategiques, MLL, Pylone, etc.","ENVTECH", U9="AKTIVCO DEFAUT GE & POWER Cabinet","AKTIVCO", U9="AKTIVCO Coupure ENEO & Baisse de tension","AKTIVCO GRID ONLY", U9="Coupure ENEO & Baisse de tension","IHS GRID ONLY", U9="Defaut GE & POWER Cabinet","IHS", U9="Sharing","Partners", U9="Sites strategiques & DataCenter","SST & DC", U9="Exclu","Exclu", U9="SAT","SAT", U9="SPARE-ISSUE","SPARE-ISSUE", U9="Fiber CAmtel","TRANS_FO_CAMTEL", U9="Fiber AOF","Fiber AOF", U9="Projet OCM (HUAWEI)","TRAVAUX-HUAWEI", U9="Projet OCM (NOKIA)","TRAVAUX-NOKIA", U9="ACCESS-ISSUE","ACCESS-ISSUE", U9="Projet OCM (ZTE, NOKIA, autres projets)","TRAVAUX OCM", U9="No root CAuse","No root cause", U9="ODU HS","PDH", U9="IP & VLAN","PDH", U9="Warehouse HUAWEI","SPARE-ISSUE", U9="SPARE-HS","SPARE-ISSUE", U9="Power Telco","BSS",U9="no impacts","no impacts" ),"")} -> AKTIVCO GRID ONLY | T9: {=IFERROR(_xlfn.IFS( U9="MPR ISSUE","TX ISSUE", U9="BSS Hardware Issue","RAN ISSUE", U9="Sites strategiques, MLL, Pylone, etc.","ENVTECH", U9="AKTIVCO DEFAUT GE & POWER Cabinet","POWER ISSUE", U9="AKTIVCO Coupure ENEO & Baisse de tension","POWER ISSUE", U9="Coupure ENEO & Baisse de tension","POWER ISSUE", U9="Defaut GE & POWER Cabinet","POWER ISSUE", U9="Sharing","POWER ISSUE", U9="Sites strategiques & DataCenter","POWER ISSUE", U9="Exclu","Exclu", U9="SAT","TX ISSUE", U9="SPARE-ISSUE","SPARE-ISSUE", U9="Fiber CAmtel","TX ISSUE", U9="Fiber AOF","TX ISSUE", U9="Projet OCM (HUAWEI)","TRAVAUX-HUAWEI", U9="Projet OCM (NOKIA)","TRAVAUX -NOKIA", U9="ACCESS-ISSUE","ACCESS-ISSUE", U9="Projet OCM (ZTE, NOKIA, autres projets)","TRAVAUX OCM", U9="No root CAuse","No root cause", U9="ODU HS","TX ISSUE", U9="IP & VLAN","TX ISSUE", U9="Warehouse HUAWEI","SPARE-ISSUE", U9="SPARE-HS","SPARE-ISSUE", U9="Power Telco","RAN ISSUE",U9="no impacts","no impacts" ),"")} -> POWER ISSUE | U9: AKTIVCO Coupure ENEO & Baisse de tension | V9: {=IFERROR(_xlfn.IFS( U9="MPR ISSUE","ACTIVE", U9="BSS Hardware Issue","ACTIVE", U9="Sites strategiques, MLL, Pylone, etc.","PASSIVE", U9="AKTIVCO DEFAUT GE & POWER Cabinet","PASSIVE", U9="AKTIVCO Coupure ENEO & Baisse de tension","PASSIVE", U9="Coupure ENEO & Baisse de tension","PASSIVE", U9="Defaut GE & POWER Cabinet","PASSIVE", U9="Sharing","PASSIVE", U9="Sites strategiques & DataCenter","PASSIVE", U9="Exclu","Exclu", U9="SAT","ACTIVE", U9="SPARE-ISSUE","SPARE-ISSUE", U9="Fiber CAmtel","ACTIVE", U9="Fiber AOF","ACTIVE", U9="Projet OCM (HUAWEI)","PLANNED WORKS", U9="Projet OCM (NOKIA)","PLANNED WORKS", U9="ACCESS-ISSUE","ACCESS-ISSUE", U9="Projet OCM (ZTE, NOKIA, autres projets)","PLANNED WORKS", U9="No root CAuse","No root cause", U9="ODU HS","ACTIVE", U9="IP & VLAN","ACTIVE", U9="Warehouse HUAWEI","SPARE-ISSUE", U9="SPARE-HS","SPARE-ISSUE", U9="Power Telco","ACTIVE", U9="no impacts","no impacts" ),"")} -> PASSIVE | W9: Grid outage et batterie frelon dechargee | X9: Awaiting Grid return (Escalade L4) | Z9: CAMUSAT | AA9: Ongoing | AB9: LIT_736_Z_Mboppi-New ,Grid outage et batterie frelon dechargee..(04/27/2026 top offenders):-26/04/2026 ENEO a fini les travaux dans la zone / Pas eu d'accès site pour diagnostiguer / site à l'interieur du marcher sans accès 24.04.26: Grid outage, Grid only site / Grid return awaited - Escalade L4 23.04.26: Grid outage, Grid only site / Grid return awaited - Escalade L4 23.04.26: Grid outage, Grid only site / Grid return awaited - Escalade L3..(04/27/2026 cell zte):-23/04/2026 : Site down..(04/27/2026 ocm ran 11h):-26/04/2026 ENEO a fini les travaux dans la zone / Pas eu d'accès site pour diagnostiguer / site à l'interieur du marcher sans accès 24.04.26: Grid outage, Grid only site / Grid return awaited - Escalade L4 23.04.26: Grid outage, Grid only site / Grid return awaited - Escalade L4 23.04.26: Grid outage, Grid only site / Grid return awaited - Escalade L3 | AC9: =_xlfn.XLOOKUP(B9,'INCIDENT-04-27-2026'!E:E,'INCIDENT-04-27-2026'!F:F,"") -> (04/27/2026 incident ) :impacted by LIT_736_Z_Mboppi-New ,Grid outage et batterie frelon dechargee || Actrion :installation de la betterie Frelon | AD9: LIT_736_Z_Mboppi-New ,Grid outage et batterie frelon dechargee | AE9: (04/27/2026 top offenders):-26/04/2026 ENEO a fini les travaux dans la zone / Pas eu d'accès site pour diagnostiguer / site à l'interieur du marcher sans accès 24.04.26: Grid outage, Grid only site / Grid return awaited - Escalade L4 23.04.26: Grid outage, Grid only site / Grid return awaited - Escalade L4 23.04.26: Grid outage, Grid only site / Grid return awaited - Escalade L3 | AF9: =_xlfn.XLOOKUP(B9,'[13]Input_27-04'!$B:$B,'[13]Input_27-04'!$M:$M,"") -> Grid outage, / grid return awaited | AI9: =_xlfn.XLOOKUP(B9,'[3]Cells Huawei 27042026 10h'!$B:$B,'[3]Cells Huawei 27042026 10h'!$T:$T,"") | AJ9: =_xlfn.XLOOKUP(B9,'[3]Cells Huawei 27042026 15h'!$B:$B,'[3]Cells Huawei 27042026 15h'!$T:$T,"") | AK9: =_xlfn.XLOOKUP(B9,'[4]cells down 27042026 11h28'!$B:$B,'[4]cells down 27042026 11h28'!$R:$R,"") | AL9: =_xlfn.XLOOKUP(B9,'[4]cells down 27042026 18h01'!$B:$B,'[4]cells down 27042026 18h01'!$R:$R,"") -> (04/27/2026 cell zte):-23/04/2026 : Site down | AM9: =_xlfn.XLOOKUP(B9,'[5]cell downs 27042026 11h'!$B:$B,'[5]cell downs 27042026 11h'!$R:$R,"") | AN9: =_xlfn.XLOOKUP(B9,'[5]cell downs 27042026 17h40'!$B:$B,'[5]cell downs 27042026 17h40'!$R:$R,"") | AO9: =_xlfn.XLOOKUP(B9,'[6]ALL SITES DOWN'!$D:$D,'[6]ALL SITES DOWN'!$J:$J,"") | AP9: =_xlfn.XLOOKUP(B9,'[7]ALL SITES DOWN'!$D:$D,'[7]ALL SITES DOWN'!$J:$J,"") -> (04/27/2026 ocm ran 11h):-26/04/2026 ENEO a fini les travaux dans la zone / Pas eu d'accès site pour diagnostiguer / site à l'interieur du marcher sans accès 24.04.26: Grid outage, Grid only site / Grid return awaited - Escalade L4 23.04.26: Grid outage, Grid only site / Grid return awaited - Escalade L4 23.04.26: Grid outage, Grid only site / Grid return awaited - Escalade L3 | AQ9: =_xlfn.XLOOKUP(B9,[8]sheet1!$AC:$AC,[8]sheet1!$AF:$AF,"") | AT9: =_xlfn.XLOOKUP(B9,'[9]cell downs 18042026 17h'!$B:$B,'[9]cell downs 18042026 17h'!$B:$B,"") | AU9: =_xlfn.XLOOKUP(B9,'[10]Cells Huawei 19042026 15h'!$B:$B,'[10]Cells Huawei 19042026 15h'!$B:$B,"") | AV9: =_xlfn.XLOOKUP(B9,'[11]cells down 19042026 9H40'!$B:$B,'[11]cells down 19042026 9H40'!$B:$B,"")
A10: PK5-Auberge | B10: LIT_647 | C10: =_xlfn.XLOOKUP(B10,'[1]daily break down'!$D:$D,'[1]daily break down'!$E:$E,"") -> Douala | D10: CAMUSAT | E10: Good Grid no GE - 12h | F10: LITTORAL | G10: Douala | H10: =_xlfn.XLOOKUP(B10,[2]CALCULATION!$B:$B,[2]CALCULATION!$H:$H,"") -> ZTE | I10: 27.34731 | J10: 43.775326 | K10: 12.738401 | L10: 22.509599 | M10: 21.703864 | N10: 9.2160984 | O10: 44.204366 | P10: REPETITIF | Q10: Operationnel | S10: {=IFERROR(_xlfn.IFS( U10="MPR ISSUE","PDH", U10="BSS Hardware Issue","BSS", U10="Sites strategiques, MLL, Pylone, etc.","ENVTECH", U10="AKTIVCO DEFAUT GE & POWER Cabinet","AKTIVCO", U10="AKTIVCO Coupure ENEO & Baisse de tension","AKTIVCO GRID ONLY", U10="Coupure ENEO & Baisse de tension","IHS GRID ONLY", U10="Defaut GE & POWER Cabinet","IHS", U10="Sharing","Partners", U10="Sites strategiques & DataCenter","SST & DC", U10="Exclu","Exclu", U10="SAT","SAT", U10="SPARE-ISSUE","SPARE-ISSUE", U10="Fiber CAmtel","TRANS_FO_CAMTEL", U10="Fiber AOF","Fiber AOF", U10="Projet OCM (HUAWEI)","TRAVAUX-HUAWEI", U10="Projet OCM (NOKIA)","TRAVAUX-NOKIA", U10="ACCESS-ISSUE","ACCESS-ISSUE", U10="Projet OCM (ZTE, NOKIA, autres projets)","TRAVAUX OCM", U10="No root CAuse","No root cause", U10="ODU HS","PDH", U10="IP & VLAN","PDH", U10="Warehouse HUAWEI","SPARE-ISSUE", U10="SPARE-HS","SPARE-ISSUE", U10="Power Telco","BSS",U10="no impacts","no impacts" ),"")} -> AKTIVCO GRID ONLY | T10: {=IFERROR(_xlfn.IFS( U10="MPR ISSUE","TX ISSUE", U10="BSS Hardware Issue","RAN ISSUE", U10="Sites strategiques, MLL, Pylone, etc.","ENVTECH", U10="AKTIVCO DEFAUT GE & POWER Cabinet","POWER ISSUE", U10="AKTIVCO Coupure ENEO & Baisse de tension","POWER ISSUE", U10="Coupure ENEO & Baisse de tension","POWER ISSUE", U10="Defaut GE & POWER Cabinet","POWER ISSUE", U10="Sharing","POWER ISSUE", U10="Sites strategiques & DataCenter","POWER ISSUE", U10="Exclu","Exclu", U10="SAT","TX ISSUE", U10="SPARE-ISSUE","SPARE-ISSUE", U10="Fiber CAmtel","TX ISSUE", U10="Fiber AOF","TX ISSUE", U10="Projet OCM (HUAWEI)","TRAVAUX-HUAWEI", U10="Projet OCM (NOKIA)","TRAVAUX -NOKIA", U10="ACCESS-ISSUE","ACCESS-ISSUE", U10="Projet OCM (ZTE, NOKIA, autres projets)","TRAVAUX OCM", U10="No root CAuse","No root cause", U10="ODU HS","TX ISSUE", U10="IP & VLAN","TX ISSUE", U10="Warehouse HUAWEI","SPARE-ISSUE", U10="SPARE-HS","SPARE-ISSUE", U10="Power Telco","RAN ISSUE",U10="no impacts","no impacts" ),"")} -> POWER ISSUE | U10: AKTIVCO Coupure ENEO & Baisse de tension | V10: {=IFERROR(_xlfn.IFS( U10="MPR ISSUE","ACTIVE", U10="BSS Hardware Issue","ACTIVE", U10="Sites strategiques, MLL, Pylone, etc.","PASSIVE", U10="AKTIVCO DEFAUT GE & POWER Cabinet","PASSIVE", U10="AKTIVCO Coupure ENEO & Baisse de tension","PASSIVE", U10="Coupure ENEO & Baisse de tension","PASSIVE", U10="Defaut GE & POWER Cabinet","PASSIVE", U10="Sharing","PASSIVE", U10="Sites strategiques & DataCenter","PASSIVE", U10="Exclu","Exclu", U10="SAT","ACTIVE", U10="SPARE-ISSUE","SPARE-ISSUE", U10="Fiber CAmtel","ACTIVE", U10="Fiber AOF","ACTIVE", U10="Projet OCM (HUAWEI)","PLANNED WORKS", U10="Projet OCM (NOKIA)","PLANNED WORKS", U10="ACCESS-ISSUE","ACCESS-ISSUE", U10="Projet OCM (ZTE, NOKIA, autres projets)","PLANNED WORKS", U10="No root CAuse","No root cause", U10="ODU HS","ACTIVE", U10="IP & VLAN","ACTIVE", U10="Warehouse HUAWEI","SPARE-ISSUE", U10="SPARE-HS","SPARE-ISSUE", U10="Power Telco","ACTIVE", U10="no impacts","no impacts" ),"")} -> PASSIVE | W10: Grid Outage | X10: Awaiting Grid return | Z10: CAMUSAT | AA10: Ongoing | AB10: (04/27/2026 top offenders):-power status check ongoing..(04/27/2026 ticket):-INC-20260427-00010172…2026-04-27 15:42:09…Grid outage and grid only site / Grid return awaited | AC10: =_xlfn.XLOOKUP(B10,'INCIDENT-04-27-2026'!E:E,'INCIDENT-04-27-2026'!F:F,"") | AE10: (04/27/2026 top offenders):-power status check ongoing | AF10: =_xlfn.XLOOKUP(B10,'[13]Input_27-04'!$B:$B,'[13]Input_27-04'!$M:$M,"") -> Grid outage, / grid return awaited | AI10: =_xlfn.XLOOKUP(B10,'[3]Cells Huawei 27042026 10h'!$B:$B,'[3]Cells Huawei 27042026 10h'!$T:$T,"") | AJ10: =_xlfn.XLOOKUP(B10,'[3]Cells Huawei 27042026 15h'!$B:$B,'[3]Cells Huawei 27042026 15h'!$T:$T,"") | AK10: =_xlfn.XLOOKUP(B10,'[4]cells down 27042026 11h28'!$B:$B,'[4]cells down 27042026 11h28'!$R:$R,"") | AL10: =_xlfn.XLOOKUP(B10,'[4]cells down 27042026 18h01'!$B:$B,'[4]cells down 27042026 18h01'!$R:$R,"") | AM10: =_xlfn.XLOOKUP(B10,'[5]cell downs 27042026 11h'!$B:$B,'[5]cell downs 27042026 11h'!$R:$R,"") | AN10: =_xlfn.XLOOKUP(B10,'[5]cell downs 27042026 17h40'!$B:$B,'[5]cell downs 27042026 17h40'!$R:$R,"") | AO10: =_xlfn.XLOOKUP(B10,'[6]ALL SITES DOWN'!$D:$D,'[6]ALL SITES DOWN'!$J:$J,"") | AP10: =_xlfn.XLOOKUP(B10,'[7]ALL SITES DOWN'!$D:$D,'[7]ALL SITES DOWN'!$J:$J,"") | AQ10: =_xlfn.XLOOKUP(B10,[8]sheet1!$AC:$AC,[8]sheet1!$AF:$AF,"") -> (04/27/2026 ticket):-INC-20260427-00010172…2026-04-27 15:42:09…Grid outage and grid only site / Grid return awaited | AT10: =_xlfn.XLOOKUP(B10,'[9]cell downs 18042026 17h'!$B:$B,'[9]cell downs 18042026 17h'!$B:$B,"") | AU10: =_xlfn.XLOOKUP(B10,'[10]Cells Huawei 19042026 15h'!$B:$B,'[10]Cells Huawei 19042026 15h'!$B:$B,"") | AV10: =_xlfn.XLOOKUP(B10,'[11]cells down 19042026 9H40'!$B:$B,'[11]cells down 19042026 9H40'!$B:$B,"") -> LIT_647
A11: SCDP-New | B11: LIT_739 | C11: =_xlfn.XLOOKUP(B11,'[1]daily break down'!$D:$D,'[1]daily break down'!$E:$E,"") -> Douala | D11: CAMUSAT | E11: Good Grid no GE - 8h | F11: LITTORAL | G11: Douala | H11: =_xlfn.XLOOKUP(B11,[2]CALCULATION!$B:$B,[2]CALCULATION!$H:$H,"") -> ZTE | I11: 0 | J11: 0 | K11: 0 | L11: 32.214896 | M11: 39.464391 | N11: 13.868557 | O11: 42.753162 | P11: REPETITIF | Q11: Operationnel | S11: {=IFERROR(_xlfn.IFS( U11="MPR ISSUE","PDH", U11="BSS Hardware Issue","BSS", U11="Sites strategiques, MLL, Pylone, etc.","ENVTECH", U11="AKTIVCO DEFAUT GE & POWER Cabinet","AKTIVCO", U11="AKTIVCO Coupure ENEO & Baisse de tension","AKTIVCO GRID ONLY", U11="Coupure ENEO & Baisse de tension","IHS GRID ONLY", U11="Defaut GE & POWER Cabinet","IHS", U11="Sharing","Partners", U11="Sites strategiques & DataCenter","SST & DC", U11="Exclu","Exclu", U11="SAT","SAT", U11="SPARE-ISSUE","SPARE-ISSUE", U11="Fiber CAmtel","TRANS_FO_CAMTEL", U11="Fiber AOF","Fiber AOF", U11="Projet OCM (HUAWEI)","TRAVAUX-HUAWEI", U11="Projet OCM (NOKIA)","TRAVAUX-NOKIA", U11="ACCESS-ISSUE","ACCESS-ISSUE", U11="Projet OCM (ZTE, NOKIA, autres projets)","TRAVAUX OCM", U11="No root CAuse","No root cause", U11="ODU HS","PDH", U11="IP & VLAN","PDH", U11="Warehouse HUAWEI","SPARE-ISSUE", U11="SPARE-HS","SPARE-ISSUE", U11="Power Telco","BSS",U11="no impacts","no impacts" ),"")} -> AKTIVCO GRID ONLY | T11: {=IFERROR(_xlfn.IFS( U11="MPR ISSUE","TX ISSUE", U11="BSS Hardware Issue","RAN ISSUE", U11="Sites strategiques, MLL, Pylone, etc.","ENVTECH", U11="AKTIVCO DEFAUT GE & POWER Cabinet","POWER ISSUE", U11="AKTIVCO Coupure ENEO & Baisse de tension","POWER ISSUE", U11="Coupure ENEO & Baisse de tension","POWER ISSUE", U11="Defaut GE & POWER Cabinet","POWER ISSUE", U11="Sharing","POWER ISSUE", U11="Sites strategiques & DataCenter","POWER ISSUE", U11="Exclu","Exclu", U11="SAT","TX ISSUE", U11="SPARE-ISSUE","SPARE-ISSUE", U11="Fiber CAmtel","TX ISSUE", U11="Fiber AOF","TX ISSUE", U11="Projet OCM (HUAWEI)","TRAVAUX-HUAWEI", U11="Projet OCM (NOKIA)","TRAVAUX -NOKIA", U11="ACCESS-ISSUE","ACCESS-ISSUE", U11="Projet OCM (ZTE, NOKIA, autres projets)","TRAVAUX OCM", U11="No root CAuse","No root cause", U11="ODU HS","TX ISSUE", U11="IP & VLAN","TX ISSUE", U11="Warehouse HUAWEI","SPARE-ISSUE", U11="SPARE-HS","SPARE-ISSUE", U11="Power Telco","RAN ISSUE",U11="no impacts","no impacts" ),"")} -> POWER ISSUE | U11: AKTIVCO Coupure ENEO & Baisse de tension | V11: {=IFERROR(_xlfn.IFS( U11="MPR ISSUE","ACTIVE", U11="BSS Hardware Issue","ACTIVE", U11="Sites strategiques, MLL, Pylone, etc.","PASSIVE", U11="AKTIVCO DEFAUT GE & POWER Cabinet","PASSIVE", U11="AKTIVCO Coupure ENEO & Baisse de tension","PASSIVE", U11="Coupure ENEO & Baisse de tension","PASSIVE", U11="Defaut GE & POWER Cabinet","PASSIVE", U11="Sharing","PASSIVE", U11="Sites strategiques & DataCenter","PASSIVE", U11="Exclu","Exclu", U11="SAT","ACTIVE", U11="SPARE-ISSUE","SPARE-ISSUE", U11="Fiber CAmtel","ACTIVE", U11="Fiber AOF","ACTIVE", U11="Projet OCM (HUAWEI)","PLANNED WORKS", U11="Projet OCM (NOKIA)","PLANNED WORKS", U11="ACCESS-ISSUE","ACCESS-ISSUE", U11="Projet OCM (ZTE, NOKIA, autres projets)","PLANNED WORKS", U11="No root CAuse","No root cause", U11="ODU HS","ACTIVE", U11="IP & VLAN","ACTIVE", U11="Warehouse HUAWEI","SPARE-ISSUE", U11="SPARE-HS","SPARE-ISSUE", U11="Power Telco","ACTIVE", U11="no impacts","no impacts" ),"")} -> PASSIVE | W11: Grid outage grid only site | X11: Awaiting Grid return | Z11: CAMUSAT | AA11: Ongoing | AB11: (04/27/2026 top offenders):-27/04/2026 FME activé ETA=12H UTC 26/04/2026 Pas d'accès au site / situé dans un batiment commercial / Intervention prevue pour demain 25/04/2026 Camusat: Grid outage grid only site / awaiting grid return..(04/27/2026 ocm ran 11h):-27/04/2026 FME activé ETA=12H UTC 26/04/2026 Pas d'accès au site / situé dans un batiment commercial / Intervention prevue pour demain 25/04/2026 Camusat: Grid outage grid only site / awaiting grid return | AC11: =_xlfn.XLOOKUP(B11,'INCIDENT-04-27-2026'!E:E,'INCIDENT-04-27-2026'!F:F,"") | AE11: (04/27/2026 top offenders):-27/04/2026 FME activé ETA=12H UTC 26/04/2026 Pas d'accès au site / situé dans un batiment commercial / Intervention prevue pour demain 25/04/2026 Camusat: Grid outage grid only site / awaiting grid return | AF11: =_xlfn.XLOOKUP(B11,'[13]Input_27-04'!$B:$B,'[13]Input_27-04'!$M:$M,"") -> Grid outage, / grid return awaited | AI11: =_xlfn.XLOOKUP(B11,'[3]Cells Huawei 27042026 10h'!$B:$B,'[3]Cells Huawei 27042026 10h'!$T:$T,"") | AJ11: =_xlfn.XLOOKUP(B11,'[3]Cells Huawei 27042026 15h'!$B:$B,'[3]Cells Huawei 27042026 15h'!$T:$T,"") | AK11: =_xlfn.XLOOKUP(B11,'[4]cells down 27042026 11h28'!$B:$B,'[4]cells down 27042026 11h28'!$R:$R,"") | AL11: =_xlfn.XLOOKUP(B11,'[4]cells down 27042026 18h01'!$B:$B,'[4]cells down 27042026 18h01'!$R:$R,"") | AM11: =_xlfn.XLOOKUP(B11,'[5]cell downs 27042026 11h'!$B:$B,'[5]cell downs 27042026 11h'!$R:$R,"") | AN11: =_xlfn.XLOOKUP(B11,'[5]cell downs 27042026 17h40'!$B:$B,'[5]cell downs 27042026 17h40'!$R:$R,"") | AO11: =_xlfn.XLOOKUP(B11,'[6]ALL SITES DOWN'!$D:$D,'[6]ALL SITES DOWN'!$J:$J,"") | AP11: =_xlfn.XLOOKUP(B11,'[7]ALL SITES DOWN'!$D:$D,'[7]ALL SITES DOWN'!$J:$J,"") -> (04/27/2026 ocm ran 11h):-27/04/2026 FME activé ETA=12H UTC 26/04/2026 Pas d'accès au site / situé dans un batiment commercial / Intervention prevue pour demain 25/04/2026 Camusat: Grid outage grid only site / awaiting grid return | AQ11: =_xlfn.XLOOKUP(B11,[8]sheet1!$AC:$AC,[8]sheet1!$AF:$AF,"") | AT11: =_xlfn.XLOOKUP(B11,'[9]cell downs 18042026 17h'!$B:$B,'[9]cell downs 18042026 17h'!$B:$B,"") | AU11: =_xlfn.XLOOKUP(B11,'[10]Cells Huawei 19042026 15h'!$B:$B,'[10]Cells Huawei 19042026 15h'!$B:$B,"") | AV11: =_xlfn.XLOOKUP(B11,'[11]cells down 19042026 9H40'!$B:$B,'[11]cells down 19042026 9H40'!$B:$B,"")
A12: Bepanda | B12: LIT_050 | C12: =_xlfn.XLOOKUP(B12,'[1]daily break down'!$D:$D,'[1]daily break down'!$E:$E,"") -> Douala | D12: IHS | E12: GridOnly | F12: LITTORAL | G12: Douala | H12: =_xlfn.XLOOKUP(B12,[2]CALCULATION!$B:$B,[2]CALCULATION!$H:$H,"") -> ZTE | I12: 0 | J12: 0.00042804188 | K12: 0 | L12: 0 | M12: 9.2910592 | N12: 0 | O12: 42.139011 | P12: REPETITIF | Q12: Operationnel | S12: {=IFERROR(_xlfn.IFS( U12="MPR ISSUE","PDH", U12="BSS Hardware Issue","BSS", U12="Sites strategiques, MLL, Pylone, etc.","ENVTECH", U12="AKTIVCO DEFAUT GE & POWER Cabinet","AKTIVCO", U12="AKTIVCO Coupure ENEO & Baisse de tension","AKTIVCO GRID ONLY", U12="Coupure ENEO & Baisse de tension","IHS GRID ONLY", U12="Defaut GE & POWER Cabinet","IHS", U12="Sharing","Partners", U12="Sites strategiques & DataCenter","SST & DC", U12="Exclu","Exclu", U12="SAT","SAT", U12="SPARE-ISSUE","SPARE-ISSUE", U12="Fiber CAmtel","TRANS_FO_CAMTEL", U12="Fiber AOF","Fiber AOF", U12="Projet OCM (HUAWEI)","TRAVAUX-HUAWEI", U12="Projet OCM (NOKIA)","TRAVAUX-NOKIA", U12="ACCESS-ISSUE","ACCESS-ISSUE", U12="Projet OCM (ZTE, NOKIA, autres projets)","TRAVAUX OCM", U12="No root CAuse","No root cause", U12="ODU HS","PDH", U12="IP & VLAN","PDH", U12="Warehouse HUAWEI","SPARE-ISSUE", U12="SPARE-HS","SPARE-ISSUE", U12="Power Telco","BSS",U12="no impacts","no impacts" ),"")} -> IHS GRID ONLY | T12: {=IFERROR(_xlfn.IFS( U12="MPR ISSUE","TX ISSUE", U12="BSS Hardware Issue","RAN ISSUE", U12="Sites strategiques, MLL, Pylone, etc.","ENVTECH", U12="AKTIVCO DEFAUT GE & POWER Cabinet","POWER ISSUE", U12="AKTIVCO Coupure ENEO & Baisse de tension","POWER ISSUE", U12="Coupure ENEO & Baisse de tension","POWER ISSUE", U12="Defaut GE & POWER Cabinet","POWER ISSUE", U12="Sharing","POWER ISSUE", U12="Sites strategiques & DataCenter","POWER ISSUE", U12="Exclu","Exclu", U12="SAT","TX ISSUE", U12="SPARE-ISSUE","SPARE-ISSUE", U12="Fiber CAmtel","TX ISSUE", U12="Fiber AOF","TX ISSUE", U12="Projet OCM (HUAWEI)","TRAVAUX-HUAWEI", U12="Projet OCM (NOKIA)","TRAVAUX -NOKIA", U12="ACCESS-ISSUE","ACCESS-ISSUE", U12="Projet OCM (ZTE, NOKIA, autres projets)","TRAVAUX OCM", U12="No root CAuse","No root cause", U12="ODU HS","TX ISSUE", U12="IP & VLAN","TX ISSUE", U12="Warehouse HUAWEI","SPARE-ISSUE", U12="SPARE-HS","SPARE-ISSUE", U12="Power Telco","RAN ISSUE",U12="no impacts","no impacts" ),"")} -> POWER ISSUE | U12: Coupure ENEO & Baisse de tension | V12: {=IFERROR(_xlfn.IFS( U12="MPR ISSUE","ACTIVE", U12="BSS Hardware Issue","ACTIVE", U12="Sites strategiques, MLL, Pylone, etc.","PASSIVE", U12="AKTIVCO DEFAUT GE & POWER Cabinet","PASSIVE", U12="AKTIVCO Coupure ENEO & Baisse de tension","PASSIVE", U12="Coupure ENEO & Baisse de tension","PASSIVE", U12="Defaut GE & POWER Cabinet","PASSIVE", U12="Sharing","PASSIVE", U12="Sites strategiques & DataCenter","PASSIVE", U12="Exclu","Exclu", U12="SAT","ACTIVE", U12="SPARE-ISSUE","SPARE-ISSUE", U12="Fiber CAmtel","ACTIVE", U12="Fiber AOF","ACTIVE", U12="Projet OCM (HUAWEI)","PLANNED WORKS", U12="Projet OCM (NOKIA)","PLANNED WORKS", U12="ACCESS-ISSUE","ACCESS-ISSUE", U12="Projet OCM (ZTE, NOKIA, autres projets)","PLANNED WORKS", U12="No root CAuse","No root cause", U12="ODU HS","ACTIVE", U12="IP & VLAN","ACTIVE", U12="Warehouse HUAWEI","SPARE-ISSUE", U12="SPARE-HS","SPARE-ISSUE", U12="Power Telco","ACTIVE", U12="no impacts","no impacts" ),"")} -> PASSIVE | W12: Grid outage | X12: Awaiting Grid return | Z12: HIS | AA12: Ongoing | AB12: (04/27/2026 top offenders):-27/04/2026 Grid outage // awaiting grid returned..(04/27/2026 cell zte):-27/04/2026 : Besoin d'analyse BO RAN..(04/27/2026 cell zte):-27/04/2026 : Besoin d'analyse BO RAN || Site down..(04/27/2026 ocm ran 17h):-27/04/2026 Grid outage // awaiting grid returned..(04/27/2026 ocm ran 11h):-27/04/2026 Grid outage // awaiting grid returned..(04/27/2026 ticket):-INC-20260427-00002349…2026-04-27 05:45:55…Grid outage // awaiting grid returned | AC12: =_xlfn.XLOOKUP(B12,'INCIDENT-04-27-2026'!E:E,'INCIDENT-04-27-2026'!F:F,"") | AE12: (04/27/2026 top offenders):-27/04/2026 Grid outage // awaiting grid returned | AF12: =_xlfn.XLOOKUP(B12,'[13]Input_27-04'!$B:$B,'[13]Input_27-04'!$M:$M,"") | AI12: =_xlfn.XLOOKUP(B12,'[3]Cells Huawei 27042026 10h'!$B:$B,'[3]Cells Huawei 27042026 10h'!$T:$T,"") | AJ12: =_xlfn.XLOOKUP(B12,'[3]Cells Huawei 27042026 15h'!$B:$B,'[3]Cells Huawei 27042026 15h'!$T:$T,"") | AK12: =_xlfn.XLOOKUP(B12,'[4]cells down 27042026 11h28'!$B:$B,'[4]cells down 27042026 11h28'!$R:$R,"") -> (04/27/2026 cell zte):-27/04/2026 : Besoin d'analyse BO RAN | AL12: =_xlfn.XLOOKUP(B12,'[4]cells down 27042026 18h01'!$B:$B,'[4]cells down 27042026 18h01'!$R:$R,"") -> (04/27/2026 cell zte):-27/04/2026 : Besoin d'analyse BO RAN || Site down | AM12: =_xlfn.XLOOKUP(B12,'[5]cell downs 27042026 11h'!$B:$B,'[5]cell downs 27042026 11h'!$R:$R,"") | AN12: =_xlfn.XLOOKUP(B12,'[5]cell downs 27042026 17h40'!$B:$B,'[5]cell downs 27042026 17h40'!$R:$R,"") | AO12: =_xlfn.XLOOKUP(B12,'[6]ALL SITES DOWN'!$D:$D,'[6]ALL SITES DOWN'!$J:$J,"") -> (04/27/2026 ocm ran 17h):-27/04/2026 Grid outage // awaiting grid returned | AP12: =_xlfn.XLOOKUP(B12,'[7]ALL SITES DOWN'!$D:$D,'[7]ALL SITES DOWN'!$J:$J,"") -> (04/27/2026 ocm ran 11h):-27/04/2026 Grid outage // awaiting grid returned | AQ12: =_xlfn.XLOOKUP(B12,[8]sheet1!$AC:$AC,[8]sheet1!$AF:$AF,"") -> (04/27/2026 ticket):-INC-20260427-00002349…2026-04-27 05:45:55…Grid outage // awaiting grid returned | AT12: =_xlfn.XLOOKUP(B12,'[9]cell downs 18042026 17h'!$B:$B,'[9]cell downs 18042026 17h'!$B:$B,"") | AU12: =_xlfn.XLOOKUP(B12,'[10]Cells Huawei 19042026 15h'!$B:$B,'[10]Cells Huawei 19042026 15h'!$B:$B,"") | AV12: =_xlfn.XLOOKUP(B12,'[11]cells down 19042026 9H40'!$B:$B,'[11]cells down 19042026 9H40'!$B:$B,"")
A13: Buca-Voyage | B13: LIT_616 | C13: =_xlfn.XLOOKUP(B13,'[1]daily break down'!$D:$D,'[1]daily break down'!$E:$E,"") -> Douala | D13: CAMUSAT | E13: Good Grid no GE - 8h | F13: LITTORAL | G13: Douala | H13: =_xlfn.XLOOKUP(B13,[2]CALCULATION!$B:$B,[2]CALCULATION!$H:$H,"") -> ZTE | I13: 1.2603693 | J13: 7.081614 | K13: 0 | L13: 1.2555895 | M13: 0 | N13: 12.586054 | O13: 37.365381 | P13: REPETITIF | Q13: Operationnel | S13: {=IFERROR(_xlfn.IFS( U13="MPR ISSUE","PDH", U13="BSS Hardware Issue","BSS", U13="Sites strategiques, MLL, Pylone, etc.","ENVTECH", U13="AKTIVCO DEFAUT GE & POWER Cabinet","AKTIVCO", U13="AKTIVCO Coupure ENEO & Baisse de tension","AKTIVCO GRID ONLY", U13="Coupure ENEO & Baisse de tension","IHS GRID ONLY", U13="Defaut GE & POWER Cabinet","IHS", U13="Sharing","Partners", U13="Sites strategiques & DataCenter","SST & DC", U13="Exclu","Exclu", U13="SAT","SAT", U13="SPARE-ISSUE","SPARE-ISSUE", U13="Fiber CAmtel","TRANS_FO_CAMTEL", U13="Fiber AOF","Fiber AOF", U13="Projet OCM (HUAWEI)","TRAVAUX-HUAWEI", U13="Projet OCM (NOKIA)","TRAVAUX-NOKIA", U13="ACCESS-ISSUE","ACCESS-ISSUE", U13="Projet OCM (ZTE, NOKIA, autres projets)","TRAVAUX OCM", U13="No root CAuse","No root cause", U13="ODU HS","PDH", U13="IP & VLAN","PDH", U13="Warehouse HUAWEI","SPARE-ISSUE", U13="SPARE-HS","SPARE-ISSUE", U13="Power Telco","BSS",U13="no impacts","no impacts" ),"")} -> AKTIVCO GRID ONLY | T13: {=IFERROR(_xlfn.IFS( U13="MPR ISSUE","TX ISSUE", U13="BSS Hardware Issue","RAN ISSUE", U13="Sites strategiques, MLL, Pylone, etc.","ENVTECH", U13="AKTIVCO DEFAUT GE & POWER Cabinet","POWER ISSUE", U13="AKTIVCO Coupure ENEO & Baisse de tension","POWER ISSUE", U13="Coupure ENEO & Baisse de tension","POWER ISSUE", U13="Defaut GE & POWER Cabinet","POWER ISSUE", U13="Sharing","POWER ISSUE", U13="Sites strategiques & DataCenter","POWER ISSUE", U13="Exclu","Exclu", U13="SAT","TX ISSUE", U13="SPARE-ISSUE","SPARE-ISSUE", U13="Fiber CAmtel","TX ISSUE", U13="Fiber AOF","TX ISSUE", U13="Projet OCM (HUAWEI)","TRAVAUX-HUAWEI", U13="Projet OCM (NOKIA)","TRAVAUX -NOKIA", U13="ACCESS-ISSUE","ACCESS-ISSUE", U13="Projet OCM (ZTE, NOKIA, autres projets)","TRAVAUX OCM", U13="No root CAuse","No root cause", U13="ODU HS","TX ISSUE", U13="IP & VLAN","TX ISSUE", U13="Warehouse HUAWEI","SPARE-ISSUE", U13="SPARE-HS","SPARE-ISSUE", U13="Power Telco","RAN ISSUE",U13="no impacts","no impacts" ),"")} -> POWER ISSUE | U13: AKTIVCO Coupure ENEO & Baisse de tension | V13: {=IFERROR(_xlfn.IFS( U13="MPR ISSUE","ACTIVE", U13="BSS Hardware Issue","ACTIVE", U13="Sites strategiques, MLL, Pylone, etc.","PASSIVE", U13="AKTIVCO DEFAUT GE & POWER Cabinet","PASSIVE", U13="AKTIVCO Coupure ENEO & Baisse de tension","PASSIVE", U13="Coupure ENEO & Baisse de tension","PASSIVE", U13="Defaut GE & POWER Cabinet","PASSIVE", U13="Sharing","PASSIVE", U13="Sites strategiques & DataCenter","PASSIVE", U13="Exclu","Exclu", U13="SAT","ACTIVE", U13="SPARE-ISSUE","SPARE-ISSUE", U13="Fiber CAmtel","ACTIVE", U13="Fiber AOF","ACTIVE", U13="Projet OCM (HUAWEI)","PLANNED WORKS", U13="Projet OCM (NOKIA)","PLANNED WORKS", U13="ACCESS-ISSUE","ACCESS-ISSUE", U13="Projet OCM (ZTE, NOKIA, autres projets)","PLANNED WORKS", U13="No root CAuse","No root cause", U13="ODU HS","ACTIVE", U13="IP & VLAN","ACTIVE", U13="Warehouse HUAWEI","SPARE-ISSUE", U13="SPARE-HS","SPARE-ISSUE", U13="Power Telco","ACTIVE", U13="no impacts","no impacts" ),"")} -> PASSIVE | W13: Grid outage and grid only site | X13: Awaiting Grid return | Z13: CAMUSAT | AA13: Ongoing | AB13: (04/27/2026 top offenders):-27/04/2026 : Besoin d'analyse BO RAN..(04/27/2026 cell zte):-27/04/2026 : Besoin d'analyse BO RAN..(04/27/2026 ocm ran 17h):-27/04/2026 Grid outage and grid only site / Grid return awaited..(04/27/2026 ticket):-INC-20260427-00009868…2026-04-27 15:35:03… Grid outage and grid only site / Grid return awaited | AC13: =_xlfn.XLOOKUP(B13,'INCIDENT-04-27-2026'!E:E,'INCIDENT-04-27-2026'!F:F,"") | AE13: (04/27/2026 top offenders):-27/04/2026 : Besoin d'analyse BO RAN | AF13: =_xlfn.XLOOKUP(B13,'[13]Input_27-04'!$B:$B,'[13]Input_27-04'!$M:$M,"") -> Grid outage, / grid return awaited | AI13: =_xlfn.XLOOKUP(B13,'[3]Cells Huawei 27042026 10h'!$B:$B,'[3]Cells Huawei 27042026 10h'!$T:$T,"") | AJ13: =_xlfn.XLOOKUP(B13,'[3]Cells Huawei 27042026 15h'!$B:$B,'[3]Cells Huawei 27042026 15h'!$T:$T,"") | AK13: =_xlfn.XLOOKUP(B13,'[4]cells down 27042026 11h28'!$B:$B,'[4]cells down 27042026 11h28'!$R:$R,"") -> (04/27/2026 cell zte):-27/04/2026 : Besoin d'analyse BO RAN | AL13: =_xlfn.XLOOKUP(B13,'[4]cells down 27042026 18h01'!$B:$B,'[4]cells down 27042026 18h01'!$R:$R,"") | AM13: =_xlfn.XLOOKUP(B13,'[5]cell downs 27042026 11h'!$B:$B,'[5]cell downs 27042026 11h'!$R:$R,"") | AN13: =_xlfn.XLOOKUP(B13,'[5]cell downs 27042026 17h40'!$B:$B,'[5]cell downs 27042026 17h40'!$R:$R,"") | AO13: =_xlfn.XLOOKUP(B13,'[6]ALL SITES DOWN'!$D:$D,'[6]ALL SITES DOWN'!$J:$J,"") -> (04/27/2026 ocm ran 17h):-27/04/2026 Grid outage and grid only site / Grid return awaited | AP13: =_xlfn.XLOOKUP(B13,'[7]ALL SITES DOWN'!$D:$D,'[7]ALL SITES DOWN'!$J:$J,"") | AQ13: =_xlfn.XLOOKUP(B13,[8]sheet1!$AC:$AC,[8]sheet1!$AF:$AF,"") -> (04/27/2026 ticket):-INC-20260427-00009868…2026-04-27 15:35:03… Grid outage and grid only site / Grid return awaited | AT13: =_xlfn.XLOOKUP(B13,'[9]cell downs 18042026 17h'!$B:$B,'[9]cell downs 18042026 17h'!$B:$B,"") | AU13: =_xlfn.XLOOKUP(B13,'[10]Cells Huawei 19042026 15h'!$B:$B,'[10]Cells Huawei 19042026 15h'!$B:$B,"") | AV13: =_xlfn.XLOOKUP(B13,'[11]cells down 19042026 9H40'!$B:$B,'[11]cells down 19042026 9H40'!$B:$B,"")
A14: Lada | B14: CTR_667 | C14: =_xlfn.XLOOKUP(B14,'[1]daily break down'!$D:$D,'[1]daily break down'!$E:$E,"") -> Yaounde | D14: CAMUSAT | E14: Bad Grid + Solar + GE | F14: CENTRE | G14: Lada | H14: =_xlfn.XLOOKUP(B14,[2]CALCULATION!$B:$B,[2]CALCULATION!$H:$H,"") -> ZTE | I14: 36.982818 | J14: 36.982604 | K14: 36.982676 | L14: 36.982818 | M14: 36.982818 | N14: 36.982729 | O14: 36.982818 | P14: REPETITIF | Q14: Operationnel | S14: {=IFERROR(_xlfn.IFS( U14="MPR ISSUE","PDH", U14="BSS Hardware Issue","BSS", U14="Sites strategiques, MLL, Pylone, etc.","ENVTECH", U14="AKTIVCO DEFAUT GE & POWER Cabinet","AKTIVCO", U14="AKTIVCO Coupure ENEO & Baisse de tension","AKTIVCO GRID ONLY", U14="Coupure ENEO & Baisse de tension","IHS GRID ONLY", U14="Defaut GE & POWER Cabinet","IHS", U14="Sharing","Partners", U14="Sites strategiques & DataCenter","SST & DC", U14="Exclu","Exclu", U14="SAT","SAT", U14="SPARE-ISSUE","SPARE-ISSUE", U14="Fiber CAmtel","TRANS_FO_CAMTEL", U14="Fiber AOF","Fiber AOF", U14="Projet OCM (HUAWEI)","TRAVAUX-HUAWEI", U14="Projet OCM (NOKIA)","TRAVAUX-NOKIA", U14="ACCESS-ISSUE","ACCESS-ISSUE", U14="Projet OCM (ZTE, NOKIA, autres projets)","TRAVAUX OCM", U14="No root CAuse","No root cause", U14="ODU HS","PDH", U14="IP & VLAN","PDH", U14="Warehouse HUAWEI","SPARE-ISSUE", U14="SPARE-HS","SPARE-ISSUE", U14="Power Telco","BSS",U14="no impacts","no impacts" ),"")} -> No root cause | T14: {=IFERROR(_xlfn.IFS( U14="MPR ISSUE","TX ISSUE", U14="BSS Hardware Issue","RAN ISSUE", U14="Sites strategiques, MLL, Pylone, etc.","ENVTECH", U14="AKTIVCO DEFAUT GE & POWER Cabinet","POWER ISSUE", U14="AKTIVCO Coupure ENEO & Baisse de tension","POWER ISSUE", U14="Coupure ENEO & Baisse de tension","POWER ISSUE", U14="Defaut GE & POWER Cabinet","POWER ISSUE", U14="Sharing","POWER ISSUE", U14="Sites strategiques & DataCenter","POWER ISSUE", U14="Exclu","Exclu", U14="SAT","TX ISSUE", U14="SPARE-ISSUE","SPARE-ISSUE", U14="Fiber CAmtel","TX ISSUE", U14="Fiber AOF","TX ISSUE", U14="Projet OCM (HUAWEI)","TRAVAUX-HUAWEI", U14="Projet OCM (NOKIA)","TRAVAUX -NOKIA", U14="ACCESS-ISSUE","ACCESS-ISSUE", U14="Projet OCM (ZTE, NOKIA, autres projets)","TRAVAUX OCM", U14="No root CAuse","No root cause", U14="ODU HS","TX ISSUE", U14="IP & VLAN","TX ISSUE", U14="Warehouse HUAWEI","SPARE-ISSUE", U14="SPARE-HS","SPARE-ISSUE", U14="Power Telco","RAN ISSUE",U14="no impacts","no impacts" ),"")} -> No root cause | U14: no root cause | V14: {=IFERROR(_xlfn.IFS( U14="MPR ISSUE","ACTIVE", U14="BSS Hardware Issue","ACTIVE", U14="Sites strategiques, MLL, Pylone, etc.","PASSIVE", U14="AKTIVCO DEFAUT GE & POWER Cabinet","PASSIVE", U14="AKTIVCO Coupure ENEO & Baisse de tension","PASSIVE", U14="Coupure ENEO & Baisse de tension","PASSIVE", U14="Defaut GE & POWER Cabinet","PASSIVE", U14="Sharing","PASSIVE", U14="Sites strategiques & DataCenter","PASSIVE", U14="Exclu","Exclu", U14="SAT","ACTIVE", U14="SPARE-ISSUE","SPARE-ISSUE", U14="Fiber CAmtel","ACTIVE", U14="Fiber AOF","ACTIVE", U14="Projet OCM (HUAWEI)","PLANNED WORKS", U14="Projet OCM (NOKIA)","PLANNED WORKS", U14="ACCESS-ISSUE","ACCESS-ISSUE", U14="Projet OCM (ZTE, NOKIA, autres projets)","PLANNED WORKS", U14="No root CAuse","No root cause", U14="ODU HS","ACTIVE", U14="IP & VLAN","ACTIVE", U14="Warehouse HUAWEI","SPARE-ISSUE", U14="SPARE-HS","SPARE-ISSUE", U14="Power Telco","ACTIVE", U14="no impacts","no impacts" ),"")} -> No root cause | W14: chercher | AB14: (04/27/2026 top offenders): | AC14: =_xlfn.XLOOKUP(B14,'INCIDENT-04-27-2026'!E:E,'INCIDENT-04-27-2026'!F:F,"") | AE14: (04/27/2026 top offenders): | AF14: =_xlfn.XLOOKUP(B14,'[13]Input_27-04'!$B:$B,'[13]Input_27-04'!$M:$M,"") -> No power issue | AI14: =_xlfn.XLOOKUP(B14,'[3]Cells Huawei 27042026 10h'!$B:$B,'[3]Cells Huawei 27042026 10h'!$T:$T,"") | AJ14: =_xlfn.XLOOKUP(B14,'[3]Cells Huawei 27042026 15h'!$B:$B,'[3]Cells Huawei 27042026 15h'!$T:$T,"") | AK14: =_xlfn.XLOOKUP(B14,'[4]cells down 27042026 11h28'!$B:$B,'[4]cells down 27042026 11h28'!$R:$R,"") | AM14: =_xlfn.XLOOKUP(B14,'[5]cell downs 27042026 11h'!$B:$B,'[5]cell downs 27042026 11h'!$R:$R,"") | AN14: =_xlfn.XLOOKUP(B14,'[5]cell downs 27042026 17h40'!$B:$B,'[5]cell downs 27042026 17h40'!$R:$R,"") | AO14: =_xlfn.XLOOKUP(B14,'[6]ALL SITES DOWN'!$D:$D,'[6]ALL SITES DOWN'!$J:$J,"") | AP14: =_xlfn.XLOOKUP(B14,'[7]ALL SITES DOWN'!$D:$D,'[7]ALL SITES DOWN'!$J:$J,"") | AQ14: =_xlfn.XLOOKUP(B14,[8]sheet1!$AC:$AC,[8]sheet1!$AF:$AF,"") | AT14: =_xlfn.XLOOKUP(B14,'[9]cell downs 18042026 17h'!$B:$B,'[9]cell downs 18042026 17h'!$B:$B,"") | AU14: =_xlfn.XLOOKUP(B14,'[10]Cells Huawei 19042026 15h'!$B:$B,'[10]Cells Huawei 19042026 15h'!$B:$B,"") | AV14: =_xlfn.XLOOKUP(B14,'[11]cells down 19042026 9H40'!$B:$B,'[11]cells down 19042026 9H40'!$B:$B,"")
A15: Marche-Congo | B15: LIT_547 | C15: =_xlfn.XLOOKUP(B15,'[1]daily break down'!$D:$D,'[1]daily break down'!$E:$E,"") -> Douala | D15: CAMUSAT | E15: Good Grid no GE - 8h | F15: LITTORAL | G15: Douala | H15: =_xlfn.XLOOKUP(B15,[2]CALCULATION!$B:$B,[2]CALCULATION!$H:$H,"") -> ZTE | I15: 0 | J15: 0 | K15: 0 | L15: 37.457731 | M15: 16.595933 | N15: 13.868557 | O15: 36.324419 | P15: REPETITIF | Q15: Operationnel | S15: {=IFERROR(_xlfn.IFS( U15="MPR ISSUE","PDH", U15="BSS Hardware Issue","BSS", U15="Sites strategiques, MLL, Pylone, etc.","ENVTECH", U15="AKTIVCO DEFAUT GE & POWER Cabinet","AKTIVCO", U15="AKTIVCO Coupure ENEO & Baisse de tension","AKTIVCO GRID ONLY", U15="Coupure ENEO & Baisse de tension","IHS GRID ONLY", U15="Defaut GE & POWER Cabinet","IHS", U15="Sharing","Partners", U15="Sites strategiques & DataCenter","SST & DC", U15="Exclu","Exclu", U15="SAT","SAT", U15="SPARE-ISSUE","SPARE-ISSUE", U15="Fiber CAmtel","TRANS_FO_CAMTEL", U15="Fiber AOF","Fiber AOF", U15="Projet OCM (HUAWEI)","TRAVAUX-HUAWEI", U15="Projet OCM (NOKIA)","TRAVAUX-NOKIA", U15="ACCESS-ISSUE","ACCESS-ISSUE", U15="Projet OCM (ZTE, NOKIA, autres projets)","TRAVAUX OCM", U15="No root CAuse","No root cause", U15="ODU HS","PDH", U15="IP & VLAN","PDH", U15="Warehouse HUAWEI","SPARE-ISSUE", U15="SPARE-HS","SPARE-ISSUE", U15="Power Telco","BSS",U15="no impacts","no impacts" ),"")} -> No root cause | T15: {=IFERROR(_xlfn.IFS( U15="MPR ISSUE","TX ISSUE", U15="BSS Hardware Issue","RAN ISSUE", U15="Sites strategiques, MLL, Pylone, etc.","ENVTECH", U15="AKTIVCO DEFAUT GE & POWER Cabinet","POWER ISSUE", U15="AKTIVCO Coupure ENEO & Baisse de tension","POWER ISSUE", U15="Coupure ENEO & Baisse de tension","POWER ISSUE", U15="Defaut GE & POWER Cabinet","POWER ISSUE", U15="Sharing","POWER ISSUE", U15="Sites strategiques & DataCenter","POWER ISSUE", U15="Exclu","Exclu", U15="SAT","TX ISSUE", U15="SPARE-ISSUE","SPARE-ISSUE", U15="Fiber CAmtel","TX ISSUE", U15="Fiber AOF","TX ISSUE", U15="Projet OCM (HUAWEI)","TRAVAUX-HUAWEI", U15="Projet OCM (NOKIA)","TRAVAUX -NOKIA", U15="ACCESS-ISSUE","ACCESS-ISSUE", U15="Projet OCM (ZTE, NOKIA, autres projets)","TRAVAUX OCM", U15="No root CAuse","No root cause", U15="ODU HS","TX ISSUE", U15="IP & VLAN","TX ISSUE", U15="Warehouse HUAWEI","SPARE-ISSUE", U15="SPARE-HS","SPARE-ISSUE", U15="Power Telco","RAN ISSUE",U15="no impacts","no impacts" ),"")} -> No root cause | U15: no root cause | V15: {=IFERROR(_xlfn.IFS( U15="MPR ISSUE","ACTIVE", U15="BSS Hardware Issue","ACTIVE", U15="Sites strategiques, MLL, Pylone, etc.","PASSIVE", U15="AKTIVCO DEFAUT GE & POWER Cabinet","PASSIVE", U15="AKTIVCO Coupure ENEO & Baisse de tension","PASSIVE", U15="Coupure ENEO & Baisse de tension","PASSIVE", U15="Defaut GE & POWER Cabinet","PASSIVE", U15="Sharing","PASSIVE", U15="Sites strategiques & DataCenter","PASSIVE", U15="Exclu","Exclu", U15="SAT","ACTIVE", U15="SPARE-ISSUE","SPARE-ISSUE", U15="Fiber CAmtel","ACTIVE", U15="Fiber AOF","ACTIVE", U15="Projet OCM (HUAWEI)","PLANNED WORKS", U15="Projet OCM (NOKIA)","PLANNED WORKS", U15="ACCESS-ISSUE","ACCESS-ISSUE", U15="Projet OCM (ZTE, NOKIA, autres projets)","PLANNED WORKS", U15="No root CAuse","No root cause", U15="ODU HS","ACTIVE", U15="IP & VLAN","ACTIVE", U15="Warehouse HUAWEI","SPARE-ISSUE", U15="SPARE-HS","SPARE-ISSUE", U15="Power Telco","ACTIVE", U15="no impacts","no impacts" ),"")} -> No root cause | W15: Impacted by LIT_126_Z_Bonadibong(LIT-126) | AB15: (04/27/2026 top offenders):-26/04/2026 Impacté par LIT_126_Z_Bonadibong(LIT-126) | AC15: =_xlfn.XLOOKUP(B15,'INCIDENT-04-27-2026'!E:E,'INCIDENT-04-27-2026'!F:F,"") | AE15: (04/27/2026 top offenders):-26/04/2026 Impacté par LIT_126_Z_Bonadibong(LIT-126) | AF15: =_xlfn.XLOOKUP(B15,'[13]Input_27-04'!$B:$B,'[13]Input_27-04'!$M:$M,"") -> Grid outage, / grid return awaited | AI15: =_xlfn.XLOOKUP(B15,'[3]Cells Huawei 27042026 10h'!$B:$B,'[3]Cells Huawei 27042026 10h'!$T:$T,"") | AJ15: =_xlfn.XLOOKUP(B15,'[3]Cells Huawei 27042026 15h'!$B:$B,'[3]Cells Huawei 27042026 15h'!$T:$T,"") | AK15: =_xlfn.XLOOKUP(B15,'[4]cells down 27042026 11h28'!$B:$B,'[4]cells down 27042026 11h28'!$R:$R,"") | AL15: =_xlfn.XLOOKUP(B15,'[4]cells down 27042026 18h01'!$B:$B,'[4]cells down 27042026 18h01'!$R:$R,"") | AM15: =_xlfn.XLOOKUP(B15,'[5]cell downs 27042026 11h'!$B:$B,'[5]cell downs 27042026 11h'!$R:$R,"") | AN15: =_xlfn.XLOOKUP(B15,'[5]cell downs 27042026 17h40'!$B:$B,'[5]cell downs 27042026 17h40'!$R:$R,"") | AO15: =_xlfn.XLOOKUP(B15,'[6]ALL SITES DOWN'!$D:$D,'[6]ALL SITES DOWN'!$J:$J,"") | AP15: =_xlfn.XLOOKUP(B15,'[7]ALL SITES DOWN'!$D:$D,'[7]ALL SITES DOWN'!$J:$J,"") | AQ15: =_xlfn.XLOOKUP(B15,[8]sheet1!$AC:$AC,[8]sheet1!$AF:$AF,"") | AT15: =_xlfn.XLOOKUP(B15,'[9]cell downs 18042026 17h'!$B:$B,'[9]cell downs 18042026 17h'!$B:$B,"") | AU15: =_xlfn.XLOOKUP(B15,'[10]Cells Huawei 19042026 15h'!$B:$B,'[10]Cells Huawei 19042026 15h'!$B:$B,"") | AV15: =_xlfn.XLOOKUP(B15,'[11]cells down 19042026 9H40'!$B:$B,'[11]cells down 19042026 9H40'!$B:$B,"") -> LIT_547
A16: Emana-Bilick-IHS | B16: CTR_160 | C16: =_xlfn.XLOOKUP(B16,'[1]daily break down'!$D:$D,'[1]daily break down'!$E:$E,"") -> Yaounde | D16: IHS | E16: Grid-Gen | F16: CENTRE | G16: Yaounde | H16: =_xlfn.XLOOKUP(B16,[2]CALCULATION!$B:$B,[2]CALCULATION!$H:$H,"") -> ZTE | I16: 0 | J16: 5.2243046 | K16: 26.884258 | L16: 0 | M16: 9.7253077 | N16: 3.4415102 | O16: 35.558866 | P16: REPETITIF | Q16: Operationnel | S16: {=IFERROR(_xlfn.IFS( U16="MPR ISSUE","PDH", U16="BSS Hardware Issue","BSS", U16="Sites strategiques, MLL, Pylone, etc.","ENVTECH", U16="AKTIVCO DEFAUT GE & POWER Cabinet","AKTIVCO", U16="AKTIVCO Coupure ENEO & Baisse de tension","AKTIVCO GRID ONLY", U16="Coupure ENEO & Baisse de tension","IHS GRID ONLY", U16="Defaut GE & POWER Cabinet","IHS", U16="Sharing","Partners", U16="Sites strategiques & DataCenter","SST & DC", U16="Exclu","Exclu", U16="SAT","SAT", U16="SPARE-ISSUE","SPARE-ISSUE", U16="Fiber CAmtel","TRANS_FO_CAMTEL", U16="Fiber AOF","Fiber AOF", U16="Projet OCM (HUAWEI)","TRAVAUX-HUAWEI", U16="Projet OCM (NOKIA)","TRAVAUX-NOKIA", U16="ACCESS-ISSUE","ACCESS-ISSUE", U16="Projet OCM (ZTE, NOKIA, autres projets)","TRAVAUX OCM", U16="No root CAuse","No root cause", U16="ODU HS","PDH", U16="IP & VLAN","PDH", U16="Warehouse HUAWEI","SPARE-ISSUE", U16="SPARE-HS","SPARE-ISSUE", U16="Power Telco","BSS",U16="no impacts","no impacts" ),"")} -> IHS | T16: {=IFERROR(_xlfn.IFS( U16="MPR ISSUE","TX ISSUE", U16="BSS Hardware Issue","RAN ISSUE", U16="Sites strategiques, MLL, Pylone, etc.","ENVTECH", U16="AKTIVCO DEFAUT GE & POWER Cabinet","POWER ISSUE", U16="AKTIVCO Coupure ENEO & Baisse de tension","POWER ISSUE", U16="Coupure ENEO & Baisse de tension","POWER ISSUE", U16="Defaut GE & POWER Cabinet","POWER ISSUE", U16="Sharing","POWER ISSUE", U16="Sites strategiques & DataCenter","POWER ISSUE", U16="Exclu","Exclu", U16="SAT","TX ISSUE", U16="SPARE-ISSUE","SPARE-ISSUE", U16="Fiber CAmtel","TX ISSUE", U16="Fiber AOF","TX ISSUE", U16="Projet OCM (HUAWEI)","TRAVAUX-HUAWEI", U16="Projet OCM (NOKIA)","TRAVAUX -NOKIA", U16="ACCESS-ISSUE","ACCESS-ISSUE", U16="Projet OCM (ZTE, NOKIA, autres projets)","TRAVAUX OCM", U16="No root CAuse","No root cause", U16="ODU HS","TX ISSUE", U16="IP & VLAN","TX ISSUE", U16="Warehouse HUAWEI","SPARE-ISSUE", U16="SPARE-HS","SPARE-ISSUE", U16="Power Telco","RAN ISSUE",U16="no impacts","no impacts" ),"")} -> POWER ISSUE | U16: Defaut GE & Power Cabinet | V16: {=IFERROR(_xlfn.IFS( U16="MPR ISSUE","ACTIVE", U16="BSS Hardware Issue","ACTIVE", U16="Sites strategiques, MLL, Pylone, etc.","PASSIVE", U16="AKTIVCO DEFAUT GE & POWER Cabinet","PASSIVE", U16="AKTIVCO Coupure ENEO & Baisse de tension","PASSIVE", U16="Coupure ENEO & Baisse de tension","PASSIVE", U16="Defaut GE & POWER Cabinet","PASSIVE", U16="Sharing","PASSIVE", U16="Sites strategiques & DataCenter","PASSIVE", U16="Exclu","Exclu", U16="SAT","ACTIVE", U16="SPARE-ISSUE","SPARE-ISSUE", U16="Fiber CAmtel","ACTIVE", U16="Fiber AOF","ACTIVE", U16="Projet OCM (HUAWEI)","PLANNED WORKS", U16="Projet OCM (NOKIA)","PLANNED WORKS", U16="ACCESS-ISSUE","ACCESS-ISSUE", U16="Projet OCM (ZTE, NOKIA, autres projets)","PLANNED WORKS", U16="No root CAuse","No root cause", U16="ODU HS","ACTIVE", U16="IP & VLAN","ACTIVE", U16="Warehouse HUAWEI","SPARE-ISSUE", U16="SPARE-HS","SPARE-ISSUE", U16="Power Telco","ACTIVE", U16="no impacts","no impacts" ),"")} -> PASSIVE | W16: Grid outage and grid only site | X16: Awaiting Grid return | Z16: HIS | AA16: Ongoing | AB16: (04/27/2026 top offenders):-27/04/2026 : Besoin d'analyse BO RAN..(04/27/2026 cell zte):-27/04/2026 : Besoin d'analyse BO RAN..(04/27/2026 ocm ran 11h):-27/04/2026 Besoin d'un fme sur site pour verifier le status du MPR ETA=12H UTC ..(04/27/2026 ticket):-INC-20260427-00016445…2026-04-27 23:07:07…Access issue ,Grid outage, site down because site behaves as Grid only site (Gen Noise | AC16: =_xlfn.XLOOKUP(B16,'INCIDENT-04-27-2026'!E:E,'INCIDENT-04-27-2026'!F:F,"") | AE16: (04/27/2026 top offenders):-27/04/2026 : Besoin d'analyse BO RAN | AF16: =_xlfn.XLOOKUP(B16,'[13]Input_27-04'!$B:$B,'[13]Input_27-04'!$M:$M,"") | AI16: =_xlfn.XLOOKUP(B16,'[3]Cells Huawei 27042026 10h'!$B:$B,'[3]Cells Huawei 27042026 10h'!$T:$T,"") | AJ16: =_xlfn.XLOOKUP(B16,'[3]Cells Huawei 27042026 15h'!$B:$B,'[3]Cells Huawei 27042026 15h'!$T:$T,"") | AK16: =_xlfn.XLOOKUP(B16,'[4]cells down 27042026 11h28'!$B:$B,'[4]cells down 27042026 11h28'!$R:$R,"") -> (04/27/2026 cell zte):-27/04/2026 : Besoin d'analyse BO RAN | AL16: =_xlfn.XLOOKUP(B16,'[4]cells down 27042026 18h01'!$B:$B,'[4]cells down 27042026 18h01'!$R:$R,"") | AM16: =_xlfn.XLOOKUP(B16,'[5]cell downs 27042026 11h'!$B:$B,'[5]cell downs 27042026 11h'!$R:$R,"") | AN16: =_xlfn.XLOOKUP(B16,'[5]cell downs 27042026 17h40'!$B:$B,'[5]cell downs 27042026 17h40'!$R:$R,"") | AO16: =_xlfn.XLOOKUP(B16,'[6]ALL SITES DOWN'!$D:$D,'[6]ALL SITES DOWN'!$J:$J,"") | AP16: =_xlfn.XLOOKUP(B16,'[7]ALL SITES DOWN'!$D:$D,'[7]ALL SITES DOWN'!$J:$J,"") -> (04/27/2026 ocm ran 11h):-27/04/2026 Besoin d'un fme sur site pour verifier le status du MPR ETA=12H UTC | AQ16: =_xlfn.XLOOKUP(B16,[8]sheet1!$AC:$AC,[8]sheet1!$AF:$AF,"") -> (04/27/2026 ticket):-INC-20260427-00016445…2026-04-27 23:07:07…Access issue ,Grid outage, site down because site behaves as Grid only site (Gen Noise | AT16: =_xlfn.XLOOKUP(B16,'[9]cell downs 18042026 17h'!$B:$B,'[9]cell downs 18042026 17h'!$B:$B,"") | AU16: =_xlfn.XLOOKUP(B16,'[10]Cells Huawei 19042026 15h'!$B:$B,'[10]Cells Huawei 19042026 15h'!$B:$B,"") | AV16: =_xlfn.XLOOKUP(B16,'[11]cells down 19042026 9H40'!$B:$B,'[11]cells down 19042026 9H40'!$B:$B,"")
A17: Bois-Des-Singes-II-MTN | B17: LIT_753 | C17: =_xlfn.XLOOKUP(B17,'[1]daily break down'!$D:$D,'[1]daily break down'!$E:$E,"") -> Douala | D17: MTN | F17: LITTORAL | G17: Douala | H17: =_xlfn.XLOOKUP(B17,[2]CALCULATION!$B:$B,[2]CALCULATION!$H:$H,"") -> ZTE | I17: 7.6120293 | J17: 4.2819704 | K17: 3.7012246 | L17: 19.602927 | M17: 23.491723 | N17: 13.868557 | O17: 32.698583 | P17: REPETITIF | Q17: Operationnel | S17: {=IFERROR(_xlfn.IFS( U17="MPR ISSUE","PDH", U17="BSS Hardware Issue","BSS", U17="Sites strategiques, MLL, Pylone, etc.","ENVTECH", U17="AKTIVCO DEFAUT GE & POWER Cabinet","AKTIVCO", U17="AKTIVCO Coupure ENEO & Baisse de tension","AKTIVCO GRID ONLY", U17="Coupure ENEO & Baisse de tension","IHS GRID ONLY", U17="Defaut GE & POWER Cabinet","IHS", U17="Sharing","Partners", U17="Sites strategiques & DataCenter","SST & DC", U17="Exclu","Exclu", U17="SAT","SAT", U17="SPARE-ISSUE","SPARE-ISSUE", U17="Fiber CAmtel","TRANS_FO_CAMTEL", U17="Fiber AOF","Fiber AOF", U17="Projet OCM (HUAWEI)","TRAVAUX-HUAWEI", U17="Projet OCM (NOKIA)","TRAVAUX-NOKIA", U17="ACCESS-ISSUE","ACCESS-ISSUE", U17="Projet OCM (ZTE, NOKIA, autres projets)","TRAVAUX OCM", U17="No root CAuse","No root cause", U17="ODU HS","PDH", U17="IP & VLAN","PDH", U17="Warehouse HUAWEI","SPARE-ISSUE", U17="SPARE-HS","SPARE-ISSUE", U17="Power Telco","BSS",U17="no impacts","no impacts" ),"")} -> Partners | T17: {=IFERROR(_xlfn.IFS( U17="MPR ISSUE","TX ISSUE", U17="BSS Hardware Issue","RAN ISSUE", U17="Sites strategiques, MLL, Pylone, etc.","ENVTECH", U17="AKTIVCO DEFAUT GE & POWER Cabinet","POWER ISSUE", U17="AKTIVCO Coupure ENEO & Baisse de tension","POWER ISSUE", U17="Coupure ENEO & Baisse de tension","POWER ISSUE", U17="Defaut GE & POWER Cabinet","POWER ISSUE", U17="Sharing","POWER ISSUE", U17="Sites strategiques & DataCenter","POWER ISSUE", U17="Exclu","Exclu", U17="SAT","TX ISSUE", U17="SPARE-ISSUE","SPARE-ISSUE", U17="Fiber CAmtel","TX ISSUE", U17="Fiber AOF","TX ISSUE", U17="Projet OCM (HUAWEI)","TRAVAUX-HUAWEI", U17="Projet OCM (NOKIA)","TRAVAUX -NOKIA", U17="ACCESS-ISSUE","ACCESS-ISSUE", U17="Projet OCM (ZTE, NOKIA, autres projets)","TRAVAUX OCM", U17="No root CAuse","No root cause", U17="ODU HS","TX ISSUE", U17="IP & VLAN","TX ISSUE", U17="Warehouse HUAWEI","SPARE-ISSUE", U17="SPARE-HS","SPARE-ISSUE", U17="Power Telco","RAN ISSUE",U17="no impacts","no impacts" ),"")} -> POWER ISSUE | U17: Sharing | V17: {=IFERROR(_xlfn.IFS( U17="MPR ISSUE","ACTIVE", U17="BSS Hardware Issue","ACTIVE", U17="Sites strategiques, MLL, Pylone, etc.","PASSIVE", U17="AKTIVCO DEFAUT GE & POWER Cabinet","PASSIVE", U17="AKTIVCO Coupure ENEO & Baisse de tension","PASSIVE", U17="Coupure ENEO & Baisse de tension","PASSIVE", U17="Defaut GE & POWER Cabinet","PASSIVE", U17="Sharing","PASSIVE", U17="Sites strategiques & DataCenter","PASSIVE", U17="Exclu","Exclu", U17="SAT","ACTIVE", U17="SPARE-ISSUE","SPARE-ISSUE", U17="Fiber CAmtel","ACTIVE", U17="Fiber AOF","ACTIVE", U17="Projet OCM (HUAWEI)","PLANNED WORKS", U17="Projet OCM (NOKIA)","PLANNED WORKS", U17="ACCESS-ISSUE","ACCESS-ISSUE", U17="Projet OCM (ZTE, NOKIA, autres projets)","PLANNED WORKS", U17="No root CAuse","No root cause", U17="ODU HS","ACTIVE", U17="IP & VLAN","ACTIVE", U17="Warehouse HUAWEI","SPARE-ISSUE", U17="SPARE-HS","SPARE-ISSUE", U17="Power Telco","ACTIVE", U17="no impacts","no impacts" ),"")} -> PASSIVE | W17: Power Issue | X17: Awaiting MTN's return | Z17: MTN | AA17: Ongoing | AB17: (04/27/2026 top offenders):-27/04/2026 : Besoin d'analyse BO RAN..(04/27/2026 cell zte):-27/04/2026 : Besoin d'analyse BO RAN..(04/27/2026 cell zte):-27/04/2026 : Besoin d'analyse BO RAN..(04/27/2026 ocm ran 11h):-27/04/2026 MTN Power issue escalate to L3 MTN 23/04/2026 MTN Power issue escalate to L2 MTN ..(04/27/2026 ticket):-INC-20260427-00015651…2026-04-27 23:44:23…27.04.26: Power alarms; MTN is activated to check, escalated to L2 | AC17: =_xlfn.XLOOKUP(B17,'INCIDENT-04-27-2026'!E:E,'INCIDENT-04-27-2026'!F:F,"") | AE17: (04/27/2026 top offenders):-27/04/2026 : Besoin d'analyse BO RAN | AF17: =_xlfn.XLOOKUP(B17,'[13]Input_27-04'!$B:$B,'[13]Input_27-04'!$M:$M,"") | AI17: =_xlfn.XLOOKUP(B17,'[3]Cells Huawei 27042026 10h'!$B:$B,'[3]Cells Huawei 27042026 10h'!$T:$T,"") | AJ17: =_xlfn.XLOOKUP(B17,'[3]Cells Huawei 27042026 15h'!$B:$B,'[3]Cells Huawei 27042026 15h'!$T:$T,"") | AK17: =_xlfn.XLOOKUP(B17,'[4]cells down 27042026 11h28'!$B:$B,'[4]cells down 27042026 11h28'!$R:$R,"") -> (04/27/2026 cell zte):-27/04/2026 : Besoin d'analyse BO RAN | AL17: =_xlfn.XLOOKUP(B17,'[4]cells down 27042026 18h01'!$B:$B,'[4]cells down 27042026 18h01'!$R:$R,"") -> (04/27/2026 cell zte):-27/04/2026 : Besoin d'analyse BO RAN | AM17: =_xlfn.XLOOKUP(B17,'[5]cell downs 27042026 11h'!$B:$B,'[5]cell downs 27042026 11h'!$R:$R,"") | AN17: =_xlfn.XLOOKUP(B17,'[5]cell downs 27042026 17h40'!$B:$B,'[5]cell downs 27042026 17h40'!$R:$R,"") | AO17: =_xlfn.XLOOKUP(B17,'[6]ALL SITES DOWN'!$D:$D,'[6]ALL SITES DOWN'!$J:$J,"") | AP17: =_xlfn.XLOOKUP(B17,'[7]ALL SITES DOWN'!$D:$D,'[7]ALL SITES DOWN'!$J:$J,"") -> (04/27/2026 ocm ran 11h):-27/04/2026 MTN Power issue escalate to L3 MTN 23/04/2026 MTN Power issue escalate to L2 MTN | AQ17: =_xlfn.XLOOKUP(B17,[8]sheet1!$AC:$AC,[8]sheet1!$AF:$AF,"") -> (04/27/2026 ticket):-INC-20260427-00015651…2026-04-27 23:44:23…27.04.26: Power alarms; MTN is activated to check, escalated to L2 | AT17: =_xlfn.XLOOKUP(B17,'[9]cell downs 18042026 17h'!$B:$B,'[9]cell downs 18042026 17h'!$B:$B,"") | AU17: =_xlfn.XLOOKUP(B17,'[10]Cells Huawei 19042026 15h'!$B:$B,'[10]Cells Huawei 19042026 15h'!$B:$B,"") | AV17: =_xlfn.XLOOKUP(B17,'[11]cells down 19042026 9H40'!$B:$B,'[11]cells down 19042026 9H40'!$B:$B,"")
A18: Nkolbong | B18: CTR_271 | C18: =_xlfn.XLOOKUP(B18,'[1]daily break down'!$D:$D,'[1]daily break down'!$E:$E,"") -> Yaounde | D18: IHS | E18: Grid-Gen | F18: CENTRE | G18: Yaounde | H18: =_xlfn.XLOOKUP(B18,[2]CALCULATION!$B:$B,[2]CALCULATION!$H:$H,"") -> ZTE | I18: 0 | J18: 0 | K18: 5.7190676 | L18: 0 | M18: 5.6774048 | N18: 23.751723 | O18: 29.676857 | P18: REPETITIF | Q18: Operationnel | S18: {=IFERROR(_xlfn.IFS( U18="MPR ISSUE","PDH", U18="BSS Hardware Issue","BSS", U18="Sites strategiques, MLL, Pylone, etc.","ENVTECH", U18="AKTIVCO DEFAUT GE & POWER Cabinet","AKTIVCO", U18="AKTIVCO Coupure ENEO & Baisse de tension","AKTIVCO GRID ONLY", U18="Coupure ENEO & Baisse de tension","IHS GRID ONLY", U18="Defaut GE & POWER Cabinet","IHS", U18="Sharing","Partners", U18="Sites strategiques & DataCenter","SST & DC", U18="Exclu","Exclu", U18="SAT","SAT", U18="SPARE-ISSUE","SPARE-ISSUE", U18="Fiber CAmtel","TRANS_FO_CAMTEL", U18="Fiber AOF","Fiber AOF", U18="Projet OCM (HUAWEI)","TRAVAUX-HUAWEI", U18="Projet OCM (NOKIA)","TRAVAUX-NOKIA", U18="ACCESS-ISSUE","ACCESS-ISSUE", U18="Projet OCM (ZTE, NOKIA, autres projets)","TRAVAUX OCM", U18="No root CAuse","No root cause", U18="ODU HS","PDH", U18="IP & VLAN","PDH", U18="Warehouse HUAWEI","SPARE-ISSUE", U18="SPARE-HS","SPARE-ISSUE", U18="Power Telco","BSS",U18="no impacts","no impacts" ),"")} -> No root cause | T18: {=IFERROR(_xlfn.IFS( U18="MPR ISSUE","TX ISSUE", U18="BSS Hardware Issue","RAN ISSUE", U18="Sites strategiques, MLL, Pylone, etc.","ENVTECH", U18="AKTIVCO DEFAUT GE & POWER Cabinet","POWER ISSUE", U18="AKTIVCO Coupure ENEO & Baisse de tension","POWER ISSUE", U18="Coupure ENEO & Baisse de tension","POWER ISSUE", U18="Defaut GE & POWER Cabinet","POWER ISSUE", U18="Sharing","POWER ISSUE", U18="Sites strategiques & DataCenter","POWER ISSUE", U18="Exclu","Exclu", U18="SAT","TX ISSUE", U18="SPARE-ISSUE","SPARE-ISSUE", U18="Fiber CAmtel","TX ISSUE", U18="Fiber AOF","TX ISSUE", U18="Projet OCM (HUAWEI)","TRAVAUX-HUAWEI", U18="Projet OCM (NOKIA)","TRAVAUX -NOKIA", U18="ACCESS-ISSUE","ACCESS-ISSUE", U18="Projet OCM (ZTE, NOKIA, autres projets)","TRAVAUX OCM", U18="No root CAuse","No root cause", U18="ODU HS","TX ISSUE", U18="IP & VLAN","TX ISSUE", U18="Warehouse HUAWEI","SPARE-ISSUE", U18="SPARE-HS","SPARE-ISSUE", U18="Power Telco","RAN ISSUE",U18="no impacts","no impacts" ),"")} -> No root cause | U18: no root cause | V18: {=IFERROR(_xlfn.IFS( U18="MPR ISSUE","ACTIVE", U18="BSS Hardware Issue","ACTIVE", U18="Sites strategiques, MLL, Pylone, etc.","PASSIVE", U18="AKTIVCO DEFAUT GE & POWER Cabinet","PASSIVE", U18="AKTIVCO Coupure ENEO & Baisse de tension","PASSIVE", U18="Coupure ENEO & Baisse de tension","PASSIVE", U18="Defaut GE & POWER Cabinet","PASSIVE", U18="Sharing","PASSIVE", U18="Sites strategiques & DataCenter","PASSIVE", U18="Exclu","Exclu", U18="SAT","ACTIVE", U18="SPARE-ISSUE","SPARE-ISSUE", U18="Fiber CAmtel","ACTIVE", U18="Fiber AOF","ACTIVE", U18="Projet OCM (HUAWEI)","PLANNED WORKS", U18="Projet OCM (NOKIA)","PLANNED WORKS", U18="ACCESS-ISSUE","ACCESS-ISSUE", U18="Projet OCM (ZTE, NOKIA, autres projets)","PLANNED WORKS", U18="No root CAuse","No root cause", U18="ODU HS","ACTIVE", U18="IP & VLAN","ACTIVE", U18="Warehouse HUAWEI","SPARE-ISSUE", U18="SPARE-HS","SPARE-ISSUE", U18="Power Telco","ACTIVE", U18="no impacts","no impacts" ),"")} -> No root cause | W18: chercher | AB18: (04/27/2026 top offenders): | AC18: =_xlfn.XLOOKUP(B18,'INCIDENT-04-27-2026'!E:E,'INCIDENT-04-27-2026'!F:F,"") | AE18: (04/27/2026 top offenders): | AF18: =_xlfn.XLOOKUP(B18,'[13]Input_27-04'!$B:$B,'[13]Input_27-04'!$M:$M,"") | AI18: =_xlfn.XLOOKUP(B18,'[3]Cells Huawei 27042026 10h'!$B:$B,'[3]Cells Huawei 27042026 10h'!$T:$T,"") | AJ18: =_xlfn.XLOOKUP(B18,'[3]Cells Huawei 27042026 15h'!$B:$B,'[3]Cells Huawei 27042026 15h'!$T:$T,"") | AK18: =_xlfn.XLOOKUP(B18,'[4]cells down 27042026 11h28'!$B:$B,'[4]cells down 27042026 11h28'!$R:$R,"") | AL18: =_xlfn.XLOOKUP(B18,'[4]cells down 27042026 18h01'!$B:$B,'[4]cells down 27042026 18h01'!$R:$R,"") | AM18: =_xlfn.XLOOKUP(B18,'[5]cell downs 27042026 11h'!$B:$B,'[5]cell downs 27042026 11h'!$R:$R,"") | AN18: =_xlfn.XLOOKUP(B18,'[5]cell downs 27042026 17h40'!$B:$B,'[5]cell downs 27042026 17h40'!$R:$R,"") | AO18: =_xlfn.XLOOKUP(B18,'[6]ALL SITES DOWN'!$D:$D,'[6]ALL SITES DOWN'!$J:$J,"") | AP18: =_xlfn.XLOOKUP(B18,'[7]ALL SITES DOWN'!$D:$D,'[7]ALL SITES DOWN'!$J:$J,"") | AQ18: =_xlfn.XLOOKUP(B18,[8]sheet1!$AC:$AC,[8]sheet1!$AF:$AF,"") | AT18: =_xlfn.XLOOKUP(B18,'[9]cell downs 18042026 17h'!$B:$B,'[9]cell downs 18042026 17h'!$B:$B,"") | AU18: =_xlfn.XLOOKUP(B18,'[10]Cells Huawei 19042026 15h'!$B:$B,'[10]Cells Huawei 19042026 15h'!$B:$B,"") | AV18: =_xlfn.XLOOKUP(B18,'[11]cells down 19042026 9H40'!$B:$B,'[11]cells down 19042026 9H40'!$B:$B,"")
A19: Nyalla-III | B19: LIT_751 | C19: =_xlfn.XLOOKUP(B19,'[1]daily break down'!$D:$D,'[1]daily break down'!$E:$E,"") -> Douala | D19: CAMUSAT | E19: Good Grid no GE - 8h | F19: LITTORAL | G19: Douala | H19: =_xlfn.XLOOKUP(B19,[2]CALCULATION!$B:$B,[2]CALCULATION!$H:$H,"") -> ZTE | I19: 3.9221656 | J19: 29.469542 | K19: 13.515672 | L19: 50.384292 | M19: 1.4413954 | N19: 14.409102 | O19: 29.359393 | P19: REPETITIF | Q19: Operationnel | S19: {=IFERROR(_xlfn.IFS( U19="MPR ISSUE","PDH", U19="BSS Hardware Issue","BSS", U19="Sites strategiques, MLL, Pylone, etc.","ENVTECH", U19="AKTIVCO DEFAUT GE & POWER Cabinet","AKTIVCO", U19="AKTIVCO Coupure ENEO & Baisse de tension","AKTIVCO GRID ONLY", U19="Coupure ENEO & Baisse de tension","IHS GRID ONLY", U19="Defaut GE & POWER Cabinet","IHS", U19="Sharing","Partners", U19="Sites strategiques & DataCenter","SST & DC", U19="Exclu","Exclu", U19="SAT","SAT", U19="SPARE-ISSUE","SPARE-ISSUE", U19="Fiber CAmtel","TRANS_FO_CAMTEL", U19="Fiber AOF","Fiber AOF", U19="Projet OCM (HUAWEI)","TRAVAUX-HUAWEI", U19="Projet OCM (NOKIA)","TRAVAUX-NOKIA", U19="ACCESS-ISSUE","ACCESS-ISSUE", U19="Projet OCM (ZTE, NOKIA, autres projets)","TRAVAUX OCM", U19="No root CAuse","No root cause", U19="ODU HS","PDH", U19="IP & VLAN","PDH", U19="Warehouse HUAWEI","SPARE-ISSUE", U19="SPARE-HS","SPARE-ISSUE", U19="Power Telco","BSS",U19="no impacts","no impacts" ),"")} -> AKTIVCO GRID ONLY | T19: {=IFERROR(_xlfn.IFS( U19="MPR ISSUE","TX ISSUE", U19="BSS Hardware Issue","RAN ISSUE", U19="Sites strategiques, MLL, Pylone, etc.","ENVTECH", U19="AKTIVCO DEFAUT GE & POWER Cabinet","POWER ISSUE", U19="AKTIVCO Coupure ENEO & Baisse de tension","POWER ISSUE", U19="Coupure ENEO & Baisse de tension","POWER ISSUE", U19="Defaut GE & POWER Cabinet","POWER ISSUE", U19="Sharing","POWER ISSUE", U19="Sites strategiques & DataCenter","POWER ISSUE", U19="Exclu","Exclu", U19="SAT","TX ISSUE", U19="SPARE-ISSUE","SPARE-ISSUE", U19="Fiber CAmtel","TX ISSUE", U19="Fiber AOF","TX ISSUE", U19="Projet OCM (HUAWEI)","TRAVAUX-HUAWEI", U19="Projet OCM (NOKIA)","TRAVAUX -NOKIA", U19="ACCESS-ISSUE","ACCESS-ISSUE", U19="Projet OCM (ZTE, NOKIA, autres projets)","TRAVAUX OCM", U19="No root CAuse","No root cause", U19="ODU HS","TX ISSUE", U19="IP & VLAN","TX ISSUE", U19="Warehouse HUAWEI","SPARE-ISSUE", U19="SPARE-HS","SPARE-ISSUE", U19="Power Telco","RAN ISSUE",U19="no impacts","no impacts" ),"")} -> POWER ISSUE | U19: AKTIVCO Coupure ENEO & Baisse de tension | V19: {=IFERROR(_xlfn.IFS( U19="MPR ISSUE","ACTIVE", U19="BSS Hardware Issue","ACTIVE", U19="Sites strategiques, MLL, Pylone, etc.","PASSIVE", U19="AKTIVCO DEFAUT GE & POWER Cabinet","PASSIVE", U19="AKTIVCO Coupure ENEO & Baisse de tension","PASSIVE", U19="Coupure ENEO & Baisse de tension","PASSIVE", U19="Defaut GE & POWER Cabinet","PASSIVE", U19="Sharing","PASSIVE", U19="Sites strategiques & DataCenter","PASSIVE", U19="Exclu","Exclu", U19="SAT","ACTIVE", U19="SPARE-ISSUE","SPARE-ISSUE", U19="Fiber CAmtel","ACTIVE", U19="Fiber AOF","ACTIVE", U19="Projet OCM (HUAWEI)","PLANNED WORKS", U19="Projet OCM (NOKIA)","PLANNED WORKS", U19="ACCESS-ISSUE","ACCESS-ISSUE", U19="Projet OCM (ZTE, NOKIA, autres projets)","PLANNED WORKS", U19="No root CAuse","No root cause", U19="ODU HS","ACTIVE", U19="IP & VLAN","ACTIVE", U19="Warehouse HUAWEI","SPARE-ISSUE", U19="SPARE-HS","SPARE-ISSUE", U19="Power Telco","ACTIVE", U19="no impacts","no impacts" ),"")} -> PASSIVE | W19: Grid outage and Grid only site | X19: Awaiting Grid return | Z19: CAMUSAT | AA19: Ongoing | AB19: (04/27/2026 top offenders):-27.04.26: Camusat: Grid outage and Grid only site / Grid return awaited..(04/27/2026 cell zte):-27/04/2026 : Besoin d'analyse BO RAN..(04/27/2026 cell zte):-27/04/2026 : Besoin d'analyse BO RAN || Site down..(04/27/2026 ocm ran 17h):-power status check ongoing..(04/27/2026 ticket):-INC-20260427-00009173…2026-04-27 19:55:54…Grid outage and Grid only site / Grid return awaited | AC19: =_xlfn.XLOOKUP(B19,'INCIDENT-04-27-2026'!E:E,'INCIDENT-04-27-2026'!F:F,"") | AE19: (04/27/2026 top offenders):-27.04.26: Camusat: Grid outage and Grid only site / Grid return awaited | AF19: =_xlfn.XLOOKUP(B19,'[13]Input_27-04'!$B:$B,'[13]Input_27-04'!$M:$M,"") -> Grid outage, / grid return awaited | AI19: =_xlfn.XLOOKUP(B19,'[3]Cells Huawei 27042026 10h'!$B:$B,'[3]Cells Huawei 27042026 10h'!$T:$T,"") | AJ19: =_xlfn.XLOOKUP(B19,'[3]Cells Huawei 27042026 15h'!$B:$B,'[3]Cells Huawei 27042026 15h'!$T:$T,"") | AK19: =_xlfn.XLOOKUP(B19,'[4]cells down 27042026 11h28'!$B:$B,'[4]cells down 27042026 11h28'!$R:$R,"") -> (04/27/2026 cell zte):-27/04/2026 : Besoin d'analyse BO RAN | AL19: =_xlfn.XLOOKUP(B19,'[4]cells down 27042026 18h01'!$B:$B,'[4]cells down 27042026 18h01'!$R:$R,"") -> (04/27/2026 cell zte):-27/04/2026 : Besoin d'analyse BO RAN || Site down | AM19: =_xlfn.XLOOKUP(B19,'[5]cell downs 27042026 11h'!$B:$B,'[5]cell downs 27042026 11h'!$R:$R,"") | AN19: =_xlfn.XLOOKUP(B19,'[5]cell downs 27042026 17h40'!$B:$B,'[5]cell downs 27042026 17h40'!$R:$R,"") | AO19: =_xlfn.XLOOKUP(B19,'[6]ALL SITES DOWN'!$D:$D,'[6]ALL SITES DOWN'!$J:$J,"") -> (04/27/2026 ocm ran 17h):-power status check ongoing | AP19: =_xlfn.XLOOKUP(B19,'[7]ALL SITES DOWN'!$D:$D,'[7]ALL SITES DOWN'!$J:$J,"") | AQ19: =_xlfn.XLOOKUP(B19,[8]sheet1!$AC:$AC,[8]sheet1!$AF:$AF,"") -> (04/27/2026 ticket):-INC-20260427-00009173…2026-04-27 19:55:54…Grid outage and Grid only site / Grid return awaited | AT19: =_xlfn.XLOOKUP(B19,'[9]cell downs 18042026 17h'!$B:$B,'[9]cell downs 18042026 17h'!$B:$B,"") | AU19: =_xlfn.XLOOKUP(B19,'[10]Cells Huawei 19042026 15h'!$B:$B,'[10]Cells Huawei 19042026 15h'!$B:$B,"") | AV19: =_xlfn.XLOOKUP(B19,'[11]cells down 19042026 9H40'!$B:$B,'[11]cells down 19042026 9H40'!$B:$B,"")
A20: NR-Bastos | B20: CTR_038 | C20: =_xlfn.XLOOKUP(B20,'[1]daily break down'!$D:$D,'[1]daily break down'!$E:$E,"") -> Yaounde | D20: IHS | E20: GridOnly | F20: CENTRE | G20: Yaounde | H20: =_xlfn.XLOOKUP(B20,[2]CALCULATION!$B:$B,[2]CALCULATION!$H:$H,"") -> ZTE | I20: 0 | J20: 0 | K20: 0.023774159 | L20: 0 | M20: 19.101012 | N20: 0 | O20: 27.834725 | P20: REPETITIF | Q20: Operationnel | S20: {=IFERROR(_xlfn.IFS( U20="MPR ISSUE","PDH", U20="BSS Hardware Issue","BSS", U20="Sites strategiques, MLL, Pylone, etc.","ENVTECH", U20="AKTIVCO DEFAUT GE & POWER Cabinet","AKTIVCO", U20="AKTIVCO Coupure ENEO & Baisse de tension","AKTIVCO GRID ONLY", U20="Coupure ENEO & Baisse de tension","IHS GRID ONLY", U20="Defaut GE & POWER Cabinet","IHS", U20="Sharing","Partners", U20="Sites strategiques & DataCenter","SST & DC", U20="Exclu","Exclu", U20="SAT","SAT", U20="SPARE-ISSUE","SPARE-ISSUE", U20="Fiber CAmtel","TRANS_FO_CAMTEL", U20="Fiber AOF","Fiber AOF", U20="Projet OCM (HUAWEI)","TRAVAUX-HUAWEI", U20="Projet OCM (NOKIA)","TRAVAUX-NOKIA", U20="ACCESS-ISSUE","ACCESS-ISSUE", U20="Projet OCM (ZTE, NOKIA, autres projets)","TRAVAUX OCM", U20="No root CAuse","No root cause", U20="ODU HS","PDH", U20="IP & VLAN","PDH", U20="Warehouse HUAWEI","SPARE-ISSUE", U20="SPARE-HS","SPARE-ISSUE", U20="Power Telco","BSS",U20="no impacts","no impacts" ),"")} -> IHS GRID ONLY | T20: {=IFERROR(_xlfn.IFS( U20="MPR ISSUE","TX ISSUE", U20="BSS Hardware Issue","RAN ISSUE", U20="Sites strategiques, MLL, Pylone, etc.","ENVTECH", U20="AKTIVCO DEFAUT GE & POWER Cabinet","POWER ISSUE", U20="AKTIVCO Coupure ENEO & Baisse de tension","POWER ISSUE", U20="Coupure ENEO & Baisse de tension","POWER ISSUE", U20="Defaut GE & POWER Cabinet","POWER ISSUE", U20="Sharing","POWER ISSUE", U20="Sites strategiques & DataCenter","POWER ISSUE", U20="Exclu","Exclu", U20="SAT","TX ISSUE", U20="SPARE-ISSUE","SPARE-ISSUE", U20="Fiber CAmtel","TX ISSUE", U20="Fiber AOF","TX ISSUE", U20="Projet OCM (HUAWEI)","TRAVAUX-HUAWEI", U20="Projet OCM (NOKIA)","TRAVAUX -NOKIA", U20="ACCESS-ISSUE","ACCESS-ISSUE", U20="Projet OCM (ZTE, NOKIA, autres projets)","TRAVAUX OCM", U20="No root CAuse","No root cause", U20="ODU HS","TX ISSUE", U20="IP & VLAN","TX ISSUE", U20="Warehouse HUAWEI","SPARE-ISSUE", U20="SPARE-HS","SPARE-ISSUE", U20="Power Telco","RAN ISSUE",U20="no impacts","no impacts" ),"")} -> POWER ISSUE | U20: Coupure ENEO & Baisse de tension | V20: {=IFERROR(_xlfn.IFS( U20="MPR ISSUE","ACTIVE", U20="BSS Hardware Issue","ACTIVE", U20="Sites strategiques, MLL, Pylone, etc.","PASSIVE", U20="AKTIVCO DEFAUT GE & POWER Cabinet","PASSIVE", U20="AKTIVCO Coupure ENEO & Baisse de tension","PASSIVE", U20="Coupure ENEO & Baisse de tension","PASSIVE", U20="Defaut GE & POWER Cabinet","PASSIVE", U20="Sharing","PASSIVE", U20="Sites strategiques & DataCenter","PASSIVE", U20="Exclu","Exclu", U20="SAT","ACTIVE", U20="SPARE-ISSUE","SPARE-ISSUE", U20="Fiber CAmtel","ACTIVE", U20="Fiber AOF","ACTIVE", U20="Projet OCM (HUAWEI)","PLANNED WORKS", U20="Projet OCM (NOKIA)","PLANNED WORKS", U20="ACCESS-ISSUE","ACCESS-ISSUE", U20="Projet OCM (ZTE, NOKIA, autres projets)","PLANNED WORKS", U20="No root CAuse","No root cause", U20="ODU HS","ACTIVE", U20="IP & VLAN","ACTIVE", U20="Warehouse HUAWEI","SPARE-ISSUE", U20="SPARE-HS","SPARE-ISSUE", U20="Power Telco","ACTIVE", U20="no impacts","no impacts" ),"")} -> PASSIVE | W20: Grid outage, No space to deploy MDG | X20: Awaiting Grid return | Z20: IHS | AA20: Ongoing | AB20: (04/27/2026 top offenders):-27.04.26: Grid outage, No space to deploy MDG // awaiting grid return Francois is informed..(04/27/2026 cell zte):-27/04/2026 : Site down..(04/27/2026 ocm ran 17h):-power status check ongoing..(04/27/2026 ticket):-INC-20260427-00010726…2026-04-27 20:26:51…Grid outage, No space to deploy MDG // awaiting grid return | AC20: =_xlfn.XLOOKUP(B20,'INCIDENT-04-27-2026'!E:E,'INCIDENT-04-27-2026'!F:F,"") | AE20: (04/27/2026 top offenders):-27.04.26: Grid outage, No space to deploy MDG // awaiting grid return Francois is informed | AF20: =_xlfn.XLOOKUP(B20,'[13]Input_27-04'!$B:$B,'[13]Input_27-04'!$M:$M,"") | AI20: =_xlfn.XLOOKUP(B20,'[3]Cells Huawei 27042026 10h'!$B:$B,'[3]Cells Huawei 27042026 10h'!$T:$T,"") | AJ20: =_xlfn.XLOOKUP(B20,'[3]Cells Huawei 27042026 15h'!$B:$B,'[3]Cells Huawei 27042026 15h'!$T:$T,"") | AK20: =_xlfn.XLOOKUP(B20,'[4]cells down 27042026 11h28'!$B:$B,'[4]cells down 27042026 11h28'!$R:$R,"") | AL20: =_xlfn.XLOOKUP(B20,'[4]cells down 27042026 18h01'!$B:$B,'[4]cells down 27042026 18h01'!$R:$R,"") -> (04/27/2026 cell zte):-27/04/2026 : Site down | AM20: =_xlfn.XLOOKUP(B20,'[5]cell downs 27042026 11h'!$B:$B,'[5]cell downs 27042026 11h'!$R:$R,"") | AN20: =_xlfn.XLOOKUP(B20,'[5]cell downs 27042026 17h40'!$B:$B,'[5]cell downs 27042026 17h40'!$R:$R,"") | AO20: =_xlfn.XLOOKUP(B20,'[6]ALL SITES DOWN'!$D:$D,'[6]ALL SITES DOWN'!$J:$J,"") -> (04/27/2026 ocm ran 17h):-power status check ongoing | AP20: =_xlfn.XLOOKUP(B20,'[7]ALL SITES DOWN'!$D:$D,'[7]ALL SITES DOWN'!$J:$J,"") | AQ20: =_xlfn.XLOOKUP(B20,[8]sheet1!$AC:$AC,[8]sheet1!$AF:$AF,"") -> (04/27/2026 ticket):-INC-20260427-00010726…2026-04-27 20:26:51…Grid outage, No space to deploy MDG // awaiting grid return | AT20: =_xlfn.XLOOKUP(B20,'[9]cell downs 18042026 17h'!$B:$B,'[9]cell downs 18042026 17h'!$B:$B,"") | AU20: =_xlfn.XLOOKUP(B20,'[10]Cells Huawei 19042026 15h'!$B:$B,'[10]Cells Huawei 19042026 15h'!$B:$B,"") | AV20: =_xlfn.XLOOKUP(B20,'[11]cells down 19042026 9H40'!$B:$B,'[11]cells down 19042026 9H40'!$B:$B,"")
A21: Mora-IHS | B21: EXN_106 | C21: =_xlfn.XLOOKUP(B21,'[1]daily break down'!$D:$D,'[1]daily break down'!$E:$E,"") -> EXTREME-NORD | D21: IHS | E21: Grid-Gen | F21: EXTREME-NORD | G21: Mora | H21: =_xlfn.XLOOKUP(B21,[2]CALCULATION!$B:$B,[2]CALCULATION!$H:$H,"") -> Huawei | I21: 0 | J21: 0 | K21: 0 | L21: 0 | M21: 1.3452821 | N21: 5.7994324 | O21: 27.737114 | P21: REPETITIF | Q21: Insecurity | S21: {=IFERROR(_xlfn.IFS( U21="MPR ISSUE","PDH", U21="BSS Hardware Issue","BSS", U21="Sites strategiques, MLL, Pylone, etc.","ENVTECH", U21="AKTIVCO DEFAUT GE & POWER Cabinet","AKTIVCO", U21="AKTIVCO Coupure ENEO & Baisse de tension","AKTIVCO GRID ONLY", U21="Coupure ENEO & Baisse de tension","IHS GRID ONLY", U21="Defaut GE & POWER Cabinet","IHS", U21="Sharing","Partners", U21="Sites strategiques & DataCenter","SST & DC", U21="Exclu","Exclu", U21="SAT","SAT", U21="SPARE-ISSUE","SPARE-ISSUE", U21="Fiber CAmtel","TRANS_FO_CAMTEL", U21="Fiber AOF","Fiber AOF", U21="Projet OCM (HUAWEI)","TRAVAUX-HUAWEI", U21="Projet OCM (NOKIA)","TRAVAUX-NOKIA", U21="ACCESS-ISSUE","ACCESS-ISSUE", U21="Projet OCM (ZTE, NOKIA, autres projets)","TRAVAUX OCM", U21="No root CAuse","No root cause", U21="ODU HS","PDH", U21="IP & VLAN","PDH", U21="Warehouse HUAWEI","SPARE-ISSUE", U21="SPARE-HS","SPARE-ISSUE", U21="Power Telco","BSS",U21="no impacts","no impacts" ),"")} -> BSS | T21: {=IFERROR(_xlfn.IFS( U21="MPR ISSUE","TX ISSUE", U21="BSS Hardware Issue","RAN ISSUE", U21="Sites strategiques, MLL, Pylone, etc.","ENVTECH", U21="AKTIVCO DEFAUT GE & POWER Cabinet","POWER ISSUE", U21="AKTIVCO Coupure ENEO & Baisse de tension","POWER ISSUE", U21="Coupure ENEO & Baisse de tension","POWER ISSUE", U21="Defaut GE & POWER Cabinet","POWER ISSUE", U21="Sharing","POWER ISSUE", U21="Sites strategiques & DataCenter","POWER ISSUE", U21="Exclu","Exclu", U21="SAT","TX ISSUE", U21="SPARE-ISSUE","SPARE-ISSUE", U21="Fiber CAmtel","TX ISSUE", U21="Fiber AOF","TX ISSUE", U21="Projet OCM (HUAWEI)","TRAVAUX-HUAWEI", U21="Projet OCM (NOKIA)","TRAVAUX -NOKIA", U21="ACCESS-ISSUE","ACCESS-ISSUE", U21="Projet OCM (ZTE, NOKIA, autres projets)","TRAVAUX OCM", U21="No root CAuse","No root cause", U21="ODU HS","TX ISSUE", U21="IP & VLAN","TX ISSUE", U21="Warehouse HUAWEI","SPARE-ISSUE", U21="SPARE-HS","SPARE-ISSUE", U21="Power Telco","RAN ISSUE",U21="no impacts","no impacts" ),"")} -> RAN ISSUE | U21: BSS Hardware issue | V21: {=IFERROR(_xlfn.IFS( U21="MPR ISSUE","ACTIVE", U21="BSS Hardware Issue","ACTIVE", U21="Sites strategiques, MLL, Pylone, etc.","PASSIVE", U21="AKTIVCO DEFAUT GE & POWER Cabinet","PASSIVE", U21="AKTIVCO Coupure ENEO & Baisse de tension","PASSIVE", U21="Coupure ENEO & Baisse de tension","PASSIVE", U21="Defaut GE & POWER Cabinet","PASSIVE", U21="Sharing","PASSIVE", U21="Sites strategiques & DataCenter","PASSIVE", U21="Exclu","Exclu", U21="SAT","ACTIVE", U21="SPARE-ISSUE","SPARE-ISSUE", U21="Fiber CAmtel","ACTIVE", U21="Fiber AOF","ACTIVE", U21="Projet OCM (HUAWEI)","PLANNED WORKS", U21="Projet OCM (NOKIA)","PLANNED WORKS", U21="ACCESS-ISSUE","ACCESS-ISSUE", U21="Projet OCM (ZTE, NOKIA, autres projets)","PLANNED WORKS", U21="No root CAuse","No root cause", U21="ODU HS","ACTIVE", U21="IP & VLAN","ACTIVE", U21="Warehouse HUAWEI","SPARE-ISSUE", U21="SPARE-HS","SPARE-ISSUE", U21="Power Telco","ACTIVE", U21="no impacts","no impacts" ),"")} -> ACTIVE | AB21: (04/27/2026 cell huawei):-27/04/2026 : Besoin d'analyse BO RAN || No HW alarm observed, need a reset of BTS on site..(04/27/2026 cell huawei):-27/04/2026 : Besoin d'analyse BO RAN || No HW alarm observed, need a reset of BTS on site || HW Projet should renew License | AC21: =_xlfn.XLOOKUP(B21,'INCIDENT-04-27-2026'!E:E,'INCIDENT-04-27-2026'!F:F,"") | AF21: =_xlfn.XLOOKUP(B21,'[13]Input_27-04'!$B:$B,'[13]Input_27-04'!$M:$M,"") | AI21: =_xlfn.XLOOKUP(B21,'[3]Cells Huawei 27042026 10h'!$B:$B,'[3]Cells Huawei 27042026 10h'!$T:$T,"") -> (04/27/2026 cell huawei):-27/04/2026 : Besoin d'analyse BO RAN || No HW alarm observed, need a reset of BTS on site | AJ21: =_xlfn.XLOOKUP(B21,'[3]Cells Huawei 27042026 15h'!$B:$B,'[3]Cells Huawei 27042026 15h'!$T:$T,"") -> (04/27/2026 cell huawei):-27/04/2026 : Besoin d'analyse BO RAN || No HW alarm observed, need a reset of BTS on site || HW Projet should renew License | AK21: =_xlfn.XLOOKUP(B21,'[4]cells down 27042026 11h28'!$B:$B,'[4]cells down 27042026 11h28'!$R:$R,"") | AL21: =_xlfn.XLOOKUP(B21,'[4]cells down 27042026 18h01'!$B:$B,'[4]cells down 27042026 18h01'!$R:$R,"") | AM21: =_xlfn.XLOOKUP(B21,'[5]cell downs 27042026 11h'!$B:$B,'[5]cell downs 27042026 11h'!$R:$R,"") | AN21: =_xlfn.XLOOKUP(B21,'[5]cell downs 27042026 17h40'!$B:$B,'[5]cell downs 27042026 17h40'!$R:$R,"") | AO21: =_xlfn.XLOOKUP(B21,'[6]ALL SITES DOWN'!$D:$D,'[6]ALL SITES DOWN'!$J:$J,"") | AP21: =_xlfn.XLOOKUP(B21,'[7]ALL SITES DOWN'!$D:$D,'[7]ALL SITES DOWN'!$J:$J,"") | AQ21: =_xlfn.XLOOKUP(B21,[8]sheet1!$AC:$AC,[8]sheet1!$AF:$AF,"") | AT21: =_xlfn.XLOOKUP(B21,'[9]cell downs 18042026 17h'!$B:$B,'[9]cell downs 18042026 17h'!$B:$B,"") | AU21: =_xlfn.XLOOKUP(B21,'[10]Cells Huawei 19042026 15h'!$B:$B,'[10]Cells Huawei 19042026 15h'!$B:$B,"") | AV21: =_xlfn.XLOOKUP(B21,'[11]cells down 19042026 9H40'!$B:$B,'[11]cells down 19042026 9H40'!$B:$B,"")
A22: Mora4-IHS | B22: EXN_258 | C22: =_xlfn.XLOOKUP(B22,'[1]daily break down'!$D:$D,'[1]daily break down'!$E:$E,"") -> EXTREME-NORD | D22: IHS | E22: Grid-Gen | F22: EXTREME-NORD | G22: Mora | H22: =_xlfn.XLOOKUP(B22,[2]CALCULATION!$B:$B,[2]CALCULATION!$H:$H,"") -> Huawei | I22: 0 | J22: 0 | K22: 0 | L22: 0.00026752617 | M22: 7.5903418 | N22: 28.440173 | O22: 27.737114 | P22: REPETITIF | Q22: Insecurity | S22: {=IFERROR(_xlfn.IFS( U22="MPR ISSUE","PDH", U22="BSS Hardware Issue","BSS", U22="Sites strategiques, MLL, Pylone, etc.","ENVTECH", U22="AKTIVCO DEFAUT GE & POWER Cabinet","AKTIVCO", U22="AKTIVCO Coupure ENEO & Baisse de tension","AKTIVCO GRID ONLY", U22="Coupure ENEO & Baisse de tension","IHS GRID ONLY", U22="Defaut GE & POWER Cabinet","IHS", U22="Sharing","Partners", U22="Sites strategiques & DataCenter","SST & DC", U22="Exclu","Exclu", U22="SAT","SAT", U22="SPARE-ISSUE","SPARE-ISSUE", U22="Fiber CAmtel","TRANS_FO_CAMTEL", U22="Fiber AOF","Fiber AOF", U22="Projet OCM (HUAWEI)","TRAVAUX-HUAWEI", U22="Projet OCM (NOKIA)","TRAVAUX-NOKIA", U22="ACCESS-ISSUE","ACCESS-ISSUE", U22="Projet OCM (ZTE, NOKIA, autres projets)","TRAVAUX OCM", U22="No root CAuse","No root cause", U22="ODU HS","PDH", U22="IP & VLAN","PDH", U22="Warehouse HUAWEI","SPARE-ISSUE", U22="SPARE-HS","SPARE-ISSUE", U22="Power Telco","BSS",U22="no impacts","no impacts" ),"")} -> BSS | T22: {=IFERROR(_xlfn.IFS( U22="MPR ISSUE","TX ISSUE", U22="BSS Hardware Issue","RAN ISSUE", U22="Sites strategiques, MLL, Pylone, etc.","ENVTECH", U22="AKTIVCO DEFAUT GE & POWER Cabinet","POWER ISSUE", U22="AKTIVCO Coupure ENEO & Baisse de tension","POWER ISSUE", U22="Coupure ENEO & Baisse de tension","POWER ISSUE", U22="Defaut GE & POWER Cabinet","POWER ISSUE", U22="Sharing","POWER ISSUE", U22="Sites strategiques & DataCenter","POWER ISSUE", U22="Exclu","Exclu", U22="SAT","TX ISSUE", U22="SPARE-ISSUE","SPARE-ISSUE", U22="Fiber CAmtel","TX ISSUE", U22="Fiber AOF","TX ISSUE", U22="Projet OCM (HUAWEI)","TRAVAUX-HUAWEI", U22="Projet OCM (NOKIA)","TRAVAUX -NOKIA", U22="ACCESS-ISSUE","ACCESS-ISSUE", U22="Projet OCM (ZTE, NOKIA, autres projets)","TRAVAUX OCM", U22="No root CAuse","No root cause", U22="ODU HS","TX ISSUE", U22="IP & VLAN","TX ISSUE", U22="Warehouse HUAWEI","SPARE-ISSUE", U22="SPARE-HS","SPARE-ISSUE", U22="Power Telco","RAN ISSUE",U22="no impacts","no impacts" ),"")} -> RAN ISSUE | U22: BSS Hardware issue | V22: {=IFERROR(_xlfn.IFS( U22="MPR ISSUE","ACTIVE", U22="BSS Hardware Issue","ACTIVE", U22="Sites strategiques, MLL, Pylone, etc.","PASSIVE", U22="AKTIVCO DEFAUT GE & POWER Cabinet","PASSIVE", U22="AKTIVCO Coupure ENEO & Baisse de tension","PASSIVE", U22="Coupure ENEO & Baisse de tension","PASSIVE", U22="Defaut GE & POWER Cabinet","PASSIVE", U22="Sharing","PASSIVE", U22="Sites strategiques & DataCenter","PASSIVE", U22="Exclu","Exclu", U22="SAT","ACTIVE", U22="SPARE-ISSUE","SPARE-ISSUE", U22="Fiber CAmtel","ACTIVE", U22="Fiber AOF","ACTIVE", U22="Projet OCM (HUAWEI)","PLANNED WORKS", U22="Projet OCM (NOKIA)","PLANNED WORKS", U22="ACCESS-ISSUE","ACCESS-ISSUE", U22="Projet OCM (ZTE, NOKIA, autres projets)","PLANNED WORKS", U22="No root CAuse","No root cause", U22="ODU HS","ACTIVE", U22="IP & VLAN","ACTIVE", U22="Warehouse HUAWEI","SPARE-ISSUE", U22="SPARE-HS","SPARE-ISSUE", U22="Power Telco","ACTIVE", U22="no impacts","no impacts" ),"")} -> ACTIVE | AB22: (04/27/2026 cell huawei):-27/04/2026 : Besoin d'analyse BO RAN || No HW alarm observed, need a reset of BTS on site..(04/27/2026 cell huawei):-27/04/2026 : Besoin d'analyse BO RAN || No HW alarm observed, need a reset of BTS on site || HW Projet should renew License | AC22: =_xlfn.XLOOKUP(B22,'INCIDENT-04-27-2026'!E:E,'INCIDENT-04-27-2026'!F:F,"") | AF22: =_xlfn.XLOOKUP(B22,'[13]Input_27-04'!$B:$B,'[13]Input_27-04'!$M:$M,"") | AI22: =_xlfn.XLOOKUP(B22,'[3]Cells Huawei 27042026 10h'!$B:$B,'[3]Cells Huawei 27042026 10h'!$T:$T,"") -> (04/27/2026 cell huawei):-27/04/2026 : Besoin d'analyse BO RAN || No HW alarm observed, need a reset of BTS on site | AJ22: =_xlfn.XLOOKUP(B22,'[3]Cells Huawei 27042026 15h'!$B:$B,'[3]Cells Huawei 27042026 15h'!$T:$T,"") -> (04/27/2026 cell huawei):-27/04/2026 : Besoin d'analyse BO RAN || No HW alarm observed, need a reset of BTS on site || HW Projet should renew License | AK22: =_xlfn.XLOOKUP(B22,'[4]cells down 27042026 11h28'!$B:$B,'[4]cells down 27042026 11h28'!$R:$R,"") | AL22: =_xlfn.XLOOKUP(B22,'[4]cells down 27042026 18h01'!$B:$B,'[4]cells down 27042026 18h01'!$R:$R,"") | AM22: =_xlfn.XLOOKUP(B22,'[5]cell downs 27042026 11h'!$B:$B,'[5]cell downs 27042026 11h'!$R:$R,"") | AN22: =_xlfn.XLOOKUP(B22,'[5]cell downs 27042026 17h40'!$B:$B,'[5]cell downs 27042026 17h40'!$R:$R,"") | AO22: =_xlfn.XLOOKUP(B22,'[6]ALL SITES DOWN'!$D:$D,'[6]ALL SITES DOWN'!$J:$J,"") | AP22: =_xlfn.XLOOKUP(B22,'[7]ALL SITES DOWN'!$D:$D,'[7]ALL SITES DOWN'!$J:$J,"") | AQ22: =_xlfn.XLOOKUP(B22,[8]sheet1!$AC:$AC,[8]sheet1!$AF:$AF,"") | AT22: =_xlfn.XLOOKUP(B22,'[9]cell downs 18042026 17h'!$B:$B,'[9]cell downs 18042026 17h'!$B:$B,"") | AU22: =_xlfn.XLOOKUP(B22,'[10]Cells Huawei 19042026 15h'!$B:$B,'[10]Cells Huawei 19042026 15h'!$B:$B,"") | AV22: =_xlfn.XLOOKUP(B22,'[11]cells down 19042026 9H40'!$B:$B,'[11]cells down 19042026 9H40'!$B:$B,"")
A23: Mora-II | B23: EXN_032 | C23: =_xlfn.XLOOKUP(B23,'[1]daily break down'!$D:$D,'[1]daily break down'!$E:$E,"") -> EXTREME-NORD | D23: IHS | E23: Grid-Gen | F23: EXTREME-NORD | G23: Mora | H23: =_xlfn.XLOOKUP(B23,[2]CALCULATION!$B:$B,[2]CALCULATION!$H:$H,"") -> Huawei | I23: 0 | J23: 0 | K23: 0 | L23: 0 | M23: 7.6005078 | N23: 28.451498 | O23: 27.735509 | P23: REPETITIF | Q23: Insecurity | S23: {=IFERROR(_xlfn.IFS( U23="MPR ISSUE","PDH", U23="BSS Hardware Issue","BSS", U23="Sites strategiques, MLL, Pylone, etc.","ENVTECH", U23="AKTIVCO DEFAUT GE & POWER Cabinet","AKTIVCO", U23="AKTIVCO Coupure ENEO & Baisse de tension","AKTIVCO GRID ONLY", U23="Coupure ENEO & Baisse de tension","IHS GRID ONLY", U23="Defaut GE & POWER Cabinet","IHS", U23="Sharing","Partners", U23="Sites strategiques & DataCenter","SST & DC", U23="Exclu","Exclu", U23="SAT","SAT", U23="SPARE-ISSUE","SPARE-ISSUE", U23="Fiber CAmtel","TRANS_FO_CAMTEL", U23="Fiber AOF","Fiber AOF", U23="Projet OCM (HUAWEI)","TRAVAUX-HUAWEI", U23="Projet OCM (NOKIA)","TRAVAUX-NOKIA", U23="ACCESS-ISSUE","ACCESS-ISSUE", U23="Projet OCM (ZTE, NOKIA, autres projets)","TRAVAUX OCM", U23="No root CAuse","No root cause", U23="ODU HS","PDH", U23="IP & VLAN","PDH", U23="Warehouse HUAWEI","SPARE-ISSUE", U23="SPARE-HS","SPARE-ISSUE", U23="Power Telco","BSS",U23="no impacts","no impacts" ),"")} -> BSS | T23: {=IFERROR(_xlfn.IFS( U23="MPR ISSUE","TX ISSUE", U23="BSS Hardware Issue","RAN ISSUE", U23="Sites strategiques, MLL, Pylone, etc.","ENVTECH", U23="AKTIVCO DEFAUT GE & POWER Cabinet","POWER ISSUE", U23="AKTIVCO Coupure ENEO & Baisse de tension","POWER ISSUE", U23="Coupure ENEO & Baisse de tension","POWER ISSUE", U23="Defaut GE & POWER Cabinet","POWER ISSUE", U23="Sharing","POWER ISSUE", U23="Sites strategiques & DataCenter","POWER ISSUE", U23="Exclu","Exclu", U23="SAT","TX ISSUE", U23="SPARE-ISSUE","SPARE-ISSUE", U23="Fiber CAmtel","TX ISSUE", U23="Fiber AOF","TX ISSUE", U23="Projet OCM (HUAWEI)","TRAVAUX-HUAWEI", U23="Projet OCM (NOKIA)","TRAVAUX -NOKIA", U23="ACCESS-ISSUE","ACCESS-ISSUE", U23="Projet OCM (ZTE, NOKIA, autres projets)","TRAVAUX OCM", U23="No root CAuse","No root cause", U23="ODU HS","TX ISSUE", U23="IP & VLAN","TX ISSUE", U23="Warehouse HUAWEI","SPARE-ISSUE", U23="SPARE-HS","SPARE-ISSUE", U23="Power Telco","RAN ISSUE",U23="no impacts","no impacts" ),"")} -> RAN ISSUE | U23: BSS Hardware issue | V23: {=IFERROR(_xlfn.IFS( U23="MPR ISSUE","ACTIVE", U23="BSS Hardware Issue","ACTIVE", U23="Sites strategiques, MLL, Pylone, etc.","PASSIVE", U23="AKTIVCO DEFAUT GE & POWER Cabinet","PASSIVE", U23="AKTIVCO Coupure ENEO & Baisse de tension","PASSIVE", U23="Coupure ENEO & Baisse de tension","PASSIVE", U23="Defaut GE & POWER Cabinet","PASSIVE", U23="Sharing","PASSIVE", U23="Sites strategiques & DataCenter","PASSIVE", U23="Exclu","Exclu", U23="SAT","ACTIVE", U23="SPARE-ISSUE","SPARE-ISSUE", U23="Fiber CAmtel","ACTIVE", U23="Fiber AOF","ACTIVE", U23="Projet OCM (HUAWEI)","PLANNED WORKS", U23="Projet OCM (NOKIA)","PLANNED WORKS", U23="ACCESS-ISSUE","ACCESS-ISSUE", U23="Projet OCM (ZTE, NOKIA, autres projets)","PLANNED WORKS", U23="No root CAuse","No root cause", U23="ODU HS","ACTIVE", U23="IP & VLAN","ACTIVE", U23="Warehouse HUAWEI","SPARE-ISSUE", U23="SPARE-HS","SPARE-ISSUE", U23="Power Telco","ACTIVE", U23="no impacts","no impacts" ),"")} -> ACTIVE | AB23: (04/27/2026 cell huawei):-27/04/2026 : Besoin d'analyse BO RAN || No HW alarm observed, need a reset of BTS on site..(04/27/2026 cell huawei):-27/04/2026 : Besoin d'analyse BO RAN || No HW alarm observed, need a reset of BTS on site || HW Projet should renew License | AC23: =_xlfn.XLOOKUP(B23,'INCIDENT-04-27-2026'!E:E,'INCIDENT-04-27-2026'!F:F,"") | AF23: =_xlfn.XLOOKUP(B23,'[13]Input_27-04'!$B:$B,'[13]Input_27-04'!$M:$M,"") | AI23: =_xlfn.XLOOKUP(B23,'[3]Cells Huawei 27042026 10h'!$B:$B,'[3]Cells Huawei 27042026 10h'!$T:$T,"") -> (04/27/2026 cell huawei):-27/04/2026 : Besoin d'analyse BO RAN || No HW alarm observed, need a reset of BTS on site | AJ23: =_xlfn.XLOOKUP(B23,'[3]Cells Huawei 27042026 15h'!$B:$B,'[3]Cells Huawei 27042026 15h'!$T:$T,"") -> (04/27/2026 cell huawei):-27/04/2026 : Besoin d'analyse BO RAN || No HW alarm observed, need a reset of BTS on site || HW Projet should renew License | AK23: =_xlfn.XLOOKUP(B23,'[4]cells down 27042026 11h28'!$B:$B,'[4]cells down 27042026 11h28'!$R:$R,"") | AL23: =_xlfn.XLOOKUP(B23,'[4]cells down 27042026 18h01'!$B:$B,'[4]cells down 27042026 18h01'!$R:$R,"") | AM23: =_xlfn.XLOOKUP(B23,'[5]cell downs 27042026 11h'!$B:$B,'[5]cell downs 27042026 11h'!$R:$R,"") | AN23: =_xlfn.XLOOKUP(B23,'[5]cell downs 27042026 17h40'!$B:$B,'[5]cell downs 27042026 17h40'!$R:$R,"") | AO23: =_xlfn.XLOOKUP(B23,'[6]ALL SITES DOWN'!$D:$D,'[6]ALL SITES DOWN'!$J:$J,"") | AP23: =_xlfn.XLOOKUP(B23,'[7]ALL SITES DOWN'!$D:$D,'[7]ALL SITES DOWN'!$J:$J,"") | AQ23: =_xlfn.XLOOKUP(B23,[8]sheet1!$AC:$AC,[8]sheet1!$AF:$AF,"") | AT23: =_xlfn.XLOOKUP(B23,'[9]cell downs 18042026 17h'!$B:$B,'[9]cell downs 18042026 17h'!$B:$B,"") | AU23: =_xlfn.XLOOKUP(B23,'[10]Cells Huawei 19042026 15h'!$B:$B,'[10]Cells Huawei 19042026 15h'!$B:$B,"") | AV23: =_xlfn.XLOOKUP(B23,'[11]cells down 19042026 9H40'!$B:$B,'[11]cells down 19042026 9H40'!$B:$B,"")
A24: CTR_947_Z_Nkoabang-Tradex | B24: CTR_947 | C24: =_xlfn.XLOOKUP(B24,'[1]daily break down'!$D:$D,'[1]daily break down'!$E:$E,"") -> Yaounde | D24: ESCO | E24: meduim grid + GE | F24: CENTRE | G24: Yaoundé | H24: =_xlfn.XLOOKUP(B24,[2]CALCULATION!$B:$B,[2]CALCULATION!$H:$H,"") -> ZTE | I24: 0 | J24: 24.852861 | K24: 13.868557 | L24: 13.868557 | M24: 13.868557 | N24: 13.868557 | O24: 27.675369 | P24: REPETITIF | Q24: Operationnel | S24: {=IFERROR(_xlfn.IFS( U24="MPR ISSUE","PDH", U24="BSS Hardware Issue","BSS", U24="Sites strategiques, MLL, Pylone, etc.","ENVTECH", U24="AKTIVCO DEFAUT GE & POWER Cabinet","AKTIVCO", U24="AKTIVCO Coupure ENEO & Baisse de tension","AKTIVCO GRID ONLY", U24="Coupure ENEO & Baisse de tension","IHS GRID ONLY", U24="Defaut GE & POWER Cabinet","IHS", U24="Sharing","Partners", U24="Sites strategiques & DataCenter","SST & DC", U24="Exclu","Exclu", U24="SAT","SAT", U24="SPARE-ISSUE","SPARE-ISSUE", U24="Fiber CAmtel","TRANS_FO_CAMTEL", U24="Fiber AOF","Fiber AOF", U24="Projet OCM (HUAWEI)","TRAVAUX-HUAWEI", U24="Projet OCM (NOKIA)","TRAVAUX-NOKIA", U24="ACCESS-ISSUE","ACCESS-ISSUE", U24="Projet OCM (ZTE, NOKIA, autres projets)","TRAVAUX OCM", U24="No root CAuse","No root cause", U24="ODU HS","PDH", U24="IP & VLAN","PDH", U24="Warehouse HUAWEI","SPARE-ISSUE", U24="SPARE-HS","SPARE-ISSUE", U24="Power Telco","BSS",U24="no impacts","no impacts" ),"")} -> No root cause | T24: {=IFERROR(_xlfn.IFS( U24="MPR ISSUE","TX ISSUE", U24="BSS Hardware Issue","RAN ISSUE", U24="Sites strategiques, MLL, Pylone, etc.","ENVTECH", U24="AKTIVCO DEFAUT GE & POWER Cabinet","POWER ISSUE", U24="AKTIVCO Coupure ENEO & Baisse de tension","POWER ISSUE", U24="Coupure ENEO & Baisse de tension","POWER ISSUE", U24="Defaut GE & POWER Cabinet","POWER ISSUE", U24="Sharing","POWER ISSUE", U24="Sites strategiques & DataCenter","POWER ISSUE", U24="Exclu","Exclu", U24="SAT","TX ISSUE", U24="SPARE-ISSUE","SPARE-ISSUE", U24="Fiber CAmtel","TX ISSUE", U24="Fiber AOF","TX ISSUE", U24="Projet OCM (HUAWEI)","TRAVAUX-HUAWEI", U24="Projet OCM (NOKIA)","TRAVAUX -NOKIA", U24="ACCESS-ISSUE","ACCESS-ISSUE", U24="Projet OCM (ZTE, NOKIA, autres projets)","TRAVAUX OCM", U24="No root CAuse","No root cause", U24="ODU HS","TX ISSUE", U24="IP & VLAN","TX ISSUE", U24="Warehouse HUAWEI","SPARE-ISSUE", U24="SPARE-HS","SPARE-ISSUE", U24="Power Telco","RAN ISSUE",U24="no impacts","no impacts" ),"")} -> No root cause | U24: no root cause | V24: {=IFERROR(_xlfn.IFS( U24="MPR ISSUE","ACTIVE", U24="BSS Hardware Issue","ACTIVE", U24="Sites strategiques, MLL, Pylone, etc.","PASSIVE", U24="AKTIVCO DEFAUT GE & POWER Cabinet","PASSIVE", U24="AKTIVCO Coupure ENEO & Baisse de tension","PASSIVE", U24="Coupure ENEO & Baisse de tension","PASSIVE", U24="Defaut GE & POWER Cabinet","PASSIVE", U24="Sharing","PASSIVE", U24="Sites strategiques & DataCenter","PASSIVE", U24="Exclu","Exclu", U24="SAT","ACTIVE", U24="SPARE-ISSUE","SPARE-ISSUE", U24="Fiber CAmtel","ACTIVE", U24="Fiber AOF","ACTIVE", U24="Projet OCM (HUAWEI)","PLANNED WORKS", U24="Projet OCM (NOKIA)","PLANNED WORKS", U24="ACCESS-ISSUE","ACCESS-ISSUE", U24="Projet OCM (ZTE, NOKIA, autres projets)","PLANNED WORKS", U24="No root CAuse","No root cause", U24="ODU HS","ACTIVE", U24="IP & VLAN","ACTIVE", U24="Warehouse HUAWEI","SPARE-ISSUE", U24="SPARE-HS","SPARE-ISSUE", U24="Power Telco","ACTIVE", U24="no impacts","no impacts" ),"")} -> No root cause | W24: chercher | AB24: (04/27/2026 top offenders): | AC24: =_xlfn.XLOOKUP(B24,'INCIDENT-04-27-2026'!E:E,'INCIDENT-04-27-2026'!F:F,"") | AE24: (04/27/2026 top offenders): | AF24: =_xlfn.XLOOKUP(B24,'[13]Input_27-04'!$B:$B,'[13]Input_27-04'!$M:$M,"") -> Nuisance sonore malgré que le GE soit insonorisé | AI24: =_xlfn.XLOOKUP(B24,'[3]Cells Huawei 27042026 10h'!$B:$B,'[3]Cells Huawei 27042026 10h'!$T:$T,"") | AJ24: =_xlfn.XLOOKUP(B24,'[3]Cells Huawei 27042026 15h'!$B:$B,'[3]Cells Huawei 27042026 15h'!$T:$T,"") | AK24: =_xlfn.XLOOKUP(B24,'[4]cells down 27042026 11h28'!$B:$B,'[4]cells down 27042026 11h28'!$R:$R,"") | AL24: =_xlfn.XLOOKUP(B24,'[4]cells down 27042026 18h01'!$B:$B,'[4]cells down 27042026 18h01'!$R:$R,"") | AM24: =_xlfn.XLOOKUP(B24,'[5]cell downs 27042026 11h'!$B:$B,'[5]cell downs 27042026 11h'!$R:$R,"") | AN24: =_xlfn.XLOOKUP(B24,'[5]cell downs 27042026 17h40'!$B:$B,'[5]cell downs 27042026 17h40'!$R:$R,"") | AO24: =_xlfn.XLOOKUP(B24,'[6]ALL SITES DOWN'!$D:$D,'[6]ALL SITES DOWN'!$J:$J,"") | AP24: =_xlfn.XLOOKUP(B24,'[7]ALL SITES DOWN'!$D:$D,'[7]ALL SITES DOWN'!$J:$J,"") | AQ24: =_xlfn.XLOOKUP(B24,[8]sheet1!$AC:$AC,[8]sheet1!$AF:$AF,"") | AT24: =_xlfn.XLOOKUP(B24,'[9]cell downs 18042026 17h'!$B:$B,'[9]cell downs 18042026 17h'!$B:$B,"") | AU24: =_xlfn.XLOOKUP(B24,'[10]Cells Huawei 19042026 15h'!$B:$B,'[10]Cells Huawei 19042026 15h'!$B:$B,"") | AV24: =_xlfn.XLOOKUP(B24,'[11]cells down 19042026 9H40'!$B:$B,'[11]cells down 19042026 9H40'!$B:$B,"")
A25: Mora-Kourgui | B25: EXN_238 | C25: =_xlfn.XLOOKUP(B25,'[1]daily break down'!$D:$D,'[1]daily break down'!$E:$E,"") -> EXTREME-NORD | D25: CAMUSAT | E25: Bad Grid + Solar + GE | F25: EXTREME-NORD | G25: Mora | H25: =_xlfn.XLOOKUP(B25,[2]CALCULATION!$B:$B,[2]CALCULATION!$H:$H,"") -> Huawei | I25: 0 | J25: 4.8860089 | K25: 12.447904 | L25: 10.305429 | M25: 6.7212384 | N25: 27.916749 | O25: 26.849997 | P25: REPETITIF | Q25: Insecurity | S25: {=IFERROR(_xlfn.IFS( U25="MPR ISSUE","PDH", U25="BSS Hardware Issue","BSS", U25="Sites strategiques, MLL, Pylone, etc.","ENVTECH", U25="AKTIVCO DEFAUT GE & POWER Cabinet","AKTIVCO", U25="AKTIVCO Coupure ENEO & Baisse de tension","AKTIVCO GRID ONLY", U25="Coupure ENEO & Baisse de tension","IHS GRID ONLY", U25="Defaut GE & POWER Cabinet","IHS", U25="Sharing","Partners", U25="Sites strategiques & DataCenter","SST & DC", U25="Exclu","Exclu", U25="SAT","SAT", U25="SPARE-ISSUE","SPARE-ISSUE", U25="Fiber CAmtel","TRANS_FO_CAMTEL", U25="Fiber AOF","Fiber AOF", U25="Projet OCM (HUAWEI)","TRAVAUX-HUAWEI", U25="Projet OCM (NOKIA)","TRAVAUX-NOKIA", U25="ACCESS-ISSUE","ACCESS-ISSUE", U25="Projet OCM (ZTE, NOKIA, autres projets)","TRAVAUX OCM", U25="No root CAuse","No root cause", U25="ODU HS","PDH", U25="IP & VLAN","PDH", U25="Warehouse HUAWEI","SPARE-ISSUE", U25="SPARE-HS","SPARE-ISSUE", U25="Power Telco","BSS",U25="no impacts","no impacts" ),"")} -> BSS | T25: {=IFERROR(_xlfn.IFS( U25="MPR ISSUE","TX ISSUE", U25="BSS Hardware Issue","RAN ISSUE", U25="Sites strategiques, MLL, Pylone, etc.","ENVTECH", U25="AKTIVCO DEFAUT GE & POWER Cabinet","POWER ISSUE", U25="AKTIVCO Coupure ENEO & Baisse de tension","POWER ISSUE", U25="Coupure ENEO & Baisse de tension","POWER ISSUE", U25="Defaut GE & POWER Cabinet","POWER ISSUE", U25="Sharing","POWER ISSUE", U25="Sites strategiques & DataCenter","POWER ISSUE", U25="Exclu","Exclu", U25="SAT","TX ISSUE", U25="SPARE-ISSUE","SPARE-ISSUE", U25="Fiber CAmtel","TX ISSUE", U25="Fiber AOF","TX ISSUE", U25="Projet OCM (HUAWEI)","TRAVAUX-HUAWEI", U25="Projet OCM (NOKIA)","TRAVAUX -NOKIA", U25="ACCESS-ISSUE","ACCESS-ISSUE", U25="Projet OCM (ZTE, NOKIA, autres projets)","TRAVAUX OCM", U25="No root CAuse","No root cause", U25="ODU HS","TX ISSUE", U25="IP & VLAN","TX ISSUE", U25="Warehouse HUAWEI","SPARE-ISSUE", U25="SPARE-HS","SPARE-ISSUE", U25="Power Telco","RAN ISSUE",U25="no impacts","no impacts" ),"")} -> RAN ISSUE | U25: BSS Hardware issue | V25: {=IFERROR(_xlfn.IFS( U25="MPR ISSUE","ACTIVE", U25="BSS Hardware Issue","ACTIVE", U25="Sites strategiques, MLL, Pylone, etc.","PASSIVE", U25="AKTIVCO DEFAUT GE & POWER Cabinet","PASSIVE", U25="AKTIVCO Coupure ENEO & Baisse de tension","PASSIVE", U25="Coupure ENEO & Baisse de tension","PASSIVE", U25="Defaut GE & POWER Cabinet","PASSIVE", U25="Sharing","PASSIVE", U25="Sites strategiques & DataCenter","PASSIVE", U25="Exclu","Exclu", U25="SAT","ACTIVE", U25="SPARE-ISSUE","SPARE-ISSUE", U25="Fiber CAmtel","ACTIVE", U25="Fiber AOF","ACTIVE", U25="Projet OCM (HUAWEI)","PLANNED WORKS", U25="Projet OCM (NOKIA)","PLANNED WORKS", U25="ACCESS-ISSUE","ACCESS-ISSUE", U25="Projet OCM (ZTE, NOKIA, autres projets)","PLANNED WORKS", U25="No root CAuse","No root cause", U25="ODU HS","ACTIVE", U25="IP & VLAN","ACTIVE", U25="Warehouse HUAWEI","SPARE-ISSUE", U25="SPARE-HS","SPARE-ISSUE", U25="Power Telco","ACTIVE", U25="no impacts","no impacts" ),"")} -> ACTIVE | AB25: (04/27/2026 cell huawei):-27/04/2026 : Besoin d'analyse BO RAN || No HW alarm observed, need a reset of BTS on site..(04/27/2026 cell huawei):-27/04/2026 : Besoin d'analyse BO RAN || No HW alarm observed, need a reset of BTS on site || HW Projet should renew License..(04/27/2026 ocm ran 17h):-power status check ongoing | AC25: =_xlfn.XLOOKUP(B25,'INCIDENT-04-27-2026'!E:E,'INCIDENT-04-27-2026'!F:F,"") | AF25: =_xlfn.XLOOKUP(B25,'[13]Input_27-04'!$B:$B,'[13]Input_27-04'!$M:$M,"") | AI25: =_xlfn.XLOOKUP(B25,'[3]Cells Huawei 27042026 10h'!$B:$B,'[3]Cells Huawei 27042026 10h'!$T:$T,"") -> (04/27/2026 cell huawei):-27/04/2026 : Besoin d'analyse BO RAN || No HW alarm observed, need a reset of BTS on site | AJ25: =_xlfn.XLOOKUP(B25,'[3]Cells Huawei 27042026 15h'!$B:$B,'[3]Cells Huawei 27042026 15h'!$T:$T,"") -> (04/27/2026 cell huawei):-27/04/2026 : Besoin d'analyse BO RAN || No HW alarm observed, need a reset of BTS on site || HW Projet should renew License | AK25: =_xlfn.XLOOKUP(B25,'[4]cells down 27042026 11h28'!$B:$B,'[4]cells down 27042026 11h28'!$R:$R,"") | AL25: =_xlfn.XLOOKUP(B25,'[4]cells down 27042026 18h01'!$B:$B,'[4]cells down 27042026 18h01'!$R:$R,"") | AM25: =_xlfn.XLOOKUP(B25,'[5]cell downs 27042026 11h'!$B:$B,'[5]cell downs 27042026 11h'!$R:$R,"") | AN25: =_xlfn.XLOOKUP(B25,'[5]cell downs 27042026 17h40'!$B:$B,'[5]cell downs 27042026 17h40'!$R:$R,"") | AO25: =_xlfn.XLOOKUP(B25,'[6]ALL SITES DOWN'!$D:$D,'[6]ALL SITES DOWN'!$J:$J,"") -> (04/27/2026 ocm ran 17h):-power status check ongoing | AP25: =_xlfn.XLOOKUP(B25,'[7]ALL SITES DOWN'!$D:$D,'[7]ALL SITES DOWN'!$J:$J,"") | AQ25: =_xlfn.XLOOKUP(B25,[8]sheet1!$AC:$AC,[8]sheet1!$AF:$AF,"") | AT25: =_xlfn.XLOOKUP(B25,'[9]cell downs 18042026 17h'!$B:$B,'[9]cell downs 18042026 17h'!$B:$B,"") | AU25: =_xlfn.XLOOKUP(B25,'[10]Cells Huawei 19042026 15h'!$B:$B,'[10]Cells Huawei 19042026 15h'!$B:$B,"") | AV25: =_xlfn.XLOOKUP(B25,'[11]cells down 19042026 9H40'!$B:$B,'[11]cells down 19042026 9H40'!$B:$B,"")
A26: KUMBA-BONAKAMA | B26: SUO_218 | C26: =_xlfn.XLOOKUP(B26,'[1]daily break down'!$D:$D,'[1]daily break down'!$E:$E,"") -> SUD-OUEST | D26: IHS | E26: Grid-Gen | F26: SUD-OUEST | G26: Kumba | H26: =_xlfn.XLOOKUP(B26,[2]CALCULATION!$B:$B,[2]CALCULATION!$H:$H,"") -> Huawei | I26: 0.74489988 | J26: 0.91087312 | K26: 17.910164 | L26: 19.526932 | M26: 37.085548 | N26: 26.870971 | O26: 25.073213 | P26: REPETITIF | Q26: Operationnel | S26: {=IFERROR(_xlfn.IFS( U26="MPR ISSUE","PDH", U26="BSS Hardware Issue","BSS", U26="Sites strategiques, MLL, Pylone, etc.","ENVTECH", U26="AKTIVCO DEFAUT GE & POWER Cabinet","AKTIVCO", U26="AKTIVCO Coupure ENEO & Baisse de tension","AKTIVCO GRID ONLY", U26="Coupure ENEO & Baisse de tension","IHS GRID ONLY", U26="Defaut GE & POWER Cabinet","IHS", U26="Sharing","Partners", U26="Sites strategiques & DataCenter","SST & DC", U26="Exclu","Exclu", U26="SAT","SAT", U26="SPARE-ISSUE","SPARE-ISSUE", U26="Fiber CAmtel","TRANS_FO_CAMTEL", U26="Fiber AOF","Fiber AOF", U26="Projet OCM (HUAWEI)","TRAVAUX-HUAWEI", U26="Projet OCM (NOKIA)","TRAVAUX-NOKIA", U26="ACCESS-ISSUE","ACCESS-ISSUE", U26="Projet OCM (ZTE, NOKIA, autres projets)","TRAVAUX OCM", U26="No root CAuse","No root cause", U26="ODU HS","PDH", U26="IP & VLAN","PDH", U26="Warehouse HUAWEI","SPARE-ISSUE", U26="SPARE-HS","SPARE-ISSUE", U26="Power Telco","BSS",U26="no impacts","no impacts" ),"")} -> PDH | T26: {=IFERROR(_xlfn.IFS( U26="MPR ISSUE","TX ISSUE", U26="BSS Hardware Issue","RAN ISSUE", U26="Sites strategiques, MLL, Pylone, etc.","ENVTECH", U26="AKTIVCO DEFAUT GE & POWER Cabinet","POWER ISSUE", U26="AKTIVCO Coupure ENEO & Baisse de tension","POWER ISSUE", U26="Coupure ENEO & Baisse de tension","POWER ISSUE", U26="Defaut GE & POWER Cabinet","POWER ISSUE", U26="Sharing","POWER ISSUE", U26="Sites strategiques & DataCenter","POWER ISSUE", U26="Exclu","Exclu", U26="SAT","TX ISSUE", U26="SPARE-ISSUE","SPARE-ISSUE", U26="Fiber CAmtel","TX ISSUE", U26="Fiber AOF","TX ISSUE", U26="Projet OCM (HUAWEI)","TRAVAUX-HUAWEI", U26="Projet OCM (NOKIA)","TRAVAUX -NOKIA", U26="ACCESS-ISSUE","ACCESS-ISSUE", U26="Projet OCM (ZTE, NOKIA, autres projets)","TRAVAUX OCM", U26="No root CAuse","No root cause", U26="ODU HS","TX ISSUE", U26="IP & VLAN","TX ISSUE", U26="Warehouse HUAWEI","SPARE-ISSUE", U26="SPARE-HS","SPARE-ISSUE", U26="Power Telco","RAN ISSUE",U26="no impacts","no impacts" ),"")} -> TX ISSUE | U26: MPR ISSUE | V26: {=IFERROR(_xlfn.IFS( U26="MPR ISSUE","ACTIVE", U26="BSS Hardware Issue","ACTIVE", U26="Sites strategiques, MLL, Pylone, etc.","PASSIVE", U26="AKTIVCO DEFAUT GE & POWER Cabinet","PASSIVE", U26="AKTIVCO Coupure ENEO & Baisse de tension","PASSIVE", U26="Coupure ENEO & Baisse de tension","PASSIVE", U26="Defaut GE & POWER Cabinet","PASSIVE", U26="Sharing","PASSIVE", U26="Sites strategiques & DataCenter","PASSIVE", U26="Exclu","Exclu", U26="SAT","ACTIVE", U26="SPARE-ISSUE","SPARE-ISSUE", U26="Fiber CAmtel","ACTIVE", U26="Fiber AOF","ACTIVE", U26="Projet OCM (HUAWEI)","PLANNED WORKS", U26="Projet OCM (NOKIA)","PLANNED WORKS", U26="ACCESS-ISSUE","ACCESS-ISSUE", U26="Projet OCM (ZTE, NOKIA, autres projets)","PLANNED WORKS", U26="No root CAuse","No root cause", U26="ODU HS","ACTIVE", U26="IP & VLAN","ACTIVE", U26="Warehouse HUAWEI","SPARE-ISSUE", U26="SPARE-HS","SPARE-ISSUE", U26="Power Telco","ACTIVE", U26="no impacts","no impacts" ),"")} -> ACTIVE | W26: Ghost town | AB26: (04/27/2026 top offenders):-25/04/2026 FME activé GHOST TOWN to day Besoin d'un fme sur site pour verifier le status du MPR ..(04/27/2026 ocm ran 17h):-25/04/2026 FME activé GHOST TOWN to day Besoin d'un fme sur site pour verifier le status du MPR ..(04/27/2026 ocm ran 11h):-25/04/2026 FME activé ETA=30 MIN Besoin d'un fme sur site pour verifier le status du MPR | AC26: =_xlfn.XLOOKUP(B26,'INCIDENT-04-27-2026'!E:E,'INCIDENT-04-27-2026'!F:F,"") | AE26: (04/27/2026 top offenders):-25/04/2026 FME activé GHOST TOWN to day Besoin d'un fme sur site pour verifier le status du MPR | AF26: =_xlfn.XLOOKUP(B26,'[13]Input_27-04'!$B:$B,'[13]Input_27-04'!$M:$M,"") | AI26: =_xlfn.XLOOKUP(B26,'[3]Cells Huawei 27042026 10h'!$B:$B,'[3]Cells Huawei 27042026 10h'!$T:$T,"") | AJ26: =_xlfn.XLOOKUP(B26,'[3]Cells Huawei 27042026 15h'!$B:$B,'[3]Cells Huawei 27042026 15h'!$T:$T,"") | AK26: =_xlfn.XLOOKUP(B26,'[4]cells down 27042026 11h28'!$B:$B,'[4]cells down 27042026 11h28'!$R:$R,"") | AL26: =_xlfn.XLOOKUP(B26,'[4]cells down 27042026 18h01'!$B:$B,'[4]cells down 27042026 18h01'!$R:$R,"") | AM26: =_xlfn.XLOOKUP(B26,'[5]cell downs 27042026 11h'!$B:$B,'[5]cell downs 27042026 11h'!$R:$R,"") | AN26: =_xlfn.XLOOKUP(B26,'[5]cell downs 27042026 17h40'!$B:$B,'[5]cell downs 27042026 17h40'!$R:$R,"") | AO26: =_xlfn.XLOOKUP(B26,'[6]ALL SITES DOWN'!$D:$D,'[6]ALL SITES DOWN'!$J:$J,"") -> (04/27/2026 ocm ran 17h):-25/04/2026 FME activé GHOST TOWN to day Besoin d'un fme sur site pour verifier le status du MPR | AP26: =_xlfn.XLOOKUP(B26,'[7]ALL SITES DOWN'!$D:$D,'[7]ALL SITES DOWN'!$J:$J,"") -> (04/27/2026 ocm ran 11h):-25/04/2026 FME activé ETA=30 MIN Besoin d'un fme sur site pour verifier le status du MPR | AQ26: =_xlfn.XLOOKUP(B26,[8]sheet1!$AC:$AC,[8]sheet1!$AF:$AF,"") | AT26: =_xlfn.XLOOKUP(B26,'[9]cell downs 18042026 17h'!$B:$B,'[9]cell downs 18042026 17h'!$B:$B,"") | AU26: =_xlfn.XLOOKUP(B26,'[10]Cells Huawei 19042026 15h'!$B:$B,'[10]Cells Huawei 19042026 15h'!$B:$B,"") | AV26: =_xlfn.XLOOKUP(B26,'[11]cells down 19042026 9H40'!$B:$B,'[11]cells down 19042026 9H40'!$B:$B,"")
A27: Bep-Yonyong | B27: LIT_092 | C27: =_xlfn.XLOOKUP(B27,'[1]daily break down'!$D:$D,'[1]daily break down'!$E:$E,"") -> Douala | D27: IHS | E27: GridOnly | F27: LITTORAL | G27: Douala | H27: =_xlfn.XLOOKUP(B27,[2]CALCULATION!$B:$B,[2]CALCULATION!$H:$H,"") -> ZTE | I27: 0 | J27: 0 | K27: 0 | L27: 0 | M27: 0 | N27: 6.8692696 | O27: 24.264392 | P27: REPETITIF | Q27: Operationnel | S27: {=IFERROR(_xlfn.IFS( U27="MPR ISSUE","PDH", U27="BSS Hardware Issue","BSS", U27="Sites strategiques, MLL, Pylone, etc.","ENVTECH", U27="AKTIVCO DEFAUT GE & POWER Cabinet","AKTIVCO", U27="AKTIVCO Coupure ENEO & Baisse de tension","AKTIVCO GRID ONLY", U27="Coupure ENEO & Baisse de tension","IHS GRID ONLY", U27="Defaut GE & POWER Cabinet","IHS", U27="Sharing","Partners", U27="Sites strategiques & DataCenter","SST & DC", U27="Exclu","Exclu", U27="SAT","SAT", U27="SPARE-ISSUE","SPARE-ISSUE", U27="Fiber CAmtel","TRANS_FO_CAMTEL", U27="Fiber AOF","Fiber AOF", U27="Projet OCM (HUAWEI)","TRAVAUX-HUAWEI", U27="Projet OCM (NOKIA)","TRAVAUX-NOKIA", U27="ACCESS-ISSUE","ACCESS-ISSUE", U27="Projet OCM (ZTE, NOKIA, autres projets)","TRAVAUX OCM", U27="No root CAuse","No root cause", U27="ODU HS","PDH", U27="IP & VLAN","PDH", U27="Warehouse HUAWEI","SPARE-ISSUE", U27="SPARE-HS","SPARE-ISSUE", U27="Power Telco","BSS",U27="no impacts","no impacts" ),"")} -> No root cause | T27: {=IFERROR(_xlfn.IFS( U27="MPR ISSUE","TX ISSUE", U27="BSS Hardware Issue","RAN ISSUE", U27="Sites strategiques, MLL, Pylone, etc.","ENVTECH", U27="AKTIVCO DEFAUT GE & POWER Cabinet","POWER ISSUE", U27="AKTIVCO Coupure ENEO & Baisse de tension","POWER ISSUE", U27="Coupure ENEO & Baisse de tension","POWER ISSUE", U27="Defaut GE & POWER Cabinet","POWER ISSUE", U27="Sharing","POWER ISSUE", U27="Sites strategiques & DataCenter","POWER ISSUE", U27="Exclu","Exclu", U27="SAT","TX ISSUE", U27="SPARE-ISSUE","SPARE-ISSUE", U27="Fiber CAmtel","TX ISSUE", U27="Fiber AOF","TX ISSUE", U27="Projet OCM (HUAWEI)","TRAVAUX-HUAWEI", U27="Projet OCM (NOKIA)","TRAVAUX -NOKIA", U27="ACCESS-ISSUE","ACCESS-ISSUE", U27="Projet OCM (ZTE, NOKIA, autres projets)","TRAVAUX OCM", U27="No root CAuse","No root cause", U27="ODU HS","TX ISSUE", U27="IP & VLAN","TX ISSUE", U27="Warehouse HUAWEI","SPARE-ISSUE", U27="SPARE-HS","SPARE-ISSUE", U27="Power Telco","RAN ISSUE",U27="no impacts","no impacts" ),"")} -> No root cause | U27: no root cause | V27: {=IFERROR(_xlfn.IFS( U27="MPR ISSUE","ACTIVE", U27="BSS Hardware Issue","ACTIVE", U27="Sites strategiques, MLL, Pylone, etc.","PASSIVE", U27="AKTIVCO DEFAUT GE & POWER Cabinet","PASSIVE", U27="AKTIVCO Coupure ENEO & Baisse de tension","PASSIVE", U27="Coupure ENEO & Baisse de tension","PASSIVE", U27="Defaut GE & POWER Cabinet","PASSIVE", U27="Sharing","PASSIVE", U27="Sites strategiques & DataCenter","PASSIVE", U27="Exclu","Exclu", U27="SAT","ACTIVE", U27="SPARE-ISSUE","SPARE-ISSUE", U27="Fiber CAmtel","ACTIVE", U27="Fiber AOF","ACTIVE", U27="Projet OCM (HUAWEI)","PLANNED WORKS", U27="Projet OCM (NOKIA)","PLANNED WORKS", U27="ACCESS-ISSUE","ACCESS-ISSUE", U27="Projet OCM (ZTE, NOKIA, autres projets)","PLANNED WORKS", U27="No root CAuse","No root cause", U27="ODU HS","ACTIVE", U27="IP & VLAN","ACTIVE", U27="Warehouse HUAWEI","SPARE-ISSUE", U27="SPARE-HS","SPARE-ISSUE", U27="Power Telco","ACTIVE", U27="no impacts","no impacts" ),"")} -> No root cause | W27: chercher | AB27: (04/27/2026 top offenders): | AC27: =_xlfn.XLOOKUP(B27,'INCIDENT-04-27-2026'!E:E,'INCIDENT-04-27-2026'!F:F,"") | AE27: (04/27/2026 top offenders): | AF27: =_xlfn.XLOOKUP(B27,'[13]Input_27-04'!$B:$B,'[13]Input_27-04'!$M:$M,"") | AI27: =_xlfn.XLOOKUP(B27,'[3]Cells Huawei 27042026 10h'!$B:$B,'[3]Cells Huawei 27042026 10h'!$T:$T,"") | AJ27: =_xlfn.XLOOKUP(B27,'[3]Cells Huawei 27042026 15h'!$B:$B,'[3]Cells Huawei 27042026 15h'!$T:$T,"") | AK27: =_xlfn.XLOOKUP(B27,'[4]cells down 27042026 11h28'!$B:$B,'[4]cells down 27042026 11h28'!$R:$R,"") | AL27: =_xlfn.XLOOKUP(B27,'[4]cells down 27042026 18h01'!$B:$B,'[4]cells down 27042026 18h01'!$R:$R,"") | AM27: =_xlfn.XLOOKUP(B27,'[5]cell downs 27042026 11h'!$B:$B,'[5]cell downs 27042026 11h'!$R:$R,"") | AN27: =_xlfn.XLOOKUP(B27,'[5]cell downs 27042026 17h40'!$B:$B,'[5]cell downs 27042026 17h40'!$R:$R,"") | AO27: =_xlfn.XLOOKUP(B27,'[6]ALL SITES DOWN'!$D:$D,'[6]ALL SITES DOWN'!$J:$J,"") | AP27: =_xlfn.XLOOKUP(B27,'[7]ALL SITES DOWN'!$D:$D,'[7]ALL SITES DOWN'!$J:$J,"") | AQ27: =_xlfn.XLOOKUP(B27,[8]sheet1!$AC:$AC,[8]sheet1!$AF:$AF,"") | AT27: =_xlfn.XLOOKUP(B27,'[9]cell downs 18042026 17h'!$B:$B,'[9]cell downs 18042026 17h'!$B:$B,"") | AU27: =_xlfn.XLOOKUP(B27,'[10]Cells Huawei 19042026 15h'!$B:$B,'[10]Cells Huawei 19042026 15h'!$B:$B,"") | AV27: =_xlfn.XLOOKUP(B27,'[11]cells down 19042026 9H40'!$B:$B,'[11]cells down 19042026 9H40'!$B:$B,"")
A28: Yao+C649unde | B28: CTR_375 | C28: =_xlfn.XLOOKUP(B28,'[1]daily break down'!$D:$D,'[1]daily break down'!$E:$E,"") -> Yaounde | D28: IHS | E28: grid only | F28: CENTRE | G28: Yaounde | H28: =_xlfn.XLOOKUP(B28,[2]CALCULATION!$B:$B,[2]CALCULATION!$H:$H,"") -> ZTE | I28: 0 | J28: 0.59160738 | K28: 10.838448 | L28: 38.835045 | M28: 0 | N28: 0.61559556 | O28: 23.185905 | P28: REPETITIF | Q28: Operationnel | S28: {=IFERROR(_xlfn.IFS( U28="MPR ISSUE","PDH", U28="BSS Hardware Issue","BSS", U28="Sites strategiques, MLL, Pylone, etc.","ENVTECH", U28="AKTIVCO DEFAUT GE & POWER Cabinet","AKTIVCO", U28="AKTIVCO Coupure ENEO & Baisse de tension","AKTIVCO GRID ONLY", U28="Coupure ENEO & Baisse de tension","IHS GRID ONLY", U28="Defaut GE & POWER Cabinet","IHS", U28="Sharing","Partners", U28="Sites strategiques & DataCenter","SST & DC", U28="Exclu","Exclu", U28="SAT","SAT", U28="SPARE-ISSUE","SPARE-ISSUE", U28="Fiber CAmtel","TRANS_FO_CAMTEL", U28="Fiber AOF","Fiber AOF", U28="Projet OCM (HUAWEI)","TRAVAUX-HUAWEI", U28="Projet OCM (NOKIA)","TRAVAUX-NOKIA", U28="ACCESS-ISSUE","ACCESS-ISSUE", U28="Projet OCM (ZTE, NOKIA, autres projets)","TRAVAUX OCM", U28="No root CAuse","No root cause", U28="ODU HS","PDH", U28="IP & VLAN","PDH", U28="Warehouse HUAWEI","SPARE-ISSUE", U28="SPARE-HS","SPARE-ISSUE", U28="Power Telco","BSS",U28="no impacts","no impacts" ),"")} -> IHS GRID ONLY | T28: {=IFERROR(_xlfn.IFS( U28="MPR ISSUE","TX ISSUE", U28="BSS Hardware Issue","RAN ISSUE", U28="Sites strategiques, MLL, Pylone, etc.","ENVTECH", U28="AKTIVCO DEFAUT GE & POWER Cabinet","POWER ISSUE", U28="AKTIVCO Coupure ENEO & Baisse de tension","POWER ISSUE", U28="Coupure ENEO & Baisse de tension","POWER ISSUE", U28="Defaut GE & POWER Cabinet","POWER ISSUE", U28="Sharing","POWER ISSUE", U28="Sites strategiques & DataCenter","POWER ISSUE", U28="Exclu","Exclu", U28="SAT","TX ISSUE", U28="SPARE-ISSUE","SPARE-ISSUE", U28="Fiber CAmtel","TX ISSUE", U28="Fiber AOF","TX ISSUE", U28="Projet OCM (HUAWEI)","TRAVAUX-HUAWEI", U28="Projet OCM (NOKIA)","TRAVAUX -NOKIA", U28="ACCESS-ISSUE","ACCESS-ISSUE", U28="Projet OCM (ZTE, NOKIA, autres projets)","TRAVAUX OCM", U28="No root CAuse","No root cause", U28="ODU HS","TX ISSUE", U28="IP & VLAN","TX ISSUE", U28="Warehouse HUAWEI","SPARE-ISSUE", U28="SPARE-HS","SPARE-ISSUE", U28="Power Telco","RAN ISSUE",U28="no impacts","no impacts" ),"")} -> POWER ISSUE | U28: Coupure ENEO & Baisse de tension | V28: {=IFERROR(_xlfn.IFS( U28="MPR ISSUE","ACTIVE", U28="BSS Hardware Issue","ACTIVE", U28="Sites strategiques, MLL, Pylone, etc.","PASSIVE", U28="AKTIVCO DEFAUT GE & POWER Cabinet","PASSIVE", U28="AKTIVCO Coupure ENEO & Baisse de tension","PASSIVE", U28="Coupure ENEO & Baisse de tension","PASSIVE", U28="Defaut GE & POWER Cabinet","PASSIVE", U28="Sharing","PASSIVE", U28="Sites strategiques & DataCenter","PASSIVE", U28="Exclu","Exclu", U28="SAT","ACTIVE", U28="SPARE-ISSUE","SPARE-ISSUE", U28="Fiber CAmtel","ACTIVE", U28="Fiber AOF","ACTIVE", U28="Projet OCM (HUAWEI)","PLANNED WORKS", U28="Projet OCM (NOKIA)","PLANNED WORKS", U28="ACCESS-ISSUE","ACCESS-ISSUE", U28="Projet OCM (ZTE, NOKIA, autres projets)","PLANNED WORKS", U28="No root CAuse","No root cause", U28="ODU HS","ACTIVE", U28="IP & VLAN","ACTIVE", U28="Warehouse HUAWEI","SPARE-ISSUE", U28="SPARE-HS","SPARE-ISSUE", U28="Power Telco","ACTIVE", U28="no impacts","no impacts" ),"")} -> PASSIVE | W28: Grid outage, No space to deploy MDG | X28: Awaiting Grid return | Z28: IHS | AA28: Ongoing | AB28: (04/27/2026 top offenders):..(04/27/2026 ticket):-INC-20260427-00000058…2026-04-27 07:29:31…Grid outage, No space to deploy MDG // awaiting grid return | AC28: =_xlfn.XLOOKUP(B28,'INCIDENT-04-27-2026'!E:E,'INCIDENT-04-27-2026'!F:F,"") | AE28: (04/27/2026 top offenders): | AF28: =_xlfn.XLOOKUP(B28,'[13]Input_27-04'!$B:$B,'[13]Input_27-04'!$M:$M,"") | AI28: =_xlfn.XLOOKUP(B28,'[3]Cells Huawei 27042026 10h'!$B:$B,'[3]Cells Huawei 27042026 10h'!$T:$T,"") | AJ28: =_xlfn.XLOOKUP(B28,'[3]Cells Huawei 27042026 15h'!$B:$B,'[3]Cells Huawei 27042026 15h'!$T:$T,"") | AK28: =_xlfn.XLOOKUP(B28,'[4]cells down 27042026 11h28'!$B:$B,'[4]cells down 27042026 11h28'!$R:$R,"") | AL28: =_xlfn.XLOOKUP(B28,'[4]cells down 27042026 18h01'!$B:$B,'[4]cells down 27042026 18h01'!$R:$R,"") | AM28: =_xlfn.XLOOKUP(B28,'[5]cell downs 27042026 11h'!$B:$B,'[5]cell downs 27042026 11h'!$R:$R,"") | AN28: =_xlfn.XLOOKUP(B28,'[5]cell downs 27042026 17h40'!$B:$B,'[5]cell downs 27042026 17h40'!$R:$R,"") | AO28: =_xlfn.XLOOKUP(B28,'[6]ALL SITES DOWN'!$D:$D,'[6]ALL SITES DOWN'!$J:$J,"") | AP28: =_xlfn.XLOOKUP(B28,'[7]ALL SITES DOWN'!$D:$D,'[7]ALL SITES DOWN'!$J:$J,"") | AQ28: =_xlfn.XLOOKUP(B28,[8]sheet1!$AC:$AC,[8]sheet1!$AF:$AF,"") -> (04/27/2026 ticket):-INC-20260427-00000058…2026-04-27 07:29:31…Grid outage, No space to deploy MDG // awaiting grid return | AT28: =_xlfn.XLOOKUP(B28,'[9]cell downs 18042026 17h'!$B:$B,'[9]cell downs 18042026 17h'!$B:$B,"") | AU28: =_xlfn.XLOOKUP(B28,'[10]Cells Huawei 19042026 15h'!$B:$B,'[10]Cells Huawei 19042026 15h'!$B:$B,"") | AV28: =_xlfn.XLOOKUP(B28,'[11]cells down 19042026 9H40'!$B:$B,'[11]cells down 19042026 9H40'!$B:$B,"")
A29: Wonya-Mavio-IHS | B29: SUO_195 | C29: =_xlfn.XLOOKUP(B29,'[1]daily break down'!$D:$D,'[1]daily break down'!$E:$E,"") -> SUD-OUEST | D29: IHS | E29: Grid-Gen | F29: SUD-OUEST | G29: Buea | H29: =_xlfn.XLOOKUP(B29,[2]CALCULATION!$B:$B,[2]CALCULATION!$H:$H,"") -> Huawei | I29: 23.113994 | J29: 23.114261 | K29: 23.114261 | L29: 23.113994 | M29: 23.114261 | N29: 23.113994 | O29: 23.114261 | P29: REPETITIF | Q29: Operationnel | S29: {=IFERROR(_xlfn.IFS( U29="MPR ISSUE","PDH", U29="BSS Hardware Issue","BSS", U29="Sites strategiques, MLL, Pylone, etc.","ENVTECH", U29="AKTIVCO DEFAUT GE & POWER Cabinet","AKTIVCO", U29="AKTIVCO Coupure ENEO & Baisse de tension","AKTIVCO GRID ONLY", U29="Coupure ENEO & Baisse de tension","IHS GRID ONLY", U29="Defaut GE & POWER Cabinet","IHS", U29="Sharing","Partners", U29="Sites strategiques & DataCenter","SST & DC", U29="Exclu","Exclu", U29="SAT","SAT", U29="SPARE-ISSUE","SPARE-ISSUE", U29="Fiber CAmtel","TRANS_FO_CAMTEL", U29="Fiber AOF","Fiber AOF", U29="Projet OCM (HUAWEI)","TRAVAUX-HUAWEI", U29="Projet OCM (NOKIA)","TRAVAUX-NOKIA", U29="ACCESS-ISSUE","ACCESS-ISSUE", U29="Projet OCM (ZTE, NOKIA, autres projets)","TRAVAUX OCM", U29="No root CAuse","No root cause", U29="ODU HS","PDH", U29="IP & VLAN","PDH", U29="Warehouse HUAWEI","SPARE-ISSUE", U29="SPARE-HS","SPARE-ISSUE", U29="Power Telco","BSS",U29="no impacts","no impacts" ),"")} -> SPARE-ISSUE | T29: {=IFERROR(_xlfn.IFS( U29="MPR ISSUE","TX ISSUE", U29="BSS Hardware Issue","RAN ISSUE", U29="Sites strategiques, MLL, Pylone, etc.","ENVTECH", U29="AKTIVCO DEFAUT GE & POWER Cabinet","POWER ISSUE", U29="AKTIVCO Coupure ENEO & Baisse de tension","POWER ISSUE", U29="Coupure ENEO & Baisse de tension","POWER ISSUE", U29="Defaut GE & POWER Cabinet","POWER ISSUE", U29="Sharing","POWER ISSUE", U29="Sites strategiques & DataCenter","POWER ISSUE", U29="Exclu","Exclu", U29="SAT","TX ISSUE", U29="SPARE-ISSUE","SPARE-ISSUE", U29="Fiber CAmtel","TX ISSUE", U29="Fiber AOF","TX ISSUE", U29="Projet OCM (HUAWEI)","TRAVAUX-HUAWEI", U29="Projet OCM (NOKIA)","TRAVAUX -NOKIA", U29="ACCESS-ISSUE","ACCESS-ISSUE", U29="Projet OCM (ZTE, NOKIA, autres projets)","TRAVAUX OCM", U29="No root CAuse","No root cause", U29="ODU HS","TX ISSUE", U29="IP & VLAN","TX ISSUE", U29="Warehouse HUAWEI","SPARE-ISSUE", U29="SPARE-HS","SPARE-ISSUE", U29="Power Telco","RAN ISSUE",U29="no impacts","no impacts" ),"")} -> SPARE-ISSUE | U29: Warehouse HUAWEI | V29: {=IFERROR(_xlfn.IFS( U29="MPR ISSUE","ACTIVE", U29="BSS Hardware Issue","ACTIVE", U29="Sites strategiques, MLL, Pylone, etc.","PASSIVE", U29="AKTIVCO DEFAUT GE & POWER Cabinet","PASSIVE", U29="AKTIVCO Coupure ENEO & Baisse de tension","PASSIVE", U29="Coupure ENEO & Baisse de tension","PASSIVE", U29="Defaut GE & POWER Cabinet","PASSIVE", U29="Sharing","PASSIVE", U29="Sites strategiques & DataCenter","PASSIVE", U29="Exclu","Exclu", U29="SAT","ACTIVE", U29="SPARE-ISSUE","SPARE-ISSUE", U29="Fiber CAmtel","ACTIVE", U29="Fiber AOF","ACTIVE", U29="Projet OCM (HUAWEI)","PLANNED WORKS", U29="Projet OCM (NOKIA)","PLANNED WORKS", U29="ACCESS-ISSUE","ACCESS-ISSUE", U29="Projet OCM (ZTE, NOKIA, autres projets)","PLANNED WORKS", U29="No root CAuse","No root cause", U29="ODU HS","ACTIVE", U29="IP & VLAN","ACTIVE", U29="Warehouse HUAWEI","SPARE-ISSUE", U29="SPARE-HS","SPARE-ISSUE", U29="Power Telco","ACTIVE", U29="no impacts","no impacts" ),"")} -> SPARE-ISSUE | W29: Carte EAC 3DB19417AA faulty | X29: Replace faulty Carte EAC 3DB19417AA | Z29: GNOC | AA29: Ongoing | AB29: (04/27/2026 top offenders):-20.04.26; Carte EAC 3DB19417AA faulty, commande passée vers OCM 19.04.26; Besoin d'un FME sur SUO_077_H_Buea-David-Square pour vérifier la chaine antennaire de l'ODU 3.2; FME Fabien activé pour investigations, update ASAP 19.04.26; Reste down après l'incident P2 sur Buea-David..(04/27/2026 ocm ran 17h):-20.04.26; Carte EAC 3DB19417AA faulty, commande passée vers OCM 19.04.26; Besoin d'un FME sur SUO_077_H_Buea-David-Square pour vérifier la chaine antennaire de l'ODU 3.2; FME Fabien activé pour investigations, update ASAP 19.04.26; Reste down après l'incident P2 sur Buea-David..(04/27/2026 ocm ran 11h):-20.04.26; Carte EAC 3DB19417AA faulty, commande passée vers OCM 19.04.26; Besoin d'un FME sur SUO_077_H_Buea-David-Square pour vérifier la chaine antennaire de l'ODU 3.2; FME Fabien activé pour investigations, update ASAP 19.04.26; Reste down après l'incident P2 sur Buea-David | AC29: =_xlfn.XLOOKUP(B29,'INCIDENT-04-27-2026'!E:E,'INCIDENT-04-27-2026'!F:F,"") | AE29: (04/27/2026 top offenders):-20.04.26; Carte EAC 3DB19417AA faulty, commande passée vers OCM 19.04.26; Besoin d'un FME sur SUO_077_H_Buea-David-Square pour vérifier la chaine antennaire de l'ODU 3.2; FME Fabien activé pour investigations, update ASAP 19.04.26; Reste down après l'incident P2 sur Buea-David | AF29: =_xlfn.XLOOKUP(B29,'[13]Input_27-04'!$B:$B,'[13]Input_27-04'!$M:$M,"") | AI29: =_xlfn.XLOOKUP(B29,'[3]Cells Huawei 27042026 10h'!$B:$B,'[3]Cells Huawei 27042026 10h'!$T:$T,"") | AJ29: =_xlfn.XLOOKUP(B29,'[3]Cells Huawei 27042026 15h'!$B:$B,'[3]Cells Huawei 27042026 15h'!$T:$T,"") | AK29: =_xlfn.XLOOKUP(B29,'[4]cells down 27042026 11h28'!$B:$B,'[4]cells down 27042026 11h28'!$R:$R,"") | AL29: =_xlfn.XLOOKUP(B29,'[4]cells down 27042026 18h01'!$B:$B,'[4]cells down 27042026 18h01'!$R:$R,"") | AM29: =_xlfn.XLOOKUP(B29,'[5]cell downs 27042026 11h'!$B:$B,'[5]cell downs 27042026 11h'!$R:$R,"") | AN29: =_xlfn.XLOOKUP(B29,'[5]cell downs 27042026 17h40'!$B:$B,'[5]cell downs 27042026 17h40'!$R:$R,"") | AO29: =_xlfn.XLOOKUP(B29,'[6]ALL SITES DOWN'!$D:$D,'[6]ALL SITES DOWN'!$J:$J,"") -> (04/27/2026 ocm ran 17h):-20.04.26; Carte EAC 3DB19417AA faulty, commande passée vers OCM 19.04.26; Besoin d'un FME sur SUO_077_H_Buea-David-Square pour vérifier la chaine antennaire de l'ODU 3.2; FME Fabien activé pour investigations, update ASAP 19.04.26; Reste down après l'incident P2 sur Buea-David | AP29: =_xlfn.XLOOKUP(B29,'[7]ALL SITES DOWN'!$D:$D,'[7]ALL SITES DOWN'!$J:$J,"") -> (04/27/2026 ocm ran 11h):-20.04.26; Carte EAC 3DB19417AA faulty, commande passée vers OCM 19.04.26; Besoin d'un FME sur SUO_077_H_Buea-David-Square pour vérifier la chaine antennaire de l'ODU 3.2; FME Fabien activé pour investigations, update ASAP 19.04.26; Reste down après l'incident P2 sur Buea-David | AQ29: =_xlfn.XLOOKUP(B29,[8]sheet1!$AC:$AC,[8]sheet1!$AF:$AF,"") | AT29: =_xlfn.XLOOKUP(B29,'[9]cell downs 18042026 17h'!$B:$B,'[9]cell downs 18042026 17h'!$B:$B,"") | AU29: =_xlfn.XLOOKUP(B29,'[10]Cells Huawei 19042026 15h'!$B:$B,'[10]Cells Huawei 19042026 15h'!$B:$B,"") | AV29: =_xlfn.XLOOKUP(B29,'[11]cells down 19042026 9H40'!$B:$B,'[11]cells down 19042026 9H40'!$B:$B,"")
A30: Bda-Mankon-Palace-IHS | B30: NRO_059 | C30: =_xlfn.XLOOKUP(B30,'[1]daily break down'!$D:$D,'[1]daily break down'!$E:$E,"") -> NORD-OUEST | D30: IHS | E30: Grid-Gen | F30: NORD-OUEST | G30: Bamenda | H30: =_xlfn.XLOOKUP(B30,[2]CALCULATION!$B:$B,[2]CALCULATION!$H:$H,"") -> Huawei | I30: 0 | J30: 11.653387 | K30: 15.99102 | L30: 10.67763 | M30: 23.114261 | N30: 23.113994 | O30: 23.114261 | P30: REPETITIF | Q30: Operationnel | S30: {=IFERROR(_xlfn.IFS( U30="MPR ISSUE","PDH", U30="BSS Hardware Issue","BSS", U30="Sites strategiques, MLL, Pylone, etc.","ENVTECH", U30="AKTIVCO DEFAUT GE & POWER Cabinet","AKTIVCO", U30="AKTIVCO Coupure ENEO & Baisse de tension","AKTIVCO GRID ONLY", U30="Coupure ENEO & Baisse de tension","IHS GRID ONLY", U30="Defaut GE & POWER Cabinet","IHS", U30="Sharing","Partners", U30="Sites strategiques & DataCenter","SST & DC", U30="Exclu","Exclu", U30="SAT","SAT", U30="SPARE-ISSUE","SPARE-ISSUE", U30="Fiber CAmtel","TRANS_FO_CAMTEL", U30="Fiber AOF","Fiber AOF", U30="Projet OCM (HUAWEI)","TRAVAUX-HUAWEI", U30="Projet OCM (NOKIA)","TRAVAUX-NOKIA", U30="ACCESS-ISSUE","ACCESS-ISSUE", U30="Projet OCM (ZTE, NOKIA, autres projets)","TRAVAUX OCM", U30="No root CAuse","No root cause", U30="ODU HS","PDH", U30="IP & VLAN","PDH", U30="Warehouse HUAWEI","SPARE-ISSUE", U30="SPARE-HS","SPARE-ISSUE", U30="Power Telco","BSS",U30="no impacts","no impacts" ),"")} -> IHS | T30: {=IFERROR(_xlfn.IFS( U30="MPR ISSUE","TX ISSUE", U30="BSS Hardware Issue","RAN ISSUE", U30="Sites strategiques, MLL, Pylone, etc.","ENVTECH", U30="AKTIVCO DEFAUT GE & POWER Cabinet","POWER ISSUE", U30="AKTIVCO Coupure ENEO & Baisse de tension","POWER ISSUE", U30="Coupure ENEO & Baisse de tension","POWER ISSUE", U30="Defaut GE & POWER Cabinet","POWER ISSUE", U30="Sharing","POWER ISSUE", U30="Sites strategiques & DataCenter","POWER ISSUE", U30="Exclu","Exclu", U30="SAT","TX ISSUE", U30="SPARE-ISSUE","SPARE-ISSUE", U30="Fiber CAmtel","TX ISSUE", U30="Fiber AOF","TX ISSUE", U30="Projet OCM (HUAWEI)","TRAVAUX-HUAWEI", U30="Projet OCM (NOKIA)","TRAVAUX -NOKIA", U30="ACCESS-ISSUE","ACCESS-ISSUE", U30="Projet OCM (ZTE, NOKIA, autres projets)","TRAVAUX OCM", U30="No root CAuse","No root cause", U30="ODU HS","TX ISSUE", U30="IP & VLAN","TX ISSUE", U30="Warehouse HUAWEI","SPARE-ISSUE", U30="SPARE-HS","SPARE-ISSUE", U30="Power Telco","RAN ISSUE",U30="no impacts","no impacts" ),"")} -> POWER ISSUE | U30: Defaut GE & Power Cabinet | V30: {=IFERROR(_xlfn.IFS( U30="MPR ISSUE","ACTIVE", U30="BSS Hardware Issue","ACTIVE", U30="Sites strategiques, MLL, Pylone, etc.","PASSIVE", U30="AKTIVCO DEFAUT GE & POWER Cabinet","PASSIVE", U30="AKTIVCO Coupure ENEO & Baisse de tension","PASSIVE", U30="Coupure ENEO & Baisse de tension","PASSIVE", U30="Defaut GE & POWER Cabinet","PASSIVE", U30="Sharing","PASSIVE", U30="Sites strategiques & DataCenter","PASSIVE", U30="Exclu","Exclu", U30="SAT","ACTIVE", U30="SPARE-ISSUE","SPARE-ISSUE", U30="Fiber CAmtel","ACTIVE", U30="Fiber AOF","ACTIVE", U30="Projet OCM (HUAWEI)","PLANNED WORKS", U30="Projet OCM (NOKIA)","PLANNED WORKS", U30="ACCESS-ISSUE","ACCESS-ISSUE", U30="Projet OCM (ZTE, NOKIA, autres projets)","PLANNED WORKS", U30="No root CAuse","No root cause", U30="ODU HS","ACTIVE", U30="IP & VLAN","ACTIVE", U30="Warehouse HUAWEI","SPARE-ISSUE", U30="SPARE-HS","SPARE-ISSUE", U30="Power Telco","ACTIVE", U30="no impacts","no impacts" ),"")} -> PASSIVE | W30: Power Issue | X30: Awaiting HIS' return | Z30: IHS | AA30: Ongoing | AB30: (04/27/2026 top offenders):-27/04/2026 power issue sur site escalade L4 IHS 25/04/2026 FME sur site power issue evidence transmis a IHS 25/04/2026 Besoin d'un fme sur site pour verifier le status du MPR et la chaine antennaire de l ODU 3/1 FME uche activé ETA=13H UTC 24/04/2026 Rectifiers hanging. // Rectifiers reset. Escalade L2 IHS ..(04/27/2026 ocm ran 17h):-27/04/2026 power issue sur site escalade L4 IHS 25/04/2026 FME sur site power issue evidence transmis a IHS 25/04/2026 Besoin d'un fme sur site pour verifier le status du MPR et la chaine antennaire de l ODU 3/1 FME uche activé ETA=13H UTC 24/04/2026 Rectifiers hanging. // Rectifiers reset. Escalade L2 IHS ..(04/27/2026 ocm ran 11h):-27/04/2026 power issue sur site escalade L4 IHS 25/04/2026 FME sur site power issue evidence transmis a IHS 25/04/2026 Besoin d'un fme sur site pour verifier le status du MPR et la chaine antennaire de l ODU 3/1 FME uche activé ETA=13H UTC 24/04/2026 Rectifiers hanging. // Rectifiers reset. Escalade L2 IHS | AC30: =_xlfn.XLOOKUP(B30,'INCIDENT-04-27-2026'!E:E,'INCIDENT-04-27-2026'!F:F,"") | AE30: (04/27/2026 top offenders):-27/04/2026 power issue sur site escalade L4 IHS 25/04/2026 FME sur site power issue evidence transmis a IHS 25/04/2026 Besoin d'un fme sur site pour verifier le status du MPR et la chaine antennaire de l ODU 3/1 FME uche activé ETA=13H UTC 24/04/2026 Rectifiers hanging. // Rectifiers reset. Escalade L2 IHS | AF30: =_xlfn.XLOOKUP(B30,'[13]Input_27-04'!$B:$B,'[13]Input_27-04'!$M:$M,"") | AI30: =_xlfn.XLOOKUP(B30,'[3]Cells Huawei 27042026 10h'!$B:$B,'[3]Cells Huawei 27042026 10h'!$T:$T,"") | AJ30: =_xlfn.XLOOKUP(B30,'[3]Cells Huawei 27042026 15h'!$B:$B,'[3]Cells Huawei 27042026 15h'!$T:$T,"") | AK30: =_xlfn.XLOOKUP(B30,'[4]cells down 27042026 11h28'!$B:$B,'[4]cells down 27042026 11h28'!$R:$R,"") | AL30: =_xlfn.XLOOKUP(B30,'[4]cells down 27042026 18h01'!$B:$B,'[4]cells down 27042026 18h01'!$R:$R,"") | AM30: =_xlfn.XLOOKUP(B30,'[5]cell downs 27042026 11h'!$B:$B,'[5]cell downs 27042026 11h'!$R:$R,"") | AN30: =_xlfn.XLOOKUP(B30,'[5]cell downs 27042026 17h40'!$B:$B,'[5]cell downs 27042026 17h40'!$R:$R,"") | AO30: =_xlfn.XLOOKUP(B30,'[6]ALL SITES DOWN'!$D:$D,'[6]ALL SITES DOWN'!$J:$J,"") -> (04/27/2026 ocm ran 17h):-27/04/2026 power issue sur site escalade L4 IHS 25/04/2026 FME sur site power issue evidence transmis a IHS 25/04/2026 Besoin d'un fme sur site pour verifier le status du MPR et la chaine antennaire de l ODU 3/1 FME uche activé ETA=13H UTC 24/04/2026 Rectifiers hanging. // Rectifiers reset. Escalade L2 IHS | AP30: =_xlfn.XLOOKUP(B30,'[7]ALL SITES DOWN'!$D:$D,'[7]ALL SITES DOWN'!$J:$J,"") -> (04/27/2026 ocm ran 11h):-27/04/2026 power issue sur site escalade L4 IHS 25/04/2026 FME sur site power issue evidence transmis a IHS 25/04/2026 Besoin d'un fme sur site pour verifier le status du MPR et la chaine antennaire de l ODU 3/1 FME uche activé ETA=13H UTC 24/04/2026 Rectifiers hanging. // Rectifiers reset. Escalade L2 IHS | AQ30: =_xlfn.XLOOKUP(B30,[8]sheet1!$AC:$AC,[8]sheet1!$AF:$AF,"") | AT30: =_xlfn.XLOOKUP(B30,'[9]cell downs 18042026 17h'!$B:$B,'[9]cell downs 18042026 17h'!$B:$B,"") | AU30: =_xlfn.XLOOKUP(B30,'[10]Cells Huawei 19042026 15h'!$B:$B,'[10]Cells Huawei 19042026 15h'!$B:$B,"") | AV30: =_xlfn.XLOOKUP(B30,'[11]cells down 19042026 9H40'!$B:$B,'[11]cells down 19042026 9H40'!$B:$B,"")
A31: OST_406_H_Chefferie-Bangangte | B31: OST_406 | C31: =_xlfn.XLOOKUP(B31,'[1]daily break down'!$D:$D,'[1]daily break down'!$E:$E,"") -> OUEST | D31: ESCO | E31: Hybrid Solar - S1 | F31: OST | G31: Bangante | H31: =_xlfn.XLOOKUP(B31,[2]CALCULATION!$B:$B,[2]CALCULATION!$H:$H,"") -> Huawei | I31: 0 | J31: 0 | K31: 23.114261 | L31: 23.113994 | M31: 23.114261 | N31: 23.113994 | O31: 23.114261 | P31: REPETITIF | Q31: EXCLU | S31: {=IFERROR(_xlfn.IFS( U31="MPR ISSUE","PDH", U31="BSS Hardware Issue","BSS", U31="Sites strategiques, MLL, Pylone, etc.","ENVTECH", U31="AKTIVCO DEFAUT GE & POWER Cabinet","AKTIVCO", U31="AKTIVCO Coupure ENEO & Baisse de tension","AKTIVCO GRID ONLY", U31="Coupure ENEO & Baisse de tension","IHS GRID ONLY", U31="Defaut GE & POWER Cabinet","IHS", U31="Sharing","Partners", U31="Sites strategiques & DataCenter","SST & DC", U31="Exclu","Exclu", U31="SAT","SAT", U31="SPARE-ISSUE","SPARE-ISSUE", U31="Fiber CAmtel","TRANS_FO_CAMTEL", U31="Fiber AOF","Fiber AOF", U31="Projet OCM (HUAWEI)","TRAVAUX-HUAWEI", U31="Projet OCM (NOKIA)","TRAVAUX-NOKIA", U31="ACCESS-ISSUE","ACCESS-ISSUE", U31="Projet OCM (ZTE, NOKIA, autres projets)","TRAVAUX OCM", U31="No root CAuse","No root cause", U31="ODU HS","PDH", U31="IP & VLAN","PDH", U31="Warehouse HUAWEI","SPARE-ISSUE", U31="SPARE-HS","SPARE-ISSUE", U31="Power Telco","BSS",U31="no impacts","no impacts" ),"")} -> Exclu | T31: {=IFERROR(_xlfn.IFS( U31="MPR ISSUE","TX ISSUE", U31="BSS Hardware Issue","RAN ISSUE", U31="Sites strategiques, MLL, Pylone, etc.","ENVTECH", U31="AKTIVCO DEFAUT GE & POWER Cabinet","POWER ISSUE", U31="AKTIVCO Coupure ENEO & Baisse de tension","POWER ISSUE", U31="Coupure ENEO & Baisse de tension","POWER ISSUE", U31="Defaut GE & POWER Cabinet","POWER ISSUE", U31="Sharing","POWER ISSUE", U31="Sites strategiques & DataCenter","POWER ISSUE", U31="Exclu","Exclu", U31="SAT","TX ISSUE", U31="SPARE-ISSUE","SPARE-ISSUE", U31="Fiber CAmtel","TX ISSUE", U31="Fiber AOF","TX ISSUE", U31="Projet OCM (HUAWEI)","TRAVAUX-HUAWEI", U31="Projet OCM (NOKIA)","TRAVAUX -NOKIA", U31="ACCESS-ISSUE","ACCESS-ISSUE", U31="Projet OCM (ZTE, NOKIA, autres projets)","TRAVAUX OCM", U31="No root CAuse","No root cause", U31="ODU HS","TX ISSUE", U31="IP & VLAN","TX ISSUE", U31="Warehouse HUAWEI","SPARE-ISSUE", U31="SPARE-HS","SPARE-ISSUE", U31="Power Telco","RAN ISSUE",U31="no impacts","no impacts" ),"")} -> Exclu | U31: EXCLU | V31: {=IFERROR(_xlfn.IFS( U31="MPR ISSUE","ACTIVE", U31="BSS Hardware Issue","ACTIVE", U31="Sites strategiques, MLL, Pylone, etc.","PASSIVE", U31="AKTIVCO DEFAUT GE & POWER Cabinet","PASSIVE", U31="AKTIVCO Coupure ENEO & Baisse de tension","PASSIVE", U31="Coupure ENEO & Baisse de tension","PASSIVE", U31="Defaut GE & POWER Cabinet","PASSIVE", U31="Sharing","PASSIVE", U31="Sites strategiques & DataCenter","PASSIVE", U31="Exclu","Exclu", U31="SAT","ACTIVE", U31="SPARE-ISSUE","SPARE-ISSUE", U31="Fiber CAmtel","ACTIVE", U31="Fiber AOF","ACTIVE", U31="Projet OCM (HUAWEI)","PLANNED WORKS", U31="Projet OCM (NOKIA)","PLANNED WORKS", U31="ACCESS-ISSUE","ACCESS-ISSUE", U31="Projet OCM (ZTE, NOKIA, autres projets)","PLANNED WORKS", U31="No root CAuse","No root cause", U31="ODU HS","ACTIVE", U31="IP & VLAN","ACTIVE", U31="Warehouse HUAWEI","SPARE-ISSUE", U31="SPARE-HS","SPARE-ISSUE", U31="Power Telco","ACTIVE", U31="no impacts","no impacts" ),"")} -> Exclu | AC31: =_xlfn.XLOOKUP(B31,'INCIDENT-04-27-2026'!E:E,'INCIDENT-04-27-2026'!F:F,"") | AF31: =_xlfn.XLOOKUP(B31,'[13]Input_27-04'!$B:$B,'[13]Input_27-04'!$M:$M,"") | AI31: =_xlfn.XLOOKUP(B31,'[3]Cells Huawei 27042026 10h'!$B:$B,'[3]Cells Huawei 27042026 10h'!$T:$T,"") | AJ31: =_xlfn.XLOOKUP(B31,'[3]Cells Huawei 27042026 15h'!$B:$B,'[3]Cells Huawei 27042026 15h'!$T:$T,"") | AK31: =_xlfn.XLOOKUP(B31,'[4]cells down 27042026 11h28'!$B:$B,'[4]cells down 27042026 11h28'!$R:$R,"") | AL31: =_xlfn.XLOOKUP(B31,'[4]cells down 27042026 18h01'!$B:$B,'[4]cells down 27042026 18h01'!$R:$R,"") | AM31: =_xlfn.XLOOKUP(B31,'[5]cell downs 27042026 11h'!$B:$B,'[5]cell downs 27042026 11h'!$R:$R,"") | AN31: =_xlfn.XLOOKUP(B31,'[5]cell downs 27042026 17h40'!$B:$B,'[5]cell downs 27042026 17h40'!$R:$R,"") | AO31: =_xlfn.XLOOKUP(B31,'[6]ALL SITES DOWN'!$D:$D,'[6]ALL SITES DOWN'!$J:$J,"") | AP31: =_xlfn.XLOOKUP(B31,'[7]ALL SITES DOWN'!$D:$D,'[7]ALL SITES DOWN'!$J:$J,"") | AQ31: =_xlfn.XLOOKUP(B31,[8]sheet1!$AC:$AC,[8]sheet1!$AF:$AF,"") | AT31: =_xlfn.XLOOKUP(B31,'[9]cell downs 18042026 17h'!$B:$B,'[9]cell downs 18042026 17h'!$B:$B,"") | AU31: =_xlfn.XLOOKUP(B31,'[10]Cells Huawei 19042026 15h'!$B:$B,'[10]Cells Huawei 19042026 15h'!$B:$B,"") | AV31: =_xlfn.XLOOKUP(B31,'[11]cells down 19042026 9H40'!$B:$B,'[11]cells down 19042026 9H40'!$B:$B,"")
A32: Zileng-IHS | B32: EXN_174 | C32: =_xlfn.XLOOKUP(B32,'[1]daily break down'!$D:$D,'[1]daily break down'!$E:$E,"") -> EXTREME-NORD | D32: IHS | E32: Grid-Gen | F32: EXTREME-NORD | G32: Zileng | H32: =_xlfn.XLOOKUP(B32,[2]CALCULATION!$B:$B,[2]CALCULATION!$H:$H,"") -> NOKIA | I32: 7.786462 | J32: 0 | K32: 16.839257 | L32: 23.035088 | M32: 13.757724 | N32: 13.164165 | O32: 23.113405 | P32: REPETITIF | Q32: Insecurity | S32: {=IFERROR(_xlfn.IFS( U32="MPR ISSUE","PDH", U32="BSS Hardware Issue","BSS", U32="Sites strategiques, MLL, Pylone, etc.","ENVTECH", U32="AKTIVCO DEFAUT GE & POWER Cabinet","AKTIVCO", U32="AKTIVCO Coupure ENEO & Baisse de tension","AKTIVCO GRID ONLY", U32="Coupure ENEO & Baisse de tension","IHS GRID ONLY", U32="Defaut GE & POWER Cabinet","IHS", U32="Sharing","Partners", U32="Sites strategiques & DataCenter","SST & DC", U32="Exclu","Exclu", U32="SAT","SAT", U32="SPARE-ISSUE","SPARE-ISSUE", U32="Fiber CAmtel","TRANS_FO_CAMTEL", U32="Fiber AOF","Fiber AOF", U32="Projet OCM (HUAWEI)","TRAVAUX-HUAWEI", U32="Projet OCM (NOKIA)","TRAVAUX-NOKIA", U32="ACCESS-ISSUE","ACCESS-ISSUE", U32="Projet OCM (ZTE, NOKIA, autres projets)","TRAVAUX OCM", U32="No root CAuse","No root cause", U32="ODU HS","PDH", U32="IP & VLAN","PDH", U32="Warehouse HUAWEI","SPARE-ISSUE", U32="SPARE-HS","SPARE-ISSUE", U32="Power Telco","BSS",U32="no impacts","no impacts" ),"")} -> IHS | T32: {=IFERROR(_xlfn.IFS( U32="MPR ISSUE","TX ISSUE", U32="BSS Hardware Issue","RAN ISSUE", U32="Sites strategiques, MLL, Pylone, etc.","ENVTECH", U32="AKTIVCO DEFAUT GE & POWER Cabinet","POWER ISSUE", U32="AKTIVCO Coupure ENEO & Baisse de tension","POWER ISSUE", U32="Coupure ENEO & Baisse de tension","POWER ISSUE", U32="Defaut GE & POWER Cabinet","POWER ISSUE", U32="Sharing","POWER ISSUE", U32="Sites strategiques & DataCenter","POWER ISSUE", U32="Exclu","Exclu", U32="SAT","TX ISSUE", U32="SPARE-ISSUE","SPARE-ISSUE", U32="Fiber CAmtel","TX ISSUE", U32="Fiber AOF","TX ISSUE", U32="Projet OCM (HUAWEI)","TRAVAUX-HUAWEI", U32="Projet OCM (NOKIA)","TRAVAUX -NOKIA", U32="ACCESS-ISSUE","ACCESS-ISSUE", U32="Projet OCM (ZTE, NOKIA, autres projets)","TRAVAUX OCM", U32="No root CAuse","No root cause", U32="ODU HS","TX ISSUE", U32="IP & VLAN","TX ISSUE", U32="Warehouse HUAWEI","SPARE-ISSUE", U32="SPARE-HS","SPARE-ISSUE", U32="Power Telco","RAN ISSUE",U32="no impacts","no impacts" ),"")} -> POWER ISSUE | U32: Defaut GE & Power Cabinet | V32: {=IFERROR(_xlfn.IFS( U32="MPR ISSUE","ACTIVE", U32="BSS Hardware Issue","ACTIVE", U32="Sites strategiques, MLL, Pylone, etc.","PASSIVE", U32="AKTIVCO DEFAUT GE & POWER Cabinet","PASSIVE", U32="AKTIVCO Coupure ENEO & Baisse de tension","PASSIVE", U32="Coupure ENEO & Baisse de tension","PASSIVE", U32="Defaut GE & POWER Cabinet","PASSIVE", U32="Sharing","PASSIVE", U32="Sites strategiques & DataCenter","PASSIVE", U32="Exclu","Exclu", U32="SAT","ACTIVE", U32="SPARE-ISSUE","SPARE-ISSUE", U32="Fiber CAmtel","ACTIVE", U32="Fiber AOF","ACTIVE", U32="Projet OCM (HUAWEI)","PLANNED WORKS", U32="Projet OCM (NOKIA)","PLANNED WORKS", U32="ACCESS-ISSUE","ACCESS-ISSUE", U32="Projet OCM (ZTE, NOKIA, autres projets)","PLANNED WORKS", U32="No root CAuse","No root cause", U32="ODU HS","ACTIVE", U32="IP & VLAN","ACTIVE", U32="Warehouse HUAWEI","SPARE-ISSUE", U32="SPARE-HS","SPARE-ISSUE", U32="Power Telco","ACTIVE", U32="no impacts","no impacts" ),"")} -> PASSIVE | AB32: (04/27/2026 cell nokia):-27/04/2026 : Powwer issue || Relance faite par le Level 3 || Feedback IHS : Issue on generator solved yesterday and under monitoring, 23/04/2026 : Power issue 22/04/2026 : Power issue || Intervention du powerco ce jour 21/04/2026 :Check breaker and interconnection FRMF, and FXED(sfp, optical fiber) between system and radio module, swap its if needed || FME YAYA activer 18/04/2026 : Power issue : 17/04/2026 : Need BO RAN ongoing || Closed after reset but FME should check power needed because of radio module was down due to low voltage | AC32: =_xlfn.XLOOKUP(B32,'INCIDENT-04-27-2026'!E:E,'INCIDENT-04-27-2026'!F:F,"") | AF32: =_xlfn.XLOOKUP(B32,'[13]Input_27-04'!$B:$B,'[13]Input_27-04'!$M:$M,"") | AI32: =_xlfn.XLOOKUP(B32,'[3]Cells Huawei 27042026 10h'!$B:$B,'[3]Cells Huawei 27042026 10h'!$T:$T,"") | AJ32: =_xlfn.XLOOKUP(B32,'[3]Cells Huawei 27042026 15h'!$B:$B,'[3]Cells Huawei 27042026 15h'!$T:$T,"") | AK32: =_xlfn.XLOOKUP(B32,'[4]cells down 27042026 11h28'!$B:$B,'[4]cells down 27042026 11h28'!$R:$R,"") | AL32: =_xlfn.XLOOKUP(B32,'[4]cells down 27042026 18h01'!$B:$B,'[4]cells down 27042026 18h01'!$R:$R,"") | AM32: =_xlfn.XLOOKUP(B32,'[5]cell downs 27042026 11h'!$B:$B,'[5]cell downs 27042026 11h'!$R:$R,"") | AN32: =_xlfn.XLOOKUP(B32,'[5]cell downs 27042026 17h40'!$B:$B,'[5]cell downs 27042026 17h40'!$R:$R,"") -> (04/27/2026 cell nokia):-27/04/2026 : Powwer issue || Relance faite par le Level 3 || Feedback IHS : Issue on generator solved yesterday and under monitoring, 23/04/2026 : Power issue 22/04/2026 : Power issue || Intervention du powerco ce jour 21/04/2026 :Check breaker and interconnection FRMF, and FXED(sfp, optical fiber) between system and radio module, swap its if needed || FME YAYA activer 18/04/2026 : Power issue : 17/04/2026 : Need BO RAN ongoing || Closed after reset but FME should check power needed because of radio module was down due to low voltage | AO32: =_xlfn.XLOOKUP(B32,'[6]ALL SITES DOWN'!$D:$D,'[6]ALL SITES DOWN'!$J:$J,"") | AP32: =_xlfn.XLOOKUP(B32,'[7]ALL SITES DOWN'!$D:$D,'[7]ALL SITES DOWN'!$J:$J,"") | AQ32: =_xlfn.XLOOKUP(B32,[8]sheet1!$AC:$AC,[8]sheet1!$AF:$AF,"") | AT32: =_xlfn.XLOOKUP(B32,'[9]cell downs 18042026 17h'!$B:$B,'[9]cell downs 18042026 17h'!$B:$B,"") -> EXN_174 | AU32: =_xlfn.XLOOKUP(B32,'[10]Cells Huawei 19042026 15h'!$B:$B,'[10]Cells Huawei 19042026 15h'!$B:$B,"") | AV32: =_xlfn.XLOOKUP(B32,'[11]cells down 19042026 9H40'!$B:$B,'[11]cells down 19042026 9H40'!$B:$B,"")
A33: Makepe-Bloc-E | B33: LIT_613 | C33: =_xlfn.XLOOKUP(B33,'[1]daily break down'!$D:$D,'[1]daily break down'!$E:$E,"") -> Douala | D33: CAMUSAT | E33: Good Grid no GE - 8h | F33: LITTORAL | G33: Douala | H33: =_xlfn.XLOOKUP(B33,[2]CALCULATION!$B:$B,[2]CALCULATION!$H:$H,"") -> ZTE | I33: 29.194168 | J33: 26.396237 | K33: 28.637643 | L33: 25.718326 | M33: 29.444626 | N33: 26.883259 | O33: 22.973543 | P33: REPETITIF | Q33: Operationnel | S33: {=IFERROR(_xlfn.IFS( U33="MPR ISSUE","PDH", U33="BSS Hardware Issue","BSS", U33="Sites strategiques, MLL, Pylone, etc.","ENVTECH", U33="AKTIVCO DEFAUT GE & POWER Cabinet","AKTIVCO", U33="AKTIVCO Coupure ENEO & Baisse de tension","AKTIVCO GRID ONLY", U33="Coupure ENEO & Baisse de tension","IHS GRID ONLY", U33="Defaut GE & POWER Cabinet","IHS", U33="Sharing","Partners", U33="Sites strategiques & DataCenter","SST & DC", U33="Exclu","Exclu", U33="SAT","SAT", U33="SPARE-ISSUE","SPARE-ISSUE", U33="Fiber CAmtel","TRANS_FO_CAMTEL", U33="Fiber AOF","Fiber AOF", U33="Projet OCM (HUAWEI)","TRAVAUX-HUAWEI", U33="Projet OCM (NOKIA)","TRAVAUX-NOKIA", U33="ACCESS-ISSUE","ACCESS-ISSUE", U33="Projet OCM (ZTE, NOKIA, autres projets)","TRAVAUX OCM", U33="No root CAuse","No root cause", U33="ODU HS","PDH", U33="IP & VLAN","PDH", U33="Warehouse HUAWEI","SPARE-ISSUE", U33="SPARE-HS","SPARE-ISSUE", U33="Power Telco","BSS",U33="no impacts","no impacts" ),"")} -> No root cause | T33: {=IFERROR(_xlfn.IFS( U33="MPR ISSUE","TX ISSUE", U33="BSS Hardware Issue","RAN ISSUE", U33="Sites strategiques, MLL, Pylone, etc.","ENVTECH", U33="AKTIVCO DEFAUT GE & POWER Cabinet","POWER ISSUE", U33="AKTIVCO Coupure ENEO & Baisse de tension","POWER ISSUE", U33="Coupure ENEO & Baisse de tension","POWER ISSUE", U33="Defaut GE & POWER Cabinet","POWER ISSUE", U33="Sharing","POWER ISSUE", U33="Sites strategiques & DataCenter","POWER ISSUE", U33="Exclu","Exclu", U33="SAT","TX ISSUE", U33="SPARE-ISSUE","SPARE-ISSUE", U33="Fiber CAmtel","TX ISSUE", U33="Fiber AOF","TX ISSUE", U33="Projet OCM (HUAWEI)","TRAVAUX-HUAWEI", U33="Projet OCM (NOKIA)","TRAVAUX -NOKIA", U33="ACCESS-ISSUE","ACCESS-ISSUE", U33="Projet OCM (ZTE, NOKIA, autres projets)","TRAVAUX OCM", U33="No root CAuse","No root cause", U33="ODU HS","TX ISSUE", U33="IP & VLAN","TX ISSUE", U33="Warehouse HUAWEI","SPARE-ISSUE", U33="SPARE-HS","SPARE-ISSUE", U33="Power Telco","RAN ISSUE",U33="no impacts","no impacts" ),"")} -> No root cause | U33: no root cause | V33: {=IFERROR(_xlfn.IFS( U33="MPR ISSUE","ACTIVE", U33="BSS Hardware Issue","ACTIVE", U33="Sites strategiques, MLL, Pylone, etc.","PASSIVE", U33="AKTIVCO DEFAUT GE & POWER Cabinet","PASSIVE", U33="AKTIVCO Coupure ENEO & Baisse de tension","PASSIVE", U33="Coupure ENEO & Baisse de tension","PASSIVE", U33="Defaut GE & POWER Cabinet","PASSIVE", U33="Sharing","PASSIVE", U33="Sites strategiques & DataCenter","PASSIVE", U33="Exclu","Exclu", U33="SAT","ACTIVE", U33="SPARE-ISSUE","SPARE-ISSUE", U33="Fiber CAmtel","ACTIVE", U33="Fiber AOF","ACTIVE", U33="Projet OCM (HUAWEI)","PLANNED WORKS", U33="Projet OCM (NOKIA)","PLANNED WORKS", U33="ACCESS-ISSUE","ACCESS-ISSUE", U33="Projet OCM (ZTE, NOKIA, autres projets)","PLANNED WORKS", U33="No root CAuse","No root cause", U33="ODU HS","ACTIVE", U33="IP & VLAN","ACTIVE", U33="Warehouse HUAWEI","SPARE-ISSUE", U33="SPARE-HS","SPARE-ISSUE", U33="Power Telco","ACTIVE", U33="no impacts","no impacts" ),"")} -> No root cause | W33: chercher | AB33: (04/27/2026 top offenders):..(04/27/2026 cell zte):-22/04/2026 : Site down | AC33: =_xlfn.XLOOKUP(B33,'INCIDENT-04-27-2026'!E:E,'INCIDENT-04-27-2026'!F:F,"") | AE33: (04/27/2026 top offenders): | AF33: =_xlfn.XLOOKUP(B33,'[13]Input_27-04'!$B:$B,'[13]Input_27-04'!$M:$M,"") -> Grid outage, / grid return awaited | AI33: =_xlfn.XLOOKUP(B33,'[3]Cells Huawei 27042026 10h'!$B:$B,'[3]Cells Huawei 27042026 10h'!$T:$T,"") | AJ33: =_xlfn.XLOOKUP(B33,'[3]Cells Huawei 27042026 15h'!$B:$B,'[3]Cells Huawei 27042026 15h'!$T:$T,"") | AK33: =_xlfn.XLOOKUP(B33,'[4]cells down 27042026 11h28'!$B:$B,'[4]cells down 27042026 11h28'!$R:$R,"") | AL33: =_xlfn.XLOOKUP(B33,'[4]cells down 27042026 18h01'!$B:$B,'[4]cells down 27042026 18h01'!$R:$R,"") -> (04/27/2026 cell zte):-22/04/2026 : Site down | AM33: =_xlfn.XLOOKUP(B33,'[5]cell downs 27042026 11h'!$B:$B,'[5]cell downs 27042026 11h'!$R:$R,"") | AN33: =_xlfn.XLOOKUP(B33,'[5]cell downs 27042026 17h40'!$B:$B,'[5]cell downs 27042026 17h40'!$R:$R,"") | AO33: =_xlfn.XLOOKUP(B33,'[6]ALL SITES DOWN'!$D:$D,'[6]ALL SITES DOWN'!$J:$J,"") | AP33: =_xlfn.XLOOKUP(B33,'[7]ALL SITES DOWN'!$D:$D,'[7]ALL SITES DOWN'!$J:$J,"") | AQ33: =_xlfn.XLOOKUP(B33,[8]sheet1!$AC:$AC,[8]sheet1!$AF:$AF,"") | AT33: =_xlfn.XLOOKUP(B33,'[9]cell downs 18042026 17h'!$B:$B,'[9]cell downs 18042026 17h'!$B:$B,"") | AU33: =_xlfn.XLOOKUP(B33,'[10]Cells Huawei 19042026 15h'!$B:$B,'[10]Cells Huawei 19042026 15h'!$B:$B,"") | AV33: =_xlfn.XLOOKUP(B33,'[11]cells down 19042026 9H40'!$B:$B,'[11]cells down 19042026 9H40'!$B:$B,"") -> LIT_613
A34: Babylone-dispensaire | B34: LIT_648 | C34: =_xlfn.XLOOKUP(B34,'[1]daily break down'!$D:$D,'[1]daily break down'!$E:$E,"") -> Douala | D34: CAMUSAT | E34: Good Grid no GE - 12h | F34: LITTORAL | G34: Douala | H34: =_xlfn.XLOOKUP(B34,[2]CALCULATION!$B:$B,[2]CALCULATION!$H:$H,"") -> ZTE | I34: 0 | J34: 0 | K34: 0 | L34: 0 | M34: 0 | N34: 0 | O34: 22.30289 | P34: INCIDENT | Q34: Operationnel | S34: {=IFERROR(_xlfn.IFS( U34="MPR ISSUE","PDH", U34="BSS Hardware Issue","BSS", U34="Sites strategiques, MLL, Pylone, etc.","ENVTECH", U34="AKTIVCO DEFAUT GE & POWER Cabinet","AKTIVCO", U34="AKTIVCO Coupure ENEO & Baisse de tension","AKTIVCO GRID ONLY", U34="Coupure ENEO & Baisse de tension","IHS GRID ONLY", U34="Defaut GE & POWER Cabinet","IHS", U34="Sharing","Partners", U34="Sites strategiques & DataCenter","SST & DC", U34="Exclu","Exclu", U34="SAT","SAT", U34="SPARE-ISSUE","SPARE-ISSUE", U34="Fiber CAmtel","TRANS_FO_CAMTEL", U34="Fiber AOF","Fiber AOF", U34="Projet OCM (HUAWEI)","TRAVAUX-HUAWEI", U34="Projet OCM (NOKIA)","TRAVAUX-NOKIA", U34="ACCESS-ISSUE","ACCESS-ISSUE", U34="Projet OCM (ZTE, NOKIA, autres projets)","TRAVAUX OCM", U34="No root CAuse","No root cause", U34="ODU HS","PDH", U34="IP & VLAN","PDH", U34="Warehouse HUAWEI","SPARE-ISSUE", U34="SPARE-HS","SPARE-ISSUE", U34="Power Telco","BSS",U34="no impacts","no impacts" ),"")} -> AKTIVCO GRID ONLY | T34: {=IFERROR(_xlfn.IFS( U34="MPR ISSUE","TX ISSUE", U34="BSS Hardware Issue","RAN ISSUE", U34="Sites strategiques, MLL, Pylone, etc.","ENVTECH", U34="AKTIVCO DEFAUT GE & POWER Cabinet","POWER ISSUE", U34="AKTIVCO Coupure ENEO & Baisse de tension","POWER ISSUE", U34="Coupure ENEO & Baisse de tension","POWER ISSUE", U34="Defaut GE & POWER Cabinet","POWER ISSUE", U34="Sharing","POWER ISSUE", U34="Sites strategiques & DataCenter","POWER ISSUE", U34="Exclu","Exclu", U34="SAT","TX ISSUE", U34="SPARE-ISSUE","SPARE-ISSUE", U34="Fiber CAmtel","TX ISSUE", U34="Fiber AOF","TX ISSUE", U34="Projet OCM (HUAWEI)","TRAVAUX-HUAWEI", U34="Projet OCM (NOKIA)","TRAVAUX -NOKIA", U34="ACCESS-ISSUE","ACCESS-ISSUE", U34="Projet OCM (ZTE, NOKIA, autres projets)","TRAVAUX OCM", U34="No root CAuse","No root cause", U34="ODU HS","TX ISSUE", U34="IP & VLAN","TX ISSUE", U34="Warehouse HUAWEI","SPARE-ISSUE", U34="SPARE-HS","SPARE-ISSUE", U34="Power Telco","RAN ISSUE",U34="no impacts","no impacts" ),"")} -> POWER ISSUE | U34: AKTIVCO Coupure ENEO & Baisse de tension | V34: {=IFERROR(_xlfn.IFS( U34="MPR ISSUE","ACTIVE", U34="BSS Hardware Issue","ACTIVE", U34="Sites strategiques, MLL, Pylone, etc.","PASSIVE", U34="AKTIVCO DEFAUT GE & POWER Cabinet","PASSIVE", U34="AKTIVCO Coupure ENEO & Baisse de tension","PASSIVE", U34="Coupure ENEO & Baisse de tension","PASSIVE", U34="Defaut GE & POWER Cabinet","PASSIVE", U34="Sharing","PASSIVE", U34="Sites strategiques & DataCenter","PASSIVE", U34="Exclu","Exclu", U34="SAT","ACTIVE", U34="SPARE-ISSUE","SPARE-ISSUE", U34="Fiber CAmtel","ACTIVE", U34="Fiber AOF","ACTIVE", U34="Projet OCM (HUAWEI)","PLANNED WORKS", U34="Projet OCM (NOKIA)","PLANNED WORKS", U34="ACCESS-ISSUE","ACCESS-ISSUE", U34="Projet OCM (ZTE, NOKIA, autres projets)","PLANNED WORKS", U34="No root CAuse","No root cause", U34="ODU HS","ACTIVE", U34="IP & VLAN","ACTIVE", U34="Warehouse HUAWEI","SPARE-ISSUE", U34="SPARE-HS","SPARE-ISSUE", U34="Power Telco","ACTIVE", U34="no impacts","no impacts" ),"")} -> PASSIVE | AB34: LIT_616_Z_Buca-Voyage(LIT-616), Grid outage and Grid only site / Grid return awaited..(04/27/2026 top offenders):-Impacter par LIT_616_Z_Buca-Voyage(LIT-616)..(04/27/2026 cell zte):-27/04/2026 : Site down..(04/27/2026 ocm ran 17h):-Impacter par LIT_616_Z_Buca-Voyage(LIT-616)..(04/27/2026 ticket):-INC-20260427-00010419…2026-04-27 19:56:59…Grid outage and Grid only site / Grid return awaited | AC34: =_xlfn.XLOOKUP(B34,'INCIDENT-04-27-2026'!E:E,'INCIDENT-04-27-2026'!F:F,"") | AD34: LIT_616_Z_Buca-Voyage(LIT-616), Grid outage and Grid only site / Grid return awaited | AE34: (04/27/2026 top offenders):-Impacter par LIT_616_Z_Buca-Voyage(LIT-616) | AF34: =_xlfn.XLOOKUP(B34,'[13]Input_27-04'!$B:$B,'[13]Input_27-04'!$M:$M,"") -> Grid outage, / grid return awaited | AI34: =_xlfn.XLOOKUP(B34,'[3]Cells Huawei 27042026 10h'!$B:$B,'[3]Cells Huawei 27042026 10h'!$T:$T,"") | AJ34: =_xlfn.XLOOKUP(B34,'[3]Cells Huawei 27042026 15h'!$B:$B,'[3]Cells Huawei 27042026 15h'!$T:$T,"") | AK34: =_xlfn.XLOOKUP(B34,'[4]cells down 27042026 11h28'!$B:$B,'[4]cells down 27042026 11h28'!$R:$R,"") | AL34: =_xlfn.XLOOKUP(B34,'[4]cells down 27042026 18h01'!$B:$B,'[4]cells down 27042026 18h01'!$R:$R,"") -> (04/27/2026 cell zte):-27/04/2026 : Site down | AM34: =_xlfn.XLOOKUP(B34,'[5]cell downs 27042026 11h'!$B:$B,'[5]cell downs 27042026 11h'!$R:$R,"") | AN34: =_xlfn.XLOOKUP(B34,'[5]cell downs 27042026 17h40'!$B:$B,'[5]cell downs 27042026 17h40'!$R:$R,"") | AO34: =_xlfn.XLOOKUP(B34,'[6]ALL SITES DOWN'!$D:$D,'[6]ALL SITES DOWN'!$J:$J,"") -> (04/27/2026 ocm ran 17h):-Impacter par LIT_616_Z_Buca-Voyage(LIT-616) | AP34: =_xlfn.XLOOKUP(B34,'[7]ALL SITES DOWN'!$D:$D,'[7]ALL SITES DOWN'!$J:$J,"") | AQ34: =_xlfn.XLOOKUP(B34,[8]sheet1!$AC:$AC,[8]sheet1!$AF:$AF,"") -> (04/27/2026 ticket):-INC-20260427-00010419…2026-04-27 19:56:59…Grid outage and Grid only site / Grid return awaited | AT34: =_xlfn.XLOOKUP(B34,'[9]cell downs 18042026 17h'!$B:$B,'[9]cell downs 18042026 17h'!$B:$B,"") | AU34: =_xlfn.XLOOKUP(B34,'[10]Cells Huawei 19042026 15h'!$B:$B,'[10]Cells Huawei 19042026 15h'!$B:$B,"") | AV34: =_xlfn.XLOOKUP(B34,'[11]cells down 19042026 9H40'!$B:$B,'[11]cells down 19042026 9H40'!$B:$B,"")
A35: Makepe-Nodal | B35: LIT_103 | C35: =_xlfn.XLOOKUP(B35,'[1]daily break down'!$D:$D,'[1]daily break down'!$E:$E,"") -> Douala | F35: LITTORAL | G35: Douala | H35: =_xlfn.XLOOKUP(B35,[2]CALCULATION!$B:$B,[2]CALCULATION!$H:$H,"") -> ZTE | I35: 0 | J35: 0 | K35: 9.9933868 | L35: 0 | M35: 0.96905115 | N35: 0 | O35: 22.30141 | P35: REPETITIF | Q35: Operationnel | S35: {=IFERROR(_xlfn.IFS( U35="MPR ISSUE","PDH", U35="BSS Hardware Issue","BSS", U35="Sites strategiques, MLL, Pylone, etc.","ENVTECH", U35="AKTIVCO DEFAUT GE & POWER Cabinet","AKTIVCO", U35="AKTIVCO Coupure ENEO & Baisse de tension","AKTIVCO GRID ONLY", U35="Coupure ENEO & Baisse de tension","IHS GRID ONLY", U35="Defaut GE & POWER Cabinet","IHS", U35="Sharing","Partners", U35="Sites strategiques & DataCenter","SST & DC", U35="Exclu","Exclu", U35="SAT","SAT", U35="SPARE-ISSUE","SPARE-ISSUE", U35="Fiber CAmtel","TRANS_FO_CAMTEL", U35="Fiber AOF","Fiber AOF", U35="Projet OCM (HUAWEI)","TRAVAUX-HUAWEI", U35="Projet OCM (NOKIA)","TRAVAUX-NOKIA", U35="ACCESS-ISSUE","ACCESS-ISSUE", U35="Projet OCM (ZTE, NOKIA, autres projets)","TRAVAUX OCM", U35="No root CAuse","No root cause", U35="ODU HS","PDH", U35="IP & VLAN","PDH", U35="Warehouse HUAWEI","SPARE-ISSUE", U35="SPARE-HS","SPARE-ISSUE", U35="Power Telco","BSS",U35="no impacts","no impacts" ),"")} -> AKTIVCO | T35: {=IFERROR(_xlfn.IFS( U35="MPR ISSUE","TX ISSUE", U35="BSS Hardware Issue","RAN ISSUE", U35="Sites strategiques, MLL, Pylone, etc.","ENVTECH", U35="AKTIVCO DEFAUT GE & POWER Cabinet","POWER ISSUE", U35="AKTIVCO Coupure ENEO & Baisse de tension","POWER ISSUE", U35="Coupure ENEO & Baisse de tension","POWER ISSUE", U35="Defaut GE & POWER Cabinet","POWER ISSUE", U35="Sharing","POWER ISSUE", U35="Sites strategiques & DataCenter","POWER ISSUE", U35="Exclu","Exclu", U35="SAT","TX ISSUE", U35="SPARE-ISSUE","SPARE-ISSUE", U35="Fiber CAmtel","TX ISSUE", U35="Fiber AOF","TX ISSUE", U35="Projet OCM (HUAWEI)","TRAVAUX-HUAWEI", U35="Projet OCM (NOKIA)","TRAVAUX -NOKIA", U35="ACCESS-ISSUE","ACCESS-ISSUE", U35="Projet OCM (ZTE, NOKIA, autres projets)","TRAVAUX OCM", U35="No root CAuse","No root cause", U35="ODU HS","TX ISSUE", U35="IP & VLAN","TX ISSUE", U35="Warehouse HUAWEI","SPARE-ISSUE", U35="SPARE-HS","SPARE-ISSUE", U35="Power Telco","RAN ISSUE",U35="no impacts","no impacts" ),"")} -> POWER ISSUE | U35: AKTIVCO Defaut GE & Power Cabinet | V35: {=IFERROR(_xlfn.IFS( U35="MPR ISSUE","ACTIVE", U35="BSS Hardware Issue","ACTIVE", U35="Sites strategiques, MLL, Pylone, etc.","PASSIVE", U35="AKTIVCO DEFAUT GE & POWER Cabinet","PASSIVE", U35="AKTIVCO Coupure ENEO & Baisse de tension","PASSIVE", U35="Coupure ENEO & Baisse de tension","PASSIVE", U35="Defaut GE & POWER Cabinet","PASSIVE", U35="Sharing","PASSIVE", U35="Sites strategiques & DataCenter","PASSIVE", U35="Exclu","Exclu", U35="SAT","ACTIVE", U35="SPARE-ISSUE","SPARE-ISSUE", U35="Fiber CAmtel","ACTIVE", U35="Fiber AOF","ACTIVE", U35="Projet OCM (HUAWEI)","PLANNED WORKS", U35="Projet OCM (NOKIA)","PLANNED WORKS", U35="ACCESS-ISSUE","ACCESS-ISSUE", U35="Projet OCM (ZTE, NOKIA, autres projets)","PLANNED WORKS", U35="No root CAuse","No root cause", U35="ODU HS","ACTIVE", U35="IP & VLAN","ACTIVE", U35="Warehouse HUAWEI","SPARE-ISSUE", U35="SPARE-HS","SPARE-ISSUE", U35="Power Telco","ACTIVE", U35="no impacts","no impacts" ),"")} -> PASSIVE | AB35: LIT_666_Z_Parcours-Vita(LIT-666), probleme d'energie ..(04/27/2026 top offenders):-27/04/2026 : Besoin d'analyse BO RAN..(04/27/2026 cell zte):-27/04/2026 : Besoin d'analyse BO RAN | AC35: =_xlfn.XLOOKUP(B35,'INCIDENT-04-27-2026'!E:E,'INCIDENT-04-27-2026'!F:F,"") -> (04/27/2026 incident ) :impacted by impacted by LIT_666_Z_Parcours-Vita(LIT-666), probleme d'energie || Action : RCA CAMUSAT attentdu | AD35: LIT_666_Z_Parcours-Vita(LIT-666), probleme d'energie | AE35: (04/27/2026 top offenders):-27/04/2026 : Besoin d'analyse BO RAN | AF35: =_xlfn.XLOOKUP(B35,'[13]Input_27-04'!$B:$B,'[13]Input_27-04'!$M:$M,"") | AI35: =_xlfn.XLOOKUP(B35,'[3]Cells Huawei 27042026 10h'!$B:$B,'[3]Cells Huawei 27042026 10h'!$T:$T,"") | AJ35: =_xlfn.XLOOKUP(B35,'[3]Cells Huawei 27042026 15h'!$B:$B,'[3]Cells Huawei 27042026 15h'!$T:$T,"") | AK35: =_xlfn.XLOOKUP(B35,'[4]cells down 27042026 11h28'!$B:$B,'[4]cells down 27042026 11h28'!$R:$R,"") | AL35: =_xlfn.XLOOKUP(B35,'[4]cells down 27042026 18h01'!$B:$B,'[4]cells down 27042026 18h01'!$R:$R,"") -> (04/27/2026 cell zte):-27/04/2026 : Besoin d'analyse BO RAN | AM35: =_xlfn.XLOOKUP(B35,'[5]cell downs 27042026 11h'!$B:$B,'[5]cell downs 27042026 11h'!$R:$R,"") | AN35: =_xlfn.XLOOKUP(B35,'[5]cell downs 27042026 17h40'!$B:$B,'[5]cell downs 27042026 17h40'!$R:$R,"") | AO35: =_xlfn.XLOOKUP(B35,'[6]ALL SITES DOWN'!$D:$D,'[6]ALL SITES DOWN'!$J:$J,"") | AP35: =_xlfn.XLOOKUP(B35,'[7]ALL SITES DOWN'!$D:$D,'[7]ALL SITES DOWN'!$J:$J,"") | AQ35: =_xlfn.XLOOKUP(B35,[8]sheet1!$AC:$AC,[8]sheet1!$AF:$AF,"") | AT35: =_xlfn.XLOOKUP(B35,'[9]cell downs 18042026 17h'!$B:$B,'[9]cell downs 18042026 17h'!$B:$B,"") | AU35: =_xlfn.XLOOKUP(B35,'[10]Cells Huawei 19042026 15h'!$B:$B,'[10]Cells Huawei 19042026 15h'!$B:$B,"") | AV35: =_xlfn.XLOOKUP(B35,'[11]cells down 19042026 9H40'!$B:$B,'[11]cells down 19042026 9H40'!$B:$B,"")
A36: Bepanda-Ambiance | B36: LIT_687 | C36: =_xlfn.XLOOKUP(B36,'[1]daily break down'!$D:$D,'[1]daily break down'!$E:$E,"") -> Douala | D36: CAMUSAT | E36: Good Grid no GE - 8h | F36: LITTORAL | G36: Douala | H36: =_xlfn.XLOOKUP(B36,[2]CALCULATION!$B:$B,[2]CALCULATION!$H:$H,"") -> ZTE | I36: 0 | J36: 0 | K36: 0 | L36: 0 | M36: 0 | N36: 6.2912525 | O36: 22.107186 | P36: REPETITIF | Q36: Operationnel | S36: {=IFERROR(_xlfn.IFS( U36="MPR ISSUE","PDH", U36="BSS Hardware Issue","BSS", U36="Sites strategiques, MLL, Pylone, etc.","ENVTECH", U36="AKTIVCO DEFAUT GE & POWER Cabinet","AKTIVCO", U36="AKTIVCO Coupure ENEO & Baisse de tension","AKTIVCO GRID ONLY", U36="Coupure ENEO & Baisse de tension","IHS GRID ONLY", U36="Defaut GE & POWER Cabinet","IHS", U36="Sharing","Partners", U36="Sites strategiques & DataCenter","SST & DC", U36="Exclu","Exclu", U36="SAT","SAT", U36="SPARE-ISSUE","SPARE-ISSUE", U36="Fiber CAmtel","TRANS_FO_CAMTEL", U36="Fiber AOF","Fiber AOF", U36="Projet OCM (HUAWEI)","TRAVAUX-HUAWEI", U36="Projet OCM (NOKIA)","TRAVAUX-NOKIA", U36="ACCESS-ISSUE","ACCESS-ISSUE", U36="Projet OCM (ZTE, NOKIA, autres projets)","TRAVAUX OCM", U36="No root CAuse","No root cause", U36="ODU HS","PDH", U36="IP & VLAN","PDH", U36="Warehouse HUAWEI","SPARE-ISSUE", U36="SPARE-HS","SPARE-ISSUE", U36="Power Telco","BSS",U36="no impacts","no impacts" ),"")} -> No root cause | T36: {=IFERROR(_xlfn.IFS( U36="MPR ISSUE","TX ISSUE", U36="BSS Hardware Issue","RAN ISSUE", U36="Sites strategiques, MLL, Pylone, etc.","ENVTECH", U36="AKTIVCO DEFAUT GE & POWER Cabinet","POWER ISSUE", U36="AKTIVCO Coupure ENEO & Baisse de tension","POWER ISSUE", U36="Coupure ENEO & Baisse de tension","POWER ISSUE", U36="Defaut GE & POWER Cabinet","POWER ISSUE", U36="Sharing","POWER ISSUE", U36="Sites strategiques & DataCenter","POWER ISSUE", U36="Exclu","Exclu", U36="SAT","TX ISSUE", U36="SPARE-ISSUE","SPARE-ISSUE", U36="Fiber CAmtel","TX ISSUE", U36="Fiber AOF","TX ISSUE", U36="Projet OCM (HUAWEI)","TRAVAUX-HUAWEI", U36="Projet OCM (NOKIA)","TRAVAUX -NOKIA", U36="ACCESS-ISSUE","ACCESS-ISSUE", U36="Projet OCM (ZTE, NOKIA, autres projets)","TRAVAUX OCM", U36="No root CAuse","No root cause", U36="ODU HS","TX ISSUE", U36="IP & VLAN","TX ISSUE", U36="Warehouse HUAWEI","SPARE-ISSUE", U36="SPARE-HS","SPARE-ISSUE", U36="Power Telco","RAN ISSUE",U36="no impacts","no impacts" ),"")} -> No root cause | U36: no root cause | V36: {=IFERROR(_xlfn.IFS( U36="MPR ISSUE","ACTIVE", U36="BSS Hardware Issue","ACTIVE", U36="Sites strategiques, MLL, Pylone, etc.","PASSIVE", U36="AKTIVCO DEFAUT GE & POWER Cabinet","PASSIVE", U36="AKTIVCO Coupure ENEO & Baisse de tension","PASSIVE", U36="Coupure ENEO & Baisse de tension","PASSIVE", U36="Defaut GE & POWER Cabinet","PASSIVE", U36="Sharing","PASSIVE", U36="Sites strategiques & DataCenter","PASSIVE", U36="Exclu","Exclu", U36="SAT","ACTIVE", U36="SPARE-ISSUE","SPARE-ISSUE", U36="Fiber CAmtel","ACTIVE", U36="Fiber AOF","ACTIVE", U36="Projet OCM (HUAWEI)","PLANNED WORKS", U36="Projet OCM (NOKIA)","PLANNED WORKS", U36="ACCESS-ISSUE","ACCESS-ISSUE", U36="Projet OCM (ZTE, NOKIA, autres projets)","PLANNED WORKS", U36="No root CAuse","No root cause", U36="ODU HS","ACTIVE", U36="IP & VLAN","ACTIVE", U36="Warehouse HUAWEI","SPARE-ISSUE", U36="SPARE-HS","SPARE-ISSUE", U36="Power Telco","ACTIVE", U36="no impacts","no impacts" ),"")} -> No root cause | AB36: (04/27/2026 top offenders): | AC36: =_xlfn.XLOOKUP(B36,'INCIDENT-04-27-2026'!E:E,'INCIDENT-04-27-2026'!F:F,"") | AE36: (04/27/2026 top offenders): | AF36: =_xlfn.XLOOKUP(B36,'[13]Input_27-04'!$B:$B,'[13]Input_27-04'!$M:$M,"") -> No power issue | AI36: =_xlfn.XLOOKUP(B36,'[3]Cells Huawei 27042026 10h'!$B:$B,'[3]Cells Huawei 27042026 10h'!$T:$T,"") | AJ36: =_xlfn.XLOOKUP(B36,'[3]Cells Huawei 27042026 15h'!$B:$B,'[3]Cells Huawei 27042026 15h'!$T:$T,"") | AK36: =_xlfn.XLOOKUP(B36,'[4]cells down 27042026 11h28'!$B:$B,'[4]cells down 27042026 11h28'!$R:$R,"") | AL36: =_xlfn.XLOOKUP(B36,'[4]cells down 27042026 18h01'!$B:$B,'[4]cells down 27042026 18h01'!$R:$R,"") | AM36: =_xlfn.XLOOKUP(B36,'[5]cell downs 27042026 11h'!$B:$B,'[5]cell downs 27042026 11h'!$R:$R,"") | AN36: =_xlfn.XLOOKUP(B36,'[5]cell downs 27042026 17h40'!$B:$B,'[5]cell downs 27042026 17h40'!$R:$R,"") | AO36: =_xlfn.XLOOKUP(B36,'[6]ALL SITES DOWN'!$D:$D,'[6]ALL SITES DOWN'!$J:$J,"") | AP36: =_xlfn.XLOOKUP(B36,'[7]ALL SITES DOWN'!$D:$D,'[7]ALL SITES DOWN'!$J:$J,"") | AQ36: =_xlfn.XLOOKUP(B36,[8]sheet1!$AC:$AC,[8]sheet1!$AF:$AF,"") | AT36: =_xlfn.XLOOKUP(B36,'[9]cell downs 18042026 17h'!$B:$B,'[9]cell downs 18042026 17h'!$B:$B,"") | AU36: =_xlfn.XLOOKUP(B36,'[10]Cells Huawei 19042026 15h'!$B:$B,'[10]Cells Huawei 19042026 15h'!$B:$B,"") | AV36: =_xlfn.XLOOKUP(B36,'[11]cells down 19042026 9H40'!$B:$B,'[11]cells down 19042026 9H40'!$B:$B,"")
