Workbook
Name camusat_ocm: '[1]CAMUSAT OCM DB'!$A$1:$G$431
Name ihs_ocm: '[1]IHS OCM DB'!$A$1:$U$1703

Sheet BREACKDOWN
A2: NOKIA SITES FOLOW-UP
B3: INCIDENTS ONGOING | M3: Vendor | N3: Nokia
A5: Owner Group | B5: Owner | C5: T<1H | D5: 1H<T<2H | E5: 2H<T<4H | F5: 4H<T<8H | G5: 8H<T<16H | H5: 16H<T<24H | I5: 24H<T<48H | J5: T>48H | K5: Grand Total | M5: Row Labels | N5: Count of Site ID
A6: GNOCa | B6: HW SPMS | C6: =COUNTIFS('ALL SITES DOWN'!$O:$O,"NOKIA", 'ALL SITES DOWN'!$M:$M,BREACKDOWN!$B6,'ALL SITES DOWN'!$P:$P,BREACKDOWN!C$5) -> 0 | D6: =COUNTIFS('ALL SITES DOWN'!$O:$O,"NOKIA", 'ALL SITES DOWN'!$M:$M,BREACKDOWN!$B6,'ALL SITES DOWN'!$P:$P,BREACKDOWN!D$5) -> 0 | E6: =COUNTIFS('ALL SITES DOWN'!$O:$O,"NOKIA", 'ALL SITES DOWN'!$M:$M,BREACKDOWN!$B6,'ALL SITES DOWN'!$P:$P,BREACKDOWN!E$5) -> 0 | F6: =COUNTIFS('ALL SITES DOWN'!$O:$O,"NOKIA", 'ALL SITES DOWN'!$M:$M,BREACKDOWN!$B6,'ALL SITES DOWN'!$P:$P,BREACKDOWN!F$5) -> 0 | G6: =COUNTIFS('ALL SITES DOWN'!$O:$O,"NOKIA", 'ALL SITES DOWN'!$M:$M,BREACKDOWN!$B6,'ALL SITES DOWN'!$P:$P,BREACKDOWN!G$5) -> 0 | H6: =COUNTIFS('ALL SITES DOWN'!$O:$O,"NOKIA", 'ALL SITES DOWN'!$M:$M,BREACKDOWN!$B6,'ALL SITES DOWN'!$P:$P,BREACKDOWN!H$5) -> 0 | I6: =COUNTIFS('ALL SITES DOWN'!$O:$O,"NOKIA", 'ALL SITES DOWN'!$M:$M,BREACKDOWN!$B6,'ALL SITES DOWN'!$P:$P,BREACKDOWN!I$5) -> 0 | J6: =COUNTIFS('ALL SITES DOWN'!$O:$O,"NOKIA", 'ALL SITES DOWN'!$M:$M,BREACKDOWN!$B6,'ALL SITES DOWN'!$P:$P,BREACKDOWN!J$5) -> 0 | K6: =SUM(C6:J6) -> 0 | M6: camusat | N6: 1
B7: BO TRANS | C7: =COUNTIFS('ALL SITES DOWN'!$O:$O,"NOKIA", 'ALL SITES DOWN'!$M:$M,BREACKDOWN!$B7,'ALL SITES DOWN'!$P:$P,BREACKDOWN!C$5) -> 0 | D7: =COUNTIFS('ALL SITES DOWN'!$O:$O,"NOKIA", 'ALL SITES DOWN'!$M:$M,BREACKDOWN!$B7,'ALL SITES DOWN'!$P:$P,BREACKDOWN!D$5) -> 0 | E7: =COUNTIFS('ALL SITES DOWN'!$O:$O,"NOKIA", 'ALL SITES DOWN'!$M:$M,BREACKDOWN!$B7,'ALL SITES DOWN'!$P:$P,BREACKDOWN!E$5) -> 0 | F7: =COUNTIFS('ALL SITES DOWN'!$O:$O,"NOKIA", 'ALL SITES DOWN'!$M:$M,BREACKDOWN!$B7,'ALL SITES DOWN'!$P:$P,BREACKDOWN!F$5) -> 0 | G7: =COUNTIFS('ALL SITES DOWN'!$O:$O,"NOKIA", 'ALL SITES DOWN'!$M:$M,BREACKDOWN!$B7,'ALL SITES DOWN'!$P:$P,BREACKDOWN!G$5) -> 0 | H7: =COUNTIFS('ALL SITES DOWN'!$O:$O,"NOKIA", 'ALL SITES DOWN'!$M:$M,BREACKDOWN!$B7,'ALL SITES DOWN'!$P:$P,BREACKDOWN!H$5) -> 0 | I7: =COUNTIFS('ALL SITES DOWN'!$O:$O,"NOKIA", 'ALL SITES DOWN'!$M:$M,BREACKDOWN!$B7,'ALL SITES DOWN'!$P:$P,BREACKDOWN!I$5) -> 0 | J7: =COUNTIFS('ALL SITES DOWN'!$O:$O,"NOKIA", 'ALL SITES DOWN'!$M:$M,BREACKDOWN!$B7,'ALL SITES DOWN'!$P:$P,BREACKDOWN!J$5) -> 0 | K7: =SUM(C7:J7) -> 0 | M7: #N/A | N7: 1
B8: BO RAN | C8: =COUNTIFS('ALL SITES DOWN'!$O:$O,"NOKIA", 'ALL SITES DOWN'!$M:$M,BREACKDOWN!$B8,'ALL SITES DOWN'!$P:$P,BREACKDOWN!C$5) -> 0 | D8: =COUNTIFS('ALL SITES DOWN'!$O:$O,"NOKIA", 'ALL SITES DOWN'!$M:$M,BREACKDOWN!$B8,'ALL SITES DOWN'!$P:$P,BREACKDOWN!D$5) -> 0 | E8: =COUNTIFS('ALL SITES DOWN'!$O:$O,"NOKIA", 'ALL SITES DOWN'!$M:$M,BREACKDOWN!$B8,'ALL SITES DOWN'!$P:$P,BREACKDOWN!E$5) -> 0 | F8: =COUNTIFS('ALL SITES DOWN'!$O:$O,"NOKIA", 'ALL SITES DOWN'!$M:$M,BREACKDOWN!$B8,'ALL SITES DOWN'!$P:$P,BREACKDOWN!F$5) -> 0 | G8: =COUNTIFS('ALL SITES DOWN'!$O:$O,"NOKIA", 'ALL SITES DOWN'!$M:$M,BREACKDOWN!$B8,'ALL SITES DOWN'!$P:$P,BREACKDOWN!G$5) -> 0 | H8: =COUNTIFS('ALL SITES DOWN'!$O:$O,"NOKIA", 'ALL SITES DOWN'!$M:$M,BREACKDOWN!$B8,'ALL SITES DOWN'!$P:$P,BREACKDOWN!H$5) -> 0 | I8: =COUNTIFS('ALL SITES DOWN'!$O:$O,"NOKIA", 'ALL SITES DOWN'!$M:$M,BREACKDOWN!$B8,'ALL SITES DOWN'!$P:$P,BREACKDOWN!I$5) -> 0 | J8: =COUNTIFS('ALL SITES DOWN'!$O:$O,"NOKIA", 'ALL SITES DOWN'!$M:$M,BREACKDOWN!$B8,'ALL SITES DOWN'!$P:$P,BREACKDOWN!J$5) -> 0 | K8: =SUM(C8:J8) -> 0 | M8: HW SPMS | N8: 3
B9: BO IP | C9: =COUNTIFS('ALL SITES DOWN'!$O:$O,"NOKIA", 'ALL SITES DOWN'!$M:$M,BREACKDOWN!$B9,'ALL SITES DOWN'!$P:$P,BREACKDOWN!C$5) -> 0 | D9: =COUNTIFS('ALL SITES DOWN'!$O:$O,"NOKIA", 'ALL SITES DOWN'!$M:$M,BREACKDOWN!$B9,'ALL SITES DOWN'!$P:$P,BREACKDOWN!D$5) -> 0 | E9: =COUNTIFS('ALL SITES DOWN'!$O:$O,"NOKIA", 'ALL SITES DOWN'!$M:$M,BREACKDOWN!$B9,'ALL SITES DOWN'!$P:$P,BREACKDOWN!E$5) -> 0 | F9: =COUNTIFS('ALL SITES DOWN'!$O:$O,"NOKIA", 'ALL SITES DOWN'!$M:$M,BREACKDOWN!$B9,'ALL SITES DOWN'!$P:$P,BREACKDOWN!F$5) -> 0 | G9: =COUNTIFS('ALL SITES DOWN'!$O:$O,"NOKIA", 'ALL SITES DOWN'!$M:$M,BREACKDOWN!$B9,'ALL SITES DOWN'!$P:$P,BREACKDOWN!G$5) -> 0 | H9: =COUNTIFS('ALL SITES DOWN'!$O:$O,"NOKIA", 'ALL SITES DOWN'!$M:$M,BREACKDOWN!$B9,'ALL SITES DOWN'!$P:$P,BREACKDOWN!H$5) -> 0 | I9: =COUNTIFS('ALL SITES DOWN'!$O:$O,"NOKIA", 'ALL SITES DOWN'!$M:$M,BREACKDOWN!$B9,'ALL SITES DOWN'!$P:$P,BREACKDOWN!I$5) -> 0 | J9: =COUNTIFS('ALL SITES DOWN'!$O:$O,"NOKIA", 'ALL SITES DOWN'!$M:$M,BREACKDOWN!$B9,'ALL SITES DOWN'!$P:$P,BREACKDOWN!J$5) -> 0 | K9: =SUM(C9:J9) -> 0 | M9: Teleinfra | N9: 4
B10: FO | C10: =COUNTIFS('ALL SITES DOWN'!$O:$O,"NOKIA", 'ALL SITES DOWN'!$M:$M,BREACKDOWN!$B10,'ALL SITES DOWN'!$P:$P,BREACKDOWN!C$5) -> 0 | D10: =COUNTIFS('ALL SITES DOWN'!$O:$O,"NOKIA", 'ALL SITES DOWN'!$M:$M,BREACKDOWN!$B10,'ALL SITES DOWN'!$P:$P,BREACKDOWN!D$5) -> 0 | E10: =COUNTIFS('ALL SITES DOWN'!$O:$O,"NOKIA", 'ALL SITES DOWN'!$M:$M,BREACKDOWN!$B10,'ALL SITES DOWN'!$P:$P,BREACKDOWN!E$5) -> 0 | F10: =COUNTIFS('ALL SITES DOWN'!$O:$O,"NOKIA", 'ALL SITES DOWN'!$M:$M,BREACKDOWN!$B10,'ALL SITES DOWN'!$P:$P,BREACKDOWN!F$5) -> 0 | G10: =COUNTIFS('ALL SITES DOWN'!$O:$O,"NOKIA", 'ALL SITES DOWN'!$M:$M,BREACKDOWN!$B10,'ALL SITES DOWN'!$P:$P,BREACKDOWN!G$5) -> 0 | H10: =COUNTIFS('ALL SITES DOWN'!$O:$O,"NOKIA", 'ALL SITES DOWN'!$M:$M,BREACKDOWN!$B10,'ALL SITES DOWN'!$P:$P,BREACKDOWN!H$5) -> 0 | I10: =COUNTIFS('ALL SITES DOWN'!$O:$O,"NOKIA", 'ALL SITES DOWN'!$M:$M,BREACKDOWN!$B10,'ALL SITES DOWN'!$P:$P,BREACKDOWN!I$5) -> 0 | J10: =COUNTIFS('ALL SITES DOWN'!$O:$O,"NOKIA", 'ALL SITES DOWN'!$M:$M,BREACKDOWN!$B10,'ALL SITES DOWN'!$P:$P,BREACKDOWN!J$5) -> 0 | K10: =SUM(C10:J10) -> 0 | M10: AFRO | N10: 5
A11: Huawei SBC | B11: TELEINFRA | C11: =COUNTIFS('ALL SITES DOWN'!$O:$O,"NOKIA", 'ALL SITES DOWN'!$M:$M,BREACKDOWN!$B11,'ALL SITES DOWN'!$P:$P,BREACKDOWN!C$5) -> 0 | D11: =COUNTIFS('ALL SITES DOWN'!$O:$O,"NOKIA", 'ALL SITES DOWN'!$M:$M,BREACKDOWN!$B11,'ALL SITES DOWN'!$P:$P,BREACKDOWN!D$5) -> 0 | E11: =COUNTIFS('ALL SITES DOWN'!$O:$O,"NOKIA", 'ALL SITES DOWN'!$M:$M,BREACKDOWN!$B11,'ALL SITES DOWN'!$P:$P,BREACKDOWN!E$5) -> 0 | F11: =COUNTIFS('ALL SITES DOWN'!$O:$O,"NOKIA", 'ALL SITES DOWN'!$M:$M,BREACKDOWN!$B11,'ALL SITES DOWN'!$P:$P,BREACKDOWN!F$5) -> 0 | G11: =COUNTIFS('ALL SITES DOWN'!$O:$O,"NOKIA", 'ALL SITES DOWN'!$M:$M,BREACKDOWN!$B11,'ALL SITES DOWN'!$P:$P,BREACKDOWN!G$5) -> 0 | H11: =COUNTIFS('ALL SITES DOWN'!$O:$O,"NOKIA", 'ALL SITES DOWN'!$M:$M,BREACKDOWN!$B11,'ALL SITES DOWN'!$P:$P,BREACKDOWN!H$5) -> 0 | I11: =COUNTIFS('ALL SITES DOWN'!$O:$O,"NOKIA", 'ALL SITES DOWN'!$M:$M,BREACKDOWN!$B11,'ALL SITES DOWN'!$P:$P,BREACKDOWN!I$5) -> 0 | J11: =COUNTIFS('ALL SITES DOWN'!$O:$O,"NOKIA", 'ALL SITES DOWN'!$M:$M,BREACKDOWN!$B11,'ALL SITES DOWN'!$P:$P,BREACKDOWN!J$5) -> 0 | K11: =SUM(C11:J11) -> 0 | M11: OCM SPMS | N11: 5
B12: H-TELI | C12: =COUNTIFS('ALL SITES DOWN'!$O:$O,"NOKIA", 'ALL SITES DOWN'!$M:$M,BREACKDOWN!$B12,'ALL SITES DOWN'!$P:$P,BREACKDOWN!C$5) -> 0 | D12: =COUNTIFS('ALL SITES DOWN'!$O:$O,"NOKIA", 'ALL SITES DOWN'!$M:$M,BREACKDOWN!$B12,'ALL SITES DOWN'!$P:$P,BREACKDOWN!D$5) -> 0 | E12: =COUNTIFS('ALL SITES DOWN'!$O:$O,"NOKIA", 'ALL SITES DOWN'!$M:$M,BREACKDOWN!$B12,'ALL SITES DOWN'!$P:$P,BREACKDOWN!E$5) -> 0 | F12: =COUNTIFS('ALL SITES DOWN'!$O:$O,"NOKIA", 'ALL SITES DOWN'!$M:$M,BREACKDOWN!$B12,'ALL SITES DOWN'!$P:$P,BREACKDOWN!F$5) -> 0 | G12: =COUNTIFS('ALL SITES DOWN'!$O:$O,"NOKIA", 'ALL SITES DOWN'!$M:$M,BREACKDOWN!$B12,'ALL SITES DOWN'!$P:$P,BREACKDOWN!G$5) -> 0 | H12: =COUNTIFS('ALL SITES DOWN'!$O:$O,"NOKIA", 'ALL SITES DOWN'!$M:$M,BREACKDOWN!$B12,'ALL SITES DOWN'!$P:$P,BREACKDOWN!H$5) -> 0 | I12: =COUNTIFS('ALL SITES DOWN'!$O:$O,"NOKIA", 'ALL SITES DOWN'!$M:$M,BREACKDOWN!$B12,'ALL SITES DOWN'!$P:$P,BREACKDOWN!I$5) -> 0 | J12: =COUNTIFS('ALL SITES DOWN'!$O:$O,"NOKIA", 'ALL SITES DOWN'!$M:$M,BREACKDOWN!$B12,'ALL SITES DOWN'!$P:$P,BREACKDOWN!J$5) -> 0 | K12: =SUM(C12:J12) -> 0 | M12: Hammer | N12: 10
B13: I-ENG | C13: =COUNTIFS('ALL SITES DOWN'!$O:$O,"NOKIA", 'ALL SITES DOWN'!$M:$M,BREACKDOWN!$B13,'ALL SITES DOWN'!$P:$P,BREACKDOWN!C$5) -> 0 | D13: =COUNTIFS('ALL SITES DOWN'!$O:$O,"NOKIA", 'ALL SITES DOWN'!$M:$M,BREACKDOWN!$B13,'ALL SITES DOWN'!$P:$P,BREACKDOWN!D$5) -> 0 | E13: =COUNTIFS('ALL SITES DOWN'!$O:$O,"NOKIA", 'ALL SITES DOWN'!$M:$M,BREACKDOWN!$B13,'ALL SITES DOWN'!$P:$P,BREACKDOWN!E$5) -> 0 | F13: =COUNTIFS('ALL SITES DOWN'!$O:$O,"NOKIA", 'ALL SITES DOWN'!$M:$M,BREACKDOWN!$B13,'ALL SITES DOWN'!$P:$P,BREACKDOWN!F$5) -> 0 | G13: =COUNTIFS('ALL SITES DOWN'!$O:$O,"NOKIA", 'ALL SITES DOWN'!$M:$M,BREACKDOWN!$B13,'ALL SITES DOWN'!$P:$P,BREACKDOWN!G$5) -> 0 | H13: =COUNTIFS('ALL SITES DOWN'!$O:$O,"NOKIA", 'ALL SITES DOWN'!$M:$M,BREACKDOWN!$B13,'ALL SITES DOWN'!$P:$P,BREACKDOWN!H$5) -> 0 | I13: =COUNTIFS('ALL SITES DOWN'!$O:$O,"NOKIA", 'ALL SITES DOWN'!$M:$M,BREACKDOWN!$B13,'ALL SITES DOWN'!$P:$P,BREACKDOWN!I$5) -> 0 | J13: =COUNTIFS('ALL SITES DOWN'!$O:$O,"NOKIA", 'ALL SITES DOWN'!$M:$M,BREACKDOWN!$B13,'ALL SITES DOWN'!$P:$P,BREACKDOWN!J$5) -> 0 | K13: =SUM(C13:J13) -> 0 | M13: OCM ING | N13: 10
B14: CDS | C14: =COUNTIFS('ALL SITES DOWN'!$O:$O,"NOKIA", 'ALL SITES DOWN'!$M:$M,BREACKDOWN!$B14,'ALL SITES DOWN'!$P:$P,BREACKDOWN!C$5) -> 0 | D14: =COUNTIFS('ALL SITES DOWN'!$O:$O,"NOKIA", 'ALL SITES DOWN'!$M:$M,BREACKDOWN!$B14,'ALL SITES DOWN'!$P:$P,BREACKDOWN!D$5) -> 0 | E14: =COUNTIFS('ALL SITES DOWN'!$O:$O,"NOKIA", 'ALL SITES DOWN'!$M:$M,BREACKDOWN!$B14,'ALL SITES DOWN'!$P:$P,BREACKDOWN!E$5) -> 0 | F14: =COUNTIFS('ALL SITES DOWN'!$O:$O,"NOKIA", 'ALL SITES DOWN'!$M:$M,BREACKDOWN!$B14,'ALL SITES DOWN'!$P:$P,BREACKDOWN!F$5) -> 0 | G14: =COUNTIFS('ALL SITES DOWN'!$O:$O,"NOKIA", 'ALL SITES DOWN'!$M:$M,BREACKDOWN!$B14,'ALL SITES DOWN'!$P:$P,BREACKDOWN!G$5) -> 0 | H14: =COUNTIFS('ALL SITES DOWN'!$O:$O,"NOKIA", 'ALL SITES DOWN'!$M:$M,BREACKDOWN!$B14,'ALL SITES DOWN'!$P:$P,BREACKDOWN!H$5) -> 0 | I14: =COUNTIFS('ALL SITES DOWN'!$O:$O,"NOKIA", 'ALL SITES DOWN'!$M:$M,BREACKDOWN!$B14,'ALL SITES DOWN'!$P:$P,BREACKDOWN!I$5) -> 0 | J14: =COUNTIFS('ALL SITES DOWN'!$O:$O,"NOKIA", 'ALL SITES DOWN'!$M:$M,BREACKDOWN!$B14,'ALL SITES DOWN'!$P:$P,BREACKDOWN!J$5) -> 0 | K14: =SUM(C14:J14) -> 0 | M14: IHS | N14: 11
A15: 3PP | B15: IHS | C15: =COUNTIFS('ALL SITES DOWN'!$O:$O,"NOKIA", 'ALL SITES DOWN'!$M:$M,BREACKDOWN!$B15,'ALL SITES DOWN'!$P:$P,BREACKDOWN!C$5) -> 0 | D15: =COUNTIFS('ALL SITES DOWN'!$O:$O,"NOKIA", 'ALL SITES DOWN'!$M:$M,BREACKDOWN!$B15,'ALL SITES DOWN'!$P:$P,BREACKDOWN!D$5) -> 0 | E15: =COUNTIFS('ALL SITES DOWN'!$O:$O,"NOKIA", 'ALL SITES DOWN'!$M:$M,BREACKDOWN!$B15,'ALL SITES DOWN'!$P:$P,BREACKDOWN!E$5) -> 0 | F15: =COUNTIFS('ALL SITES DOWN'!$O:$O,"NOKIA", 'ALL SITES DOWN'!$M:$M,BREACKDOWN!$B15,'ALL SITES DOWN'!$P:$P,BREACKDOWN!F$5) -> 0 | G15: =COUNTIFS('ALL SITES DOWN'!$O:$O,"NOKIA", 'ALL SITES DOWN'!$M:$M,BREACKDOWN!$B15,'ALL SITES DOWN'!$P:$P,BREACKDOWN!G$5) -> 0 | H15: =COUNTIFS('ALL SITES DOWN'!$O:$O,"NOKIA", 'ALL SITES DOWN'!$M:$M,BREACKDOWN!$B15,'ALL SITES DOWN'!$P:$P,BREACKDOWN!H$5) -> 0 | I15: =COUNTIFS('ALL SITES DOWN'!$O:$O,"NOKIA", 'ALL SITES DOWN'!$M:$M,BREACKDOWN!$B15,'ALL SITES DOWN'!$P:$P,BREACKDOWN!I$5) -> 0 | J15: =COUNTIFS('ALL SITES DOWN'!$O:$O,"NOKIA", 'ALL SITES DOWN'!$M:$M,BREACKDOWN!$B15,'ALL SITES DOWN'!$P:$P,BREACKDOWN!J$5) -> 0 | K15: =SUM(C15:J15) -> 0 | M15: Grand Total | N15: 50
B16: CAMUSAT | C16: =COUNTIFS('ALL SITES DOWN'!$O:$O,"NOKIA", 'ALL SITES DOWN'!$M:$M,BREACKDOWN!$B16,'ALL SITES DOWN'!$P:$P,BREACKDOWN!C$5) -> 0 | D16: =COUNTIFS('ALL SITES DOWN'!$O:$O,"NOKIA", 'ALL SITES DOWN'!$M:$M,BREACKDOWN!$B16,'ALL SITES DOWN'!$P:$P,BREACKDOWN!D$5) -> 0 | E16: =COUNTIFS('ALL SITES DOWN'!$O:$O,"NOKIA", 'ALL SITES DOWN'!$M:$M,BREACKDOWN!$B16,'ALL SITES DOWN'!$P:$P,BREACKDOWN!E$5) -> 0 | F16: =COUNTIFS('ALL SITES DOWN'!$O:$O,"NOKIA", 'ALL SITES DOWN'!$M:$M,BREACKDOWN!$B16,'ALL SITES DOWN'!$P:$P,BREACKDOWN!F$5) -> 0 | G16: =COUNTIFS('ALL SITES DOWN'!$O:$O,"NOKIA", 'ALL SITES DOWN'!$M:$M,BREACKDOWN!$B16,'ALL SITES DOWN'!$P:$P,BREACKDOWN!G$5) -> 0 | H16: =COUNTIFS('ALL SITES DOWN'!$O:$O,"NOKIA", 'ALL SITES DOWN'!$M:$M,BREACKDOWN!$B16,'ALL SITES DOWN'!$P:$P,BREACKDOWN!H$5) -> 0 | I16: =COUNTIFS('ALL SITES DOWN'!$O:$O,"NOKIA", 'ALL SITES DOWN'!$M:$M,BREACKDOWN!$B16,'ALL SITES DOWN'!$P:$P,BREACKDOWN!I$5) -> 0 | J16: =COUNTIFS('ALL SITES DOWN'!$O:$O,"NOKIA", 'ALL SITES DOWN'!$M:$M,BREACKDOWN!$B16,'ALL SITES DOWN'!$P:$P,BREACKDOWN!J$5) -> 0 | K16: =SUM(C16:J16) -> 0
B17: MTN | C17: =COUNTIFS('ALL SITES DOWN'!$O:$O,"NOKIA", 'ALL SITES DOWN'!$M:$M,BREACKDOWN!$B17,'ALL SITES DOWN'!$P:$P,BREACKDOWN!C$5) -> 0 | D17: =COUNTIFS('ALL SITES DOWN'!$O:$O,"NOKIA", 'ALL SITES DOWN'!$M:$M,BREACKDOWN!$B17,'ALL SITES DOWN'!$P:$P,BREACKDOWN!D$5) -> 0 | E17: =COUNTIFS('ALL SITES DOWN'!$O:$O,"NOKIA", 'ALL SITES DOWN'!$M:$M,BREACKDOWN!$B17,'ALL SITES DOWN'!$P:$P,BREACKDOWN!E$5) -> 0 | F17: =COUNTIFS('ALL SITES DOWN'!$O:$O,"NOKIA", 'ALL SITES DOWN'!$M:$M,BREACKDOWN!$B17,'ALL SITES DOWN'!$P:$P,BREACKDOWN!F$5) -> 0 | G17: =COUNTIFS('ALL SITES DOWN'!$O:$O,"NOKIA", 'ALL SITES DOWN'!$M:$M,BREACKDOWN!$B17,'ALL SITES DOWN'!$P:$P,BREACKDOWN!G$5) -> 0 | H17: =COUNTIFS('ALL SITES DOWN'!$O:$O,"NOKIA", 'ALL SITES DOWN'!$M:$M,BREACKDOWN!$B17,'ALL SITES DOWN'!$P:$P,BREACKDOWN!H$5) -> 0 | I17: =COUNTIFS('ALL SITES DOWN'!$O:$O,"NOKIA", 'ALL SITES DOWN'!$M:$M,BREACKDOWN!$B17,'ALL SITES DOWN'!$P:$P,BREACKDOWN!I$5) -> 0 | J17: =COUNTIFS('ALL SITES DOWN'!$O:$O,"NOKIA", 'ALL SITES DOWN'!$M:$M,BREACKDOWN!$B17,'ALL SITES DOWN'!$P:$P,BREACKDOWN!J$5) -> 0 | K17: =SUM(C17:J17) -> 0
B18: Camtel | C18: =COUNTIFS('ALL SITES DOWN'!$O:$O,"NOKIA", 'ALL SITES DOWN'!$M:$M,BREACKDOWN!$B18,'ALL SITES DOWN'!$P:$P,BREACKDOWN!C$5) -> 0 | D18: =COUNTIFS('ALL SITES DOWN'!$O:$O,"NOKIA", 'ALL SITES DOWN'!$M:$M,BREACKDOWN!$B18,'ALL SITES DOWN'!$P:$P,BREACKDOWN!D$5) -> 0 | E18: =COUNTIFS('ALL SITES DOWN'!$O:$O,"NOKIA", 'ALL SITES DOWN'!$M:$M,BREACKDOWN!$B18,'ALL SITES DOWN'!$P:$P,BREACKDOWN!E$5) -> 0 | F18: =COUNTIFS('ALL SITES DOWN'!$O:$O,"NOKIA", 'ALL SITES DOWN'!$M:$M,BREACKDOWN!$B18,'ALL SITES DOWN'!$P:$P,BREACKDOWN!F$5) -> 0 | G18: =COUNTIFS('ALL SITES DOWN'!$O:$O,"NOKIA", 'ALL SITES DOWN'!$M:$M,BREACKDOWN!$B18,'ALL SITES DOWN'!$P:$P,BREACKDOWN!G$5) -> 0 | H18: =COUNTIFS('ALL SITES DOWN'!$O:$O,"NOKIA", 'ALL SITES DOWN'!$M:$M,BREACKDOWN!$B18,'ALL SITES DOWN'!$P:$P,BREACKDOWN!H$5) -> 0 | I18: =COUNTIFS('ALL SITES DOWN'!$O:$O,"NOKIA", 'ALL SITES DOWN'!$M:$M,BREACKDOWN!$B18,'ALL SITES DOWN'!$P:$P,BREACKDOWN!I$5) -> 0 | J18: =COUNTIFS('ALL SITES DOWN'!$O:$O,"NOKIA", 'ALL SITES DOWN'!$M:$M,BREACKDOWN!$B18,'ALL SITES DOWN'!$P:$P,BREACKDOWN!J$5) -> 0 | K18: =SUM(C18:J18) -> 0
A19: OCM | B19: OCM ING | C19: =COUNTIFS('ALL SITES DOWN'!$O:$O,"NOKIA", 'ALL SITES DOWN'!$M:$M,BREACKDOWN!$B19,'ALL SITES DOWN'!$P:$P,BREACKDOWN!C$5) -> 0 | D19: =COUNTIFS('ALL SITES DOWN'!$O:$O,"NOKIA", 'ALL SITES DOWN'!$M:$M,BREACKDOWN!$B19,'ALL SITES DOWN'!$P:$P,BREACKDOWN!D$5) -> 0 | E19: =COUNTIFS('ALL SITES DOWN'!$O:$O,"NOKIA", 'ALL SITES DOWN'!$M:$M,BREACKDOWN!$B19,'ALL SITES DOWN'!$P:$P,BREACKDOWN!E$5) -> 0 | F19: =COUNTIFS('ALL SITES DOWN'!$O:$O,"NOKIA", 'ALL SITES DOWN'!$M:$M,BREACKDOWN!$B19,'ALL SITES DOWN'!$P:$P,BREACKDOWN!F$5) -> 0 | G19: =COUNTIFS('ALL SITES DOWN'!$O:$O,"NOKIA", 'ALL SITES DOWN'!$M:$M,BREACKDOWN!$B19,'ALL SITES DOWN'!$P:$P,BREACKDOWN!G$5) -> 0 | H19: =COUNTIFS('ALL SITES DOWN'!$O:$O,"NOKIA", 'ALL SITES DOWN'!$M:$M,BREACKDOWN!$B19,'ALL SITES DOWN'!$P:$P,BREACKDOWN!H$5) -> 0 | I19: =COUNTIFS('ALL SITES DOWN'!$O:$O,"NOKIA", 'ALL SITES DOWN'!$M:$M,BREACKDOWN!$B19,'ALL SITES DOWN'!$P:$P,BREACKDOWN!I$5) -> 0 | J19: =COUNTIFS('ALL SITES DOWN'!$O:$O,"NOKIA", 'ALL SITES DOWN'!$M:$M,BREACKDOWN!$B19,'ALL SITES DOWN'!$P:$P,BREACKDOWN!J$5) -> 0 | K19: =SUM(C19:J19) -> 0
B20: OCM OPS | C20: =COUNTIFS('ALL SITES DOWN'!$O:$O,"NOKIA", 'ALL SITES DOWN'!$M:$M,BREACKDOWN!$B20,'ALL SITES DOWN'!$P:$P,BREACKDOWN!C$5) -> 0 | D20: =COUNTIFS('ALL SITES DOWN'!$O:$O,"NOKIA", 'ALL SITES DOWN'!$M:$M,BREACKDOWN!$B20,'ALL SITES DOWN'!$P:$P,BREACKDOWN!D$5) -> 0 | E20: =COUNTIFS('ALL SITES DOWN'!$O:$O,"NOKIA", 'ALL SITES DOWN'!$M:$M,BREACKDOWN!$B20,'ALL SITES DOWN'!$P:$P,BREACKDOWN!E$5) -> 0 | F20: =COUNTIFS('ALL SITES DOWN'!$O:$O,"NOKIA", 'ALL SITES DOWN'!$M:$M,BREACKDOWN!$B20,'ALL SITES DOWN'!$P:$P,BREACKDOWN!F$5) -> 0 | G20: =COUNTIFS('ALL SITES DOWN'!$O:$O,"NOKIA", 'ALL SITES DOWN'!$M:$M,BREACKDOWN!$B20,'ALL SITES DOWN'!$P:$P,BREACKDOWN!G$5) -> 0 | H20: =COUNTIFS('ALL SITES DOWN'!$O:$O,"NOKIA", 'ALL SITES DOWN'!$M:$M,BREACKDOWN!$B20,'ALL SITES DOWN'!$P:$P,BREACKDOWN!H$5) -> 0 | I20: =COUNTIFS('ALL SITES DOWN'!$O:$O,"NOKIA", 'ALL SITES DOWN'!$M:$M,BREACKDOWN!$B20,'ALL SITES DOWN'!$P:$P,BREACKDOWN!I$5) -> 0 | J20: =COUNTIFS('ALL SITES DOWN'!$O:$O,"NOKIA", 'ALL SITES DOWN'!$M:$M,BREACKDOWN!$B20,'ALL SITES DOWN'!$P:$P,BREACKDOWN!J$5) -> 0 | K20: =SUM(C20:J20) -> 0
B21: OCM SPMS | C21: =COUNTIFS('ALL SITES DOWN'!$O:$O,"NOKIA", 'ALL SITES DOWN'!$M:$M,BREACKDOWN!$B21,'ALL SITES DOWN'!$P:$P,BREACKDOWN!C$5) -> 0 | D21: =COUNTIFS('ALL SITES DOWN'!$O:$O,"NOKIA", 'ALL SITES DOWN'!$M:$M,BREACKDOWN!$B21,'ALL SITES DOWN'!$P:$P,BREACKDOWN!D$5) -> 0 | E21: =COUNTIFS('ALL SITES DOWN'!$O:$O,"NOKIA", 'ALL SITES DOWN'!$M:$M,BREACKDOWN!$B21,'ALL SITES DOWN'!$P:$P,BREACKDOWN!E$5) -> 0 | F21: =COUNTIFS('ALL SITES DOWN'!$O:$O,"NOKIA", 'ALL SITES DOWN'!$M:$M,BREACKDOWN!$B21,'ALL SITES DOWN'!$P:$P,BREACKDOWN!F$5) -> 0 | G21: =COUNTIFS('ALL SITES DOWN'!$O:$O,"NOKIA", 'ALL SITES DOWN'!$M:$M,BREACKDOWN!$B21,'ALL SITES DOWN'!$P:$P,BREACKDOWN!G$5) -> 0 | H21: =COUNTIFS('ALL SITES DOWN'!$O:$O,"NOKIA", 'ALL SITES DOWN'!$M:$M,BREACKDOWN!$B21,'ALL SITES DOWN'!$P:$P,BREACKDOWN!H$5) -> 0 | I21: =COUNTIFS('ALL SITES DOWN'!$O:$O,"NOKIA", 'ALL SITES DOWN'!$M:$M,BREACKDOWN!$B21,'ALL SITES DOWN'!$P:$P,BREACKDOWN!I$5) -> 0 | J21: =COUNTIFS('ALL SITES DOWN'!$O:$O,"NOKIA", 'ALL SITES DOWN'!$M:$M,BREACKDOWN!$B21,'ALL SITES DOWN'!$P:$P,BREACKDOWN!J$5) -> 0 | K21: =SUM(C21:J21) -> 0
A22: Vendor | B22: Nokia | C22: =COUNTIFS('ALL SITES DOWN'!$O:$O,"NOKIA", 'ALL SITES DOWN'!$M:$M,BREACKDOWN!$B22,'ALL SITES DOWN'!$P:$P,BREACKDOWN!C$5) -> 0 | D22: =COUNTIFS('ALL SITES DOWN'!$O:$O,"NOKIA", 'ALL SITES DOWN'!$M:$M,BREACKDOWN!$B22,'ALL SITES DOWN'!$P:$P,BREACKDOWN!D$5) -> 0 | E22: =COUNTIFS('ALL SITES DOWN'!$O:$O,"NOKIA", 'ALL SITES DOWN'!$M:$M,BREACKDOWN!$B22,'ALL SITES DOWN'!$P:$P,BREACKDOWN!E$5) -> 0 | F22: =COUNTIFS('ALL SITES DOWN'!$O:$O,"NOKIA", 'ALL SITES DOWN'!$M:$M,BREACKDOWN!$B22,'ALL SITES DOWN'!$P:$P,BREACKDOWN!F$5) -> 0 | G22: =COUNTIFS('ALL SITES DOWN'!$O:$O,"NOKIA", 'ALL SITES DOWN'!$M:$M,BREACKDOWN!$B22,'ALL SITES DOWN'!$P:$P,BREACKDOWN!G$5) -> 0 | H22: =COUNTIFS('ALL SITES DOWN'!$O:$O,"NOKIA", 'ALL SITES DOWN'!$M:$M,BREACKDOWN!$B22,'ALL SITES DOWN'!$P:$P,BREACKDOWN!H$5) -> 0 | I22: =COUNTIFS('ALL SITES DOWN'!$O:$O,"NOKIA", 'ALL SITES DOWN'!$M:$M,BREACKDOWN!$B22,'ALL SITES DOWN'!$P:$P,BREACKDOWN!I$5) -> 0 | J22: =COUNTIFS('ALL SITES DOWN'!$O:$O,"NOKIA", 'ALL SITES DOWN'!$M:$M,BREACKDOWN!$B22,'ALL SITES DOWN'!$P:$P,BREACKDOWN!J$5) -> 0 | K22: =SUM(C22:J22) -> 0
B23: Huawei_Project | C23: =COUNTIFS('ALL SITES DOWN'!$O:$O,"NOKIA", 'ALL SITES DOWN'!$M:$M,BREACKDOWN!$B23,'ALL SITES DOWN'!$P:$P,BREACKDOWN!C$5) -> 0 | D23: =COUNTIFS('ALL SITES DOWN'!$O:$O,"NOKIA", 'ALL SITES DOWN'!$M:$M,BREACKDOWN!$B23,'ALL SITES DOWN'!$P:$P,BREACKDOWN!D$5) -> 0 | E23: =COUNTIFS('ALL SITES DOWN'!$O:$O,"NOKIA", 'ALL SITES DOWN'!$M:$M,BREACKDOWN!$B23,'ALL SITES DOWN'!$P:$P,BREACKDOWN!E$5) -> 0 | F23: =COUNTIFS('ALL SITES DOWN'!$O:$O,"NOKIA", 'ALL SITES DOWN'!$M:$M,BREACKDOWN!$B23,'ALL SITES DOWN'!$P:$P,BREACKDOWN!F$5) -> 0 | G23: =COUNTIFS('ALL SITES DOWN'!$O:$O,"NOKIA", 'ALL SITES DOWN'!$M:$M,BREACKDOWN!$B23,'ALL SITES DOWN'!$P:$P,BREACKDOWN!G$5) -> 0 | H23: =COUNTIFS('ALL SITES DOWN'!$O:$O,"NOKIA", 'ALL SITES DOWN'!$M:$M,BREACKDOWN!$B23,'ALL SITES DOWN'!$P:$P,BREACKDOWN!H$5) -> 0 | I23: =COUNTIFS('ALL SITES DOWN'!$O:$O,"NOKIA", 'ALL SITES DOWN'!$M:$M,BREACKDOWN!$B23,'ALL SITES DOWN'!$P:$P,BREACKDOWN!I$5) -> 0 | J23: =COUNTIFS('ALL SITES DOWN'!$O:$O,"NOKIA", 'ALL SITES DOWN'!$M:$M,BREACKDOWN!$B23,'ALL SITES DOWN'!$P:$P,BREACKDOWN!J$5) -> 0 | K23: =SUM(C23:J23) -> 0
B24: ZTE | C24: =COUNTIFS('ALL SITES DOWN'!$O:$O,"NOKIA", 'ALL SITES DOWN'!$M:$M,BREACKDOWN!$B24,'ALL SITES DOWN'!$P:$P,BREACKDOWN!C$5) -> 0 | D24: =COUNTIFS('ALL SITES DOWN'!$O:$O,"NOKIA", 'ALL SITES DOWN'!$M:$M,BREACKDOWN!$B24,'ALL SITES DOWN'!$P:$P,BREACKDOWN!D$5) -> 0 | E24: =COUNTIFS('ALL SITES DOWN'!$O:$O,"NOKIA", 'ALL SITES DOWN'!$M:$M,BREACKDOWN!$B24,'ALL SITES DOWN'!$P:$P,BREACKDOWN!E$5) -> 0 | F24: =COUNTIFS('ALL SITES DOWN'!$O:$O,"NOKIA", 'ALL SITES DOWN'!$M:$M,BREACKDOWN!$B24,'ALL SITES DOWN'!$P:$P,BREACKDOWN!F$5) -> 0 | G24: =COUNTIFS('ALL SITES DOWN'!$O:$O,"NOKIA", 'ALL SITES DOWN'!$M:$M,BREACKDOWN!$B24,'ALL SITES DOWN'!$P:$P,BREACKDOWN!G$5) -> 0 | H24: =COUNTIFS('ALL SITES DOWN'!$O:$O,"NOKIA", 'ALL SITES DOWN'!$M:$M,BREACKDOWN!$B24,'ALL SITES DOWN'!$P:$P,BREACKDOWN!H$5) -> 0 | I24: =COUNTIFS('ALL SITES DOWN'!$O:$O,"NOKIA", 'ALL SITES DOWN'!$M:$M,BREACKDOWN!$B24,'ALL SITES DOWN'!$P:$P,BREACKDOWN!I$5) -> 0 | J24: =COUNTIFS('ALL SITES DOWN'!$O:$O,"NOKIA", 'ALL SITES DOWN'!$M:$M,BREACKDOWN!$B24,'ALL SITES DOWN'!$P:$P,BREACKDOWN!J$5) -> 0 | K24: =SUM(C24:J24) -> 0
A25: Major Incidents | B25: P1 Child | C25: =COUNTIFS('ALL SITES DOWN'!$O:$O,"NOKIA", 'ALL SITES DOWN'!$M:$M,BREACKDOWN!$B25,'ALL SITES DOWN'!$P:$P,BREACKDOWN!C$5) -> 0 | D25: =COUNTIFS('ALL SITES DOWN'!$O:$O,"NOKIA", 'ALL SITES DOWN'!$M:$M,BREACKDOWN!$B25,'ALL SITES DOWN'!$P:$P,BREACKDOWN!D$5) -> 0 | E25: =COUNTIFS('ALL SITES DOWN'!$O:$O,"NOKIA", 'ALL SITES DOWN'!$M:$M,BREACKDOWN!$B25,'ALL SITES DOWN'!$P:$P,BREACKDOWN!E$5) -> 0 | F25: =COUNTIFS('ALL SITES DOWN'!$O:$O,"NOKIA", 'ALL SITES DOWN'!$M:$M,BREACKDOWN!$B25,'ALL SITES DOWN'!$P:$P,BREACKDOWN!F$5) -> 0 | G25: =COUNTIFS('ALL SITES DOWN'!$O:$O,"NOKIA", 'ALL SITES DOWN'!$M:$M,BREACKDOWN!$B25,'ALL SITES DOWN'!$P:$P,BREACKDOWN!G$5) -> 0 | H25: =COUNTIFS('ALL SITES DOWN'!$O:$O,"NOKIA", 'ALL SITES DOWN'!$M:$M,BREACKDOWN!$B25,'ALL SITES DOWN'!$P:$P,BREACKDOWN!H$5) -> 0 | I25: =COUNTIFS('ALL SITES DOWN'!$O:$O,"NOKIA", 'ALL SITES DOWN'!$M:$M,BREACKDOWN!$B25,'ALL SITES DOWN'!$P:$P,BREACKDOWN!I$5) -> 0 | J25: =COUNTIFS('ALL SITES DOWN'!$O:$O,"NOKIA", 'ALL SITES DOWN'!$M:$M,BREACKDOWN!$B25,'ALL SITES DOWN'!$P:$P,BREACKDOWN!J$5) -> 0 | K25: =SUM(C25:J25) -> 0
B26: P2 Child | C26: =COUNTIFS('ALL SITES DOWN'!$O:$O,"NOKIA", 'ALL SITES DOWN'!$M:$M,BREACKDOWN!$B26,'ALL SITES DOWN'!$P:$P,BREACKDOWN!C$5) -> 0 | D26: =COUNTIFS('ALL SITES DOWN'!$O:$O,"NOKIA", 'ALL SITES DOWN'!$M:$M,BREACKDOWN!$B26,'ALL SITES DOWN'!$P:$P,BREACKDOWN!D$5) -> 0 | E26: =COUNTIFS('ALL SITES DOWN'!$O:$O,"NOKIA", 'ALL SITES DOWN'!$M:$M,BREACKDOWN!$B26,'ALL SITES DOWN'!$P:$P,BREACKDOWN!E$5) -> 0 | F26: =COUNTIFS('ALL SITES DOWN'!$O:$O,"NOKIA", 'ALL SITES DOWN'!$M:$M,BREACKDOWN!$B26,'ALL SITES DOWN'!$P:$P,BREACKDOWN!F$5) -> 0 | G26: =COUNTIFS('ALL SITES DOWN'!$O:$O,"NOKIA", 'ALL SITES DOWN'!$M:$M,BREACKDOWN!$B26,'ALL SITES DOWN'!$P:$P,BREACKDOWN!G$5) -> 0 | H26: =COUNTIFS('ALL SITES DOWN'!$O:$O,"NOKIA", 'ALL SITES DOWN'!$M:$M,BREACKDOWN!$B26,'ALL SITES DOWN'!$P:$P,BREACKDOWN!H$5) -> 0 | I26: =COUNTIFS('ALL SITES DOWN'!$O:$O,"NOKIA", 'ALL SITES DOWN'!$M:$M,BREACKDOWN!$B26,'ALL SITES DOWN'!$P:$P,BREACKDOWN!I$5) -> 0 | J26: =COUNTIFS('ALL SITES DOWN'!$O:$O,"NOKIA", 'ALL SITES DOWN'!$M:$M,BREACKDOWN!$B26,'ALL SITES DOWN'!$P:$P,BREACKDOWN!J$5) -> 0 | K26: =SUM(C26:J26) -> 0
A27: Grand Total | C27: =SUM(C6:C24) -> 0 | D27: =SUM(D6:D24) -> 0 | E27: =SUM(E6:E24) -> 0 | F27: =SUM(F6:F24) -> 0 | G27: =SUM(G6:G24) -> 0 | H27: =SUM(H6:H24) -> 0 | I27: =SUM(I6:I24) -> 0 | J27: =SUM(J6:J24) -> 0 | K27: =SUM(K6:K24) -> 0
A31: ZTE SITES FOLOW-UP
B32: INCIDENTS ONGOING | M32: Vendor | N32: Nokia
A33: Owner Group | B33: Owner | C33: T<1H | D33: 1H<T<2H | E33: 2H<T<4H | F33: 4H<T<8H | G33: 8H<T<16H | H33: 16H<T<24H | I33: 24H<T<48H | J33: T>48H | K33: Grand Total
A34: GNOCa | B34: HW SPMS | C34: =COUNTIFS('ALL SITES DOWN'!$O:$O,"ZTE", 'ALL SITES DOWN'!$M:$M,BREACKDOWN!$B34,'ALL SITES DOWN'!$P:$P,BREACKDOWN!C$33) -> 0 | D34: =COUNTIFS('ALL SITES DOWN'!$O:$O,"ZTE", 'ALL SITES DOWN'!$M:$M,BREACKDOWN!$B34,'ALL SITES DOWN'!$P:$P,BREACKDOWN!D$33) -> 0 | E34: =COUNTIFS('ALL SITES DOWN'!$O:$O,"ZTE", 'ALL SITES DOWN'!$M:$M,BREACKDOWN!$B34,'ALL SITES DOWN'!$P:$P,BREACKDOWN!E$33) -> 0 | F34: =COUNTIFS('ALL SITES DOWN'!$O:$O,"ZTE", 'ALL SITES DOWN'!$M:$M,BREACKDOWN!$B34,'ALL SITES DOWN'!$P:$P,BREACKDOWN!F$33) -> 0 | G34: =COUNTIFS('ALL SITES DOWN'!$O:$O,"ZTE", 'ALL SITES DOWN'!$M:$M,BREACKDOWN!$B34,'ALL SITES DOWN'!$P:$P,BREACKDOWN!G$33) -> 0 | H34: =COUNTIFS('ALL SITES DOWN'!$O:$O,"ZTE", 'ALL SITES DOWN'!$M:$M,BREACKDOWN!$B34,'ALL SITES DOWN'!$P:$P,BREACKDOWN!H$33) -> 0 | I34: =COUNTIFS('ALL SITES DOWN'!$O:$O,"ZTE", 'ALL SITES DOWN'!$M:$M,BREACKDOWN!$B34,'ALL SITES DOWN'!$P:$P,BREACKDOWN!I$33) -> 0 | J34: =COUNTIFS('ALL SITES DOWN'!$O:$O,"ZTE", 'ALL SITES DOWN'!$M:$M,BREACKDOWN!$B34,'ALL SITES DOWN'!$P:$P,BREACKDOWN!J$33) -> 0 | K34: =SUM(C34:J34) -> 0 | M34: Row Labels | N34: Count of Site ID
B35: BO TRANS | C35: =COUNTIFS('ALL SITES DOWN'!$O:$O,"ZTE", 'ALL SITES DOWN'!$M:$M,BREACKDOWN!$B35,'ALL SITES DOWN'!$P:$P,BREACKDOWN!C$33) -> 0 | D35: =COUNTIFS('ALL SITES DOWN'!$O:$O,"ZTE", 'ALL SITES DOWN'!$M:$M,BREACKDOWN!$B35,'ALL SITES DOWN'!$P:$P,BREACKDOWN!D$33) -> 0 | E35: =COUNTIFS('ALL SITES DOWN'!$O:$O,"ZTE", 'ALL SITES DOWN'!$M:$M,BREACKDOWN!$B35,'ALL SITES DOWN'!$P:$P,BREACKDOWN!E$33) -> 0 | F35: =COUNTIFS('ALL SITES DOWN'!$O:$O,"ZTE", 'ALL SITES DOWN'!$M:$M,BREACKDOWN!$B35,'ALL SITES DOWN'!$P:$P,BREACKDOWN!F$33) -> 0 | G35: =COUNTIFS('ALL SITES DOWN'!$O:$O,"ZTE", 'ALL SITES DOWN'!$M:$M,BREACKDOWN!$B35,'ALL SITES DOWN'!$P:$P,BREACKDOWN!G$33) -> 0 | H35: =COUNTIFS('ALL SITES DOWN'!$O:$O,"ZTE", 'ALL SITES DOWN'!$M:$M,BREACKDOWN!$B35,'ALL SITES DOWN'!$P:$P,BREACKDOWN!H$33) -> 0 | I35: =COUNTIFS('ALL SITES DOWN'!$O:$O,"ZTE", 'ALL SITES DOWN'!$M:$M,BREACKDOWN!$B35,'ALL SITES DOWN'!$P:$P,BREACKDOWN!I$33) -> 0 | J35: =COUNTIFS('ALL SITES DOWN'!$O:$O,"ZTE", 'ALL SITES DOWN'!$M:$M,BREACKDOWN!$B35,'ALL SITES DOWN'!$P:$P,BREACKDOWN!J$33) -> 0 | K35: =SUM(C35:J35) -> 0 | M35: camusat | N35: 1
B36: BO RAN | C36: =COUNTIFS('ALL SITES DOWN'!$O:$O,"ZTE", 'ALL SITES DOWN'!$M:$M,BREACKDOWN!$B36,'ALL SITES DOWN'!$P:$P,BREACKDOWN!C$33) -> 0 | D36: =COUNTIFS('ALL SITES DOWN'!$O:$O,"ZTE", 'ALL SITES DOWN'!$M:$M,BREACKDOWN!$B36,'ALL SITES DOWN'!$P:$P,BREACKDOWN!D$33) -> 0 | E36: =COUNTIFS('ALL SITES DOWN'!$O:$O,"ZTE", 'ALL SITES DOWN'!$M:$M,BREACKDOWN!$B36,'ALL SITES DOWN'!$P:$P,BREACKDOWN!E$33) -> 0 | F36: =COUNTIFS('ALL SITES DOWN'!$O:$O,"ZTE", 'ALL SITES DOWN'!$M:$M,BREACKDOWN!$B36,'ALL SITES DOWN'!$P:$P,BREACKDOWN!F$33) -> 0 | G36: =COUNTIFS('ALL SITES DOWN'!$O:$O,"ZTE", 'ALL SITES DOWN'!$M:$M,BREACKDOWN!$B36,'ALL SITES DOWN'!$P:$P,BREACKDOWN!G$33) -> 0 | H36: =COUNTIFS('ALL SITES DOWN'!$O:$O,"ZTE", 'ALL SITES DOWN'!$M:$M,BREACKDOWN!$B36,'ALL SITES DOWN'!$P:$P,BREACKDOWN!H$33) -> 0 | I36: =COUNTIFS('ALL SITES DOWN'!$O:$O,"ZTE", 'ALL SITES DOWN'!$M:$M,BREACKDOWN!$B36,'ALL SITES DOWN'!$P:$P,BREACKDOWN!I$33) -> 0 | J36: =COUNTIFS('ALL SITES DOWN'!$O:$O,"ZTE", 'ALL SITES DOWN'!$M:$M,BREACKDOWN!$B36,'ALL SITES DOWN'!$P:$P,BREACKDOWN!J$33) -> 0 | K36: =SUM(C36:J36) -> 0 | M36: #N/A | N36: 1
B37: BO IP | C37: =COUNTIFS('ALL SITES DOWN'!$O:$O,"ZTE", 'ALL SITES DOWN'!$M:$M,BREACKDOWN!$B37,'ALL SITES DOWN'!$P:$P,BREACKDOWN!C$33) -> 0 | D37: =COUNTIFS('ALL SITES DOWN'!$O:$O,"ZTE", 'ALL SITES DOWN'!$M:$M,BREACKDOWN!$B37,'ALL SITES DOWN'!$P:$P,BREACKDOWN!D$33) -> 0 | E37: =COUNTIFS('ALL SITES DOWN'!$O:$O,"ZTE", 'ALL SITES DOWN'!$M:$M,BREACKDOWN!$B37,'ALL SITES DOWN'!$P:$P,BREACKDOWN!E$33) -> 0 | F37: =COUNTIFS('ALL SITES DOWN'!$O:$O,"ZTE", 'ALL SITES DOWN'!$M:$M,BREACKDOWN!$B37,'ALL SITES DOWN'!$P:$P,BREACKDOWN!F$33) -> 0 | G37: =COUNTIFS('ALL SITES DOWN'!$O:$O,"ZTE", 'ALL SITES DOWN'!$M:$M,BREACKDOWN!$B37,'ALL SITES DOWN'!$P:$P,BREACKDOWN!G$33) -> 0 | H37: =COUNTIFS('ALL SITES DOWN'!$O:$O,"ZTE", 'ALL SITES DOWN'!$M:$M,BREACKDOWN!$B37,'ALL SITES DOWN'!$P:$P,BREACKDOWN!H$33) -> 0 | I37: =COUNTIFS('ALL SITES DOWN'!$O:$O,"ZTE", 'ALL SITES DOWN'!$M:$M,BREACKDOWN!$B37,'ALL SITES DOWN'!$P:$P,BREACKDOWN!I$33) -> 0 | J37: =COUNTIFS('ALL SITES DOWN'!$O:$O,"ZTE", 'ALL SITES DOWN'!$M:$M,BREACKDOWN!$B37,'ALL SITES DOWN'!$P:$P,BREACKDOWN!J$33) -> 0 | K37: =SUM(C37:J37) -> 0 | M37: HW SPMS | N37: 3
B38: FO | C38: =COUNTIFS('ALL SITES DOWN'!$O:$O,"ZTE", 'ALL SITES DOWN'!$M:$M,BREACKDOWN!$B38,'ALL SITES DOWN'!$P:$P,BREACKDOWN!C$33) -> 0 | D38: =COUNTIFS('ALL SITES DOWN'!$O:$O,"ZTE", 'ALL SITES DOWN'!$M:$M,BREACKDOWN!$B38,'ALL SITES DOWN'!$P:$P,BREACKDOWN!D$33) -> 0 | E38: =COUNTIFS('ALL SITES DOWN'!$O:$O,"ZTE", 'ALL SITES DOWN'!$M:$M,BREACKDOWN!$B38,'ALL SITES DOWN'!$P:$P,BREACKDOWN!E$33) -> 0 | F38: =COUNTIFS('ALL SITES DOWN'!$O:$O,"ZTE", 'ALL SITES DOWN'!$M:$M,BREACKDOWN!$B38,'ALL SITES DOWN'!$P:$P,BREACKDOWN!F$33) -> 0 | G38: =COUNTIFS('ALL SITES DOWN'!$O:$O,"ZTE", 'ALL SITES DOWN'!$M:$M,BREACKDOWN!$B38,'ALL SITES DOWN'!$P:$P,BREACKDOWN!G$33) -> 0 | H38: =COUNTIFS('ALL SITES DOWN'!$O:$O,"ZTE", 'ALL SITES DOWN'!$M:$M,BREACKDOWN!$B38,'ALL SITES DOWN'!$P:$P,BREACKDOWN!H$33) -> 0 | I38: =COUNTIFS('ALL SITES DOWN'!$O:$O,"ZTE", 'ALL SITES DOWN'!$M:$M,BREACKDOWN!$B38,'ALL SITES DOWN'!$P:$P,BREACKDOWN!I$33) -> 0 | J38: =COUNTIFS('ALL SITES DOWN'!$O:$O,"ZTE", 'ALL SITES DOWN'!$M:$M,BREACKDOWN!$B38,'ALL SITES DOWN'!$P:$P,BREACKDOWN!J$33) -> 0 | K38: =SUM(C38:J38) -> 0 | M38: Teleinfra | N38: 4
A39: Huawei SBC | B39: TELEINFRA | C39: =COUNTIFS('ALL SITES DOWN'!$O:$O,"ZTE", 'ALL SITES DOWN'!$M:$M,BREACKDOWN!$B39,'ALL SITES DOWN'!$P:$P,BREACKDOWN!C$33) -> 0 | D39: =COUNTIFS('ALL SITES DOWN'!$O:$O,"ZTE", 'ALL SITES DOWN'!$M:$M,BREACKDOWN!$B39,'ALL SITES DOWN'!$P:$P,BREACKDOWN!D$33) -> 0 | E39: =COUNTIFS('ALL SITES DOWN'!$O:$O,"ZTE", 'ALL SITES DOWN'!$M:$M,BREACKDOWN!$B39,'ALL SITES DOWN'!$P:$P,BREACKDOWN!E$33) -> 0 | F39: =COUNTIFS('ALL SITES DOWN'!$O:$O,"ZTE", 'ALL SITES DOWN'!$M:$M,BREACKDOWN!$B39,'ALL SITES DOWN'!$P:$P,BREACKDOWN!F$33) -> 0 | G39: =COUNTIFS('ALL SITES DOWN'!$O:$O,"ZTE", 'ALL SITES DOWN'!$M:$M,BREACKDOWN!$B39,'ALL SITES DOWN'!$P:$P,BREACKDOWN!G$33) -> 0 | H39: =COUNTIFS('ALL SITES DOWN'!$O:$O,"ZTE", 'ALL SITES DOWN'!$M:$M,BREACKDOWN!$B39,'ALL SITES DOWN'!$P:$P,BREACKDOWN!H$33) -> 0 | I39: =COUNTIFS('ALL SITES DOWN'!$O:$O,"ZTE", 'ALL SITES DOWN'!$M:$M,BREACKDOWN!$B39,'ALL SITES DOWN'!$P:$P,BREACKDOWN!I$33) -> 0 | J39: =COUNTIFS('ALL SITES DOWN'!$O:$O,"ZTE", 'ALL SITES DOWN'!$M:$M,BREACKDOWN!$B39,'ALL SITES DOWN'!$P:$P,BREACKDOWN!J$33) -> 0 | K39: =SUM(C39:J39) -> 0 | M39: AFRO | N39: 5
B40: H-TELI | C40: =COUNTIFS('ALL SITES DOWN'!$O:$O,"ZTE", 'ALL SITES DOWN'!$M:$M,BREACKDOWN!$B40,'ALL SITES DOWN'!$P:$P,BREACKDOWN!C$33) -> 0 | D40: =COUNTIFS('ALL SITES DOWN'!$O:$O,"ZTE", 'ALL SITES DOWN'!$M:$M,BREACKDOWN!$B40,'ALL SITES DOWN'!$P:$P,BREACKDOWN!D$33) -> 0 | E40: =COUNTIFS('ALL SITES DOWN'!$O:$O,"ZTE", 'ALL SITES DOWN'!$M:$M,BREACKDOWN!$B40,'ALL SITES DOWN'!$P:$P,BREACKDOWN!E$33) -> 0 | F40: =COUNTIFS('ALL SITES DOWN'!$O:$O,"ZTE", 'ALL SITES DOWN'!$M:$M,BREACKDOWN!$B40,'ALL SITES DOWN'!$P:$P,BREACKDOWN!F$33) -> 0 | G40: =COUNTIFS('ALL SITES DOWN'!$O:$O,"ZTE", 'ALL SITES DOWN'!$M:$M,BREACKDOWN!$B40,'ALL SITES DOWN'!$P:$P,BREACKDOWN!G$33) -> 0 | H40: =COUNTIFS('ALL SITES DOWN'!$O:$O,"ZTE", 'ALL SITES DOWN'!$M:$M,BREACKDOWN!$B40,'ALL SITES DOWN'!$P:$P,BREACKDOWN!H$33) -> 0 | I40: =COUNTIFS('ALL SITES DOWN'!$O:$O,"ZTE", 'ALL SITES DOWN'!$M:$M,BREACKDOWN!$B40,'ALL SITES DOWN'!$P:$P,BREACKDOWN!I$33) -> 0 | J40: =COUNTIFS('ALL SITES DOWN'!$O:$O,"ZTE", 'ALL SITES DOWN'!$M:$M,BREACKDOWN!$B40,'ALL SITES DOWN'!$P:$P,BREACKDOWN!J$33) -> 0 | K40: =SUM(C40:J40) -> 0 | M40: OCM SPMS | N40: 5
B41: I-ENG | C41: =COUNTIFS('ALL SITES DOWN'!$O:$O,"ZTE", 'ALL SITES DOWN'!$M:$M,BREACKDOWN!$B41,'ALL SITES DOWN'!$P:$P,BREACKDOWN!C$33) -> 0 | D41: =COUNTIFS('ALL SITES DOWN'!$O:$O,"ZTE", 'ALL SITES DOWN'!$M:$M,BREACKDOWN!$B41,'ALL SITES DOWN'!$P:$P,BREACKDOWN!D$33) -> 0 | E41: =COUNTIFS('ALL SITES DOWN'!$O:$O,"ZTE", 'ALL SITES DOWN'!$M:$M,BREACKDOWN!$B41,'ALL SITES DOWN'!$P:$P,BREACKDOWN!E$33) -> 0 | F41: =COUNTIFS('ALL SITES DOWN'!$O:$O,"ZTE", 'ALL SITES DOWN'!$M:$M,BREACKDOWN!$B41,'ALL SITES DOWN'!$P:$P,BREACKDOWN!F$33) -> 0 | G41: =COUNTIFS('ALL SITES DOWN'!$O:$O,"ZTE", 'ALL SITES DOWN'!$M:$M,BREACKDOWN!$B41,'ALL SITES DOWN'!$P:$P,BREACKDOWN!G$33) -> 0 | H41: =COUNTIFS('ALL SITES DOWN'!$O:$O,"ZTE", 'ALL SITES DOWN'!$M:$M,BREACKDOWN!$B41,'ALL SITES DOWN'!$P:$P,BREACKDOWN!H$33) -> 0 | I41: =COUNTIFS('ALL SITES DOWN'!$O:$O,"ZTE", 'ALL SITES DOWN'!$M:$M,BREACKDOWN!$B41,'ALL SITES DOWN'!$P:$P,BREACKDOWN!I$33) -> 0 | J41: =COUNTIFS('ALL SITES DOWN'!$O:$O,"ZTE", 'ALL SITES DOWN'!$M:$M,BREACKDOWN!$B41,'ALL SITES DOWN'!$P:$P,BREACKDOWN!J$33) -> 0 | K41: =SUM(C41:J41) -> 0 | M41: Hammer | N41: 10
B42: CDS | C42: =COUNTIFS('ALL SITES DOWN'!$O:$O,"ZTE", 'ALL SITES DOWN'!$M:$M,BREACKDOWN!$B42,'ALL SITES DOWN'!$P:$P,BREACKDOWN!C$33) -> 0 | D42: =COUNTIFS('ALL SITES DOWN'!$O:$O,"ZTE", 'ALL SITES DOWN'!$M:$M,BREACKDOWN!$B42,'ALL SITES DOWN'!$P:$P,BREACKDOWN!D$33) -> 0 | E42: =COUNTIFS('ALL SITES DOWN'!$O:$O,"ZTE", 'ALL SITES DOWN'!$M:$M,BREACKDOWN!$B42,'ALL SITES DOWN'!$P:$P,BREACKDOWN!E$33) -> 0 | F42: =COUNTIFS('ALL SITES DOWN'!$O:$O,"ZTE", 'ALL SITES DOWN'!$M:$M,BREACKDOWN!$B42,'ALL SITES DOWN'!$P:$P,BREACKDOWN!F$33) -> 0 | G42: =COUNTIFS('ALL SITES DOWN'!$O:$O,"ZTE", 'ALL SITES DOWN'!$M:$M,BREACKDOWN!$B42,'ALL SITES DOWN'!$P:$P,BREACKDOWN!G$33) -> 0 | H42: =COUNTIFS('ALL SITES DOWN'!$O:$O,"ZTE", 'ALL SITES DOWN'!$M:$M,BREACKDOWN!$B42,'ALL SITES DOWN'!$P:$P,BREACKDOWN!H$33) -> 0 | I42: =COUNTIFS('ALL SITES DOWN'!$O:$O,"ZTE", 'ALL SITES DOWN'!$M:$M,BREACKDOWN!$B42,'ALL SITES DOWN'!$P:$P,BREACKDOWN!I$33) -> 0 | J42: =COUNTIFS('ALL SITES DOWN'!$O:$O,"ZTE", 'ALL SITES DOWN'!$M:$M,BREACKDOWN!$B42,'ALL SITES DOWN'!$P:$P,BREACKDOWN!J$33) -> 0 | K42: =SUM(C42:J42) -> 0 | M42: OCM ING | N42: 10
A43: 3PP | B43: IHS | C43: =COUNTIFS('ALL SITES DOWN'!$O:$O,"ZTE", 'ALL SITES DOWN'!$M:$M,BREACKDOWN!$B43,'ALL SITES DOWN'!$P:$P,BREACKDOWN!C$33) -> 0 | D43: =COUNTIFS('ALL SITES DOWN'!$O:$O,"ZTE", 'ALL SITES DOWN'!$M:$M,BREACKDOWN!$B43,'ALL SITES DOWN'!$P:$P,BREACKDOWN!D$33) -> 0 | E43: =COUNTIFS('ALL SITES DOWN'!$O:$O,"ZTE", 'ALL SITES DOWN'!$M:$M,BREACKDOWN!$B43,'ALL SITES DOWN'!$P:$P,BREACKDOWN!E$33) -> 0 | F43: =COUNTIFS('ALL SITES DOWN'!$O:$O,"ZTE", 'ALL SITES DOWN'!$M:$M,BREACKDOWN!$B43,'ALL SITES DOWN'!$P:$P,BREACKDOWN!F$33) -> 0 | G43: =COUNTIFS('ALL SITES DOWN'!$O:$O,"ZTE", 'ALL SITES DOWN'!$M:$M,BREACKDOWN!$B43,'ALL SITES DOWN'!$P:$P,BREACKDOWN!G$33) -> 0 | H43: =COUNTIFS('ALL SITES DOWN'!$O:$O,"ZTE", 'ALL SITES DOWN'!$M:$M,BREACKDOWN!$B43,'ALL SITES DOWN'!$P:$P,BREACKDOWN!H$33) -> 0 | I43: =COUNTIFS('ALL SITES DOWN'!$O:$O,"ZTE", 'ALL SITES DOWN'!$M:$M,BREACKDOWN!$B43,'ALL SITES DOWN'!$P:$P,BREACKDOWN!I$33) -> 0 | J43: =COUNTIFS('ALL SITES DOWN'!$O:$O,"ZTE", 'ALL SITES DOWN'!$M:$M,BREACKDOWN!$B43,'ALL SITES DOWN'!$P:$P,BREACKDOWN!J$33) -> 0 | K43: =SUM(C43:J43) -> 0 | M43: IHS | N43: 11
B44: CAMUSAT | C44: =COUNTIFS('ALL SITES DOWN'!$O:$O,"ZTE", 'ALL SITES DOWN'!$M:$M,BREACKDOWN!$B44,'ALL SITES DOWN'!$P:$P,BREACKDOWN!C$33) -> 0 | D44: =COUNTIFS('ALL SITES DOWN'!$O:$O,"ZTE", 'ALL SITES DOWN'!$M:$M,BREACKDOWN!$B44,'ALL SITES DOWN'!$P:$P,BREACKDOWN!D$33) -> 0 | E44: =COUNTIFS('ALL SITES DOWN'!$O:$O,"ZTE", 'ALL SITES DOWN'!$M:$M,BREACKDOWN!$B44,'ALL SITES DOWN'!$P:$P,BREACKDOWN!E$33) -> 0 | F44: =COUNTIFS('ALL SITES DOWN'!$O:$O,"ZTE", 'ALL SITES DOWN'!$M:$M,BREACKDOWN!$B44,'ALL SITES DOWN'!$P:$P,BREACKDOWN!F$33) -> 0 | G44: =COUNTIFS('ALL SITES DOWN'!$O:$O,"ZTE", 'ALL SITES DOWN'!$M:$M,BREACKDOWN!$B44,'ALL SITES DOWN'!$P:$P,BREACKDOWN!G$33) -> 0 | H44: =COUNTIFS('ALL SITES DOWN'!$O:$O,"ZTE", 'ALL SITES DOWN'!$M:$M,BREACKDOWN!$B44,'ALL SITES DOWN'!$P:$P,BREACKDOWN!H$33) -> 0 | I44: =COUNTIFS('ALL SITES DOWN'!$O:$O,"ZTE", 'ALL SITES DOWN'!$M:$M,BREACKDOWN!$B44,'ALL SITES DOWN'!$P:$P,BREACKDOWN!I$33) -> 0 | J44: =COUNTIFS('ALL SITES DOWN'!$O:$O,"ZTE", 'ALL SITES DOWN'!$M:$M,BREACKDOWN!$B44,'ALL SITES DOWN'!$P:$P,BREACKDOWN!J$33) -> 0 | K44: =SUM(C44:J44) -> 0 | M44: Grand Total | N44: 50
B45: MTN | C45: =COUNTIFS('ALL SITES DOWN'!$O:$O,"ZTE", 'ALL SITES DOWN'!$M:$M,BREACKDOWN!$B45,'ALL SITES DOWN'!$P:$P,BREACKDOWN!C$33) -> 0 | D45: =COUNTIFS('ALL SITES DOWN'!$O:$O,"ZTE", 'ALL SITES DOWN'!$M:$M,BREACKDOWN!$B45,'ALL SITES DOWN'!$P:$P,BREACKDOWN!D$33) -> 0 | E45: =COUNTIFS('ALL SITES DOWN'!$O:$O,"ZTE", 'ALL SITES DOWN'!$M:$M,BREACKDOWN!$B45,'ALL SITES DOWN'!$P:$P,BREACKDOWN!E$33) -> 0 | F45: =COUNTIFS('ALL SITES DOWN'!$O:$O,"ZTE", 'ALL SITES DOWN'!$M:$M,BREACKDOWN!$B45,'ALL SITES DOWN'!$P:$P,BREACKDOWN!F$33) -> 0 | G45: =COUNTIFS('ALL SITES DOWN'!$O:$O,"ZTE", 'ALL SITES DOWN'!$M:$M,BREACKDOWN!$B45,'ALL SITES DOWN'!$P:$P,BREACKDOWN!G$33) -> 0 | H45: =COUNTIFS('ALL SITES DOWN'!$O:$O,"ZTE", 'ALL SITES DOWN'!$M:$M,BREACKDOWN!$B45,'ALL SITES DOWN'!$P:$P,BREACKDOWN!H$33) -> 0 | I45: =COUNTIFS('ALL SITES DOWN'!$O:$O,"ZTE", 'ALL SITES DOWN'!$M:$M,BREACKDOWN!$B45,'ALL SITES DOWN'!$P:$P,BREACKDOWN!I$33) -> 0 | J45: =COUNTIFS('ALL SITES DOWN'!$O:$O,"ZTE", 'ALL SITES DOWN'!$M:$M,BREACKDOWN!$B45,'ALL SITES DOWN'!$P:$P,BREACKDOWN!J$33) -> 0 | K45: =SUM(C45:J45) -> 0
B46: Camtel | C46: =COUNTIFS('ALL SITES DOWN'!$O:$O,"ZTE", 'ALL SITES DOWN'!$M:$M,BREACKDOWN!$B46,'ALL SITES DOWN'!$P:$P,BREACKDOWN!C$33) -> 0 | D46: =COUNTIFS('ALL SITES DOWN'!$O:$O,"ZTE", 'ALL SITES DOWN'!$M:$M,BREACKDOWN!$B46,'ALL SITES DOWN'!$P:$P,BREACKDOWN!D$33) -> 0 | E46: =COUNTIFS('ALL SITES DOWN'!$O:$O,"ZTE", 'ALL SITES DOWN'!$M:$M,BREACKDOWN!$B46,'ALL SITES DOWN'!$P:$P,BREACKDOWN!E$33) -> 0 | F46: =COUNTIFS('ALL SITES DOWN'!$O:$O,"ZTE", 'ALL SITES DOWN'!$M:$M,BREACKDOWN!$B46,'ALL SITES DOWN'!$P:$P,BREACKDOWN!F$33) -> 0 | G46: =COUNTIFS('ALL SITES DOWN'!$O:$O,"ZTE", 'ALL SITES DOWN'!$M:$M,BREACKDOWN!$B46,'ALL SITES DOWN'!$P:$P,BREACKDOWN!G$33) -> 0 | H46: =COUNTIFS('ALL SITES DOWN'!$O:$O,"ZTE", 'ALL SITES DOWN'!$M:$M,BREACKDOWN!$B46,'ALL SITES DOWN'!$P:$P,BREACKDOWN!H$33) -> 0 | I46: =COUNTIFS('ALL SITES DOWN'!$O:$O,"ZTE", 'ALL SITES DOWN'!$M:$M,BREACKDOWN!$B46,'ALL SITES DOWN'!$P:$P,BREACKDOWN!I$33) -> 0 | J46: =COUNTIFS('ALL SITES DOWN'!$O:$O,"ZTE", 'ALL SITES DOWN'!$M:$M,BREACKDOWN!$B46,'ALL SITES DOWN'!$P:$P,BREACKDOWN!J$33) -> 0 | K46: =SUM(C46:J46) -> 0
A47: OCM | B47: OCM ING | C47: =COUNTIFS('ALL SITES DOWN'!$O:$O,"ZTE", 'ALL SITES DOWN'!$M:$M,BREACKDOWN!$B47,'ALL SITES DOWN'!$P:$P,BREACKDOWN!C$33) -> 0 | D47: =COUNTIFS('ALL SITES DOWN'!$O:$O,"ZTE", 'ALL SITES DOWN'!$M:$M,BREACKDOWN!$B47,'ALL SITES DOWN'!$P:$P,BREACKDOWN!D$33) -> 0 | E47: =COUNTIFS('ALL SITES DOWN'!$O:$O,"ZTE", 'ALL SITES DOWN'!$M:$M,BREACKDOWN!$B47,'ALL SITES DOWN'!$P:$P,BREACKDOWN!E$33) -> 0 | F47: =COUNTIFS('ALL SITES DOWN'!$O:$O,"ZTE", 'ALL SITES DOWN'!$M:$M,BREACKDOWN!$B47,'ALL SITES DOWN'!$P:$P,BREACKDOWN!F$33) -> 0 | G47: =COUNTIFS('ALL SITES DOWN'!$O:$O,"ZTE", 'ALL SITES DOWN'!$M:$M,BREACKDOWN!$B47,'ALL SITES DOWN'!$P:$P,BREACKDOWN!G$33) -> 0 | H47: =COUNTIFS('ALL SITES DOWN'!$O:$O,"ZTE", 'ALL SITES DOWN'!$M:$M,BREACKDOWN!$B47,'ALL SITES DOWN'!$P:$P,BREACKDOWN!H$33) -> 0 | I47: =COUNTIFS('ALL SITES DOWN'!$O:$O,"ZTE", 'ALL SITES DOWN'!$M:$M,BREACKDOWN!$B47,'ALL SITES DOWN'!$P:$P,BREACKDOWN!I$33) -> 0 | J47: =COUNTIFS('ALL SITES DOWN'!$O:$O,"ZTE", 'ALL SITES DOWN'!$M:$M,BREACKDOWN!$B47,'ALL SITES DOWN'!$P:$P,BREACKDOWN!J$33) -> 0 | K47: =SUM(C47:J47) -> 0
B48: OCM OPS | C48: =COUNTIFS('ALL SITES DOWN'!$O:$O,"ZTE", 'ALL SITES DOWN'!$M:$M,BREACKDOWN!$B48,'ALL SITES DOWN'!$P:$P,BREACKDOWN!C$33) -> 0 | D48: =COUNTIFS('ALL SITES DOWN'!$O:$O,"ZTE", 'ALL SITES DOWN'!$M:$M,BREACKDOWN!$B48,'ALL SITES DOWN'!$P:$P,BREACKDOWN!D$33) -> 0 | E48: =COUNTIFS('ALL SITES DOWN'!$O:$O,"ZTE", 'ALL SITES DOWN'!$M:$M,BREACKDOWN!$B48,'ALL SITES DOWN'!$P:$P,BREACKDOWN!E$33) -> 0 | F48: =COUNTIFS('ALL SITES DOWN'!$O:$O,"ZTE", 'ALL SITES DOWN'!$M:$M,BREACKDOWN!$B48,'ALL SITES DOWN'!$P:$P,BREACKDOWN!F$33) -> 0 | G48: =COUNTIFS('ALL SITES DOWN'!$O:$O,"ZTE", 'ALL SITES DOWN'!$M:$M,BREACKDOWN!$B48,'ALL SITES DOWN'!$P:$P,BREACKDOWN!G$33) -> 0 | H48: =COUNTIFS('ALL SITES DOWN'!$O:$O,"ZTE", 'ALL SITES DOWN'!$M:$M,BREACKDOWN!$B48,'ALL SITES DOWN'!$P:$P,BREACKDOWN!H$33) -> 0 | I48: =COUNTIFS('ALL SITES DOWN'!$O:$O,"ZTE", 'ALL SITES DOWN'!$M:$M,BREACKDOWN!$B48,'ALL SITES DOWN'!$P:$P,BREACKDOWN!I$33) -> 0 | J48: =COUNTIFS('ALL SITES DOWN'!$O:$O,"ZTE", 'ALL SITES DOWN'!$M:$M,BREACKDOWN!$B48,'ALL SITES DOWN'!$P:$P,BREACKDOWN!J$33) -> 0 | K48: =SUM(C48:J48) -> 0
B49: OCM SPMS | C49: =COUNTIFS('ALL SITES DOWN'!$O:$O,"ZTE", 'ALL SITES DOWN'!$M:$M,BREACKDOWN!$B49,'ALL SITES DOWN'!$P:$P,BREACKDOWN!C$33) -> 0 | D49: =COUNTIFS('ALL SITES DOWN'!$O:$O,"ZTE", 'ALL SITES DOWN'!$M:$M,BREACKDOWN!$B49,'ALL SITES DOWN'!$P:$P,BREACKDOWN!D$33) -> 0 | E49: =COUNTIFS('ALL SITES DOWN'!$O:$O,"ZTE", 'ALL SITES DOWN'!$M:$M,BREACKDOWN!$B49,'ALL SITES DOWN'!$P:$P,BREACKDOWN!E$33) -> 0 | F49: =COUNTIFS('ALL SITES DOWN'!$O:$O,"ZTE", 'ALL SITES DOWN'!$M:$M,BREACKDOWN!$B49,'ALL SITES DOWN'!$P:$P,BREACKDOWN!F$33) -> 0 | G49: =COUNTIFS('ALL SITES DOWN'!$O:$O,"ZTE", 'ALL SITES DOWN'!$M:$M,BREACKDOWN!$B49,'ALL SITES DOWN'!$P:$P,BREACKDOWN!G$33) -> 0 | H49: =COUNTIFS('ALL SITES DOWN'!$O:$O,"ZTE", 'ALL SITES DOWN'!$M:$M,BREACKDOWN!$B49,'ALL SITES DOWN'!$P:$P,BREACKDOWN!H$33) -> 0 | I49: =COUNTIFS('ALL SITES DOWN'!$O:$O,"ZTE", 'ALL SITES DOWN'!$M:$M,BREACKDOWN!$B49,'ALL SITES DOWN'!$P:$P,BREACKDOWN!I$33) -> 0 | J49: =COUNTIFS('ALL SITES DOWN'!$O:$O,"ZTE", 'ALL SITES DOWN'!$M:$M,BREACKDOWN!$B49,'ALL SITES DOWN'!$P:$P,BREACKDOWN!J$33) -> 0 | K49: =SUM(C49:J49) -> 0
A50: Vendor | B50: Nokia | C50: =COUNTIFS('ALL SITES DOWN'!$O:$O,"ZTE", 'ALL SITES DOWN'!$M:$M,BREACKDOWN!$B50,'ALL SITES DOWN'!$P:$P,BREACKDOWN!C$33) -> 0 | D50: =COUNTIFS('ALL SITES DOWN'!$O:$O,"ZTE", 'ALL SITES DOWN'!$M:$M,BREACKDOWN!$B50,'ALL SITES DOWN'!$P:$P,BREACKDOWN!D$33) -> 0 | E50: =COUNTIFS('ALL SITES DOWN'!$O:$O,"ZTE", 'ALL SITES DOWN'!$M:$M,BREACKDOWN!$B50,'ALL SITES DOWN'!$P:$P,BREACKDOWN!E$33) -> 0 | F50: =COUNTIFS('ALL SITES DOWN'!$O:$O,"ZTE", 'ALL SITES DOWN'!$M:$M,BREACKDOWN!$B50,'ALL SITES DOWN'!$P:$P,BREACKDOWN!F$33) -> 0 | G50: =COUNTIFS('ALL SITES DOWN'!$O:$O,"ZTE", 'ALL SITES DOWN'!$M:$M,BREACKDOWN!$B50,'ALL SITES DOWN'!$P:$P,BREACKDOWN!G$33) -> 0 | H50: =COUNTIFS('ALL SITES DOWN'!$O:$O,"ZTE", 'ALL SITES DOWN'!$M:$M,BREACKDOWN!$B50,'ALL SITES DOWN'!$P:$P,BREACKDOWN!H$33) -> 0 | I50: =COUNTIFS('ALL SITES DOWN'!$O:$O,"ZTE", 'ALL SITES DOWN'!$M:$M,BREACKDOWN!$B50,'ALL SITES DOWN'!$P:$P,BREACKDOWN!I$33) -> 0 | J50: =COUNTIFS('ALL SITES DOWN'!$O:$O,"ZTE", 'ALL SITES DOWN'!$M:$M,BREACKDOWN!$B50,'ALL SITES DOWN'!$P:$P,BREACKDOWN!J$33) -> 0 | K50: =SUM(C50:J50) -> 0
B51: Huawei | C51: =COUNTIFS('ALL SITES DOWN'!$O:$O,"ZTE", 'ALL SITES DOWN'!$M:$M,BREACKDOWN!$B51,'ALL SITES DOWN'!$P:$P,BREACKDOWN!C$33) -> 0 | D51: =COUNTIFS('ALL SITES DOWN'!$O:$O,"ZTE", 'ALL SITES DOWN'!$M:$M,BREACKDOWN!$B51,'ALL SITES DOWN'!$P:$P,BREACKDOWN!D$33) -> 0 | E51: =COUNTIFS('ALL SITES DOWN'!$O:$O,"ZTE", 'ALL SITES DOWN'!$M:$M,BREACKDOWN!$B51,'ALL SITES DOWN'!$P:$P,BREACKDOWN!E$33) -> 0 | F51: =COUNTIFS('ALL SITES DOWN'!$O:$O,"ZTE", 'ALL SITES DOWN'!$M:$M,BREACKDOWN!$B51,'ALL SITES DOWN'!$P:$P,BREACKDOWN!F$33) -> 0 | G51: =COUNTIFS('ALL SITES DOWN'!$O:$O,"ZTE", 'ALL SITES DOWN'!$M:$M,BREACKDOWN!$B51,'ALL SITES DOWN'!$P:$P,BREACKDOWN!G$33) -> 0 | H51: =COUNTIFS('ALL SITES DOWN'!$O:$O,"ZTE", 'ALL SITES DOWN'!$M:$M,BREACKDOWN!$B51,'ALL SITES DOWN'!$P:$P,BREACKDOWN!H$33) -> 0 | I51: =COUNTIFS('ALL SITES DOWN'!$O:$O,"ZTE", 'ALL SITES DOWN'!$M:$M,BREACKDOWN!$B51,'ALL SITES DOWN'!$P:$P,BREACKDOWN!I$33) -> 0 | J51: =COUNTIFS('ALL SITES DOWN'!$O:$O,"ZTE", 'ALL SITES DOWN'!$M:$M,BREACKDOWN!$B51,'ALL SITES DOWN'!$P:$P,BREACKDOWN!J$33) -> 0 | K51: =SUM(C51:J51) -> 0
B52: ZTE | C52: =COUNTIFS('ALL SITES DOWN'!$O:$O,"ZTE", 'ALL SITES DOWN'!$M:$M,BREACKDOWN!$B52,'ALL SITES DOWN'!$P:$P,BREACKDOWN!C$33) -> 0 | D52: =COUNTIFS('ALL SITES DOWN'!$O:$O,"ZTE", 'ALL SITES DOWN'!$M:$M,BREACKDOWN!$B52,'ALL SITES DOWN'!$P:$P,BREACKDOWN!D$33) -> 0 | E52: =COUNTIFS('ALL SITES DOWN'!$O:$O,"ZTE", 'ALL SITES DOWN'!$M:$M,BREACKDOWN!$B52,'ALL SITES DOWN'!$P:$P,BREACKDOWN!E$33) -> 0 | F52: =COUNTIFS('ALL SITES DOWN'!$O:$O,"ZTE", 'ALL SITES DOWN'!$M:$M,BREACKDOWN!$B52,'ALL SITES DOWN'!$P:$P,BREACKDOWN!F$33) -> 0 | G52: =COUNTIFS('ALL SITES DOWN'!$O:$O,"ZTE", 'ALL SITES DOWN'!$M:$M,BREACKDOWN!$B52,'ALL SITES DOWN'!$P:$P,BREACKDOWN!G$33) -> 0 | H52: =COUNTIFS('ALL SITES DOWN'!$O:$O,"ZTE", 'ALL SITES DOWN'!$M:$M,BREACKDOWN!$B52,'ALL SITES DOWN'!$P:$P,BREACKDOWN!H$33) -> 0 | I52: =COUNTIFS('ALL SITES DOWN'!$O:$O,"ZTE", 'ALL SITES DOWN'!$M:$M,BREACKDOWN!$B52,'ALL SITES DOWN'!$P:$P,BREACKDOWN!I$33) -> 0 | J52: =COUNTIFS('ALL SITES DOWN'!$O:$O,"ZTE", 'ALL SITES DOWN'!$M:$M,BREACKDOWN!$B52,'ALL SITES DOWN'!$P:$P,BREACKDOWN!J$33) -> 0 | K52: =SUM(C52:J52) -> 0
A53: Major Incidents | B53: P1 Child | C53: =COUNTIFS('ALL SITES DOWN'!$O:$O,"ZTE", 'ALL SITES DOWN'!$M:$M,BREACKDOWN!$B53,'ALL SITES DOWN'!$P:$P,BREACKDOWN!C$33) -> 0 | D53: =COUNTIFS('ALL SITES DOWN'!$O:$O,"ZTE", 'ALL SITES DOWN'!$M:$M,BREACKDOWN!$B53,'ALL SITES DOWN'!$P:$P,BREACKDOWN!D$33) -> 0 | E53: =COUNTIFS('ALL SITES DOWN'!$O:$O,"ZTE", 'ALL SITES DOWN'!$M:$M,BREACKDOWN!$B53,'ALL SITES DOWN'!$P:$P,BREACKDOWN!E$33) -> 0 | F53: =COUNTIFS('ALL SITES DOWN'!$O:$O,"ZTE", 'ALL SITES DOWN'!$M:$M,BREACKDOWN!$B53,'ALL SITES DOWN'!$P:$P,BREACKDOWN!F$33) -> 0 | G53: =COUNTIFS('ALL SITES DOWN'!$O:$O,"ZTE", 'ALL SITES DOWN'!$M:$M,BREACKDOWN!$B53,'ALL SITES DOWN'!$P:$P,BREACKDOWN!G$33) -> 0 | H53: =COUNTIFS('ALL SITES DOWN'!$O:$O,"ZTE", 'ALL SITES DOWN'!$M:$M,BREACKDOWN!$B53,'ALL SITES DOWN'!$P:$P,BREACKDOWN!H$33) -> 0 | I53: =COUNTIFS('ALL SITES DOWN'!$O:$O,"ZTE", 'ALL SITES DOWN'!$M:$M,BREACKDOWN!$B53,'ALL SITES DOWN'!$P:$P,BREACKDOWN!I$33) -> 0 | J53: =COUNTIFS('ALL SITES DOWN'!$O:$O,"ZTE", 'ALL SITES DOWN'!$M:$M,BREACKDOWN!$B53,'ALL SITES DOWN'!$P:$P,BREACKDOWN!J$33) -> 0 | K53: =SUM(C53:J53) -> 0
B54: P2 Child | C54: =COUNTIFS('ALL SITES DOWN'!$O:$O,"ZTE", 'ALL SITES DOWN'!$M:$M,BREACKDOWN!$B54,'ALL SITES DOWN'!$P:$P,BREACKDOWN!C$33) -> 0 | D54: =COUNTIFS('ALL SITES DOWN'!$O:$O,"ZTE", 'ALL SITES DOWN'!$M:$M,BREACKDOWN!$B54,'ALL SITES DOWN'!$P:$P,BREACKDOWN!D$33) -> 0 | E54: =COUNTIFS('ALL SITES DOWN'!$O:$O,"ZTE", 'ALL SITES DOWN'!$M:$M,BREACKDOWN!$B54,'ALL SITES DOWN'!$P:$P,BREACKDOWN!E$33) -> 0 | F54: =COUNTIFS('ALL SITES DOWN'!$O:$O,"ZTE", 'ALL SITES DOWN'!$M:$M,BREACKDOWN!$B54,'ALL SITES DOWN'!$P:$P,BREACKDOWN!F$33) -> 0 | G54: =COUNTIFS('ALL SITES DOWN'!$O:$O,"ZTE", 'ALL SITES DOWN'!$M:$M,BREACKDOWN!$B54,'ALL SITES DOWN'!$P:$P,BREACKDOWN!G$33) -> 0 | H54: =COUNTIFS('ALL SITES DOWN'!$O:$O,"ZTE", 'ALL SITES DOWN'!$M:$M,BREACKDOWN!$B54,'ALL SITES DOWN'!$P:$P,BREACKDOWN!H$33) -> 0 | I54: =COUNTIFS('ALL SITES DOWN'!$O:$O,"ZTE", 'ALL SITES DOWN'!$M:$M,BREACKDOWN!$B54,'ALL SITES DOWN'!$P:$P,BREACKDOWN!I$33) -> 0 | J54: =COUNTIFS('ALL SITES DOWN'!$O:$O,"ZTE", 'ALL SITES DOWN'!$M:$M,BREACKDOWN!$B54,'ALL SITES DOWN'!$P:$P,BREACKDOWN!J$33) -> 0 | K54: =SUM(C54:J54) -> 0
A55: Grand Total | C55: =SUM(C34:C50) -> 0 | D55: =SUM(D34:D50) -> 0 | E55: =SUM(E34:E50) -> 0 | F55: =SUM(F34:F50) -> 0 | G55: =SUM(G34:G50) -> 0 | H55: =SUM(H34:H50) -> 0 | I55: =SUM(I34:I50) -> 0 | J55: =SUM(J34:J50) -> 0 | K55: =SUM(K34:K50) -> 0
A60: HUAWEI SITES FOLOW-UP
B61: INCIDENTS ONGOING | M61: Vendor | N61: Nokia
A63: Owner Group | B63: Owner | C63: T<1H | D63: 1H<T<2H | E63: 2H<T<4H | F63: 4H<T<8H | G63: 8H<T<16H | H63: 16H<T<24H | I63: 24H<T<48H | J63: T>48H | K63: Grand Total | M63: Row Labels | N63: Count of Site ID
A64: GNOCa | B64: HW SPMS | C64: =COUNTIFS('ALL SITES DOWN'!$O:$O,"HUAWEI", 'ALL SITES DOWN'!$M:$M,BREACKDOWN!$B64,'ALL SITES DOWN'!$P:$P,BREACKDOWN!C$63) -> 0 | D64: =COUNTIFS('ALL SITES DOWN'!$O:$O,"HUAWEI", 'ALL SITES DOWN'!$M:$M,BREACKDOWN!$B64,'ALL SITES DOWN'!$P:$P,BREACKDOWN!D$63) -> 0 | E64: =COUNTIFS('ALL SITES DOWN'!$O:$O,"HUAWEI", 'ALL SITES DOWN'!$M:$M,BREACKDOWN!$B64,'ALL SITES DOWN'!$P:$P,BREACKDOWN!E$63) -> 0 | F64: =COUNTIFS('ALL SITES DOWN'!$O:$O,"HUAWEI", 'ALL SITES DOWN'!$M:$M,BREACKDOWN!$B64,'ALL SITES DOWN'!$P:$P,BREACKDOWN!F$63) -> 0 | G64: =COUNTIFS('ALL SITES DOWN'!$O:$O,"HUAWEI", 'ALL SITES DOWN'!$M:$M,BREACKDOWN!$B64,'ALL SITES DOWN'!$P:$P,BREACKDOWN!G$63) -> 0 | H64: =COUNTIFS('ALL SITES DOWN'!$O:$O,"HUAWEI", 'ALL SITES DOWN'!$M:$M,BREACKDOWN!$B64,'ALL SITES DOWN'!$P:$P,BREACKDOWN!H$63) -> 0 | I64: =COUNTIFS('ALL SITES DOWN'!$O:$O,"HUAWEI", 'ALL SITES DOWN'!$M:$M,BREACKDOWN!$B64,'ALL SITES DOWN'!$P:$P,BREACKDOWN!I$63) -> 0 | J64: =COUNTIFS('ALL SITES DOWN'!$O:$O,"HUAWEI", 'ALL SITES DOWN'!$M:$M,BREACKDOWN!$B64,'ALL SITES DOWN'!$P:$P,BREACKDOWN!J$63) -> 0 | K64: =SUM(C64:J64) -> 0 | M64: camusat | N64: 1
B65: BO TRANS | C65: =COUNTIFS('ALL SITES DOWN'!$O:$O,"HUAWEI", 'ALL SITES DOWN'!$M:$M,BREACKDOWN!$B65,'ALL SITES DOWN'!$P:$P,BREACKDOWN!C$63) -> 0 | D65: =COUNTIFS('ALL SITES DOWN'!$O:$O,"HUAWEI", 'ALL SITES DOWN'!$M:$M,BREACKDOWN!$B65,'ALL SITES DOWN'!$P:$P,BREACKDOWN!D$63) -> 0 | E65: =COUNTIFS('ALL SITES DOWN'!$O:$O,"HUAWEI", 'ALL SITES DOWN'!$M:$M,BREACKDOWN!$B65,'ALL SITES DOWN'!$P:$P,BREACKDOWN!E$63) -> 0 | F65: =COUNTIFS('ALL SITES DOWN'!$O:$O,"HUAWEI", 'ALL SITES DOWN'!$M:$M,BREACKDOWN!$B65,'ALL SITES DOWN'!$P:$P,BREACKDOWN!F$63) -> 0 | G65: =COUNTIFS('ALL SITES DOWN'!$O:$O,"HUAWEI", 'ALL SITES DOWN'!$M:$M,BREACKDOWN!$B65,'ALL SITES DOWN'!$P:$P,BREACKDOWN!G$63) -> 0 | H65: =COUNTIFS('ALL SITES DOWN'!$O:$O,"HUAWEI", 'ALL SITES DOWN'!$M:$M,BREACKDOWN!$B65,'ALL SITES DOWN'!$P:$P,BREACKDOWN!H$63) -> 0 | I65: =COUNTIFS('ALL SITES DOWN'!$O:$O,"HUAWEI", 'ALL SITES DOWN'!$M:$M,BREACKDOWN!$B65,'ALL SITES DOWN'!$P:$P,BREACKDOWN!I$63) -> 0 | J65: =COUNTIFS('ALL SITES DOWN'!$O:$O,"HUAWEI", 'ALL SITES DOWN'!$M:$M,BREACKDOWN!$B65,'ALL SITES DOWN'!$P:$P,BREACKDOWN!J$63) -> 0 | K65: =SUM(C65:J65) -> 0 | M65: #N/A | N65: 1
B66: BO RAN | C66: =COUNTIFS('ALL SITES DOWN'!$O:$O,"HUAWEI", 'ALL SITES DOWN'!$M:$M,BREACKDOWN!$B66,'ALL SITES DOWN'!$P:$P,BREACKDOWN!C$63) -> 0 | D66: =COUNTIFS('ALL SITES DOWN'!$O:$O,"HUAWEI", 'ALL SITES DOWN'!$M:$M,BREACKDOWN!$B66,'ALL SITES DOWN'!$P:$P,BREACKDOWN!D$63) -> 0 | E66: =COUNTIFS('ALL SITES DOWN'!$O:$O,"HUAWEI", 'ALL SITES DOWN'!$M:$M,BREACKDOWN!$B66,'ALL SITES DOWN'!$P:$P,BREACKDOWN!E$63) -> 0 | F66: =COUNTIFS('ALL SITES DOWN'!$O:$O,"HUAWEI", 'ALL SITES DOWN'!$M:$M,BREACKDOWN!$B66,'ALL SITES DOWN'!$P:$P,BREACKDOWN!F$63) -> 0 | G66: =COUNTIFS('ALL SITES DOWN'!$O:$O,"HUAWEI", 'ALL SITES DOWN'!$M:$M,BREACKDOWN!$B66,'ALL SITES DOWN'!$P:$P,BREACKDOWN!G$63) -> 0 | H66: =COUNTIFS('ALL SITES DOWN'!$O:$O,"HUAWEI", 'ALL SITES DOWN'!$M:$M,BREACKDOWN!$B66,'ALL SITES DOWN'!$P:$P,BREACKDOWN!H$63) -> 0 | I66: =COUNTIFS('ALL SITES DOWN'!$O:$O,"HUAWEI", 'ALL SITES DOWN'!$M:$M,BREACKDOWN!$B66,'ALL SITES DOWN'!$P:$P,BREACKDOWN!I$63) -> 0 | J66: =COUNTIFS('ALL SITES DOWN'!$O:$O,"HUAWEI", 'ALL SITES DOWN'!$M:$M,BREACKDOWN!$B66,'ALL SITES DOWN'!$P:$P,BREACKDOWN!J$63) -> 0 | K66: =SUM(C66:J66) -> 0 | M66: HW SPMS | N66: 3
B67: BO IP | C67: =COUNTIFS('ALL SITES DOWN'!$O:$O,"HUAWEI", 'ALL SITES DOWN'!$M:$M,BREACKDOWN!$B67,'ALL SITES DOWN'!$P:$P,BREACKDOWN!C$63) -> 0 | D67: =COUNTIFS('ALL SITES DOWN'!$O:$O,"HUAWEI", 'ALL SITES DOWN'!$M:$M,BREACKDOWN!$B67,'ALL SITES DOWN'!$P:$P,BREACKDOWN!D$63) -> 0 | E67: =COUNTIFS('ALL SITES DOWN'!$O:$O,"HUAWEI", 'ALL SITES DOWN'!$M:$M,BREACKDOWN!$B67,'ALL SITES DOWN'!$P:$P,BREACKDOWN!E$63) -> 0 | F67: =COUNTIFS('ALL SITES DOWN'!$O:$O,"HUAWEI", 'ALL SITES DOWN'!$M:$M,BREACKDOWN!$B67,'ALL SITES DOWN'!$P:$P,BREACKDOWN!F$63) -> 0 | G67: =COUNTIFS('ALL SITES DOWN'!$O:$O,"HUAWEI", 'ALL SITES DOWN'!$M:$M,BREACKDOWN!$B67,'ALL SITES DOWN'!$P:$P,BREACKDOWN!G$63) -> 0 | H67: =COUNTIFS('ALL SITES DOWN'!$O:$O,"HUAWEI", 'ALL SITES DOWN'!$M:$M,BREACKDOWN!$B67,'ALL SITES DOWN'!$P:$P,BREACKDOWN!H$63) -> 0 | I67: =COUNTIFS('ALL SITES DOWN'!$O:$O,"HUAWEI", 'ALL SITES DOWN'!$M:$M,BREACKDOWN!$B67,'ALL SITES DOWN'!$P:$P,BREACKDOWN!I$63) -> 0 | J67: =COUNTIFS('ALL SITES DOWN'!$O:$O,"HUAWEI", 'ALL SITES DOWN'!$M:$M,BREACKDOWN!$B67,'ALL SITES DOWN'!$P:$P,BREACKDOWN!J$63) -> 0 | K67: =SUM(C67:J67) -> 0 | M67: Teleinfra | N67: 4
B68: FO | C68: =COUNTIFS('ALL SITES DOWN'!$O:$O,"HUAWEI", 'ALL SITES DOWN'!$M:$M,BREACKDOWN!$B68,'ALL SITES DOWN'!$P:$P,BREACKDOWN!C$63) -> 0 | D68: =COUNTIFS('ALL SITES DOWN'!$O:$O,"HUAWEI", 'ALL SITES DOWN'!$M:$M,BREACKDOWN!$B68,'ALL SITES DOWN'!$P:$P,BREACKDOWN!D$63) -> 0 | E68: =COUNTIFS('ALL SITES DOWN'!$O:$O,"HUAWEI", 'ALL SITES DOWN'!$M:$M,BREACKDOWN!$B68,'ALL SITES DOWN'!$P:$P,BREACKDOWN!E$63) -> 0 | F68: =COUNTIFS('ALL SITES DOWN'!$O:$O,"HUAWEI", 'ALL SITES DOWN'!$M:$M,BREACKDOWN!$B68,'ALL SITES DOWN'!$P:$P,BREACKDOWN!F$63) -> 0 | G68: =COUNTIFS('ALL SITES DOWN'!$O:$O,"HUAWEI", 'ALL SITES DOWN'!$M:$M,BREACKDOWN!$B68,'ALL SITES DOWN'!$P:$P,BREACKDOWN!G$63) -> 0 | H68: =COUNTIFS('ALL SITES DOWN'!$O:$O,"HUAWEI", 'ALL SITES DOWN'!$M:$M,BREACKDOWN!$B68,'ALL SITES DOWN'!$P:$P,BREACKDOWN!H$63) -> 0 | I68: =COUNTIFS('ALL SITES DOWN'!$O:$O,"HUAWEI", 'ALL SITES DOWN'!$M:$M,BREACKDOWN!$B68,'ALL SITES DOWN'!$P:$P,BREACKDOWN!I$63) -> 0 | J68: =COUNTIFS('ALL SITES DOWN'!$O:$O,"HUAWEI", 'ALL SITES DOWN'!$M:$M,BREACKDOWN!$B68,'ALL SITES DOWN'!$P:$P,BREACKDOWN!J$63) -> 0 | K68: =SUM(C68:J68) -> 0 | M68: AFRO | N68: 5
A69: Huawei SBC | B69: TELEINFRA | C69: =COUNTIFS('ALL SITES DOWN'!$O:$O,"HUAWEI", 'ALL SITES DOWN'!$M:$M,BREACKDOWN!$B69,'ALL SITES DOWN'!$P:$P,BREACKDOWN!C$63) -> 0 | D69: =COUNTIFS('ALL SITES DOWN'!$O:$O,"HUAWEI", 'ALL SITES DOWN'!$M:$M,BREACKDOWN!$B69,'ALL SITES DOWN'!$P:$P,BREACKDOWN!D$63) -> 0 | E69: =COUNTIFS('ALL SITES DOWN'!$O:$O,"HUAWEI", 'ALL SITES DOWN'!$M:$M,BREACKDOWN!$B69,'ALL SITES DOWN'!$P:$P,BREACKDOWN!E$63) -> 0 | F69: =COUNTIFS('ALL SITES DOWN'!$O:$O,"HUAWEI", 'ALL SITES DOWN'!$M:$M,BREACKDOWN!$B69,'ALL SITES DOWN'!$P:$P,BREACKDOWN!F$63) -> 0 | G69: =COUNTIFS('ALL SITES DOWN'!$O:$O,"HUAWEI", 'ALL SITES DOWN'!$M:$M,BREACKDOWN!$B69,'ALL SITES DOWN'!$P:$P,BREACKDOWN!G$63) -> 0 | H69: =COUNTIFS('ALL SITES DOWN'!$O:$O,"HUAWEI", 'ALL SITES DOWN'!$M:$M,BREACKDOWN!$B69,'ALL SITES DOWN'!$P:$P,BREACKDOWN!H$63) -> 0 | I69: =COUNTIFS('ALL SITES DOWN'!$O:$O,"HUAWEI", 'ALL SITES DOWN'!$M:$M,BREACKDOWN!$B69,'ALL SITES DOWN'!$P:$P,BREACKDOWN!I$63) -> 0 | J69: =COUNTIFS('ALL SITES DOWN'!$O:$O,"HUAWEI", 'ALL SITES DOWN'!$M:$M,BREACKDOWN!$B69,'ALL SITES DOWN'!$P:$P,BREACKDOWN!J$63) -> 0 | K69: =SUM(C69:J69) -> 0 | M69: OCM SPMS | N69: 5
B70: H-TELI | C70: =COUNTIFS('ALL SITES DOWN'!$O:$O,"HUAWEI", 'ALL SITES DOWN'!$M:$M,BREACKDOWN!$B70,'ALL SITES DOWN'!$P:$P,BREACKDOWN!C$63) -> 0 | D70: =COUNTIFS('ALL SITES DOWN'!$O:$O,"HUAWEI", 'ALL SITES DOWN'!$M:$M,BREACKDOWN!$B70,'ALL SITES DOWN'!$P:$P,BREACKDOWN!D$63) -> 0 | E70: =COUNTIFS('ALL SITES DOWN'!$O:$O,"HUAWEI", 'ALL SITES DOWN'!$M:$M,BREACKDOWN!$B70,'ALL SITES DOWN'!$P:$P,BREACKDOWN!E$63) -> 0 | F70: =COUNTIFS('ALL SITES DOWN'!$O:$O,"HUAWEI", 'ALL SITES DOWN'!$M:$M,BREACKDOWN!$B70,'ALL SITES DOWN'!$P:$P,BREACKDOWN!F$63) -> 0 | G70: =COUNTIFS('ALL SITES DOWN'!$O:$O,"HUAWEI", 'ALL SITES DOWN'!$M:$M,BREACKDOWN!$B70,'ALL SITES DOWN'!$P:$P,BREACKDOWN!G$63) -> 0 | H70: =COUNTIFS('ALL SITES DOWN'!$O:$O,"HUAWEI", 'ALL SITES DOWN'!$M:$M,BREACKDOWN!$B70,'ALL SITES DOWN'!$P:$P,BREACKDOWN!H$63) -> 0 | I70: =COUNTIFS('ALL SITES DOWN'!$O:$O,"HUAWEI", 'ALL SITES DOWN'!$M:$M,BREACKDOWN!$B70,'ALL SITES DOWN'!$P:$P,BREACKDOWN!I$63) -> 0 | J70: =COUNTIFS('ALL SITES DOWN'!$O:$O,"HUAWEI", 'ALL SITES DOWN'!$M:$M,BREACKDOWN!$B70,'ALL SITES DOWN'!$P:$P,BREACKDOWN!J$63) -> 0 | K70: =SUM(C70:J70) -> 0 | M70: Hammer | N70: 10
B71: I-ENG | C71: =COUNTIFS('ALL SITES DOWN'!$O:$O,"HUAWEI", 'ALL SITES DOWN'!$M:$M,BREACKDOWN!$B71,'ALL SITES DOWN'!$P:$P,BREACKDOWN!C$63) -> 0 | D71: =COUNTIFS('ALL SITES DOWN'!$O:$O,"HUAWEI", 'ALL SITES DOWN'!$M:$M,BREACKDOWN!$B71,'ALL SITES DOWN'!$P:$P,BREACKDOWN!D$63) -> 0 | E71: =COUNTIFS('ALL SITES DOWN'!$O:$O,"HUAWEI", 'ALL SITES DOWN'!$M:$M,BREACKDOWN!$B71,'ALL SITES DOWN'!$P:$P,BREACKDOWN!E$63) -> 0 | F71: =COUNTIFS('ALL SITES DOWN'!$O:$O,"HUAWEI", 'ALL SITES DOWN'!$M:$M,BREACKDOWN!$B71,'ALL SITES DOWN'!$P:$P,BREACKDOWN!F$63) -> 0 | G71: =COUNTIFS('ALL SITES DOWN'!$O:$O,"HUAWEI", 'ALL SITES DOWN'!$M:$M,BREACKDOWN!$B71,'ALL SITES DOWN'!$P:$P,BREACKDOWN!G$63) -> 0 | H71: =COUNTIFS('ALL SITES DOWN'!$O:$O,"HUAWEI", 'ALL SITES DOWN'!$M:$M,BREACKDOWN!$B71,'ALL SITES DOWN'!$P:$P,BREACKDOWN!H$63) -> 0 | I71: =COUNTIFS('ALL SITES DOWN'!$O:$O,"HUAWEI", 'ALL SITES DOWN'!$M:$M,BREACKDOWN!$B71,'ALL SITES DOWN'!$P:$P,BREACKDOWN!I$63) -> 0 | J71: =COUNTIFS('ALL SITES DOWN'!$O:$O,"HUAWEI", 'ALL SITES DOWN'!$M:$M,BREACKDOWN!$B71,'ALL SITES DOWN'!$P:$P,BREACKDOWN!J$63) -> 0 | K71: =SUM(C71:J71) -> 0 | M71: OCM ING | N71: 10
B72: CDS | C72: =COUNTIFS('ALL SITES DOWN'!$O:$O,"HUAWEI", 'ALL SITES DOWN'!$M:$M,BREACKDOWN!$B72,'ALL SITES DOWN'!$P:$P,BREACKDOWN!C$63) -> 0 | D72: =COUNTIFS('ALL SITES DOWN'!$O:$O,"HUAWEI", 'ALL SITES DOWN'!$M:$M,BREACKDOWN!$B72,'ALL SITES DOWN'!$P:$P,BREACKDOWN!D$63) -> 0 | E72: =COUNTIFS('ALL SITES DOWN'!$O:$O,"HUAWEI", 'ALL SITES DOWN'!$M:$M,BREACKDOWN!$B72,'ALL SITES DOWN'!$P:$P,BREACKDOWN!E$63) -> 0 | F72: =COUNTIFS('ALL SITES DOWN'!$O:$O,"HUAWEI", 'ALL SITES DOWN'!$M:$M,BREACKDOWN!$B72,'ALL SITES DOWN'!$P:$P,BREACKDOWN!F$63) -> 0 | G72: =COUNTIFS('ALL SITES DOWN'!$O:$O,"HUAWEI", 'ALL SITES DOWN'!$M:$M,BREACKDOWN!$B72,'ALL SITES DOWN'!$P:$P,BREACKDOWN!G$63) -> 0 | H72: =COUNTIFS('ALL SITES DOWN'!$O:$O,"HUAWEI", 'ALL SITES DOWN'!$M:$M,BREACKDOWN!$B72,'ALL SITES DOWN'!$P:$P,BREACKDOWN!H$63) -> 0 | I72: =COUNTIFS('ALL SITES DOWN'!$O:$O,"HUAWEI", 'ALL SITES DOWN'!$M:$M,BREACKDOWN!$B72,'ALL SITES DOWN'!$P:$P,BREACKDOWN!I$63) -> 0 | J72: =COUNTIFS('ALL SITES DOWN'!$O:$O,"HUAWEI", 'ALL SITES DOWN'!$M:$M,BREACKDOWN!$B72,'ALL SITES DOWN'!$P:$P,BREACKDOWN!J$63) -> 0 | K72: =SUM(C72:J72) -> 0 | M72: IHS | N72: 11
A73: 3PP | B73: IHS | C73: =COUNTIFS('ALL SITES DOWN'!$O:$O,"HUAWEI", 'ALL SITES DOWN'!$M:$M,BREACKDOWN!$B73,'ALL SITES DOWN'!$P:$P,BREACKDOWN!C$63) -> 0 | D73: =COUNTIFS('ALL SITES DOWN'!$O:$O,"HUAWEI", 'ALL SITES DOWN'!$M:$M,BREACKDOWN!$B73,'ALL SITES DOWN'!$P:$P,BREACKDOWN!D$63) -> 0 | E73: =COUNTIFS('ALL SITES DOWN'!$O:$O,"HUAWEI", 'ALL SITES DOWN'!$M:$M,BREACKDOWN!$B73,'ALL SITES DOWN'!$P:$P,BREACKDOWN!E$63) -> 0 | F73: =COUNTIFS('ALL SITES DOWN'!$O:$O,"HUAWEI", 'ALL SITES DOWN'!$M:$M,BREACKDOWN!$B73,'ALL SITES DOWN'!$P:$P,BREACKDOWN!F$63) -> 0 | G73: =COUNTIFS('ALL SITES DOWN'!$O:$O,"HUAWEI", 'ALL SITES DOWN'!$M:$M,BREACKDOWN!$B73,'ALL SITES DOWN'!$P:$P,BREACKDOWN!G$63) -> 0 | H73: =COUNTIFS('ALL SITES DOWN'!$O:$O,"HUAWEI", 'ALL SITES DOWN'!$M:$M,BREACKDOWN!$B73,'ALL SITES DOWN'!$P:$P,BREACKDOWN!H$63) -> 0 | I73: =COUNTIFS('ALL SITES DOWN'!$O:$O,"HUAWEI", 'ALL SITES DOWN'!$M:$M,BREACKDOWN!$B73,'ALL SITES DOWN'!$P:$P,BREACKDOWN!I$63) -> 0 | J73: =COUNTIFS('ALL SITES DOWN'!$O:$O,"HUAWEI", 'ALL SITES DOWN'!$M:$M,BREACKDOWN!$B73,'ALL SITES DOWN'!$P:$P,BREACKDOWN!J$63) -> 0 | K73: =SUM(C73:J73) -> 0 | M73: Grand Total | N73: 50
B74: CAMUSAT | C74: =COUNTIFS('ALL SITES DOWN'!$O:$O,"HUAWEI", 'ALL SITES DOWN'!$M:$M,BREACKDOWN!$B74,'ALL SITES DOWN'!$P:$P,BREACKDOWN!C$63) -> 0 | D74: =COUNTIFS('ALL SITES DOWN'!$O:$O,"HUAWEI", 'ALL SITES DOWN'!$M:$M,BREACKDOWN!$B74,'ALL SITES DOWN'!$P:$P,BREACKDOWN!D$63) -> 0 | E74: =COUNTIFS('ALL SITES DOWN'!$O:$O,"HUAWEI", 'ALL SITES DOWN'!$M:$M,BREACKDOWN!$B74,'ALL SITES DOWN'!$P:$P,BREACKDOWN!E$63) -> 0 | F74: =COUNTIFS('ALL SITES DOWN'!$O:$O,"HUAWEI", 'ALL SITES DOWN'!$M:$M,BREACKDOWN!$B74,'ALL SITES DOWN'!$P:$P,BREACKDOWN!F$63) -> 0 | G74: =COUNTIFS('ALL SITES DOWN'!$O:$O,"HUAWEI", 'ALL SITES DOWN'!$M:$M,BREACKDOWN!$B74,'ALL SITES DOWN'!$P:$P,BREACKDOWN!G$63) -> 0 | H74: =COUNTIFS('ALL SITES DOWN'!$O:$O,"HUAWEI", 'ALL SITES DOWN'!$M:$M,BREACKDOWN!$B74,'ALL SITES DOWN'!$P:$P,BREACKDOWN!H$63) -> 0 | I74: =COUNTIFS('ALL SITES DOWN'!$O:$O,"HUAWEI", 'ALL SITES DOWN'!$M:$M,BREACKDOWN!$B74,'ALL SITES DOWN'!$P:$P,BREACKDOWN!I$63) -> 0 | J74: =COUNTIFS('ALL SITES DOWN'!$O:$O,"HUAWEI", 'ALL SITES DOWN'!$M:$M,BREACKDOWN!$B74,'ALL SITES DOWN'!$P:$P,BREACKDOWN!J$63) -> 0 | K74: =SUM(C74:J74) -> 0
B75: MTN | C75: =COUNTIFS('ALL SITES DOWN'!$O:$O,"HUAWEI", 'ALL SITES DOWN'!$M:$M,BREACKDOWN!$B75,'ALL SITES DOWN'!$P:$P,BREACKDOWN!C$63) -> 0 | D75: =COUNTIFS('ALL SITES DOWN'!$O:$O,"HUAWEI", 'ALL SITES DOWN'!$M:$M,BREACKDOWN!$B75,'ALL SITES DOWN'!$P:$P,BREACKDOWN!D$63) -> 0 | E75: =COUNTIFS('ALL SITES DOWN'!$O:$O,"HUAWEI", 'ALL SITES DOWN'!$M:$M,BREACKDOWN!$B75,'ALL SITES DOWN'!$P:$P,BREACKDOWN!E$63) -> 0 | F75: =COUNTIFS('ALL SITES DOWN'!$O:$O,"HUAWEI", 'ALL SITES DOWN'!$M:$M,BREACKDOWN!$B75,'ALL SITES DOWN'!$P:$P,BREACKDOWN!F$63) -> 0 | G75: =COUNTIFS('ALL SITES DOWN'!$O:$O,"HUAWEI", 'ALL SITES DOWN'!$M:$M,BREACKDOWN!$B75,'ALL SITES DOWN'!$P:$P,BREACKDOWN!G$63) -> 0 | H75: =COUNTIFS('ALL SITES DOWN'!$O:$O,"HUAWEI", 'ALL SITES DOWN'!$M:$M,BREACKDOWN!$B75,'ALL SITES DOWN'!$P:$P,BREACKDOWN!H$63) -> 0 | I75: =COUNTIFS('ALL SITES DOWN'!$O:$O,"HUAWEI", 'ALL SITES DOWN'!$M:$M,BREACKDOWN!$B75,'ALL SITES DOWN'!$P:$P,BREACKDOWN!I$63) -> 0 | J75: =COUNTIFS('ALL SITES DOWN'!$O:$O,"HUAWEI", 'ALL SITES DOWN'!$M:$M,BREACKDOWN!$B75,'ALL SITES DOWN'!$P:$P,BREACKDOWN!J$63) -> 0 | K75: =SUM(C75:J75) -> 0
B76: Camtel | C76: =COUNTIFS('ALL SITES DOWN'!$O:$O,"HUAWEI", 'ALL SITES DOWN'!$M:$M,BREACKDOWN!$B76,'ALL SITES DOWN'!$P:$P,BREACKDOWN!C$63) -> 0 | D76: =COUNTIFS('ALL SITES DOWN'!$O:$O,"HUAWEI", 'ALL SITES DOWN'!$M:$M,BREACKDOWN!$B76,'ALL SITES DOWN'!$P:$P,BREACKDOWN!D$63) -> 0 | E76: =COUNTIFS('ALL SITES DOWN'!$O:$O,"HUAWEI", 'ALL SITES DOWN'!$M:$M,BREACKDOWN!$B76,'ALL SITES DOWN'!$P:$P,BREACKDOWN!E$63) -> 0 | F76: =COUNTIFS('ALL SITES DOWN'!$O:$O,"HUAWEI", 'ALL SITES DOWN'!$M:$M,BREACKDOWN!$B76,'ALL SITES DOWN'!$P:$P,BREACKDOWN!F$63) -> 0 | G76: =COUNTIFS('ALL SITES DOWN'!$O:$O,"HUAWEI", 'ALL SITES DOWN'!$M:$M,BREACKDOWN!$B76,'ALL SITES DOWN'!$P:$P,BREACKDOWN!G$63) -> 0 | H76: =COUNTIFS('ALL SITES DOWN'!$O:$O,"HUAWEI", 'ALL SITES DOWN'!$M:$M,BREACKDOWN!$B76,'ALL SITES DOWN'!$P:$P,BREACKDOWN!H$63) -> 0 | I76: =COUNTIFS('ALL SITES DOWN'!$O:$O,"HUAWEI", 'ALL SITES DOWN'!$M:$M,BREACKDOWN!$B76,'ALL SITES DOWN'!$P:$P,BREACKDOWN!I$63) -> 0 | J76: =COUNTIFS('ALL SITES DOWN'!$O:$O,"HUAWEI", 'ALL SITES DOWN'!$M:$M,BREACKDOWN!$B76,'ALL SITES DOWN'!$P:$P,BREACKDOWN!J$63) -> 0 | K76: =SUM(C76:J76) -> 0
A77: OCM | B77: OCM ING | C77: =COUNTIFS('ALL SITES DOWN'!$O:$O,"HUAWEI", 'ALL SITES DOWN'!$M:$M,BREACKDOWN!$B77,'ALL SITES DOWN'!$P:$P,BREACKDOWN!C$63) -> 0 | D77: =COUNTIFS('ALL SITES DOWN'!$O:$O,"HUAWEI", 'ALL SITES DOWN'!$M:$M,BREACKDOWN!$B77,'ALL SITES DOWN'!$P:$P,BREACKDOWN!D$63) -> 0 | E77: =COUNTIFS('ALL SITES DOWN'!$O:$O,"HUAWEI", 'ALL SITES DOWN'!$M:$M,BREACKDOWN!$B77,'ALL SITES DOWN'!$P:$P,BREACKDOWN!E$63) -> 0 | F77: =COUNTIFS('ALL SITES DOWN'!$O:$O,"HUAWEI", 'ALL SITES DOWN'!$M:$M,BREACKDOWN!$B77,'ALL SITES DOWN'!$P:$P,BREACKDOWN!F$63) -> 0 | G77: =COUNTIFS('ALL SITES DOWN'!$O:$O,"HUAWEI", 'ALL SITES DOWN'!$M:$M,BREACKDOWN!$B77,'ALL SITES DOWN'!$P:$P,BREACKDOWN!G$63) -> 0 | H77: =COUNTIFS('ALL SITES DOWN'!$O:$O,"HUAWEI", 'ALL SITES DOWN'!$M:$M,BREACKDOWN!$B77,'ALL SITES DOWN'!$P:$P,BREACKDOWN!H$63) -> 0 | I77: =COUNTIFS('ALL SITES DOWN'!$O:$O,"HUAWEI", 'ALL SITES DOWN'!$M:$M,BREACKDOWN!$B77,'ALL SITES DOWN'!$P:$P,BREACKDOWN!I$63) -> 0 | J77: =COUNTIFS('ALL SITES DOWN'!$O:$O,"HUAWEI", 'ALL SITES DOWN'!$M:$M,BREACKDOWN!$B77,'ALL SITES DOWN'!$P:$P,BREACKDOWN!J$63) -> 0 | K77: =SUM(C77:J77) -> 0
B78: OCM OPS | C78: =COUNTIFS('ALL SITES DOWN'!$O:$O,"HUAWEI", 'ALL SITES DOWN'!$M:$M,BREACKDOWN!$B78,'ALL SITES DOWN'!$P:$P,BREACKDOWN!C$63) -> 0 | D78: =COUNTIFS('ALL SITES DOWN'!$O:$O,"HUAWEI", 'ALL SITES DOWN'!$M:$M,BREACKDOWN!$B78,'ALL SITES DOWN'!$P:$P,BREACKDOWN!D$63) -> 0 | E78: =COUNTIFS('ALL SITES DOWN'!$O:$O,"HUAWEI", 'ALL SITES DOWN'!$M:$M,BREACKDOWN!$B78,'ALL SITES DOWN'!$P:$P,BREACKDOWN!E$63) -> 0 | F78: =COUNTIFS('ALL SITES DOWN'!$O:$O,"HUAWEI", 'ALL SITES DOWN'!$M:$M,BREACKDOWN!$B78,'ALL SITES DOWN'!$P:$P,BREACKDOWN!F$63) -> 0 | G78: =COUNTIFS('ALL SITES DOWN'!$O:$O,"HUAWEI", 'ALL SITES DOWN'!$M:$M,BREACKDOWN!$B78,'ALL SITES DOWN'!$P:$P,BREACKDOWN!G$63) -> 0 | H78: =COUNTIFS('ALL SITES DOWN'!$O:$O,"HUAWEI", 'ALL SITES DOWN'!$M:$M,BREACKDOWN!$B78,'ALL SITES DOWN'!$P:$P,BREACKDOWN!H$63) -> 0 | I78: =COUNTIFS('ALL SITES DOWN'!$O:$O,"HUAWEI", 'ALL SITES DOWN'!$M:$M,BREACKDOWN!$B78,'ALL SITES DOWN'!$P:$P,BREACKDOWN!I$63) -> 0 | J78: =COUNTIFS('ALL SITES DOWN'!$O:$O,"HUAWEI", 'ALL SITES DOWN'!$M:$M,BREACKDOWN!$B78,'ALL SITES DOWN'!$P:$P,BREACKDOWN!J$63) -> 0 | K78: =SUM(C78:J78) -> 0
B79: OCM SPMS | C79: =COUNTIFS('ALL SITES DOWN'!$O:$O,"HUAWEI", 'ALL SITES DOWN'!$M:$M,BREACKDOWN!$B79,'ALL SITES DOWN'!$P:$P,BREACKDOWN!C$63) -> 0 | D79: =COUNTIFS('ALL SITES DOWN'!$O:$O,"HUAWEI", 'ALL SITES DOWN'!$M:$M,BREACKDOWN!$B79,'ALL SITES DOWN'!$P:$P,BREACKDOWN!D$63) -> 0 | E79: =COUNTIFS('ALL SITES DOWN'!$O:$O,"HUAWEI", 'ALL SITES DOWN'!$M:$M,BREACKDOWN!$B79,'ALL SITES DOWN'!$P:$P,BREACKDOWN!E$63) -> 0 | F79: =COUNTIFS('ALL SITES DOWN'!$O:$O,"HUAWEI", 'ALL SITES DOWN'!$M:$M,BREACKDOWN!$B79,'ALL SITES DOWN'!$P:$P,BREACKDOWN!F$63) -> 0 | G79: =COUNTIFS('ALL SITES DOWN'!$O:$O,"HUAWEI", 'ALL SITES DOWN'!$M:$M,BREACKDOWN!$B79,'ALL SITES DOWN'!$P:$P,BREACKDOWN!G$63) -> 0 | H79: =COUNTIFS('ALL SITES DOWN'!$O:$O,"HUAWEI", 'ALL SITES DOWN'!$M:$M,BREACKDOWN!$B79,'ALL SITES DOWN'!$P:$P,BREACKDOWN!H$63) -> 0 | I79: =COUNTIFS('ALL SITES DOWN'!$O:$O,"HUAWEI", 'ALL SITES DOWN'!$M:$M,BREACKDOWN!$B79,'ALL SITES DOWN'!$P:$P,BREACKDOWN!I$63) -> 0 | J79: =COUNTIFS('ALL SITES DOWN'!$O:$O,"HUAWEI", 'ALL SITES DOWN'!$M:$M,BREACKDOWN!$B79,'ALL SITES DOWN'!$P:$P,BREACKDOWN!J$63) -> 0 | K79: =SUM(C79:J79) -> 0
A80: Vendor | B80: Nokia | C80: =COUNTIFS('ALL SITES DOWN'!$O:$O,"HUAWEI", 'ALL SITES DOWN'!$M:$M,BREACKDOWN!$B80,'ALL SITES DOWN'!$P:$P,BREACKDOWN!C$63) -> 0 | D80: =COUNTIFS('ALL SITES DOWN'!$O:$O,"HUAWEI", 'ALL SITES DOWN'!$M:$M,BREACKDOWN!$B80,'ALL SITES DOWN'!$P:$P,BREACKDOWN!D$63) -> 0 | E80: =COUNTIFS('ALL SITES DOWN'!$O:$O,"HUAWEI", 'ALL SITES DOWN'!$M:$M,BREACKDOWN!$B80,'ALL SITES DOWN'!$P:$P,BREACKDOWN!E$63) -> 0 | F80: =COUNTIFS('ALL SITES DOWN'!$O:$O,"HUAWEI", 'ALL SITES DOWN'!$M:$M,BREACKDOWN!$B80,'ALL SITES DOWN'!$P:$P,BREACKDOWN!F$63) -> 0 | G80: =COUNTIFS('ALL SITES DOWN'!$O:$O,"HUAWEI", 'ALL SITES DOWN'!$M:$M,BREACKDOWN!$B80,'ALL SITES DOWN'!$P:$P,BREACKDOWN!G$63) -> 0 | H80: =COUNTIFS('ALL SITES DOWN'!$O:$O,"HUAWEI", 'ALL SITES DOWN'!$M:$M,BREACKDOWN!$B80,'ALL SITES DOWN'!$P:$P,BREACKDOWN!H$63) -> 0 | I80: =COUNTIFS('ALL SITES DOWN'!$O:$O,"HUAWEI", 'ALL SITES DOWN'!$M:$M,BREACKDOWN!$B80,'ALL SITES DOWN'!$P:$P,BREACKDOWN!I$63) -> 0 | J80: =COUNTIFS('ALL SITES DOWN'!$O:$O,"HUAWEI", 'ALL SITES DOWN'!$M:$M,BREACKDOWN!$B80,'ALL SITES DOWN'!$P:$P,BREACKDOWN!J$63) -> 0 | K80: =SUM(C80:J80) -> 0
B81: Huawei_Project | C81: =COUNTIFS('ALL SITES DOWN'!$O:$O,"HUAWEI", 'ALL SITES DOWN'!$M:$M,BREACKDOWN!$B81,'ALL SITES DOWN'!$P:$P,BREACKDOWN!C$63) -> 0 | D81: =COUNTIFS('ALL SITES DOWN'!$O:$O,"HUAWEI", 'ALL SITES DOWN'!$M:$M,BREACKDOWN!$B81,'ALL SITES DOWN'!$P:$P,BREACKDOWN!D$63) -> 0 | E81: =COUNTIFS('ALL SITES DOWN'!$O:$O,"HUAWEI", 'ALL SITES DOWN'!$M:$M,BREACKDOWN!$B81,'ALL SITES DOWN'!$P:$P,BREACKDOWN!E$63) -> 0 | F81: =COUNTIFS('ALL SITES DOWN'!$O:$O,"HUAWEI", 'ALL SITES DOWN'!$M:$M,BREACKDOWN!$B81,'ALL SITES DOWN'!$P:$P,BREACKDOWN!F$63) -> 0 | G81: =COUNTIFS('ALL SITES DOWN'!$O:$O,"HUAWEI", 'ALL SITES DOWN'!$M:$M,BREACKDOWN!$B81,'ALL SITES DOWN'!$P:$P,BREACKDOWN!G$63) -> 0 | H81: =COUNTIFS('ALL SITES DOWN'!$O:$O,"HUAWEI", 'ALL SITES DOWN'!$M:$M,BREACKDOWN!$B81,'ALL SITES DOWN'!$P:$P,BREACKDOWN!H$63) -> 0 | I81: =COUNTIFS('ALL SITES DOWN'!$O:$O,"HUAWEI", 'ALL SITES DOWN'!$M:$M,BREACKDOWN!$B81,'ALL SITES DOWN'!$P:$P,BREACKDOWN!I$63) -> 0 | J81: =COUNTIFS('ALL SITES DOWN'!$O:$O,"HUAWEI", 'ALL SITES DOWN'!$M:$M,BREACKDOWN!$B81,'ALL SITES DOWN'!$P:$P,BREACKDOWN!J$63) -> 0 | K81: =SUM(C81:J81) -> 0
B82: ZTE | C82: =COUNTIFS('ALL SITES DOWN'!$O:$O,"HUAWEI", 'ALL SITES DOWN'!$M:$M,BREACKDOWN!$B82,'ALL SITES DOWN'!$P:$P,BREACKDOWN!C$63) -> 0 | D82: =COUNTIFS('ALL SITES DOWN'!$O:$O,"HUAWEI", 'ALL SITES DOWN'!$M:$M,BREACKDOWN!$B82,'ALL SITES DOWN'!$P:$P,BREACKDOWN!D$63) -> 0 | E82: =COUNTIFS('ALL SITES DOWN'!$O:$O,"HUAWEI", 'ALL SITES DOWN'!$M:$M,BREACKDOWN!$B82,'ALL SITES DOWN'!$P:$P,BREACKDOWN!E$63) -> 0 | F82: =COUNTIFS('ALL SITES DOWN'!$O:$O,"HUAWEI", 'ALL SITES DOWN'!$M:$M,BREACKDOWN!$B82,'ALL SITES DOWN'!$P:$P,BREACKDOWN!F$63) -> 0 | G82: =COUNTIFS('ALL SITES DOWN'!$O:$O,"HUAWEI", 'ALL SITES DOWN'!$M:$M,BREACKDOWN!$B82,'ALL SITES DOWN'!$P:$P,BREACKDOWN!G$63) -> 0 | H82: =COUNTIFS('ALL SITES DOWN'!$O:$O,"HUAWEI", 'ALL SITES DOWN'!$M:$M,BREACKDOWN!$B82,'ALL SITES DOWN'!$P:$P,BREACKDOWN!H$63) -> 0 | I82: =COUNTIFS('ALL SITES DOWN'!$O:$O,"HUAWEI", 'ALL SITES DOWN'!$M:$M,BREACKDOWN!$B82,'ALL SITES DOWN'!$P:$P,BREACKDOWN!I$63) -> 0 | J82: =COUNTIFS('ALL SITES DOWN'!$O:$O,"HUAWEI", 'ALL SITES DOWN'!$M:$M,BREACKDOWN!$B82,'ALL SITES DOWN'!$P:$P,BREACKDOWN!J$63) -> 0 | K82: =SUM(C82:J82) -> 0
A83: Major Incidents | B83: P1 Child | C83: =COUNTIFS('ALL SITES DOWN'!$O:$O,"HUAWEI", 'ALL SITES DOWN'!$M:$M,BREACKDOWN!$B83,'ALL SITES DOWN'!$P:$P,BREACKDOWN!C$63) -> 0 | D83: =COUNTIFS('ALL SITES DOWN'!$O:$O,"HUAWEI", 'ALL SITES DOWN'!$M:$M,BREACKDOWN!$B83,'ALL SITES DOWN'!$P:$P,BREACKDOWN!D$63) -> 0 | E83: =COUNTIFS('ALL SITES DOWN'!$O:$O,"HUAWEI", 'ALL SITES DOWN'!$M:$M,BREACKDOWN!$B83,'ALL SITES DOWN'!$P:$P,BREACKDOWN!E$63) -> 0 | F83: =COUNTIFS('ALL SITES DOWN'!$O:$O,"HUAWEI", 'ALL SITES DOWN'!$M:$M,BREACKDOWN!$B83,'ALL SITES DOWN'!$P:$P,BREACKDOWN!F$63) -> 0 | G83: =COUNTIFS('ALL SITES DOWN'!$O:$O,"HUAWEI", 'ALL SITES DOWN'!$M:$M,BREACKDOWN!$B83,'ALL SITES DOWN'!$P:$P,BREACKDOWN!G$63) -> 0 | H83: =COUNTIFS('ALL SITES DOWN'!$O:$O,"HUAWEI", 'ALL SITES DOWN'!$M:$M,BREACKDOWN!$B83,'ALL SITES DOWN'!$P:$P,BREACKDOWN!H$63) -> 0 | I83: =COUNTIFS('ALL SITES DOWN'!$O:$O,"HUAWEI", 'ALL SITES DOWN'!$M:$M,BREACKDOWN!$B83,'ALL SITES DOWN'!$P:$P,BREACKDOWN!I$63) -> 0 | J83: =COUNTIFS('ALL SITES DOWN'!$O:$O,"HUAWEI", 'ALL SITES DOWN'!$M:$M,BREACKDOWN!$B83,'ALL SITES DOWN'!$P:$P,BREACKDOWN!J$63) -> 0 | K83: =SUM(C83:J83) -> 0
B84: P2 Child | C84: =COUNTIFS('ALL SITES DOWN'!$O:$O,"HUAWEI", 'ALL SITES DOWN'!$M:$M,BREACKDOWN!$B84,'ALL SITES DOWN'!$P:$P,BREACKDOWN!C$63) -> 0 | D84: =COUNTIFS('ALL SITES DOWN'!$O:$O,"HUAWEI", 'ALL SITES DOWN'!$M:$M,BREACKDOWN!$B84,'ALL SITES DOWN'!$P:$P,BREACKDOWN!D$63) -> 0 | E84: =COUNTIFS('ALL SITES DOWN'!$O:$O,"HUAWEI", 'ALL SITES DOWN'!$M:$M,BREACKDOWN!$B84,'ALL SITES DOWN'!$P:$P,BREACKDOWN!E$63) -> 0 | F84: =COUNTIFS('ALL SITES DOWN'!$O:$O,"HUAWEI", 'ALL SITES DOWN'!$M:$M,BREACKDOWN!$B84,'ALL SITES DOWN'!$P:$P,BREACKDOWN!F$63) -> 0 | G84: =COUNTIFS('ALL SITES DOWN'!$O:$O,"HUAWEI", 'ALL SITES DOWN'!$M:$M,BREACKDOWN!$B84,'ALL SITES DOWN'!$P:$P,BREACKDOWN!G$63) -> 0 | H84: =COUNTIFS('ALL SITES DOWN'!$O:$O,"HUAWEI", 'ALL SITES DOWN'!$M:$M,BREACKDOWN!$B84,'ALL SITES DOWN'!$P:$P,BREACKDOWN!H$63) -> 0 | I84: =COUNTIFS('ALL SITES DOWN'!$O:$O,"HUAWEI", 'ALL SITES DOWN'!$M:$M,BREACKDOWN!$B84,'ALL SITES DOWN'!$P:$P,BREACKDOWN!I$63) -> 0 | J84: =COUNTIFS('ALL SITES DOWN'!$O:$O,"HUAWEI", 'ALL SITES DOWN'!$M:$M,BREACKDOWN!$B84,'ALL SITES DOWN'!$P:$P,BREACKDOWN!J$63) -> 0 | K84: =SUM(C84:J84) -> 0
A85: Grand Total | C85: =SUM(C64:C84) -> 0 | D85: =SUM(D64:D84) -> 0 | E85: =SUM(E64:E84) -> 0 | F85: =SUM(F64:F84) -> 0 | G85: =SUM(G64:G84) -> 0 | H85: =SUM(H64:H84) -> 0 | I85: =SUM(I64:I84) -> 0 | J85: =SUM(J64:J84) -> 0 | K85: =SUM(K64:K84) -> 0
A90: OVERALL STATISTIC
B92: +04H | H92: +08H | M92: +16H | R92: +48H
B94: TEMPS | C94: (Multiple Items) | H94: TEMPS | I94: (Multiple Items) | M94: TEMPS | N94: (Multiple Items) | R94: TEMPS | S94: (Multiple Items)
B96: Row Labels | C96: Count of Site ID | H96: Row Labels | I96: Count of Site ID | M96: Row Labels | N96: Count of Site ID | R96: Row Labels | S96: Count of Site ID
B97: MTN | C97: 1 | H97: MTN sharing | I97: 1 | M97: HW SPMS | N97: 1 | R97: P1 Impact | S97: 1
B98: CDS | C98: 1 | H98: Hammer | I98: 1 | M98: Hammer | N98: 1 | R98: Huawei-Ruraux sites | S98: 1
B99: OCM SPMS | C99: 1 | H99: Huawei-Ruraux sites | I99: 1 | M99: Teleinfra | N99: 2 | R99: MTN sharing | S99: 1
B100: MTN sharing | C100: 1 | H100: OCM ING | I100: 3 | M100: AFRO | N100: 4 | R100: HW SPMS | S100: 2
B101: Huawzi projet | C101: 1 | H101: AFRO | I101: 4 | M101: IHS | N101: 6 | R101: AFRO | S101: 3
B102: Huawei-Ruraux sites | C102: 1 | H102: P2 Impact | I102: 5 | M102: Grand Total | N102: 14 | R102: Teleinfra | S102: 4
B103: Teleinfra | C103: 2 | H103: #N/A | I103: 6 | R103: P2 Impact | S103: 5
B104: AFRO | C104: 2 | H104: Teleinfra | I104: 7 | R104: #N/A | S104: 6
B105: #N/A | C105: 6 | H105: IHS | I105: 10 | R105: Hammer | S105: 11
B106: OCM ING | C106: 6 | H106: camusat | I106: 15 | R106: OCM SPMS | S106: 13
B107: P2 Impact | C107: 6 | H107: Grand Total | I107: 53 | R107: camusat | S107: 13
B108: Hammer | C108: 9 | R108: IHS | S108: 15
B109: IHS | C109: 13 | R109: OCM ING | S109: 24
B110: camusat | C110: 15 | R110: Grand Total | S110: 99
B111: Grand Total | C111: 65
B131: Row Labels | C131: Count of Site ID
B132: Huawzi projet Ongoing | C132: 1
B133: CDS Ongoing | C133: 1
B134: MTN Ongoing | C134: 1
B135: #REF! | C135: 1
B136: HW SPMS Ongoing | C136: 3
...

Sheet ALL SITES DOWN
A1: Priority | B1: Ticket ID | C1: Site Name | D1: Site ID | E1: PowerCO | F1: TOPOLOGIE | G1: Date de début | H1: Durée | I1: Causes | J1: Actions en cours | K1: Owner | L1: Vendor | M1: TEMPS | N1: Alarm Name | O1: Action attendue | P1: FME Name | Q1: AREA | R1: SBC | S1: CONCAT | T1: PMO | U1: RUA | V1: For NSB | W1: Ville
C2: NRO_073_N_Tatum_G | D2: NRO_073 | E2: =VLOOKUP(D2,[2]ACTIF!$A:$D,4,0) -> IHS | F2: =VLOOKUP(D2,[2]ACTIF!$A:$C,3,0) -> Hybrid Gen | G2: =VLOOKUP(Table4[[#This Row],[Site ID]],Extract!D:G,4,0) -> 45931.933 | H2: =NOW() - G2 + TIME(1,0,0) -> 208.89904 | I2: TX MW / security | J2: 21.04.26; Dementellement des ODUs en cours pour MAD à Huawei, update ASAP 09.03.2026: ODU 3DB20858AC/AB et 3DB20859AC/AB MPT 8Ghz pas disponible chez Huawei. Commande passee a OCM. Compte tenu des Swaps NGOKOLO en cours, le site de Tatum impacté bénéficiera des ODUs retours sites. A noter que swap du Lien TX Mah<>Tatum est planifié dans le cadre des swaps TX NOSO avec Huawei et les matériels Huawei ne sont pas encore arrivés | K2: OCM SPMS | L2: =IF(NOT(ISERROR(SEARCH("_URH_",Table4[[#This Row],[Site Name]]))), "Huawei_Rural", IF(NOT(ISERROR(SEARCH("_H_",Table4[[#This Row],[Site Name]]))), "Huawei",IF(NOT(ISERROR(SEARCH("_Z_",Table4[[#This Row],[Site Name]]))), "ZTE","Nokia"))) -> Nokia | M2: =IF(H2 < 1/24, "T<1H", IF(AND(H2<2/24, H2>1/24), "1H<T<2H", IF(AND(H2<4/24, H2>2/24), "2H<T<4H", IF(AND(H2<8/24, H2>4/24), "4H<T<8H", IF(AND(H2<16/24, H2>8/24), "8H<T<16H",IF(AND(H2<24/24, H2>16/24),"16H<T<24H", IF(AND(H2<48/24, H2>24/24),"24H<T<48H", "T>48H"))))))) -> T>48H | N2: BTS O&M LINK FAILURE | O2: =IF(J2="Power Status check Ongoing", "En Attente status Power", IF(J2<>"Power Status check Ongoing", _xlfn.CONCAT(K2, " ", "Ongoing"))) -> OCM SPMS Ongoing | P2: =VLOOKUP(D2,'[3]SBC And PowerCO Info'!A:C,3,0) -> NRO | Q2: =LEFT(D2,3) -> NRO | R2: =VLOOKUP(D2,'[4]SBC And PowerCO Info'!A:N,12,0) -> I-ENG | S2: =_xlfn.CONCAT(Table4[[#This Row],[Site Name]], ": ", IF(ISNUMBER(SEARCH(CHAR(10),J2)), LEFT(J2, SEARCH(CHAR(10),J2)-1), J2)) -> NRO_073_N_Tatum_G: 21.04.26; Dementellement des ODUs en cours pour MAD à Huawei, update ASAP | T2: =IF(ISNA(VLOOKUP([5]!Table4[[#This Row],[Site ID]],[5]PMO!A:A,1,0)),"No","Yes") -> Yes | U2: =VLOOKUP(Table4[[#This Row],[Site ID]],'[6]URH & URZ'!$A:$C,3,0) -> #N/A | V2: =VLOOKUP(Table4[[#This Row],[Site ID]],[6]NSB!$A:$C,3,0) -> #N/A | W2: =VLOOKUP(Table4[[#This Row],[Site ID]],[7]OCTOBRE_25!$J:$L,3,0) -> Tatum
C3: CTR_1053_Z_Okolo-Kilombo-MTN-IHS | D3: CTR_1053 | E3: =VLOOKUP(D3,[2]ACTIF!$A:$D,4,0) -> #N/A | F3: =VLOOKUP(D3,[2]ACTIF!$A:$C,3,0) -> #N/A | G3: =VLOOKUP(Table4[[#This Row],[Site ID]],Extract!D:G,4,0) -> 2026-02-10 10:29:08 | H3: =NOW() - G3 + TIME(1,0,0) -> 77.394969 | I3: New site | J3: New site not yet transferred to MSP | K3: OCM ING | L3: =IF(NOT(ISERROR(SEARCH("_URH_",Table4[[#This Row],[Site Name]]))), "Huawei_Rural", IF(NOT(ISERROR(SEARCH("_H_",Table4[[#This Row],[Site Name]]))), "Huawei",IF(NOT(ISERROR(SEARCH("_Z_",Table4[[#This Row],[Site Name]]))), "ZTE","Nokia"))) -> ZTE | M3: =IF(H3 < 1/24, "T<1H", IF(AND(H3<2/24, H3>1/24), "1H<T<2H", IF(AND(H3<4/24, H3>2/24), "2H<T<4H", IF(AND(H3<8/24, H3>4/24), "4H<T<8H", IF(AND(H3<16/24, H3>8/24), "8H<T<16H",IF(AND(H3<24/24, H3>16/24),"16H<T<24H", IF(AND(H3<48/24, H3>24/24),"24H<T<48H", "T>48H"))))))) -> T>48H | O3: =IF(J3="Power Status check Ongoing", "En Attente status Power", IF(J3<>"Power Status check Ongoing", _xlfn.CONCAT(K3, " ", "Ongoing"))) -> OCM ING Ongoing | P3: =VLOOKUP(D3,'[3]SBC And PowerCO Info'!A:C,3,0) -> #N/A | Q3: =LEFT(D3,3) -> CTR | R3: =VLOOKUP(D3,'[4]SBC And PowerCO Info'!A:N,12,0) -> #N/A | S3: =_xlfn.CONCAT(Table4[[#This Row],[Site Name]], ": ", IF(ISNUMBER(SEARCH(CHAR(10),J3)), LEFT(J3, SEARCH(CHAR(10),J3)-1), J3)) -> CTR_1053_Z_Okolo-Kilombo-MTN-IHS: New site not yet transferred to MSP | T3: =IF(ISNA(VLOOKUP([5]!Table4[[#This Row],[Site ID]],[5]PMO!A:A,1,0)),"No","Yes") -> Yes | U3: =VLOOKUP(Table4[[#This Row],[Site ID]],'[6]URH & URZ'!$A:$C,3,0) -> #N/A | V3: =VLOOKUP(Table4[[#This Row],[Site ID]],[6]NSB!$A:$C,3,0) -> Not Transferred | W3: =VLOOKUP(Table4[[#This Row],[Site ID]],[7]OCTOBRE_25!$J:$L,3,0) -> #N/A
C4: Nkolmeyang-IHS_G9_CTR_442 | D4: CTR_442 | E4: =VLOOKUP(D4,[2]ACTIF!$A:$D,4,0) -> IHS | F4: =VLOOKUP(D4,[2]ACTIF!$A:$C,3,0) -> Hybrid Gen | G4: =VLOOKUP(Table4[[#This Row],[Site ID]],Extract!D:G,4,0) -> 46080.026 | H4: =NOW() - G4 + TIME(1,0,0) -> 60.805663 | I4: UE Relay | J4: 13/04/2026 ETR mi-juin 07/04/2026 Ce site prendra aussi sa transmission sur Tiga. Finalisation du site de Tiga ETR:09/04/2026 09.03.2026: Ce site prendra aussi sa transmission sur Tiga. Finalisation du site de Tiga (Fin Mars 26). ETR: Fin Mars 26 04/03/2026 OCM: installation de la liaison NKOMEYANG <> TIGA ETR=FIN MARS 28.02.26; Site UE Relay, plusieurs reset effectués sans succès (Technologie pas maîtrisée) 27.02.26; FME Rodrigue activer manage avec le level 0. Update ASAP (Plusieurs reset effectués sans succès) BO TX; Site UE-RELAY. Cells L700 de son Donor Nkolbewae UP. Besoin d'un FME sur site pour: Reset Physique du HMC si NOK, Check des Antennes Yagui(Deconnection et reconnection) | K4: OCM ING | L4: =IF(NOT(ISERROR(SEARCH("_URH_",Table4[[#This Row],[Site Name]]))), "Huawei_Rural", IF(NOT(ISERROR(SEARCH("_H_",Table4[[#This Row],[Site Name]]))), "Huawei",IF(NOT(ISERROR(SEARCH("_Z_",Table4[[#This Row],[Site Name]]))), "ZTE","Nokia"))) -> Nokia | M4: =IF(H4 < 1/24, "T<1H", IF(AND(H4<2/24, H4>1/24), "1H<T<2H", IF(AND(H4<4/24, H4>2/24), "2H<T<4H", IF(AND(H4<8/24, H4>4/24), "4H<T<8H", IF(AND(H4<16/24, H4>8/24), "8H<T<16H",IF(AND(H4<24/24, H4>16/24),"16H<T<24H", IF(AND(H4<48/24, H4>24/24),"24H<T<48H", "T>48H"))))))) -> T>48H | N4: NE3SWS AGENT NOT RESPONDING TO REQUESTS | O4: =IF(J4="Power Status check Ongoing", "En Attente status Power", IF(J4<>"Power Status check Ongoing", _xlfn.CONCAT(K4, " ", "Ongoing"))) -> OCM ING Ongoing | P4: =VLOOKUP(D4,'[3]SBC And PowerCO Info'!A:C,3,0) -> CTR | Q4: =LEFT(D4,3) -> CTR | R4: =VLOOKUP(D4,'[4]SBC And PowerCO Info'!A:N,12,0) -> AFRO | S4: =_xlfn.CONCAT(Table4[[#This Row],[Site Name]], ": ", IF(ISNUMBER(SEARCH(CHAR(10),J4)), LEFT(J4, SEARCH(CHAR(10),J4)-1), J4)) -> Nkolmeyang-IHS_G9_CTR_442: 13/04/2026 ETR mi-juin | T4: =IF(ISNA(VLOOKUP([5]!Table4[[#This Row],[Site ID]],[5]PMO!A:A,1,0)),"No","Yes") -> Yes | U4: =VLOOKUP(Table4[[#This Row],[Site ID]],'[6]URH & URZ'!$A:$C,3,0) -> #N/A | V4: =VLOOKUP(Table4[[#This Row],[Site ID]],[6]NSB!$A:$C,3,0) -> #N/A | W4: =VLOOKUP(Table4[[#This Row],[Site ID]],[7]OCTOBRE_25!$J:$L,3,0) -> Nkolmeyang
C5: Balissa_MTN-IHS_G9U9U21_CTR_170 | D5: CTR_170 | E5: =VLOOKUP(D5,[2]ACTIF!$A:$D,4,0) -> IHS | F5: =VLOOKUP(D5,[2]ACTIF!$A:$C,3,0) -> Solar-Gen-Lithium | G5: =VLOOKUP(Table4[[#This Row],[Site ID]],Extract!D:G,4,0) -> 46093.014 | H5: =NOW() - G5 + TIME(1,0,0) -> 47.817781 | I5: TX MW | J5: 02.04.2026: ODU3DB20859AC (MPT-7-8Ghz) Recu faulty nouvelle commande en cours chez OCM car spare pas dispo chez Huawei 02.04.2026: FME en route ETA=30 MIN 01/04/2026 FME a la Gare pour la recuperation du Materiel ETA=15H UTC 31/03/2026 ODU recu Ngaoundéré expedition ngaoundal ETD=31/03/2026 30/03/2026 ODU recu Ngaoundéré expedition ngaoundal ETD=30/03/2026 28.03.2: ODU mis à disposition expédition Ngaoundéré, ETD=30.03.26 26.03.26; ODU mis à disposition ce jour et expédition ce jour vers Ngaoundéré, ETD=30.03.26 14/03/2026 FME en route ETA=10H UTC // FME sur site ODU 3DB20859AC (MPT-7-8Ghz) fautlty commande pas disponible au WH point transmisa OCM en attente de retour 13.03.26; FME en route pour le site, ETA=17H UTC (escalade faite au FM manager) 12.03.26; Level 0 sur site et investigations en cours 12.03.26; Level 0 en route pour le site, ETA=16H30 UTC 12.02.26; Besoin d'un FME sur site pour vérifier le statut du MPR; FME manage avec le niveau 0 | K5: OCM SPMS | L5: =IF(NOT(ISERROR(SEARCH("_URH_",Table4[[#This Row],[Site Name]]))), "Huawei_Rural", IF(NOT(ISERROR(SEARCH("_H_",Table4[[#This Row],[Site Name]]))), "Huawei",IF(NOT(ISERROR(SEARCH("_Z_",Table4[[#This Row],[Site Name]]))), "ZTE","Nokia"))) -> Nokia | M5: =IF(H5 < 1/24, "T<1H", IF(AND(H5<2/24, H5>1/24), "1H<T<2H", IF(AND(H5<4/24, H5>2/24), "2H<T<4H", IF(AND(H5<8/24, H5>4/24), "4H<T<8H", IF(AND(H5<16/24, H5>8/24), "8H<T<16H",IF(AND(H5<24/24, H5>16/24),"16H<T<24H", IF(AND(H5<48/24, H5>24/24),"24H<T<48H", "T>48H"))))))) -> T>48H | N5: NE3SWS AGENT NOT RESPONDING TO REQUESTS | O5: =IF(J5="Power Status check Ongoing", "En Attente status Power", IF(J5<>"Power Status check Ongoing", _xlfn.CONCAT(K5, " ", "Ongoing"))) -> OCM SPMS Ongoing | P5: =VLOOKUP(D5,'[3]SBC And PowerCO Info'!A:C,3,0) -> CTR | Q5: =LEFT(D5,3) -> CTR | R5: =VLOOKUP(D5,'[4]SBC And PowerCO Info'!A:N,12,0) -> AFRO | S5: =_xlfn.CONCAT(Table4[[#This Row],[Site Name]], ": ", IF(ISNUMBER(SEARCH(CHAR(10),J5)), LEFT(J5, SEARCH(CHAR(10),J5)-1), J5)) -> Balissa_MTN-IHS_G9U9U21_CTR_170: | T5: =IF(ISNA(VLOOKUP([5]!Table4[[#This Row],[Site ID]],[5]PMO!A:A,1,0)),"No","Yes") -> Yes | U5: =VLOOKUP(Table4[[#This Row],[Site ID]],'[6]URH & URZ'!$A:$C,3,0) -> #N/A | V5: =VLOOKUP(Table4[[#This Row],[Site ID]],[6]NSB!$A:$C,3,0) -> #N/A | W5: =VLOOKUP(Table4[[#This Row],[Site ID]],[7]OCTOBRE_25!$J:$L,3,0) -> Balissa
C6: ADM_215_H_NGD-UNIVERSITY-CAMTEL_U, LogicRNCID=387 | D6: ADM_215 | E6: =VLOOKUP(D6,[2]ACTIF!$A:$D,4,0) -> #N/A | F6: =VLOOKUP(D6,[2]ACTIF!$A:$C,3,0) -> #N/A | G6: =VLOOKUP(Table4[[#This Row],[Site ID]],Extract!D:G,4,0) -> 2026-03-12 03:51:43 | H6: =NOW() - G6 + TIME(1,0,0) -> 47.670952 | I6: New site | J6: New site not yet transferred to MSP | K6: OCM ING | L6: =IF(NOT(ISERROR(SEARCH("_URH_",Table4[[#This Row],[Site Name]]))), "Huawei_Rural", IF(NOT(ISERROR(SEARCH("_H_",Table4[[#This Row],[Site Name]]))), "Huawei",IF(NOT(ISERROR(SEARCH("_Z_",Table4[[#This Row],[Site Name]]))), "ZTE","Nokia"))) -> Huawei | M6: =IF(H6 < 1/24, "T<1H", IF(AND(H6<2/24, H6>1/24), "1H<T<2H", IF(AND(H6<4/24, H6>2/24), "2H<T<4H", IF(AND(H6<8/24, H6>4/24), "4H<T<8H", IF(AND(H6<16/24, H6>8/24), "8H<T<16H",IF(AND(H6<24/24, H6>16/24),"16H<T<24H", IF(AND(H6<48/24, H6>24/24),"24H<T<48H", "T>48H"))))))) -> T>48H | N6: NodeB Unavailable | O6: =IF(J6="Power Status check Ongoing", "En Attente status Power", IF(J6<>"Power Status check Ongoing", _xlfn.CONCAT(K6, " ", "Ongoing"))) -> OCM ING Ongoing | P6: =VLOOKUP(D6,'[3]SBC And PowerCO Info'!A:C,3,0) -> #N/A | Q6: =LEFT(D6,3) -> ADM | R6: =VLOOKUP(D6,'[4]SBC And PowerCO Info'!A:N,12,0) -> #N/A | S6: =_xlfn.CONCAT(Table4[[#This Row],[Site Name]], ": ", IF(ISNUMBER(SEARCH(CHAR(10),J6)), LEFT(J6, SEARCH(CHAR(10),J6)-1), J6)) -> ADM_215_H_NGD-UNIVERSITY-CAMTEL_U, LogicRNCID=387: New site not yet transferred to MSP | T6: =IF(ISNA(VLOOKUP([5]!Table4[[#This Row],[Site ID]],[5]PMO!A:A,1,0)),"No","Yes") -> Yes | U6: =VLOOKUP(Table4[[#This Row],[Site ID]],'[6]URH & URZ'!$A:$C,3,0) -> #N/A | V6: =VLOOKUP(Table4[[#This Row],[Site ID]],[6]NSB!$A:$C,3,0) -> Not Transferred | W6: =VLOOKUP(Table4[[#This Row],[Site ID]],[7]OCTOBRE_25!$J:$L,3,0) -> #N/A
C7: ADM_233_H_NGD-BURKINA-CENTENAIRE_U, LogicRNCID=387 | D7: ADM_233 | E7: =VLOOKUP(D7,[2]ACTIF!$A:$D,4,0) -> #N/A | F7: =VLOOKUP(D7,[2]ACTIF!$A:$C,3,0) -> #N/A | G7: =VLOOKUP(Table4[[#This Row],[Site ID]],Extract!D:G,4,0) -> 2026-03-12 03:51:43 | H7: =NOW() - G7 + TIME(1,0,0) -> 47.670952 | I7: New site | J7: New site not yet transferred to MSP | K7: OCM ING | L7: =IF(NOT(ISERROR(SEARCH("_URH_",Table4[[#This Row],[Site Name]]))), "Huawei_Rural", IF(NOT(ISERROR(SEARCH("_H_",Table4[[#This Row],[Site Name]]))), "Huawei",IF(NOT(ISERROR(SEARCH("_Z_",Table4[[#This Row],[Site Name]]))), "ZTE","Nokia"))) -> Huawei | M7: =IF(H7 < 1/24, "T<1H", IF(AND(H7<2/24, H7>1/24), "1H<T<2H", IF(AND(H7<4/24, H7>2/24), "2H<T<4H", IF(AND(H7<8/24, H7>4/24), "4H<T<8H", IF(AND(H7<16/24, H7>8/24), "8H<T<16H",IF(AND(H7<24/24, H7>16/24),"16H<T<24H", IF(AND(H7<48/24, H7>24/24),"24H<T<48H", "T>48H"))))))) -> T>48H | N7: NodeB Unavailable | O7: =IF(J7="Power Status check Ongoing", "En Attente status Power", IF(J7<>"Power Status check Ongoing", _xlfn.CONCAT(K7, " ", "Ongoing"))) -> OCM ING Ongoing | P7: =VLOOKUP(D7,'[3]SBC And PowerCO Info'!A:C,3,0) -> #N/A | Q7: =LEFT(D7,3) -> ADM | R7: =VLOOKUP(D7,'[4]SBC And PowerCO Info'!A:N,12,0) -> #N/A | S7: =_xlfn.CONCAT(Table4[[#This Row],[Site Name]], ": ", IF(ISNUMBER(SEARCH(CHAR(10),J7)), LEFT(J7, SEARCH(CHAR(10),J7)-1), J7)) -> ADM_233_H_NGD-BURKINA-CENTENAIRE_U, LogicRNCID=387: New site not yet transferred to MSP | T7: =IF(ISNA(VLOOKUP([5]!Table4[[#This Row],[Site ID]],[5]PMO!A:A,1,0)),"No","Yes") -> Yes | U7: =VLOOKUP(Table4[[#This Row],[Site ID]],'[6]URH & URZ'!$A:$C,3,0) -> #N/A | V7: =VLOOKUP(Table4[[#This Row],[Site ID]],[6]NSB!$A:$C,3,0) -> Not Transferred | W7: =VLOOKUP(Table4[[#This Row],[Site ID]],[7]OCTOBRE_25!$J:$L,3,0) -> #N/A
C8: ADM_216_H_Mawi | D8: ADM_216 | E8: =VLOOKUP(D8,[2]ACTIF!$A:$D,4,0) -> #N/A | F8: =VLOOKUP(D8,[2]ACTIF!$A:$C,3,0) -> #N/A | G8: =VLOOKUP(Table4[[#This Row],[Site ID]],Extract!D:G,4,0) -> 2026-03-19 17:24:32 | H8: =NOW() - G8 + TIME(1,0,0) -> 40.106496 | I8: New site | J8: New site not yet transferred to MSP | K8: OCM ING | L8: =IF(NOT(ISERROR(SEARCH("_URH_",Table4[[#This Row],[Site Name]]))), "Huawei_Rural", IF(NOT(ISERROR(SEARCH("_H_",Table4[[#This Row],[Site Name]]))), "Huawei",IF(NOT(ISERROR(SEARCH("_Z_",Table4[[#This Row],[Site Name]]))), "ZTE","Nokia"))) -> Huawei | M8: =IF(H8 < 1/24, "T<1H", IF(AND(H8<2/24, H8>1/24), "1H<T<2H", IF(AND(H8<4/24, H8>2/24), "2H<T<4H", IF(AND(H8<8/24, H8>4/24), "4H<T<8H", IF(AND(H8<16/24, H8>8/24), "8H<T<16H",IF(AND(H8<24/24, H8>16/24),"16H<T<24H", IF(AND(H8<48/24, H8>24/24),"24H<T<48H", "T>48H"))))))) -> T>48H | N8: NE Is Disconnected | O8: =IF(J8="Power Status check Ongoing", "En Attente status Power", IF(J8<>"Power Status check Ongoing", _xlfn.CONCAT(K8, " ", "Ongoing"))) -> OCM ING Ongoing | P8: =VLOOKUP(D8,'[3]SBC And PowerCO Info'!A:C,3,0) -> #N/A | Q8: =LEFT(D8,3) -> ADM | R8: =VLOOKUP(D8,'[4]SBC And PowerCO Info'!A:N,12,0) -> #N/A | S8: =_xlfn.CONCAT(Table4[[#This Row],[Site Name]], ": ", IF(ISNUMBER(SEARCH(CHAR(10),J8)), LEFT(J8, SEARCH(CHAR(10),J8)-1), J8)) -> ADM_216_H_Mawi: New site not yet transferred to MSP | T8: =IF(ISNA(VLOOKUP([5]!Table4[[#This Row],[Site ID]],[5]PMO!A:A,1,0)),"No","Yes") -> Yes | U8: =VLOOKUP(Table4[[#This Row],[Site ID]],'[6]URH & URZ'!$A:$C,3,0) -> #N/A | V8: =VLOOKUP(Table4[[#This Row],[Site ID]],[6]NSB!$A:$C,3,0) -> Not Transferred | W8: =VLOOKUP(Table4[[#This Row],[Site ID]],[7]OCTOBRE_25!$J:$L,3,0) -> #N/A
C9: EXN_394_URH_MAGAM_KOTOKO | D9: EXN_394 | E9: Teleinfra | F9: Solar Only | G9: =VLOOKUP(Table4[[#This Row],[Site ID]],Extract!D:G,4,0) -> 2026-03-28 09:34:51 | H9: =NOW() - G9 + TIME(1,0,0) -> 31.432665 | I9: New site | J9: New site not yet transferred to MSP | K9: OCM ING | L9: =IF(NOT(ISERROR(SEARCH("_URH_",Table4[[#This Row],[Site Name]]))), "Huawei_Rural", IF(NOT(ISERROR(SEARCH("_H_",Table4[[#This Row],[Site Name]]))), "Huawei",IF(NOT(ISERROR(SEARCH("_Z_",Table4[[#This Row],[Site Name]]))), "ZTE","Nokia"))) -> Huawei_Rural | M9: =IF(H9 < 1/24, "T<1H", IF(AND(H9<2/24, H9>1/24), "1H<T<2H", IF(AND(H9<4/24, H9>2/24), "2H<T<4H", IF(AND(H9<8/24, H9>4/24), "4H<T<8H", IF(AND(H9<16/24, H9>8/24), "8H<T<16H",IF(AND(H9<24/24, H9>16/24),"16H<T<24H", IF(AND(H9<48/24, H9>24/24),"24H<T<48H", "T>48H"))))))) -> T>48H | N9: CSL Fault | O9: =IF(J9="Power Status check Ongoing", "En Attente status Power", IF(J9<>"Power Status check Ongoing", _xlfn.CONCAT(K9, " ", "Ongoing"))) -> OCM ING Ongoing | P9: =VLOOKUP(D9,'[3]SBC And PowerCO Info'!A:C,3,0) -> #N/A | Q9: =LEFT(D9,3) -> EXN | R9: =VLOOKUP(D9,'[4]SBC And PowerCO Info'!A:N,12,0) -> #N/A | S9: =_xlfn.CONCAT(Table4[[#This Row],[Site Name]], ": ", IF(ISNUMBER(SEARCH(CHAR(10),J9)), LEFT(J9, SEARCH(CHAR(10),J9)-1), J9)) -> EXN_394_URH_MAGAM_KOTOKO: New site not yet transferred to MSP | T9: =IF(ISNA(VLOOKUP([5]!Table4[[#This Row],[Site ID]],[5]PMO!A:A,1,0)),"No","Yes") -> Yes | U9: =VLOOKUP(Table4[[#This Row],[Site ID]],'[6]URH & URZ'!$A:$C,3,0) -> #N/A | V9: =VLOOKUP(Table4[[#This Row],[Site ID]],[6]NSB!$A:$C,3,0) -> #N/A | W9: =VLOOKUP(Table4[[#This Row],[Site ID]],[7]OCTOBRE_25!$J:$L,3,0) -> #N/A
C10: EXN_300_URH_KARENA | D10: EXN_300 | E10: Teleinfra | F10: Solar Only | G10: =VLOOKUP(Table4[[#This Row],[Site ID]],Extract!D:G,4,0) -> 2026-03-28 09:34:54 | H10: =NOW() - G10 + TIME(1,0,0) -> 31.432631 | I10: VENDALIZED | J10: 28.04.2026: Karena à nouveau entièrement vandalisé la nuit 25/04/2026. Rapport D'intervention envoye a OCM pour MAD du materiel 26/04/2026 Karena à nouveau entièrement vandalisé cette nuit. 26/04/2026 suite remplacement des PV et batteries ce jour, ETR 18H 25/04/2026 FME sur site suite des travaux en cours 24.04.26: Travaux de restoration en cours ce jour, ETR=14H UTC 23.04.26: PV et Batteries reçus à Kousseri, remplacement ce 24/04/2026 22.04.26; PV et Batteries confiés à un nouveau transporteur pour KOUSSERI, ETD=22/04/2026 21.04.26; PV et Batteries confiés à un nouveau transporteur pour KOUSSERI, ETD=22/04/2026 20.04.26; we are facing transport issues from Maroua to Kousseri due to the very bad road. We finally found a workaround to go through Chad. The ETA 23rd April, approximation as we do not have mastery of this route. 19.04.26; Soucis de transport du matériel (car matériel délicat à transporter). Expédition de Maroua pour Kousseri ce jour, ETD à préciser 18.04.26; Négociations de l'escorte en cours pour Makary, update ASAP 17/04/2026 le Materiel est arrive a Kousseri, l'equipe negocie l'acces pour Makary, zone insecurisee. Update asap 15/04/2026 Apres l'arrivee des Panneaux solaires et battéries à Maroua. l'expedition de Maroua vers Kousseri sur une route tres mauvaise et ensuite de Kousseri vers Makary avec des panneaux solaire de 2m chacun et donc assez delicat a transporter. Nouvel ETD pour Kousseri 16/04/2026 08/04/2026 KARENA : Apres l'arrivee des Panneaux solaires et battéries à Maroua. l'expedition continue demain de Maroua vers Kousseri sur une route tres mauvaise et ensuite de Kousseri vers Makary avec des panneaux solaire de 2m chacun et donc assez delicat a transporter. ETD pour Makary ETD 14.04.2026 et ETR 15.04.2026 06.04.26; Panneaux solaires et battéries à Maroua et recherche d'une solution pour expédition vers Kousseri puis vers Makary, ETD=08.04.26 04/04/2026 Karena etant un site situé dans le cluster de Makari, nous essayons de procéder au transfert de ces spare vers kousseri afin qu'elle soient acheminée sur Makari...Nous vous reviendrons pour l'ETD sur Kousseri car vu l'heure le départ pour Kousseri n'est pas pour ce jour. 02/04/2026 Expedition toujours en cours Retards du transporteur a cause d'une panne de vehicule Nouvelle ETD=03/04/2026 25.03.26; Tous les restes de matériels attendus, panneaux, batteries, Fibre optique a été livré ce jour. ETD 01/04 09.03.2026: Le reste du materiel(Panneau solaire. Qté:3. PN: 52240364 Batterie 48 Volts Huawei ESM-48100B1. Qté: 3. PN: 01074746-010, Cosses de 35 Qté: 6 PN:56464200056, Câble bleu de section 35 mm2 pour le câblage des batteries. Longueur:10m. PN:25030741, Câble noir de section 35 mm2 pour le câblage des batteries. Longueur:10m. PN:25030742 , Câble rouge de section 16 mm2 pour le câblage des PV. Longueur:10m. PN:25035221 ) Sera mis a dispostion de Huawei ce 13.03.2026 05.03.2026: 05.03.2026: 700m de cable 2*16 et 500m de cable 2*25 ont ete deja fournit a Huawei. Il ne reste que les cable 2*35, les panneaux solaire, les Batteries et Fibre Optiques qui sont attendus de OCM 25.02.26; Site vendalisé, inventaire du matériel pour restauration transmis à OCM, en attente de la mise à disposition 24/02/2026 Site vandalise, requete de spare en cours vers OCM pour restauration 24.02.26; Rapport sur le vendalisme transmis et vérifications du SPM en cours | K10: Teleinfra | L10: =IF(NOT(ISERROR(SEARCH("_URH_",Table4[[#This Row],[Site Name]]))), "Huawei_Rural", IF(NOT(ISERROR(SEARCH("_H_",Table4[[#This Row],[Site Name]]))), "Huawei",IF(NOT(ISERROR(SEARCH("_Z_",Table4[[#This Row],[Site Name]]))), "ZTE","Nokia"))) -> Huawei_Rural | M10: =IF(H10 < 1/24, "T<1H", IF(AND(H10<2/24, H10>1/24), "1H<T<2H", IF(AND(H10<4/24, H10>2/24), "2H<T<4H", IF(AND(H10<8/24, H10>4/24), "4H<T<8H", IF(AND(H10<16/24, H10>8/24), "8H<T<16H",IF(AND(H10<24/24, H10>16/24),"16H<T<24H", IF(AND(H10<48/24, H10>24/24),"24H<T<48H", "T>48H"))))))) -> T>48H | N10: CSL Fault | O10: =IF(J10="Power Status check Ongoing", "En Attente status Power", IF(J10<>"Power Status check Ongoing", _xlfn.CONCAT(K10, " ", "Ongoing"))) -> Teleinfra Ongoing | P10: =VLOOKUP(D10,'[3]SBC And PowerCO Info'!A:C,3,0) -> EXN | Q10: =LEFT(D10,3) -> EXN | R10: =VLOOKUP(D10,'[4]SBC And PowerCO Info'!A:N,12,0) -> TIF NORD | S10: =_xlfn.CONCAT(Table4[[#This Row],[Site Name]], ": ", IF(ISNUMBER(SEARCH(CHAR(10),J10)), LEFT(J10, SEARCH(CHAR(10),J10)-1), J10)) -> EXN_300_URH_KARENA: 28.04.2026: Karena à nouveau entièrement vandalisé la nuit 25/04/2026. Rapport D'intervention envoye a OCM pour MAD du materiel | T10: =IF(ISNA(VLOOKUP([5]!Table4[[#This Row],[Site ID]],[5]PMO!A:A,1,0)),"No","Yes") -> Yes | U10: =VLOOKUP(Table4[[#This Row],[Site ID]],'[6]URH & URZ'!$A:$C,3,0) -> transfered | V10: =VLOOKUP(Table4[[#This Row],[Site ID]],[6]NSB!$A:$C,3,0) -> #N/A | W10: =VLOOKUP(Table4[[#This Row],[Site ID]],[7]OCTOBRE_25!$J:$L,3,0) -> #N/A
C11: EXN_383_URH_AKMASSIRAK | D11: EXN_383 | E11: Teleinfra | F11: Solar Only | G11: =VLOOKUP(Table4[[#This Row],[Site ID]],Extract!D:G,4,0) -> 2026-03-28 09:36:11 | H11: =NOW() - G11 + TIME(1,0,0) -> 31.431739 | I11: New site | J11: New site not yet transferred to MSP | K11: OCM ING | L11: =IF(NOT(ISERROR(SEARCH("_URH_",Table4[[#This Row],[Site Name]]))), "Huawei_Rural", IF(NOT(ISERROR(SEARCH("_H_",Table4[[#This Row],[Site Name]]))), "Huawei",IF(NOT(ISERROR(SEARCH("_Z_",Table4[[#This Row],[Site Name]]))), "ZTE","Nokia"))) -> Huawei_Rural | M11: =IF(H11 < 1/24, "T<1H", IF(AND(H11<2/24, H11>1/24), "1H<T<2H", IF(AND(H11<4/24, H11>2/24), "2H<T<4H", IF(AND(H11<8/24, H11>4/24), "4H<T<8H", IF(AND(H11<16/24, H11>8/24), "8H<T<16H",IF(AND(H11<24/24, H11>16/24),"16H<T<24H", IF(AND(H11<48/24, H11>24/24),"24H<T<48H", "T>48H"))))))) -> T>48H | N11: CSL Fault | O11: =IF(J11="Power Status check Ongoing", "En Attente status Power", IF(J11<>"Power Status check Ongoing", _xlfn.CONCAT(K11, " ", "Ongoing"))) -> OCM ING Ongoing | P11: =VLOOKUP(D11,'[3]SBC And PowerCO Info'!A:C,3,0) -> #N/A | Q11: =LEFT(D11,3) -> EXN | R11: =VLOOKUP(D11,'[4]SBC And PowerCO Info'!A:N,12,0) -> #N/A | S11: =_xlfn.CONCAT(Table4[[#This Row],[Site Name]], ": ", IF(ISNUMBER(SEARCH(CHAR(10),J11)), LEFT(J11, SEARCH(CHAR(10),J11)-1), J11)) -> EXN_383_URH_AKMASSIRAK: New site not yet transferred to MSP | T11: =IF(ISNA(VLOOKUP([5]!Table4[[#This Row],[Site ID]],[5]PMO!A:A,1,0)),"No","Yes") -> Yes | U11: =VLOOKUP(Table4[[#This Row],[Site ID]],'[6]URH & URZ'!$A:$C,3,0) -> #N/A | V11: =VLOOKUP(Table4[[#This Row],[Site ID]],[6]NSB!$A:$C,3,0) -> #N/A | W11: =VLOOKUP(Table4[[#This Row],[Site ID]],[7]OCTOBRE_25!$J:$L,3,0) -> #N/A
C12: Ouru-Dara_G9U9U21_ADM_148 | D12: ADM_148 | E12: =VLOOKUP(D12,[2]ACTIF!$A:$D,4,0) -> Camusat | F12: =VLOOKUP(D12,[2]ACTIF!$A:$C,3,0) -> Hybrid Solar - S3 | G12: =VLOOKUP(Table4[[#This Row],[Site ID]],Extract!D:G,4,0) -> 46109.587 | H12: =NOW() - G12 + TIME(1,0,0) -> 31.24454 | I12: TX MW | J12: 28/04/2026 Verification en cours de la disponibilité du modem en cours update asap 27.04.26 GO pour utilisation du MODEM X7 update asap 21.04.26; Commande du modem passée à OCM, en attente de la MAD 14/04/2026 Nous avons recu le modem ce jour sur Ngaoundere du SPM HUAWEI (vous pouvez verifier aupres de Kingsley) et le modem recu est incompatible (Modem Newtech-Idirect) avec ce qui est utilisé au cameroun sur le réseau OCM (Modem Newtech-Idirect Evolution). Apres connexion sur le dit modem, l'interface est differente; Nous avons informé le BO TX @BENOIT NYOBE qui a confirmé qu'on ne peut utiliser ce modem sur le réseau OCM; ce dernier (le BO TX @BENOIT NYOBE ) a dit qu'il contacterait l'ingenieurie OCM a ce propos; nous restons en attente. 14.04.2026: Nouveau modem I-direct en cours de configuration avant expédition sur Touboro ce 14/04/2026 13/04/2026 Nouveau modem I-direct en cours de configuration avant expédition sur Touboro ce 13/04/2026 09.04.26; Modem faulty et expédition en cours Ngaoundéré pour Touboro, ETD=12.04.26 09.04.26; FME sur site mais intervention retardée par la pluie - Modem faulty, commande en cours et update ASAP 08.04.26; FME en route pour le site, ETA=13H UTC - FME sur site mais plus en cours 07.04.26; LNB en cours d'expédition de Ngaoundéré pour Touboro, ETD=07.04.26 06.04.26; LNB en cours d'expédition de Ngaoundéré pour Touboro, ETD=06.04.26 04/04/2026 LNB en transport de Garoua pour Ngaoundere. ETD= 05.Avril.2026 31.03.2026: LNB Faulty. Commande passe au WH de Yaounde et l'expedition est en cours ETD=03.04.2026 31.03.2026: FME Sur site travaux en cours. Update ASAP 31.03.2026: Suite de l'intervention ce Jour. FME en route ETA=1H30 30/03/2026 FME en route ETA=12H30 UTC // FME sur site 29.03.2026 FME : Still troubleshooting with the level 0 29.03.2026: FME Frank activated is managing 29.03.2026: Need FME on the site to check Idirect and IBUC status | K12: OCM SPMS | L12: =IF(NOT(ISERROR(SEARCH("_URH_",Table4[[#This Row],[Site Name]]))), "Huawei_Rural", IF(NOT(ISERROR(SEARCH("_H_",Table4[[#This Row],[Site Name]]))), "Huawei",IF(NOT(ISERROR(SEARCH("_Z_",Table4[[#This Row],[Site Name]]))), "ZTE","Nokia"))) -> Nokia | M12: =IF(H12 < 1/24, "T<1H", IF(AND(H12<2/24, H12>1/24), "1H<T<2H", IF(AND(H12<4/24, H12>2/24), "2H<T<4H", IF(AND(H12<8/24, H12>4/24), "4H<T<8H", IF(AND(H12<16/24, H12>8/24), "8H<T<16H",IF(AND(H12<24/24, H12>16/24),"16H<T<24H", IF(AND(H12<48/24, H12>24/24),"24H<T<48H", "T>48H"))))))) -> T>48H | N12: NE3SWS AGENT NOT RESPONDING TO REQUESTS | O12: =IF(J12="Power Status check Ongoing", "En Attente status Power", IF(J12<>"Power Status check Ongoing", _xlfn.CONCAT(K12, " ", "Ongoing"))) -> OCM SPMS Ongoing | P12: =VLOOKUP(D12,'[3]SBC And PowerCO Info'!A:C,3,0) -> ADM | Q12: =LEFT(D12,3) -> ADM | R12: =VLOOKUP(D12,'[4]SBC And PowerCO Info'!A:N,12,0) -> TIF NORD | S12: =_xlfn.CONCAT(Table4[[#This Row],[Site Name]], ": ", IF(ISNUMBER(SEARCH(CHAR(10),J12)), LEFT(J12, SEARCH(CHAR(10),J12)-1), J12)) -> Ouru-Dara_G9U9U21_ADM_148: 28/04/2026 Verification en cours de la disponibilité du modem en cours update asap | T12: =IF(ISNA(VLOOKUP([5]!Table4[[#This Row],[Site ID]],[5]PMO!A:A,1,0)),"No","Yes") -> Yes | U12: =VLOOKUP(Table4[[#This Row],[Site ID]],'[6]URH & URZ'!$A:$C,3,0) -> #N/A | V12: =VLOOKUP(Table4[[#This Row],[Site ID]],[6]NSB!$A:$C,3,0) -> #N/A | W12: =VLOOKUP(Table4[[#This Row],[Site ID]],[7]OCTOBRE_25!$J:$L,3,0) -> Oura-Dara
C13: Mankim_N_G9U9L8L7_CTR_987 | D13: CTR_987 | E13: =VLOOKUP(D13,[2]ACTIF!$A:$D,4,0) -> #N/A | F13: =VLOOKUP(D13,[2]ACTIF!$A:$C,3,0) -> #N/A | G13: =VLOOKUP(Table4[[#This Row],[Site ID]],Extract!D:G,4,0) -> 46109.605 | H13: =NOW() - G13 + TIME(1,0,0) -> 31.226485 | I13: New site | J13: New site not yet transferred to MSP | K13: OCM ING | L13: =IF(NOT(ISERROR(SEARCH("_URH_",Table4[[#This Row],[Site Name]]))), "Huawei_Rural", IF(NOT(ISERROR(SEARCH("_H_",Table4[[#This Row],[Site Name]]))), "Huawei",IF(NOT(ISERROR(SEARCH("_Z_",Table4[[#This Row],[Site Name]]))), "ZTE","Nokia"))) -> Nokia | M13: =IF(H13 < 1/24, "T<1H", IF(AND(H13<2/24, H13>1/24), "1H<T<2H", IF(AND(H13<4/24, H13>2/24), "2H<T<4H", IF(AND(H13<8/24, H13>4/24), "4H<T<8H", IF(AND(H13<16/24, H13>8/24), "8H<T<16H",IF(AND(H13<24/24, H13>16/24),"16H<T<24H", IF(AND(H13<48/24, H13>24/24),"24H<T<48H", "T>48H"))))))) -> T>48H | N13: NE3SWS AGENT NOT RESPONDING TO REQUESTS | O13: =IF(J13="Power Status check Ongoing", "En Attente status Power", IF(J13<>"Power Status check Ongoing", _xlfn.CONCAT(K13, " ", "Ongoing"))) -> OCM ING Ongoing | P13: =VLOOKUP(D13,'[3]SBC And PowerCO Info'!A:C,3,0) -> #N/A | Q13: =LEFT(D13,3) -> CTR | R13: =VLOOKUP(D13,'[4]SBC And PowerCO Info'!A:N,12,0) -> #N/A | S13: =_xlfn.CONCAT(Table4[[#This Row],[Site Name]], ": ", IF(ISNUMBER(SEARCH(CHAR(10),J13)), LEFT(J13, SEARCH(CHAR(10),J13)-1), J13)) -> Mankim_N_G9U9L8L7_CTR_987: New site not yet transferred to MSP | T13: =IF(ISNA(VLOOKUP([5]!Table4[[#This Row],[Site ID]],[5]PMO!A:A,1,0)),"No","Yes") -> Yes | U13: =VLOOKUP(Table4[[#This Row],[Site ID]],'[6]URH & URZ'!$A:$C,3,0) -> #N/A | V13: =VLOOKUP(Table4[[#This Row],[Site ID]],[6]NSB!$A:$C,3,0) -> #N/A | W13: =VLOOKUP(Table4[[#This Row],[Site ID]],[7]OCTOBRE_25!$J:$L,3,0) -> #N/A
C14: Baba-Babungo-IHS_G9U9U21_NRO_085 | D14: NRO_085 | E14: =VLOOKUP(D14,[2]ACTIF!$A:$D,4,0) -> IHS | F14: =VLOOKUP(D14,[2]ACTIF!$A:$C,3,0) -> Grid-Gen-Lithium | G14: =VLOOKUP(Table4[[#This Row],[Site ID]],Extract!D:G,4,0) -> 46115.073 | H14: =NOW() - G14 + TIME(1,0,0) -> 25.758441 | I14: TX MW / security | J14: 28.04.2026: Site to be visited this weekend depending on access 27.04.26; Access banned by separatists 25.04.26; Access banned by Separatist 24.04.26; Access banned by Separatist 23.04.26; Access banned by Separatist 22.04.26; Access banned by Separatist 21.04.26; Access banned by Separatist 25.04.26; Access banned by Separatist 20.04.26; Site difficult to access this week we keep trying to grant access New Update this afternoon 19.04.26; Site difficult to access this week we keep trying to grant access New Update this afternoon 18.04.26; Access negotiations ongoing, red zone 17/04/2026 |Access not granted for now we keep trying 16/04/2026 access not granted for this site for now we keep trying || escalade FM THEOPHILE PLAN TO 17/04/2026 15/04/2026 FME maange avec le level 0 // escalade PM HAMMER PHILIPE 14.04.26; FME activated to check locally on site, managing with level 0, red zone 13.04.26: Feedback MTN, Restoration team faces access issue due to insecurity, escalated to L5 10.04.26: Feedback MTN, Restoration team faces access issue due to insecurity, escalated to L5 | K14: Hammer | L14: =IF(NOT(ISERROR(SEARCH("_URH_",Table4[[#This Row],[Site Name]]))), "Huawei_Rural", IF(NOT(ISERROR(SEARCH("_H_",Table4[[#This Row],[Site Name]]))), "Huawei",IF(NOT(ISERROR(SEARCH("_Z_",Table4[[#This Row],[Site Name]]))), "ZTE","Nokia"))) -> Nokia | M14: =IF(H14 < 1/24, "T<1H", IF(AND(H14<2/24, H14>1/24), "1H<T<2H", IF(AND(H14<4/24, H14>2/24), "2H<T<4H", IF(AND(H14<8/24, H14>4/24), "4H<T<8H", IF(AND(H14<16/24, H14>8/24), "8H<T<16H",IF(AND(H14<24/24, H14>16/24),"16H<T<24H", IF(AND(H14<48/24, H14>24/24),"24H<T<48H", "T>48H"))))))) -> T>48H | N14: NE3SWS AGENT NOT RESPONDING TO REQUESTS | O14: =IF(J14="Power Status check Ongoing", "En Attente status Power", IF(J14<>"Power Status check Ongoing", _xlfn.CONCAT(K14, " ", "Ongoing"))) -> Hammer Ongoing | P14: =VLOOKUP(D14,'[3]SBC And PowerCO Info'!A:C,3,0) -> NRO | Q14: =LEFT(D14,3) -> NRO | R14: =VLOOKUP(D14,'[4]SBC And PowerCO Info'!A:N,12,0) -> I-ENG | S14: =_xlfn.CONCAT(Table4[[#This Row],[Site Name]], ": ", IF(ISNUMBER(SEARCH(CHAR(10),J14)), LEFT(J14, SEARCH(CHAR(10),J14)-1), J14)) -> Baba-Babungo-IHS_G9U9U21_NRO_085: 28.04.2026: Site to be visited this weekend depending on access | T14: =IF(ISNA(VLOOKUP([5]!Table4[[#This Row],[Site ID]],[5]PMO!A:A,1,0)),"No","Yes") -> Yes | U14: =VLOOKUP(Table4[[#This Row],[Site ID]],'[6]URH & URZ'!$A:$C,3,0) -> #N/A | V14: =VLOOKUP(Table4[[#This Row],[Site ID]],[6]NSB!$A:$C,3,0) -> #N/A | W14: =VLOOKUP(Table4[[#This Row],[Site ID]],[7]OCTOBRE_25!$J:$L,3,0) -> Baba-Babungo
C15: EXN_569_H_KOUSSERI-CAMTEL | D15: EXN_569 | E15: =VLOOKUP(D15,[2]ACTIF!$A:$D,4,0) -> #N/A | F15: =VLOOKUP(D15,[2]ACTIF!$A:$C,3,0) -> #N/A | G15: =VLOOKUP(Table4[[#This Row],[Site ID]],Extract!D:G,4,0) -> 2026-04-07 19:13:18 | H15: =NOW() - G15 + TIME(1,0,0) -> 21.030964 | I15: New site | J15: New site not yet transferred to MSP | K15: OCM ING | L15: =IF(NOT(ISERROR(SEARCH("_URH_",Table4[[#This Row],[Site Name]]))), "Huawei_Rural", IF(NOT(ISERROR(SEARCH("_H_",Table4[[#This Row],[Site Name]]))), "Huawei",IF(NOT(ISERROR(SEARCH("_Z_",Table4[[#This Row],[Site Name]]))), "ZTE","Nokia"))) -> Huawei | M15: =IF(H15 < 1/24, "T<1H", IF(AND(H15<2/24, H15>1/24), "1H<T<2H", IF(AND(H15<4/24, H15>2/24), "2H<T<4H", IF(AND(H15<8/24, H15>4/24), "4H<T<8H", IF(AND(H15<16/24, H15>8/24), "8H<T<16H",IF(AND(H15<24/24, H15>16/24),"16H<T<24H", IF(AND(H15<48/24, H15>24/24),"24H<T<48H", "T>48H"))))))) -> T>48H | N15: NE Is Disconnected | O15: =IF(J15="Power Status check Ongoing", "En Attente status Power", IF(J15<>"Power Status check Ongoing", _xlfn.CONCAT(K15, " ", "Ongoing"))) -> OCM ING Ongoing | P15: =VLOOKUP(D15,'[3]SBC And PowerCO Info'!A:C,3,0) -> #N/A | Q15: =LEFT(D15,3) -> EXN | R15: =VLOOKUP(D15,'[4]SBC And PowerCO Info'!A:N,12,0) -> #N/A | S15: =_xlfn.CONCAT(Table4[[#This Row],[Site Name]], ": ", IF(ISNUMBER(SEARCH(CHAR(10),J15)), LEFT(J15, SEARCH(CHAR(10),J15)-1), J15)) -> EXN_569_H_KOUSSERI-CAMTEL: New site not yet transferred to MSP | T15: =IF(ISNA(VLOOKUP([5]!Table4[[#This Row],[Site ID]],[5]PMO!A:A,1,0)),"No","Yes") -> Yes | U15: =VLOOKUP(Table4[[#This Row],[Site ID]],'[6]URH & URZ'!$A:$C,3,0) -> #N/A | V15: =VLOOKUP(Table4[[#This Row],[Site ID]],[6]NSB!$A:$C,3,0) -> Not Transferred | W15: =VLOOKUP(Table4[[#This Row],[Site ID]],[7]OCTOBRE_25!$J:$L,3,0) -> #N/A
C16: CTR_366_Z_Zamakoe-MTN | D16: CTR_366 | E16: =VLOOKUP(D16,[2]ACTIF!$A:$D,4,0) -> IHS | F16: =VLOOKUP(D16,[2]ACTIF!$A:$C,3,0) -> Grid-Gen | G16: =VLOOKUP(Table4[[#This Row],[Site ID]],Extract!D:G,4,0) -> 2026-04-08 09:15:36 | H16: =NOW() - G16 + TIME(1,0,0) -> 20.446033 | I16: TX MW | J16: 28/04/2026 ODU MPT 7-8 GHz 3DB20859AB faulty en attente de MAD 27/04/2026 ODU en cours de dementelement 21.04.26; Dementellement des ODUs en cours pour MAD à Huawei, update ASAP 08.04.26; ODU MPT 7-8 GHz 3DB20859AB faulty et commande passée à OCM 08.04.26; Besoin d'un FME sur site pour vérifier la chaine antennaire de l'ODU 3.1; CM-20260408-00002730; FME Rodrigue activé pour investigations, update ASAP | K16: OCM SPMS | L16: =IF(NOT(ISERROR(SEARCH("_URH_",Table4[[#This Row],[Site Name]]))), "Huawei_Rural", IF(NOT(ISERROR(SEARCH("_H_",Table4[[#This Row],[Site Name]]))), "Huawei",IF(NOT(ISERROR(SEARCH("_Z_",Table4[[#This Row],[Site Name]]))), "ZTE","Nokia"))) -> ZTE | M16: =IF(H16 < 1/24, "T<1H", IF(AND(H16<2/24, H16>1/24), "1H<T<2H", IF(AND(H16<4/24, H16>2/24), "2H<T<4H", IF(AND(H16<8/24, H16>4/24), "4H<T<8H", IF(AND(H16<16/24, H16>8/24), "8H<T<16H",IF(AND(H16<24/24, H16>16/24),"16H<T<24H", IF(AND(H16<48/24, H16>24/24),"24H<T<48H", "T>48H"))))))) -> T>48H | O16: =IF(J16="Power Status check Ongoing", "En Attente status Power", IF(J16<>"Power Status check Ongoing", _xlfn.CONCAT(K16, " ", "Ongoing"))) -> OCM SPMS Ongoing | P16: =VLOOKUP(D16,'[3]SBC And PowerCO Info'!A:C,3,0) -> CTR | Q16: =LEFT(D16,3) -> CTR | R16: =VLOOKUP(D16,'[4]SBC And PowerCO Info'!A:N,12,0) -> AFRO | S16: =_xlfn.CONCAT(Table4[[#This Row],[Site Name]], ": ", IF(ISNUMBER(SEARCH(CHAR(10),J16)), LEFT(J16, SEARCH(CHAR(10),J16)-1), J16)) -> CTR_366_Z_Zamakoe-MTN: 28/04/2026 ODU MPT 7-8 GHz 3DB20859AB faulty en attente de MAD | T16: =IF(ISNA(VLOOKUP([5]!Table4[[#This Row],[Site ID]],[5]PMO!A:A,1,0)),"No","Yes") -> Yes | U16: =VLOOKUP(Table4[[#This Row],[Site ID]],'[6]URH & URZ'!$A:$C,3,0) -> #N/A | V16: =VLOOKUP(Table4[[#This Row],[Site ID]],[6]NSB!$A:$C,3,0) -> #N/A | W16: =VLOOKUP(Table4[[#This Row],[Site ID]],[7]OCTOBRE_25!$J:$L,3,0) -> Zamakoe
C17: EXN_574_H_Mokolo-CAMTEL_U, LogicRNCID=388 | D17: EXN_574 | E17: =VLOOKUP(D17,[2]ACTIF!$A:$D,4,0) -> #N/A | F17: =VLOOKUP(D17,[2]ACTIF!$A:$C,3,0) -> #N/A | G17: =VLOOKUP(Table4[[#This Row],[Site ID]],Extract!D:G,4,0) -> 2026-04-08 20:52:16 | H17: =NOW() - G17 + TIME(1,0,0) -> 19.962237 | I17: New Site | J17: New site not yet transferred to MSP | K17: OCM ING | L17: =IF(NOT(ISERROR(SEARCH("_URH_",Table4[[#This Row],[Site Name]]))), "Huawei_Rural", IF(NOT(ISERROR(SEARCH("_H_",Table4[[#This Row],[Site Name]]))), "Huawei",IF(NOT(ISERROR(SEARCH("_Z_",Table4[[#This Row],[Site Name]]))), "ZTE","Nokia"))) -> Huawei | M17: =IF(H17 < 1/24, "T<1H", IF(AND(H17<2/24, H17>1/24), "1H<T<2H", IF(AND(H17<4/24, H17>2/24), "2H<T<4H", IF(AND(H17<8/24, H17>4/24), "4H<T<8H", IF(AND(H17<16/24, H17>8/24), "8H<T<16H",IF(AND(H17<24/24, H17>16/24),"16H<T<24H", IF(AND(H17<48/24, H17>24/24),"24H<T<48H", "T>48H"))))))) -> T>48H | N17: NodeB Unavailable | O17: =IF(J17="Power Status check Ongoing", "En Attente status Power", IF(J17<>"Power Status check Ongoing", _xlfn.CONCAT(K17, " ", "Ongoing"))) -> OCM ING Ongoing | P17: =VLOOKUP(D17,'[3]SBC And PowerCO Info'!A:C,3,0) -> #N/A | Q17: =LEFT(D17,3) -> EXN | R17: =VLOOKUP(D17,'[4]SBC And PowerCO Info'!A:N,12,0) -> #N/A | S17: =_xlfn.CONCAT(Table4[[#This Row],[Site Name]], ": ", IF(ISNUMBER(SEARCH(CHAR(10),J17)), LEFT(J17, SEARCH(CHAR(10),J17)-1), J17)) -> EXN_574_H_Mokolo-CAMTEL_U, LogicRNCID=388: New site not yet transferred to MSP | T17: =IF(ISNA(VLOOKUP([5]!Table4[[#This Row],[Site ID]],[5]PMO!A:A,1,0)),"No","Yes") -> Yes | U17: =VLOOKUP(Table4[[#This Row],[Site ID]],'[6]URH & URZ'!$A:$C,3,0) -> #N/A | V17: =VLOOKUP(Table4[[#This Row],[Site ID]],[6]NSB!$A:$C,3,0) -> #N/A | W17: =VLOOKUP(Table4[[#This Row],[Site ID]],[7]OCTOBRE_25!$J:$L,3,0) -> #N/A
C18: Abuh_L18L8_NRO_079 | D18: NRO_079 | E18: =VLOOKUP(D18,[2]ACTIF!$A:$D,4,0) -> IHS | F18: =VLOOKUP(D18,[2]ACTIF!$A:$C,3,0) -> Hybrid Gen | G18: =VLOOKUP(Table4[[#This Row],[Site ID]],Extract!D:G,4,0) -> 46121.406 | H18: =NOW() - G18 + TIME(1,0,0) -> 19.426126 | I18: TX MW / security | J18: 28.04.2026: Site to be visited this weekend depending on access 27.04.26; Road blocked No traffic if we can Go as planned on 28.04.2026 25/04/2026 Retour fme : Je suis bloqué à Fundong depuis ce matin. Les routes qui mènent hors de Fundong sont bloquées, je ne peux donc pas continuer. 24.04.26; MRBTS2 down. FME Jeremiah will be on site this 25.04.26 Impacted by NRO_047_N_Bafmeng (TX issue) 16/04/2026 access not granted for this site for now we keep trying ESCLADE FM THEOPHILE PLAN TO 18/04/2026 16/04/2026 access not granted for this site for now we keep trying ESCLADE FM THEOPHILE 15/04/2026 access not granted for this site for now we keep trying 14/04/2026 RED ZONE negociation d'accès en cours 13/04/2026 Besoin d"un FME sur site pour verifier l'interco MPR et BTS S1P3 FME activé zone rouge manage avec level 0 | K18: Hammer | L18: =IF(NOT(ISERROR(SEARCH("_URH_",Table4[[#This Row],[Site Name]]))), "Huawei_Rural", IF(NOT(ISERROR(SEARCH("_H_",Table4[[#This Row],[Site Name]]))), "Huawei",IF(NOT(ISERROR(SEARCH("_Z_",Table4[[#This Row],[Site Name]]))), "ZTE","Nokia"))) -> Nokia | M18: =IF(H18 < 1/24, "T<1H", IF(AND(H18<2/24, H18>1/24), "1H<T<2H", IF(AND(H18<4/24, H18>2/24), "2H<T<4H", IF(AND(H18<8/24, H18>4/24), "4H<T<8H", IF(AND(H18<16/24, H18>8/24), "8H<T<16H",IF(AND(H18<24/24, H18>16/24),"16H<T<24H", IF(AND(H18<48/24, H18>24/24),"24H<T<48H", "T>48H"))))))) -> T>48H | N18: NE3SWS AGENT NOT RESPONDING TO REQUESTS | O18: =IF(J18="Power Status check Ongoing", "En Attente status Power", IF(J18<>"Power Status check Ongoing", _xlfn.CONCAT(K18, " ", "Ongoing"))) -> Hammer Ongoing | P18: =VLOOKUP(D18,'[3]SBC And PowerCO Info'!A:C,3,0) -> NRO | Q18: =LEFT(D18,3) -> NRO | R18: =VLOOKUP(D18,'[4]SBC And PowerCO Info'!A:N,12,0) -> I-ENG | S18: =_xlfn.CONCAT(Table4[[#This Row],[Site Name]], ": ", IF(ISNUMBER(SEARCH(CHAR(10),J18)), LEFT(J18, SEARCH(CHAR(10),J18)-1), J18)) -> Abuh_L18L8_NRO_079: 28.04.2026: Site to be visited this weekend depending on access | T18: =IF(ISNA(VLOOKUP([5]!Table4[[#This Row],[Site ID]],[5]PMO!A:A,1,0)),"No","Yes") -> Yes | U18: =VLOOKUP(Table4[[#This Row],[Site ID]],'[6]URH & URZ'!$A:$C,3,0) -> #N/A | V18: =VLOOKUP(Table4[[#This Row],[Site ID]],[6]NSB!$A:$C,3,0) -> #N/A | W18: =VLOOKUP(Table4[[#This Row],[Site ID]],[7]OCTOBRE_25!$J:$L,3,0) -> Abuh
C19: LIT_943_URZ_DIZANGUE-KM6 | D19: LIT_943 | E19: Hammer | F19: Solar Only | G19: =VLOOKUP(Table4[[#This Row],[Site ID]],Extract!D:G,4,0) -> 2026-04-10 02:45:31 | H19: =NOW() - G19 + TIME(1,0,0) -> 18.716925 | I19: New Site | J19: New site not yet transferred to MSP | K19: OCM ING | L19: =IF(NOT(ISERROR(SEARCH("_URH_",Table4[[#This Row],[Site Name]]))), "Huawei_Rural", IF(NOT(ISERROR(SEARCH("_H_",Table4[[#This Row],[Site Name]]))), "Huawei",IF(NOT(ISERROR(SEARCH("_Z_",Table4[[#This Row],[Site Name]]))), "ZTE","Nokia"))) -> Nokia | M19: =IF(H19 < 1/24, "T<1H", IF(AND(H19<2/24, H19>1/24), "1H<T<2H", IF(AND(H19<4/24, H19>2/24), "2H<T<4H", IF(AND(H19<8/24, H19>4/24), "4H<T<8H", IF(AND(H19<16/24, H19>8/24), "8H<T<16H",IF(AND(H19<24/24, H19>16/24),"16H<T<24H", IF(AND(H19<48/24, H19>24/24),"24H<T<48H", "T>48H"))))))) -> T>48H | O19: =IF(J19="Power Status check Ongoing", "En Attente status Power", IF(J19<>"Power Status check Ongoing", _xlfn.CONCAT(K19, " ", "Ongoing"))) -> OCM ING Ongoing | P19: =VLOOKUP(D19,'[3]SBC And PowerCO Info'!A:C,3,0) -> #N/A | Q19: =LEFT(D19,3) -> LIT | R19: =VLOOKUP(D19,'[4]SBC And PowerCO Info'!A:N,12,0) -> #N/A | S19: =_xlfn.CONCAT(Table4[[#This Row],[Site Name]], ": ", IF(ISNUMBER(SEARCH(CHAR(10),J19)), LEFT(J19, SEARCH(CHAR(10),J19)-1), J19)) -> LIT_943_URZ_DIZANGUE-KM6: New site not yet transferred to MSP | T19: =IF(ISNA(VLOOKUP([5]!Table4[[#This Row],[Site ID]],[5]PMO!A:A,1,0)),"No","Yes") -> Yes | U19: =VLOOKUP(Table4[[#This Row],[Site ID]],'[6]URH & URZ'!$A:$C,3,0) -> #N/A | V19: =VLOOKUP(Table4[[#This Row],[Site ID]],[6]NSB!$A:$C,3,0) -> #N/A | W19: =VLOOKUP(Table4[[#This Row],[Site ID]],[7]OCTOBRE_25!$J:$L,3,0) -> #N/A
C20: BTS-Mobile-Tagidor Hotel _L18L8_OST_306 | D20: OST_306 | E20: =VLOOKUP(D20,[2]ACTIF!$A:$D,4,0) -> Camusat | F20: =VLOOKUP(D20,[2]ACTIF!$A:$C,3,0) -> Medium Grid + GE | G20: =VLOOKUP(Table4[[#This Row],[Site ID]],Extract!D:G,4,0) -> 46122.495 | H20: =NOW() - G20 + TIME(1,0,0) -> 18.336554 | I20: TX MW | J20: Site en cours de démentelement | K20: OCM ING | L20: =IF(NOT(ISERROR(SEARCH("_URH_",Table4[[#This Row],[Site Name]]))), "Huawei_Rural", IF(NOT(ISERROR(SEARCH("_H_",Table4[[#This Row],[Site Name]]))), "Huawei",IF(NOT(ISERROR(SEARCH("_Z_",Table4[[#This Row],[Site Name]]))), "ZTE","Nokia"))) -> Nokia | M20: =IF(H20 < 1/24, "T<1H", IF(AND(H20<2/24, H20>1/24), "1H<T<2H", IF(AND(H20<4/24, H20>2/24), "2H<T<4H", IF(AND(H20<8/24, H20>4/24), "4H<T<8H", IF(AND(H20<16/24, H20>8/24), "8H<T<16H",IF(AND(H20<24/24, H20>16/24),"16H<T<24H", IF(AND(H20<48/24, H20>24/24),"24H<T<48H", "T>48H"))))))) -> T>48H | N20: NE3SWS AGENT NOT RESPONDING TO REQUESTS | O20: =IF(J20="Power Status check Ongoing", "En Attente status Power", IF(J20<>"Power Status check Ongoing", _xlfn.CONCAT(K20, " ", "Ongoing"))) -> OCM ING Ongoing | P20: =VLOOKUP(D20,'[3]SBC And PowerCO Info'!A:C,3,0) -> OST | Q20: =LEFT(D20,3) -> OST | R20: =VLOOKUP(D20,'[4]SBC And PowerCO Info'!A:N,12,0) -> I-ENG | S20: =_xlfn.CONCAT(Table4[[#This Row],[Site Name]], ": ", IF(ISNUMBER(SEARCH(CHAR(10),J20)), LEFT(J20, SEARCH(CHAR(10),J20)-1), J20)) -> BTS-Mobile-Tagidor Hotel _L18L8_OST_306: Site en cours de démentelement | T20: =IF(ISNA(VLOOKUP([5]!Table4[[#This Row],[Site ID]],[5]PMO!A:A,1,0)),"No","Yes") -> Yes | U20: =VLOOKUP(Table4[[#This Row],[Site ID]],'[6]URH & URZ'!$A:$C,3,0) -> #N/A | V20: =VLOOKUP(Table4[[#This Row],[Site ID]],[6]NSB!$A:$C,3,0) -> #N/A | W20: =VLOOKUP(Table4[[#This Row],[Site ID]],[7]OCTOBRE_25!$J:$L,3,0) -> #N/A
C21: Bafmeng_L18L8_NRO_047 | D21: NRO_047 | E21: =VLOOKUP(D21,[2]ACTIF!$A:$D,4,0) -> IHS | F21: =VLOOKUP(D21,[2]ACTIF!$A:$C,3,0) -> Hybrid Gen | G21: =VLOOKUP(Table4[[#This Row],[Site ID]],Extract!D:G,4,0) -> 46123.76 | H21: =NOW() - G21 + TIME(1,0,0) -> 17.071635 | I21: TX MW / security | J21: 28.04.2026: Site to be visited this weekend depending on access 27.04.26; Road blocked No traffic if we can Go as planned on 28.04.2026 25/04/2026 Retour fme : Je suis bloqué à Fundong depuis ce matin. Les routes qui mènent hors de Fundong sont bloquées, je ne peux donc pas continuer. 24.04.26; MRBTS2 down. FME Jeremiah will be on site this 25.04.26 22.04.26; Access banned by Separatist 21.04.26; Access banned by Separatist 20.04.26; No traffic blocked by transporters We iwll check On 21.04.2026 if team can Move 19.04.26; Road blocked by separatists. No traffic 18.04.26; Road blocked, access negociation ongoing 16/04/2026 access not granted for this site for now we keep trying ESCLADE FM THEOPHILE PLAN TO 18/04/2026 15/04/2026 access not granted for this site for now we keep trying 14/04/2026 RED ZONE negociation d'accès en cours 13/04/2026 MRBTS2 DWON fme activé red zone manage avec le level 0 12/04/2026 IHS Feedback : Joseph is managing with level 0, on site / escalated to L3 IHS 12/04/2026 IHS Feedback : Joseph is managing with level 0, on site | K21: Hammer | L21: =IF(NOT(ISERROR(SEARCH("_URH_",Table4[[#This Row],[Site Name]]))), "Huawei_Rural", IF(NOT(ISERROR(SEARCH("_H_",Table4[[#This Row],[Site Name]]))), "Huawei",IF(NOT(ISERROR(SEARCH("_Z_",Table4[[#This Row],[Site Name]]))), "ZTE","Nokia"))) -> Nokia | M21: =IF(H21 < 1/24, "T<1H", IF(AND(H21<2/24, H21>1/24), "1H<T<2H", IF(AND(H21<4/24, H21>2/24), "2H<T<4H", IF(AND(H21<8/24, H21>4/24), "4H<T<8H", IF(AND(H21<16/24, H21>8/24), "8H<T<16H",IF(AND(H21<24/24, H21>16/24),"16H<T<24H", IF(AND(H21<48/24, H21>24/24),"24H<T<48H", "T>48H"))))))) -> T>48H | N21: NE3SWS AGENT NOT RESPONDING TO REQUESTS | O21: =IF(J21="Power Status check Ongoing", "En Attente status Power", IF(J21<>"Power Status check Ongoing", _xlfn.CONCAT(K21, " ", "Ongoing"))) -> Hammer Ongoing | P21: =VLOOKUP(D21,'[3]SBC And PowerCO Info'!A:C,3,0) -> NRO | Q21: =LEFT(D21,3) -> NRO | R21: =VLOOKUP(D21,'[4]SBC And PowerCO Info'!A:N,12,0) -> I-ENG | S21: =_xlfn.CONCAT(Table4[[#This Row],[Site Name]], ": ", IF(ISNUMBER(SEARCH(CHAR(10),J21)), LEFT(J21, SEARCH(CHAR(10),J21)-1), J21)) -> Bafmeng_L18L8_NRO_047: 28.04.2026: Site to be visited this weekend depending on access | T21: =IF(ISNA(VLOOKUP([5]!Table4[[#This Row],[Site ID]],[5]PMO!A:A,1,0)),"No","Yes") -> Yes | U21: =VLOOKUP(Table4[[#This Row],[Site ID]],'[6]URH & URZ'!$A:$C,3,0) -> #N/A | V21: =VLOOKUP(Table4[[#This Row],[Site ID]],[6]NSB!$A:$C,3,0) -> #N/A | W21: =VLOOKUP(Table4[[#This Row],[Site ID]],[7]OCTOBRE_25!$J:$L,3,0) -> Bafmeng
C22: EXN_373_URH_BAGASSA | D22: EXN_373 | E22: Teleinfra | F22: Solar Only | G22: =VLOOKUP(Table4[[#This Row],[Site ID]],Extract!D:G,4,0) -> 2026-04-11 23:18:58 | H22: =NOW() - G22 + TIME(1,0,0) -> 16.860362 | I22: New site | J22: New site not yet transferred to MSP | K22: OCM ING | L22: =IF(NOT(ISERROR(SEARCH("_URH_",Table4[[#This Row],[Site Name]]))), "Huawei_Rural", IF(NOT(ISERROR(SEARCH("_H_",Table4[[#This Row],[Site Name]]))), "Huawei",IF(NOT(ISERROR(SEARCH("_Z_",Table4[[#This Row],[Site Name]]))), "ZTE","Nokia"))) -> Huawei_Rural | M22: =IF(H22 < 1/24, "T<1H", IF(AND(H22<2/24, H22>1/24), "1H<T<2H", IF(AND(H22<4/24, H22>2/24), "2H<T<4H", IF(AND(H22<8/24, H22>4/24), "4H<T<8H", IF(AND(H22<16/24, H22>8/24), "8H<T<16H",IF(AND(H22<24/24, H22>16/24),"16H<T<24H", IF(AND(H22<48/24, H22>24/24),"24H<T<48H", "T>48H"))))))) -> T>48H | N22: NE Is Disconnected | O22: =IF(J22="Power Status check Ongoing", "En Attente status Power", IF(J22<>"Power Status check Ongoing", _xlfn.CONCAT(K22, " ", "Ongoing"))) -> OCM ING Ongoing | P22: =VLOOKUP(D22,'[3]SBC And PowerCO Info'!A:C,3,0) -> #N/A | Q22: =LEFT(D22,3) -> EXN | R22: =VLOOKUP(D22,'[4]SBC And PowerCO Info'!A:N,12,0) -> #N/A | S22: =_xlfn.CONCAT(Table4[[#This Row],[Site Name]], ": ", IF(ISNUMBER(SEARCH(CHAR(10),J22)), LEFT(J22, SEARCH(CHAR(10),J22)-1), J22)) -> EXN_373_URH_BAGASSA: New site not yet transferred to MSP | T22: =IF(ISNA(VLOOKUP([5]!Table4[[#This Row],[Site ID]],[5]PMO!A:A,1,0)),"No","Yes") -> Yes | U22: =VLOOKUP(Table4[[#This Row],[Site ID]],'[6]URH & URZ'!$A:$C,3,0) -> #N/A | V22: =VLOOKUP(Table4[[#This Row],[Site ID]],[6]NSB!$A:$C,3,0) -> #N/A | W22: =VLOOKUP(Table4[[#This Row],[Site ID]],[7]OCTOBRE_25!$J:$L,3,0) -> #N/A
C23: NRO_110_N_Oku-Marche_GD | D23: NRO_110 | E23: =VLOOKUP(D23,[2]ACTIF!$A:$D,4,0) -> IHS | F23: =VLOOKUP(D23,[2]ACTIF!$A:$C,3,0) -> Grid-Gen-Lithium | G23: =VLOOKUP(Table4[[#This Row],[Site ID]],Extract!D:G,4,0) -> 46124.91 | H23: =NOW() - G23 + TIME(1,0,0) -> 15.921855 | I23: TX MW / security | J23: 28.04.2026: Planned on 29/04/2026 if access granted 27.04.26; Power team and Level Zero kidnapped since one Week No way to GO there as planned to check tomorrow if we can Go as planned on 29.04.2026 24.04.26; Access banned by Separatist 23.04.26; Access banned by Separatist 22.04.26; Access banned by Separatist 21.04.26; Access banned by Separatist 19.04.26; Power team and Level Zero kidnapped since one Week No way to GO there as planned. Intervention planned this 22.04.26 18.04.26; Access negotiations ongoing, red zone 17/04/2026 FME Donald on the way after to check ETA=11\AM || no acces to day 16/04/2026 Check ongoing with level zero ETA11AM 15/04/2026 |access not granted for this site for now we keep trying ESCALADE FM THEOPHILE 14/04/2026 remote check with Donald and FME ETA12AM utc // pas d'acces red zone 13.04.26; Need FME at NRO_110_Oku to check antenna chain of ODU 5.1; FME Donald is activated to check, update ASAP 13/04/2026 Need FME on site to check MPR status, ODU 5.1 and antenna chain / FME Donald activated ETA = ASAP ghost town | K23: Hammer | L23: =IF(NOT(ISERROR(SEARCH("_URH_",Table4[[#This Row],[Site Name]]))), "Huawei_Rural", IF(NOT(ISERROR(SEARCH("_H_",Table4[[#This Row],[Site Name]]))), "Huawei",IF(NOT(ISERROR(SEARCH("_Z_",Table4[[#This Row],[Site Name]]))), "ZTE","Nokia"))) -> Nokia | M23: =IF(H23 < 1/24, "T<1H", IF(AND(H23<2/24, H23>1/24), "1H<T<2H", IF(AND(H23<4/24, H23>2/24), "2H<T<4H", IF(AND(H23<8/24, H23>4/24), "4H<T<8H", IF(AND(H23<16/24, H23>8/24), "8H<T<16H",IF(AND(H23<24/24, H23>16/24),"16H<T<24H", IF(AND(H23<48/24, H23>24/24),"24H<T<48H", "T>48H"))))))) -> T>48H | N23: BTS O&M LINK FAILURE | O23: =IF(J23="Power Status check Ongoing", "En Attente status Power", IF(J23<>"Power Status check Ongoing", _xlfn.CONCAT(K23, " ", "Ongoing"))) -> Hammer Ongoing | P23: =VLOOKUP(D23,'[3]SBC And PowerCO Info'!A:C,3,0) -> NRO | Q23: =LEFT(D23,3) -> NRO | R23: =VLOOKUP(D23,'[4]SBC And PowerCO Info'!A:N,12,0) -> I-ENG | S23: =_xlfn.CONCAT(Table4[[#This Row],[Site Name]], ": ", IF(ISNUMBER(SEARCH(CHAR(10),J23)), LEFT(J23, SEARCH(CHAR(10),J23)-1), J23)) -> NRO_110_N_Oku-Marche_GD: 28.04.2026: Planned on 29/04/2026 if access granted | T23: =IF(ISNA(VLOOKUP([5]!Table4[[#This Row],[Site ID]],[5]PMO!A:A,1,0)),"No","Yes") -> Yes | U23: =VLOOKUP(Table4[[#This Row],[Site ID]],'[6]URH & URZ'!$A:$C,3,0) -> #N/A | V23: =VLOOKUP(Table4[[#This Row],[Site ID]],[6]NSB!$A:$C,3,0) -> #N/A | W23: =VLOOKUP(Table4[[#This Row],[Site ID]],[7]OCTOBRE_25!$J:$L,3,0) -> Oku
C24: CTR_977_N_SIMAYAI-1_G | D24: CTR_977 | E24: =VLOOKUP(D24,[2]ACTIF!$A:$D,4,0) -> #N/A | F24: =VLOOKUP(D24,[2]ACTIF!$A:$C,3,0) -> #N/A | G24: =VLOOKUP(Table4[[#This Row],[Site ID]],Extract!D:G,4,0) -> 46126.444 | H24: =NOW() - G24 + TIME(1,0,0) -> 14.387723 | I24: New site | J24: New site not yet transferred to MSP | K24: OCM ING | L24: =IF(NOT(ISERROR(SEARCH("_URH_",Table4[[#This Row],[Site Name]]))), "Huawei_Rural", IF(NOT(ISERROR(SEARCH("_H_",Table4[[#This Row],[Site Name]]))), "Huawei",IF(NOT(ISERROR(SEARCH("_Z_",Table4[[#This Row],[Site Name]]))), "ZTE","Nokia"))) -> Nokia | M24: =IF(H24 < 1/24, "T<1H", IF(AND(H24<2/24, H24>1/24), "1H<T<2H", IF(AND(H24<4/24, H24>2/24), "2H<T<4H", IF(AND(H24<8/24, H24>4/24), "4H<T<8H", IF(AND(H24<16/24, H24>8/24), "8H<T<16H",IF(AND(H24<24/24, H24>16/24),"16H<T<24H", IF(AND(H24<48/24, H24>24/24),"24H<T<48H", "T>48H"))))))) -> T>48H | N24: BTS O&M LINK FAILURE | O24: =IF(J24="Power Status check Ongoing", "En Attente status Power", IF(J24<>"Power Status check Ongoing", _xlfn.CONCAT(K24, " ", "Ongoing"))) -> OCM ING Ongoing | P24: =VLOOKUP(D24,'[3]SBC And PowerCO Info'!A:C,3,0) -> #N/A | Q24: =LEFT(D24,3) -> CTR | R24: =VLOOKUP(D24,'[4]SBC And PowerCO Info'!A:N,12,0) -> #N/A | S24: =_xlfn.CONCAT(Table4[[#This Row],[Site Name]], ": ", IF(ISNUMBER(SEARCH(CHAR(10),J24)), LEFT(J24, SEARCH(CHAR(10),J24)-1), J24)) -> CTR_977_N_SIMAYAI-1_G: New site not yet transferred to MSP | T24: =IF(ISNA(VLOOKUP([5]!Table4[[#This Row],[Site ID]],[5]PMO!A:A,1,0)),"No","Yes") -> Yes | U24: =VLOOKUP(Table4[[#This Row],[Site ID]],'[6]URH & URZ'!$A:$C,3,0) -> #N/A | V24: =VLOOKUP(Table4[[#This Row],[Site ID]],[6]NSB!$A:$C,3,0) -> #N/A | W24: =VLOOKUP(Table4[[#This Row],[Site ID]],[7]OCTOBRE_25!$J:$L,3,0) -> #N/A
C25: SUO_296_URH_MANYEMEN, LogicRNCID=350 | D25: SUO_296 | E25: Hammer | F25: Solar Only | G25: =VLOOKUP(Table4[[#This Row],[Site ID]],Extract!D:G,4,0) -> 2026-04-15 18:38:43 | H25: =NOW() - G25 + TIME(1,0,0) -> 13.05498 | I25: New site | J25: New site not yet transferred to MSP | K25: OCM ING | L25: =IF(NOT(ISERROR(SEARCH("_URH_",Table4[[#This Row],[Site Name]]))), "Huawei_Rural", IF(NOT(ISERROR(SEARCH("_H_",Table4[[#This Row],[Site Name]]))), "Huawei",IF(NOT(ISERROR(SEARCH("_Z_",Table4[[#This Row],[Site Name]]))), "ZTE","Nokia"))) -> Huawei_Rural | M25: =IF(H25 < 1/24, "T<1H", IF(AND(H25<2/24, H25>1/24), "1H<T<2H", IF(AND(H25<4/24, H25>2/24), "2H<T<4H", IF(AND(H25<8/24, H25>4/24), "4H<T<8H", IF(AND(H25<16/24, H25>8/24), "8H<T<16H",IF(AND(H25<24/24, H25>16/24),"16H<T<24H", IF(AND(H25<48/24, H25>24/24),"24H<T<48H", "T>48H"))))))) -> T>48H | N25: NodeB Unavailable | O25: =IF(J25="Power Status check Ongoing", "En Attente status Power", IF(J25<>"Power Status check Ongoing", _xlfn.CONCAT(K25, " ", "Ongoing"))) -> OCM ING Ongoing | P25: =VLOOKUP(D25,'[3]SBC And PowerCO Info'!A:C,3,0) -> #N/A | Q25: =LEFT(D25,3) -> SUO | R25: =VLOOKUP(D25,'[4]SBC And PowerCO Info'!A:N,12,0) -> #N/A | S25: =_xlfn.CONCAT(Table4[[#This Row],[Site Name]], ": ", IF(ISNUMBER(SEARCH(CHAR(10),J25)), LEFT(J25, SEARCH(CHAR(10),J25)-1), J25)) -> SUO_296_URH_MANYEMEN, LogicRNCID=350: New site not yet transferred to MSP | T25: =IF(ISNA(VLOOKUP([5]!Table4[[#This Row],[Site ID]],[5]PMO!A:A,1,0)),"No","Yes") -> Yes | U25: =VLOOKUP(Table4[[#This Row],[Site ID]],'[6]URH & URZ'!$A:$C,3,0) -> #N/A | V25: =VLOOKUP(Table4[[#This Row],[Site ID]],[6]NSB!$A:$C,3,0) -> #N/A | W25: =VLOOKUP(Table4[[#This Row],[Site ID]],[7]OCTOBRE_25!$J:$L,3,0) -> #N/A
C26: SUO_214_H_Mile4-Q10-IHS | D26: SUO_214 | E26: =VLOOKUP(D26,[2]ACTIF!$A:$D,4,0) -> IHS | F26: =VLOOKUP(D26,[2]ACTIF!$A:$C,3,0) -> Grid-Gen | G26: =VLOOKUP(Table4[[#This Row],[Site ID]],Extract!D:G,4,0) -> 2026-04-16 09:21:40 | H26: =NOW() - G26 + TIME(1,0,0) -> 12.44182 | I26: TX MW | J26: 17/04/2026 Carte EAC (3DB19417AA ) faulty commandée passé pas disponible point transmis a OCM 16/04/2026 Besoin d'un fme sur site pour verifier le status du MPR et la chaine antennaire de l ODU FME desmond activé ETA asap | K26: OCM SPMS | L26: =IF(NOT(ISERROR(SEARCH("_URH_",Table4[[#This Row],[Site Name]]))), "Huawei_Rural", IF(NOT(ISERROR(SEARCH("_H_",Table4[[#This Row],[Site Name]]))), "Huawei",IF(NOT(ISERROR(SEARCH("_Z_",Table4[[#This Row],[Site Name]]))), "ZTE","Nokia"))) -> Huawei | M26: =IF(H26 < 1/24, "T<1H", IF(AND(H26<2/24, H26>1/24), "1H<T<2H", IF(AND(H26<4/24, H26>2/24), "2H<T<4H", IF(AND(H26<8/24, H26>4/24), "4H<T<8H", IF(AND(H26<16/24, H26>8/24), "8H<T<16H",IF(AND(H26<24/24, H26>16/24),"16H<T<24H", IF(AND(H26<48/24, H26>24/24),"24H<T<48H", "T>48H"))))))) -> T>48H | N26: NE Is Disconnected | O26: =IF(J26="Power Status check Ongoing", "En Attente status Power", IF(J26<>"Power Status check Ongoing", _xlfn.CONCAT(K26, " ", "Ongoing"))) -> OCM SPMS Ongoing | P26: =VLOOKUP(D26,'[3]SBC And PowerCO Info'!A:C,3,0) -> SUO | Q26: =LEFT(D26,3) -> SUO | R26: =VLOOKUP(D26,'[4]SBC And PowerCO Info'!A:N,12,0) -> H-TELI | S26: =_xlfn.CONCAT(Table4[[#This Row],[Site Name]], ": ", IF(ISNUMBER(SEARCH(CHAR(10),J26)), LEFT(J26, SEARCH(CHAR(10),J26)-1), J26)) -> SUO_214_H_Mile4-Q10-IHS: 17/04/2026 Carte EAC (3DB19417AA ) faulty commandée passé pas disponible point transmis a OCM | T26: =IF(ISNA(VLOOKUP([5]!Table4[[#This Row],[Site ID]],[5]PMO!A:A,1,0)),"No","Yes") -> Yes | U26: =VLOOKUP(Table4[[#This Row],[Site ID]],'[6]URH & URZ'!$A:$C,3,0) -> #N/A | V26: =VLOOKUP(Table4[[#This Row],[Site ID]],[6]NSB!$A:$C,3,0) -> #N/A | W26: =VLOOKUP(Table4[[#This Row],[Site ID]],[7]OCTOBRE_25!$J:$L,3,0) -> Moliwe
C27: Nwa_G9U9_NRO_012 | D27: NRO_012 | E27: =VLOOKUP(D27,[2]ACTIF!$A:$D,4,0) -> IHS | F27: =VLOOKUP(D27,[2]ACTIF!$A:$C,3,0) -> Solar-Gen | G27: =VLOOKUP(Table4[[#This Row],[Site ID]],Extract!D:G,4,0) -> 46129.69 | H27: =NOW() - G27 + TIME(1,0,0) -> 11.141601 | I27: TX MW / security | J27: 28.04.2026: No way to access this site for now . Site Under Insecurity AREA 27.04.26; Access banned by Separatists 24.04.26; Access banned by Separatist 23.04.26; Access banned by Separatist 22.04.26; Access banned by Separatist 21.04.26; Need FME on site to check BUC, and modem status; Access negociations ongoing, red zone 21.04.26; IHS: Team is on site to swap DG - Escalated to L4 20.04.26; IHS: Team is on site to swap DG - Escalated to L4 19.04.26; IHS; Team is on site to swap DG - Escalated to L4 18.04.26; IHS; Team is on site to swap DG - Escalated to L3 17.04.26; IHS; Team is on site to swap DG | K27: Hammer | L27: =IF(NOT(ISERROR(SEARCH("_URH_",Table4[[#This Row],[Site Name]]))), "Huawei_Rural", IF(NOT(ISERROR(SEARCH("_H_",Table4[[#This Row],[Site Name]]))), "Huawei",IF(NOT(ISERROR(SEARCH("_Z_",Table4[[#This Row],[Site Name]]))), "ZTE","Nokia"))) -> Nokia | M27: =IF(H27 < 1/24, "T<1H", IF(AND(H27<2/24, H27>1/24), "1H<T<2H", IF(AND(H27<4/24, H27>2/24), "2H<T<4H", IF(AND(H27<8/24, H27>4/24), "4H<T<8H", IF(AND(H27<16/24, H27>8/24), "8H<T<16H",IF(AND(H27<24/24, H27>16/24),"16H<T<24H", IF(AND(H27<48/24, H27>24/24),"24H<T<48H", "T>48H"))))))) -> T>48H | N27: NE3SWS AGENT NOT RESPONDING TO REQUESTS | O27: =IF(J27="Power Status check Ongoing", "En Attente status Power", IF(J27<>"Power Status check Ongoing", _xlfn.CONCAT(K27, " ", "Ongoing"))) -> Hammer Ongoing | P27: =VLOOKUP(D27,'[3]SBC And PowerCO Info'!A:C,3,0) -> NRO | Q27: =LEFT(D27,3) -> NRO | R27: =VLOOKUP(D27,'[4]SBC And PowerCO Info'!A:N,12,0) -> I-ENG | S27: =_xlfn.CONCAT(Table4[[#This Row],[Site Name]], ": ", IF(ISNUMBER(SEARCH(CHAR(10),J27)), LEFT(J27, SEARCH(CHAR(10),J27)-1), J27)) -> Nwa_G9U9_NRO_012: 28.04.2026: No way to access this site for now . Site Under Insecurity AREA | T27: =IF(ISNA(VLOOKUP([5]!Table4[[#This Row],[Site ID]],[5]PMO!A:A,1,0)),"No","Yes") -> Yes | U27: =VLOOKUP(Table4[[#This Row],[Site ID]],'[6]URH & URZ'!$A:$C,3,0) -> #N/A | V27: =VLOOKUP(Table4[[#This Row],[Site ID]],[6]NSB!$A:$C,3,0) -> #N/A | W27: =VLOOKUP(Table4[[#This Row],[Site ID]],[7]OCTOBRE_25!$J:$L,3,0) -> Mwa
C28: EXN_511_H_KOUSSERI-KAWADJI | D28: EXN_511 | E28: =VLOOKUP(D28,[2]ACTIF!$A:$D,4,0) -> #N/A | F28: =VLOOKUP(D28,[2]ACTIF!$A:$C,3,0) -> #N/A | G28: =VLOOKUP(Table4[[#This Row],[Site ID]],Extract!D:G,4,0) -> 2026-04-17 20:27:02 | H28: =NOW() - G28 + TIME(1,0,0) -> 10.97976 | I28: New site | J28: New site not yet transferred to MSP | K28: OCM ING | L28: =IF(NOT(ISERROR(SEARCH("_URH_",Table4[[#This Row],[Site Name]]))), "Huawei_Rural", IF(NOT(ISERROR(SEARCH("_H_",Table4[[#This Row],[Site Name]]))), "Huawei",IF(NOT(ISERROR(SEARCH("_Z_",Table4[[#This Row],[Site Name]]))), "ZTE","Nokia"))) -> Huawei | M28: =IF(H28 < 1/24, "T<1H", IF(AND(H28<2/24, H28>1/24), "1H<T<2H", IF(AND(H28<4/24, H28>2/24), "2H<T<4H", IF(AND(H28<8/24, H28>4/24), "4H<T<8H", IF(AND(H28<16/24, H28>8/24), "8H<T<16H",IF(AND(H28<24/24, H28>16/24),"16H<T<24H", IF(AND(H28<48/24, H28>24/24),"24H<T<48H", "T>48H"))))))) -> T>48H | N28: NE Is Disconnected | O28: =IF(J28="Power Status check Ongoing", "En Attente status Power", IF(J28<>"Power Status check Ongoing", _xlfn.CONCAT(K28, " ", "Ongoing"))) -> OCM ING Ongoing | P28: =VLOOKUP(D28,'[3]SBC And PowerCO Info'!A:C,3,0) -> #N/A | Q28: =LEFT(D28,3) -> EXN | R28: =VLOOKUP(D28,'[4]SBC And PowerCO Info'!A:N,12,0) -> #N/A | S28: =_xlfn.CONCAT(Table4[[#This Row],[Site Name]], ": ", IF(ISNUMBER(SEARCH(CHAR(10),J28)), LEFT(J28, SEARCH(CHAR(10),J28)-1), J28)) -> EXN_511_H_KOUSSERI-KAWADJI: New site not yet transferred to MSP | T28: =IF(ISNA(VLOOKUP([5]!Table4[[#This Row],[Site ID]],[5]PMO!A:A,1,0)),"No","Yes") -> Yes | U28: =VLOOKUP(Table4[[#This Row],[Site ID]],'[6]URH & URZ'!$A:$C,3,0) -> #N/A | V28: =VLOOKUP(Table4[[#This Row],[Site ID]],[6]NSB!$A:$C,3,0) -> Not Transferred | W28: =VLOOKUP(Table4[[#This Row],[Site ID]],[7]OCTOBRE_25!$J:$L,3,0) -> #N/A
C29: NTENYING1_G9U9L8L7_N_SUD_161 | D29: SUD_161 | E29: =VLOOKUP(D29,[2]ACTIF!$A:$D,4,0) -> #N/A | F29: =VLOOKUP(D29,[2]ACTIF!$A:$C,3,0) -> #N/A | G29: =VLOOKUP(Table4[[#This Row],[Site ID]],Extract!D:G,4,0) -> 46129.889 | H29: =NOW() - G29 + TIME(1,0,0) -> 10.943152 | I29: TX MW | J29: 27/04/2026 Carte core disponible à Ngaoundéré utilisée pour restaurer le site de Mbideng-II, nouvelle commande passée à OCM 22.04.26; Carte core disponible à Ngaoundéré utilisée pour restaurer le site de Mbideng-II, nouvelle commande passée à OCM 19.04.26; Carte core disponible à Ngaoundéré et sera expédiée sur Yaoundé, ETD à préciser, escalade faite à M. Théo et M. Essode 19.04.26; Carte core EVO 1G faulty, commande passée au SPM et vérifications en cours 18.04.26; Carte core EVO 1G faulty, commande en cours 18.04.26; Need FME on site to check MPR status and antenna chain of ODU 3.1; FME Dominique is informed, ETA=12H UTC 17.04.26; Camusat FME is managing | K29: OCM SPMS | L29: =IF(NOT(ISERROR(SEARCH("_URH_",Table4[[#This Row],[Site Name]]))), "Huawei_Rural", IF(NOT(ISERROR(SEARCH("_H_",Table4[[#This Row],[Site Name]]))), "Huawei",IF(NOT(ISERROR(SEARCH("_Z_",Table4[[#This Row],[Site Name]]))), "ZTE","Nokia"))) -> Nokia | M29: =IF(H29 < 1/24, "T<1H", IF(AND(H29<2/24, H29>1/24), "1H<T<2H", IF(AND(H29<4/24, H29>2/24), "2H<T<4H", IF(AND(H29<8/24, H29>4/24), "4H<T<8H", IF(AND(H29<16/24, H29>8/24), "8H<T<16H",IF(AND(H29<24/24, H29>16/24),"16H<T<24H", IF(AND(H29<48/24, H29>24/24),"24H<T<48H", "T>48H"))))))) -> T>48H | N29: NE3SWS AGENT NOT RESPONDING TO REQUESTS | O29: =IF(J29="Power Status check Ongoing", "En Attente status Power", IF(J29<>"Power Status check Ongoing", _xlfn.CONCAT(K29, " ", "Ongoing"))) -> OCM SPMS Ongoing | P29: =VLOOKUP(D29,'[3]SBC And PowerCO Info'!A:C,3,0) -> #N/A | Q29: =LEFT(D29,3) -> SUD | R29: =VLOOKUP(D29,'[4]SBC And PowerCO Info'!A:N,12,0) -> #N/A | S29: =_xlfn.CONCAT(Table4[[#This Row],[Site Name]], ": ", IF(ISNUMBER(SEARCH(CHAR(10),J29)), LEFT(J29, SEARCH(CHAR(10),J29)-1), J29)) -> NTENYING1_G9U9L8L7_N_SUD_161: 27/04/2026 Carte core disponible à Ngaoundéré utilisée pour restaurer le site de Mbideng-II, nouvelle commande passée à OCM | T29: =IF(ISNA(VLOOKUP([5]!Table4[[#This Row],[Site ID]],[5]PMO!A:A,1,0)),"No","Yes") -> Yes | U29: =VLOOKUP(Table4[[#This Row],[Site ID]],'[6]URH & URZ'!$A:$C,3,0) -> #N/A | V29: =VLOOKUP(Table4[[#This Row],[Site ID]],[6]NSB!$A:$C,3,0) -> #N/A | W29: =VLOOKUP(Table4[[#This Row],[Site ID]],[7]OCTOBRE_25!$J:$L,3,0) -> Ntenying
C30: NRD_168_H_Reserve-Benoue | D30: NRD_168 | E30: =VLOOKUP(D30,[2]ACTIF!$A:$D,4,0) -> Camusat | F30: =VLOOKUP(D30,[2]ACTIF!$A:$C,3,0) -> Hybrid Solar - S3 | G30: =VLOOKUP(Table4[[#This Row],[Site ID]],Extract!D:G,4,0) -> 2026-04-18 21:30:38 | H30: =NOW() - G30 + TIME(1,0,0) -> 9.9355936 | I30: TX MW | J30: 20.04.26; ODU MPT MC 8GHZ 3DB20773CB faulty and not available, order done to OCM 19.04.26; ODU 3DB20773CB faulty, commande en cours 19.04.26; Besoin d'un FME sur NRD_172_SAKDJE pour vérifier la chaine antennaire de l'ODU 4.3; FME Belo activé pour investigations, ETA=17H UTC | K30: OCM SPMS | L30: =IF(NOT(ISERROR(SEARCH("_URH_",Table4[[#This Row],[Site Name]]))), "Huawei_Rural", IF(NOT(ISERROR(SEARCH("_H_",Table4[[#This Row],[Site Name]]))), "Huawei",IF(NOT(ISERROR(SEARCH("_Z_",Table4[[#This Row],[Site Name]]))), "ZTE","Nokia"))) -> Huawei | M30: =IF(H30 < 1/24, "T<1H", IF(AND(H30<2/24, H30>1/24), "1H<T<2H", IF(AND(H30<4/24, H30>2/24), "2H<T<4H", IF(AND(H30<8/24, H30>4/24), "4H<T<8H", IF(AND(H30<16/24, H30>8/24), "8H<T<16H",IF(AND(H30<24/24, H30>16/24),"16H<T<24H", IF(AND(H30<48/24, H30>24/24),"24H<T<48H", "T>48H"))))))) -> T>48H | N30: NE Is Disconnected | O30: =IF(J30="Power Status check Ongoing", "En Attente status Power", IF(J30<>"Power Status check Ongoing", _xlfn.CONCAT(K30, " ", "Ongoing"))) -> OCM SPMS Ongoing | P30: =VLOOKUP(D30,'[3]SBC And PowerCO Info'!A:C,3,0) -> NRD | Q30: =LEFT(D30,3) -> NRD | R30: =VLOOKUP(D30,'[4]SBC And PowerCO Info'!A:N,12,0) -> TIF NORD | S30: =_xlfn.CONCAT(Table4[[#This Row],[Site Name]], ": ", IF(ISNUMBER(SEARCH(CHAR(10),J30)), LEFT(J30, SEARCH(CHAR(10),J30)-1), J30)) -> NRD_168_H_Reserve-Benoue: 20.04.26; ODU MPT MC 8GHZ 3DB20773CB faulty and not available, order done to OCM | T30: =IF(ISNA(VLOOKUP([5]!Table4[[#This Row],[Site ID]],[5]PMO!A:A,1,0)),"No","Yes") -> Yes | U30: =VLOOKUP(Table4[[#This Row],[Site ID]],'[6]URH & URZ'!$A:$C,3,0) -> #N/A | V30: =VLOOKUP(Table4[[#This Row],[Site ID]],[6]NSB!$A:$C,3,0) -> #N/A | W30: =VLOOKUP(Table4[[#This Row],[Site ID]],[7]OCTOBRE_25!$J:$L,3,0) -> Reserve Benoue
C31: Meidougou-MTN_G18L18L8_ADM_062 | D31: ADM_062 | E31: =VLOOKUP(D31,[2]ACTIF!$A:$D,4,0) -> IHS | F31: =VLOOKUP(D31,[2]ACTIF!$A:$C,3,0) -> Grid-Gen-Lithium | G31: =VLOOKUP(Table4[[#This Row],[Site ID]],Extract!D:G,4,0) -> 46131.001 | H31: =NOW() - G31 + TIME(1,0,0) -> 9.8309987 | I31: TX MW | J31: 28.04.2026: Spare FSMF Faulty Commande passee au WH de Garoua et Expediee a Ngaoundere Nouvelle ETD communiques par le SPM 28.04.2026 26/04/2026 FSMF expedié de GAROUA ETD=27.04.2025 24.04.2026: Apres conf call effectuer avec THEO et Kingsley. Les spare seront expediee par ESICO ce Jours De Garoua pour Ngaoundere ETD=24.04.2025 22.04.2026: Apres conf call effectuer avec THEO et Kingsley. Les spare seront expediee par ESICO ce Jours De Garoua pour Ngaoundere ETD=23.04.2025 21.04.26; Site foudroyé les deux FSMF en défaut ils redémarre en continu nécessaire en remplacement.Pièces de rechange disponible à GAROUA, en attente update SPM pour l'ETD 20.04.2026: Site foudroyé les deux FSMF en défaut ils redémarre en continu nécessaire en remplacement.Commande en cours. Update ASAP 20.04.2026: FME activé, ETA 12H 19.04.26; Besoin d'un FME sur site pour vérifier le statut des 2 BTS, leur alimentation et leur interco avec le MPR S1P1&2; FME Hippolite activé pour investigations, update ASAP | K31: HW SPMS | L31: =IF(NOT(ISERROR(SEARCH("_URH_",Table4[[#This Row],[Site Name]]))), "Huawei_Rural", IF(NOT(ISERROR(SEARCH("_H_",Table4[[#This Row],[Site Name]]))), "Huawei",IF(NOT(ISERROR(SEARCH("_Z_",Table4[[#This Row],[Site Name]]))), "ZTE","Nokia"))) -> Nokia | M31: =IF(H31 < 1/24, "T<1H", IF(AND(H31<2/24, H31>1/24), "1H<T<2H", IF(AND(H31<4/24, H31>2/24), "2H<T<4H", IF(AND(H31<8/24, H31>4/24), "4H<T<8H", IF(AND(H31<16/24, H31>8/24), "8H<T<16H",IF(AND(H31<24/24, H31>16/24),"16H<T<24H", IF(AND(H31<48/24, H31>24/24),"24H<T<48H", "T>48H"))))))) -> T>48H | N31: NE3SWS AGENT NOT RESPONDING TO REQUESTS | O31: =IF(J31="Power Status check Ongoing", "En Attente status Power", IF(J31<>"Power Status check Ongoing", _xlfn.CONCAT(K31, " ", "Ongoing"))) -> HW SPMS Ongoing | P31: =VLOOKUP(D31,'[3]SBC And PowerCO Info'!A:C,3,0) -> ADM | Q31: =LEFT(D31,3) -> ADM | R31: =VLOOKUP(D31,'[4]SBC And PowerCO Info'!A:N,12,0) -> TIF NORD | S31: =_xlfn.CONCAT(Table4[[#This Row],[Site Name]], ": ", IF(ISNUMBER(SEARCH(CHAR(10),J31)), LEFT(J31, SEARCH(CHAR(10),J31)-1), J31)) -> Meidougou-MTN_G18L18L8_ADM_062: 28.04.2026: Spare FSMF Faulty Commande passee au WH de Garoua et Expediee a Ngaoundere Nouvelle ETD communiques par le SPM 28.04.2026 | T31: =IF(ISNA(VLOOKUP([5]!Table4[[#This Row],[Site ID]],[5]PMO!A:A,1,0)),"No","Yes") -> Yes | U31: =VLOOKUP(Table4[[#This Row],[Site ID]],'[6]URH & URZ'!$A:$C,3,0) -> #N/A | V31: =VLOOKUP(Table4[[#This Row],[Site ID]],[6]NSB!$A:$C,3,0) -> #N/A | W31: =VLOOKUP(Table4[[#This Row],[Site ID]],[7]OCTOBRE_25!$J:$L,3,0) -> Meidougou
C32: SUD_215_Z_Fifinda-MTN | D32: SUD_215 | E32: =VLOOKUP(D32,[2]ACTIF!$A:$D,4,0) -> IHS | F32: =VLOOKUP(D32,[2]ACTIF!$A:$C,3,0) -> Grid-Gen | G32: =VLOOKUP(Table4[[#This Row],[Site ID]],Extract!D:G,4,0) -> 2026-04-19 08:51:46 | H32: =NOW() - G32 + TIME(1,0,0) -> 9.4625844 | I32: TX MW | J32: 22.04.26: Expédition de la carte flash en cours de Douala, ETD=22.04.26. Par ailleurs, FO MPR<>ODU pas disponible, commande passée à OCM 21.04.26; Expédition du matériel en cours de Douala, ETD=22.04.26 20.04.26; Carte flash et FO MPR<>ODU faulty, commande en cours 20.04.26; Carte flash faulty, commande en cours, en parrallèle, FME en route pour le site de Pama pour vérifier la chaine antennaire de l'ODU, ETA=11H UTC 19.04.26; Besoin d'un FME sur SUD_004_Pama pour vérifier la chaine antennaire de l'ODU 5.3; FME Lucien activé pour investigations, update ASAP | K32: OCM SPMS | L32: =IF(NOT(ISERROR(SEARCH("_URH_",Table4[[#This Row],[Site Name]]))), "Huawei_Rural", IF(NOT(ISERROR(SEARCH("_H_",Table4[[#This Row],[Site Name]]))), "Huawei",IF(NOT(ISERROR(SEARCH("_Z_",Table4[[#This Row],[Site Name]]))), "ZTE","Nokia"))) -> ZTE | M32: =IF(H32 < 1/24, "T<1H", IF(AND(H32<2/24, H32>1/24), "1H<T<2H", IF(AND(H32<4/24, H32>2/24), "2H<T<4H", IF(AND(H32<8/24, H32>4/24), "4H<T<8H", IF(AND(H32<16/24, H32>8/24), "8H<T<16H",IF(AND(H32<24/24, H32>16/24),"16H<T<24H", IF(AND(H32<48/24, H32>24/24),"24H<T<48H", "T>48H"))))))) -> T>48H | O32: =IF(J32="Power Status check Ongoing", "En Attente status Power", IF(J32<>"Power Status check Ongoing", _xlfn.CONCAT(K32, " ", "Ongoing"))) -> OCM SPMS Ongoing | P32: =VLOOKUP(D32,'[3]SBC And PowerCO Info'!A:C,3,0) -> SUD | Q32: =LEFT(D32,3) -> SUD | R32: =VLOOKUP(D32,'[4]SBC And PowerCO Info'!A:N,12,0) -> H-TELI | S32: =_xlfn.CONCAT(Table4[[#This Row],[Site Name]], ": ", IF(ISNUMBER(SEARCH(CHAR(10),J32)), LEFT(J32, SEARCH(CHAR(10),J32)-1), J32)) -> SUD_215_Z_Fifinda-MTN: 22.04.26: Expédition de la carte flash en cours de Douala, ETD=22.04.26. Par ailleurs, FO MPR<>ODU pas disponible, commande passée à OCM | T32: =IF(ISNA(VLOOKUP([5]!Table4[[#This Row],[Site ID]],[5]PMO!A:A,1,0)),"No","Yes") -> Yes | U32: =VLOOKUP(Table4[[#This Row],[Site ID]],'[6]URH & URZ'!$A:$C,3,0) -> #N/A | V32: =VLOOKUP(Table4[[#This Row],[Site ID]],[6]NSB!$A:$C,3,0) -> #N/A | W32: =VLOOKUP(Table4[[#This Row],[Site ID]],[7]OCTOBRE_25!$J:$L,3,0) -> Fifinda
C33: SUO_195_H_Wonya-Mavio-IHS | D33: SUO_195 | E33: =VLOOKUP(D33,[2]ACTIF!$A:$D,4,0) -> IHS | F33: =VLOOKUP(D33,[2]ACTIF!$A:$C,3,0) -> Grid-Gen | G33: =VLOOKUP(Table4[[#This Row],[Site ID]],Extract!D:G,4,0) -> 2026-04-19 11:16:44 | H33: =NOW() - G33 + TIME(1,0,0) -> 9.3619131 | I33: TX MW | J33: 20.04.26; Carte EAC 3DB19417AA faulty, commande passée vers OCM 19.04.26; Besoin d'un FME sur SUO_077_H_Buea-David-Square pour vérifier la chaine antennaire de l'ODU 3.2; FME Fabien activé pour investigations, update ASAP 19.04.26; Reste down après l'incident P2 sur Buea-David | K33: OCM SPMS | L33: =IF(NOT(ISERROR(SEARCH("_URH_",Table4[[#This Row],[Site Name]]))), "Huawei_Rural", IF(NOT(ISERROR(SEARCH("_H_",Table4[[#This Row],[Site Name]]))), "Huawei",IF(NOT(ISERROR(SEARCH("_Z_",Table4[[#This Row],[Site Name]]))), "ZTE","Nokia"))) -> Huawei | M33: =IF(H33 < 1/24, "T<1H", IF(AND(H33<2/24, H33>1/24), "1H<T<2H", IF(AND(H33<4/24, H33>2/24), "2H<T<4H", IF(AND(H33<8/24, H33>4/24), "4H<T<8H", IF(AND(H33<16/24, H33>8/24), "8H<T<16H",IF(AND(H33<24/24, H33>16/24),"16H<T<24H", IF(AND(H33<48/24, H33>24/24),"24H<T<48H", "T>48H"))))))) -> T>48H | N33: NE Is Disconnected | O33: =IF(J33="Power Status check Ongoing", "En Attente status Power", IF(J33<>"Power Status check Ongoing", _xlfn.CONCAT(K33, " ", "Ongoing"))) -> OCM SPMS Ongoing | P33: =VLOOKUP(D33,'[3]SBC And PowerCO Info'!A:C,3,0) -> SUO | Q33: =LEFT(D33,3) -> SUO | R33: =VLOOKUP(D33,'[4]SBC And PowerCO Info'!A:N,12,0) -> H-TELI | S33: =_xlfn.CONCAT(Table4[[#This Row],[Site Name]], ": ", IF(ISNUMBER(SEARCH(CHAR(10),J33)), LEFT(J33, SEARCH(CHAR(10),J33)-1), J33)) -> SUO_195_H_Wonya-Mavio-IHS: 20.04.26; Carte EAC 3DB19417AA faulty, commande passée vers OCM | T33: =IF(ISNA(VLOOKUP([5]!Table4[[#This Row],[Site ID]],[5]PMO!A:A,1,0)),"No","Yes") -> Yes | U33: =VLOOKUP(Table4[[#This Row],[Site ID]],'[6]URH & URZ'!$A:$C,3,0) -> #N/A | V33: =VLOOKUP(Table4[[#This Row],[Site ID]],[6]NSB!$A:$C,3,0) -> #N/A | W33: =VLOOKUP(Table4[[#This Row],[Site ID]],[7]OCTOBRE_25!$J:$L,3,0) -> Buea
C34: CTR_757_Z_Ndokoa-IHS | D34: CTR_757 | E34: =VLOOKUP(D34,[2]ACTIF!$A:$D,4,0) -> IHS | F34: =VLOOKUP(D34,[2]ACTIF!$A:$C,3,0) -> Solar-Gen-Lithium | G34: =VLOOKUP(Table4[[#This Row],[Site ID]],Extract!D:G,4,0) -> 2026-04-20 18:36:49 | H34: =NOW() - G34 + TIME(1,0,0) -> 8.0562997 | I34: TX MW | J34: Impacted by CTR_699_N_Batchenga-Nachtigal-IHS (TX issue) | K34: Hammer | L34: =IF(NOT(ISERROR(SEARCH("_URH_",Table4[[#This Row],[Site Name]]))), "Huawei_Rural", IF(NOT(ISERROR(SEARCH("_H_",Table4[[#This Row],[Site Name]]))), "Huawei",IF(NOT(ISERROR(SEARCH("_Z_",Table4[[#This Row],[Site Name]]))), "ZTE","Nokia"))) -> ZTE | M34: =IF(H34 < 1/24, "T<1H", IF(AND(H34<2/24, H34>1/24), "1H<T<2H", IF(AND(H34<4/24, H34>2/24), "2H<T<4H", IF(AND(H34<8/24, H34>4/24), "4H<T<8H", IF(AND(H34<16/24, H34>8/24), "8H<T<16H",IF(AND(H34<24/24, H34>16/24),"16H<T<24H", IF(AND(H34<48/24, H34>24/24),"24H<T<48H", "T>48H"))))))) -> T>48H | O34: =IF(J34="Power Status check Ongoing", "En Attente status Power", IF(J34<>"Power Status check Ongoing", _xlfn.CONCAT(K34, " ", "Ongoing"))) -> Hammer Ongoing | P34: =VLOOKUP(D34,'[3]SBC And PowerCO Info'!A:C,3,0) -> CTR | Q34: =LEFT(D34,3) -> CTR | R34: =VLOOKUP(D34,'[4]SBC And PowerCO Info'!A:N,12,0) -> AFRO | S34: =_xlfn.CONCAT(Table4[[#This Row],[Site Name]], ": ", IF(ISNUMBER(SEARCH(CHAR(10),J34)), LEFT(J34, SEARCH(CHAR(10),J34)-1), J34)) -> CTR_757_Z_Ndokoa-IHS: Impacted by CTR_699_N_Batchenga-Nachtigal-IHS (TX issue) | T34: =IF(ISNA(VLOOKUP([5]!Table4[[#This Row],[Site ID]],[5]PMO!A:A,1,0)),"No","Yes") -> Yes | U34: =VLOOKUP(Table4[[#This Row],[Site ID]],'[6]URH & URZ'!$A:$C,3,0) -> #N/A | V34: =VLOOKUP(Table4[[#This Row],[Site ID]],[6]NSB!$A:$C,3,0) -> #N/A | W34: =VLOOKUP(Table4[[#This Row],[Site ID]],[7]OCTOBRE_25!$J:$L,3,0) -> Ndokoa
C35: CTR_826_Z_Ntui-Ecole-Publique | D35: CTR_826 | E35: =VLOOKUP(D35,[2]ACTIF!$A:$D,4,0) -> Camusat | F35: =VLOOKUP(D35,[2]ACTIF!$A:$C,3,0) -> HGB | G35: =VLOOKUP(Table4[[#This Row],[Site ID]],Extract!D:G,4,0) -> 2026-04-20 19:15:45 | H35: =NOW() - G35 + TIME(1,0,0) -> 8.0292626 | I35: TX MW | J35: 22.04.26; Carte EAC disponible et transfert en cours de Bafousssam, ETD=22.04.26 mais chassis MSS8 pas disponible, commande faite à OCM 21/04/2026 Chassi MSS8, FAN et carte EAC de MPR_NTUI_2 commande en cours 20/04/2026 Besoin d'un fme sur site de MPR_NTUI_1 pour verifier le stacking entre les MPR S1P1; FME Apiang activé pour, pour investigations, ETA=18H UTC | K35: OCM SPMS | L35: =IF(NOT(ISERROR(SEARCH("_URH_",Table4[[#This Row],[Site Name]]))), "Huawei_Rural", IF(NOT(ISERROR(SEARCH("_H_",Table4[[#This Row],[Site Name]]))), "Huawei",IF(NOT(ISERROR(SEARCH("_Z_",Table4[[#This Row],[Site Name]]))), "ZTE","Nokia"))) -> ZTE | M35: =IF(H35 < 1/24, "T<1H", IF(AND(H35<2/24, H35>1/24), "1H<T<2H", IF(AND(H35<4/24, H35>2/24), "2H<T<4H", IF(AND(H35<8/24, H35>4/24), "4H<T<8H", IF(AND(H35<16/24, H35>8/24), "8H<T<16H",IF(AND(H35<24/24, H35>16/24),"16H<T<24H", IF(AND(H35<48/24, H35>24/24),"24H<T<48H", "T>48H"))))))) -> T>48H | O35: =IF(J35="Power Status check Ongoing", "En Attente status Power", IF(J35<>"Power Status check Ongoing", _xlfn.CONCAT(K35, " ", "Ongoing"))) -> OCM SPMS Ongoing | P35: =VLOOKUP(D35,'[3]SBC And PowerCO Info'!A:C,3,0) -> CTR | Q35: =LEFT(D35,3) -> CTR | R35: =VLOOKUP(D35,'[4]SBC And PowerCO Info'!A:N,12,0) -> I-ENG | S35: =_xlfn.CONCAT(Table4[[#This Row],[Site Name]], ": ", IF(ISNUMBER(SEARCH(CHAR(10),J35)), LEFT(J35, SEARCH(CHAR(10),J35)-1), J35)) -> CTR_826_Z_Ntui-Ecole-Publique: 22.04.26; Carte EAC disponible et transfert en cours de Bafousssam, ETD=22.04.26 mais chassis MSS8 pas disponible, commande faite à OCM | T35: =IF(ISNA(VLOOKUP([5]!Table4[[#This Row],[Site ID]],[5]PMO!A:A,1,0)),"No","Yes") -> Yes | U35: =VLOOKUP(Table4[[#This Row],[Site ID]],'[6]URH & URZ'!$A:$C,3,0) -> #N/A | V35: =VLOOKUP(Table4[[#This Row],[Site ID]],[6]NSB!$A:$C,3,0) -> #N/A | W35: =VLOOKUP(Table4[[#This Row],[Site ID]],[7]OCTOBRE_25!$J:$L,3,0) -> #N/A
C36: Madingring_L18L8L26_NRD_036 | D36: NRD_036 | E36: =VLOOKUP(D36,[2]ACTIF!$A:$D,4,0) -> IHS | F36: =VLOOKUP(D36,[2]ACTIF!$A:$C,3,0) -> Solar-Gen-Lithium | G36: =VLOOKUP(Table4[[#This Row],[Site ID]],Extract!D:G,4,0) -> 46133.473 | H36: =NOW() - G36 + TIME(1,0,0) -> 7.3587765 | I36: New site | J36: New BTS installed and not yet accepted | K36: OCM ING | L36: =IF(NOT(ISERROR(SEARCH("_URH_",Table4[[#This Row],[Site Name]]))), "Huawei_Rural", IF(NOT(ISERROR(SEARCH("_H_",Table4[[#This Row],[Site Name]]))), "Huawei",IF(NOT(ISERROR(SEARCH("_Z_",Table4[[#This Row],[Site Name]]))), "ZTE","Nokia"))) -> Nokia | M36: =IF(H36 < 1/24, "T<1H", IF(AND(H36<2/24, H36>1/24), "1H<T<2H", IF(AND(H36<4/24, H36>2/24), "2H<T<4H", IF(AND(H36<8/24, H36>4/24), "4H<T<8H", IF(AND(H36<16/24, H36>8/24), "8H<T<16H",IF(AND(H36<24/24, H36>16/24),"16H<T<24H", IF(AND(H36<48/24, H36>24/24),"24H<T<48H", "T>48H"))))))) -> T>48H | N36: NE3SWS AGENT NOT RESPONDING TO REQUESTS | O36: =IF(J36="Power Status check Ongoing", "En Attente status Power", IF(J36<>"Power Status check Ongoing", _xlfn.CONCAT(K36, " ", "Ongoing"))) -> OCM ING Ongoing | P36: =VLOOKUP(D36,'[3]SBC And PowerCO Info'!A:C,3,0) -> NRD | Q36: =LEFT(D36,3) -> NRD | R36: =VLOOKUP(D36,'[4]SBC And PowerCO Info'!A:N,12,0) -> TIF NORD | S36: =_xlfn.CONCAT(Table4[[#This Row],[Site Name]], ": ", IF(ISNUMBER(SEARCH(CHAR(10),J36)), LEFT(J36, SEARCH(CHAR(10),J36)-1), J36)) -> Madingring_L18L8L26_NRD_036: New BTS installed and not yet accepted | T36: =IF(ISNA(VLOOKUP([5]!Table4[[#This Row],[Site ID]],[5]PMO!A:A,1,0)),"No","Yes") -> Yes | U36: =VLOOKUP(Table4[[#This Row],[Site ID]],'[6]URH & URZ'!$A:$C,3,0) -> #N/A | V36: =VLOOKUP(Table4[[#This Row],[Site ID]],[6]NSB!$A:$C,3,0) -> #N/A | W36: =VLOOKUP(Table4[[#This Row],[Site ID]],[7]OCTOBRE_25!$J:$L,3,0) -> Madingring
C37: Ekekam-MTN-IHS_U9U21_CTR_694 | D37: CTR_694 | E37: =VLOOKUP(D37,[2]ACTIF!$A:$D,4,0) -> IHS | F37: =VLOOKUP(D37,[2]ACTIF!$A:$C,3,0) -> Gen-Lithium | G37: =VLOOKUP(Table4[[#This Row],[Site ID]],Extract!D:G,4,0) -> 46133.537 | H37: =NOW() - G37 + TIME(1,0,0) -> 7.2952464 | I37: TX MW | J37: 28.04.2026: FME Sur site intervention retardee par la pluie. Update ASAP 27/04/2026 ODU en cours de dementelement 22.04.26; ODU MPT 7-8G 3DB20859AC faulty and not available, order done to customer 21/04/2026 Après avoir resertir le connecteur RJ45 côté IDU , L'ODU ne s'allume pas. Les check vont continuer demain en aérien il fait déjà nuit. 21.04.26; Besoin d'un FME sur CTR_006_Mbankolo pour vérifier la chaine antennaire de l'ODU 6.2 sur le 10G_MPR_2; CM-20260421-00002876; FME Brice activé pour investigations, ETA=18H UTC | K37: AFRO | L37: =IF(NOT(ISERROR(SEARCH("_URH_",Table4[[#This Row],[Site Name]]))), "Huawei_Rural", IF(NOT(ISERROR(SEARCH("_H_",Table4[[#This Row],[Site Name]]))), "Huawei",IF(NOT(ISERROR(SEARCH("_Z_",Table4[[#This Row],[Site Name]]))), "ZTE","Nokia"))) -> Nokia | M37: =IF(H37 < 1/24, "T<1H", IF(AND(H37<2/24, H37>1/24), "1H<T<2H", IF(AND(H37<4/24, H37>2/24), "2H<T<4H", IF(AND(H37<8/24, H37>4/24), "4H<T<8H", IF(AND(H37<16/24, H37>8/24), "8H<T<16H",IF(AND(H37<24/24, H37>16/24),"16H<T<24H", IF(AND(H37<48/24, H37>24/24),"24H<T<48H", "T>48H"))))))) -> T>48H | N37: NE3SWS AGENT NOT RESPONDING TO REQUESTS | O37: =IF(J37="Power Status check Ongoing", "En Attente status Power", IF(J37<>"Power Status check Ongoing", _xlfn.CONCAT(K37, " ", "Ongoing"))) -> AFRO Ongoing | P37: =VLOOKUP(D37,'[3]SBC And PowerCO Info'!A:C,3,0) -> CTR | Q37: =LEFT(D37,3) -> CTR | R37: =VLOOKUP(D37,'[4]SBC And PowerCO Info'!A:N,12,0) -> AFRO | S37: =_xlfn.CONCAT(Table4[[#This Row],[Site Name]], ": ", IF(ISNUMBER(SEARCH(CHAR(10),J37)), LEFT(J37, SEARCH(CHAR(10),J37)-1), J37)) -> Ekekam-MTN-IHS_U9U21_CTR_694: 28.04.2026: FME Sur site intervention retardee par la pluie. Update ASAP | T37: =IF(ISNA(VLOOKUP([5]!Table4[[#This Row],[Site ID]],[5]PMO!A:A,1,0)),"No","Yes") -> Yes | U37: =VLOOKUP(Table4[[#This Row],[Site ID]],'[6]URH & URZ'!$A:$C,3,0) -> #N/A | V37: =VLOOKUP(Table4[[#This Row],[Site ID]],[6]NSB!$A:$C,3,0) -> #N/A | W37: =VLOOKUP(Table4[[#This Row],[Site ID]],[7]OCTOBRE_25!$J:$L,3,0) -> #N/A
C38: CTR_911_Z_Nkolfon-Cimencam-IHS | D38: CTR_911 | E38: =VLOOKUP(D38,[2]ACTIF!$A:$D,4,0) -> IHS | F38: =VLOOKUP(D38,[2]ACTIF!$A:$C,3,0) -> #N/A | G38: =VLOOKUP(Table4[[#This Row],[Site ID]],Extract!D:G,4,0) -> 2026-04-21 21:12:42 | H38: =NOW() - G38 + TIME(1,0,0) -> 6.9480473 | I38: TX MW | J38: 22.04.26: Carte core EVO 1G et pas disponible en stock, commande en cours vers OCM 22.04.26; FME Samba en route pour le site, ETA=11H UTC | FME sur site et investigations en cours, carte core EVO 1G probablement faulty 21/04/2026 Besoin d'un fme sur site pour verifier le status du MPR fme activé | K38: OCM SPMS | L38: =IF(NOT(ISERROR(SEARCH("_URH_",Table4[[#This Row],[Site Name]]))), "Huawei_Rural", IF(NOT(ISERROR(SEARCH("_H_",Table4[[#This Row],[Site Name]]))), "Huawei",IF(NOT(ISERROR(SEARCH("_Z_",Table4[[#This Row],[Site Name]]))), "ZTE","Nokia"))) -> ZTE | M38: =IF(H38 < 1/24, "T<1H", IF(AND(H38<2/24, H38>1/24), "1H<T<2H", IF(AND(H38<4/24, H38>2/24), "2H<T<4H", IF(AND(H38<8/24, H38>4/24), "4H<T<8H", IF(AND(H38<16/24, H38>8/24), "8H<T<16H",IF(AND(H38<24/24, H38>16/24),"16H<T<24H", IF(AND(H38<48/24, H38>24/24),"24H<T<48H", "T>48H"))))))) -> T>48H | O38: =IF(J38="Power Status check Ongoing", "En Attente status Power", IF(J38<>"Power Status check Ongoing", _xlfn.CONCAT(K38, " ", "Ongoing"))) -> OCM SPMS Ongoing | P38: =VLOOKUP(D38,'[3]SBC And PowerCO Info'!A:C,3,0) -> CTR | Q38: =LEFT(D38,3) -> CTR | R38: =VLOOKUP(D38,'[4]SBC And PowerCO Info'!A:N,12,0) -> AFRO | S38: =_xlfn.CONCAT(Table4[[#This Row],[Site Name]], ": ", IF(ISNUMBER(SEARCH(CHAR(10),J38)), LEFT(J38, SEARCH(CHAR(10),J38)-1), J38)) -> CTR_911_Z_Nkolfon-Cimencam-IHS: 22.04.26: Carte core EVO 1G et pas disponible en stock, commande en cours vers OCM | T38: =IF(ISNA(VLOOKUP([5]!Table4[[#This Row],[Site ID]],[5]PMO!A:A,1,0)),"No","Yes") -> Yes | U38: =VLOOKUP(Table4[[#This Row],[Site ID]],'[6]URH & URZ'!$A:$C,3,0) -> #N/A | V38: =VLOOKUP(Table4[[#This Row],[Site ID]],[6]NSB!$A:$C,3,0) -> #N/A | W38: =VLOOKUP(Table4[[#This Row],[Site ID]],[7]OCTOBRE_25!$J:$L,3,0) -> Mbankomo
C39: Songloulou-IHS_G9U9U21_LIT_200 | D39: LIT_200 | E39: =VLOOKUP(D39,[2]ACTIF!$A:$D,4,0) -> IHS | F39: =VLOOKUP(D39,[2]ACTIF!$A:$C,3,0) -> Grid-Gen | G39: =VLOOKUP(Table4[[#This Row],[Site ID]],Extract!D:G,4,0) -> 46133.926 | H39: =NOW() - G39 + TIME(1,0,0) -> 6.9060103 | I39: TX MW | J39: 28.04.2026: Spare dementelee et Expedition en cours vers EDEA ETD=28.04.2026 ETR=29/04/2026 27/04/2026 ODU en cours de dementelement 27/04/2026 ODU MPT 7-8G 3DB20858AC faulty en attente de retour OCM 26/04/2026 Feedback RM Honore : Faulty spare part to be replaced/SPM is managing 25/04/2026 FME en route ETA=12H UTC // FME sur site travaux en cours 24.04.26: ODU MPT 7-8 G pas disponible et commande en cours vers OCM. Cable Eth, carte MPT et chassis en cours d'expédition de Douala pour Edea, ETD=24.04.26, ETR=25.04.26 23.04.26: ODU MPT 7-8G 3DB20858AC faulty, cable Eth faulty, carte MPT faulty, commande passée et vérifications du SPM en cours 23.04.26: FME sur site et investigations en cours, update ASAP 22.04.26: Check en cours avec le level 0 qui est sur site actuellement et si NOK, suite des investigations en hauteur ce 23.04.26 22.04.26; Besoin d'un FME sur site pour vérifier la chaine antennaire de l'ODU 3.1; FME Charly activé pour investigations, ETA=14H UTC | K39: Hammer | L39: =IF(NOT(ISERROR(SEARCH("_URH_",Table4[[#This Row],[Site Name]]))), "Huawei_Rural", IF(NOT(ISERROR(SEARCH("_H_",Table4[[#This Row],[Site Name]]))), "Huawei",IF(NOT(ISERROR(SEARCH("_Z_",Table4[[#This Row],[Site Name]]))), "ZTE","Nokia"))) -> Nokia | M39: =IF(H39 < 1/24, "T<1H", IF(AND(H39<2/24, H39>1/24), "1H<T<2H", IF(AND(H39<4/24, H39>2/24), "2H<T<4H", IF(AND(H39<8/24, H39>4/24), "4H<T<8H", IF(AND(H39<16/24, H39>8/24), "8H<T<16H",IF(AND(H39<24/24, H39>16/24),"16H<T<24H", IF(AND(H39<48/24, H39>24/24),"24H<T<48H", "T>48H"))))))) -> T>48H | N39: NE3SWS AGENT NOT RESPONDING TO REQUESTS | O39: =IF(J39="Power Status check Ongoing", "En Attente status Power", IF(J39<>"Power Status check Ongoing", _xlfn.CONCAT(K39, " ", "Ongoing"))) -> Hammer Ongoing | P39: =VLOOKUP(D39,'[3]SBC And PowerCO Info'!A:C,3,0) -> LIT | Q39: =LEFT(D39,3) -> LIT | R39: =VLOOKUP(D39,'[4]SBC And PowerCO Info'!A:N,12,0) -> H-TELI | S39: =_xlfn.CONCAT(Table4[[#This Row],[Site Name]], ": ", IF(ISNUMBER(SEARCH(CHAR(10),J39)), LEFT(J39, SEARCH(CHAR(10),J39)-1), J39)) -> Songloulou-IHS_G9U9U21_LIT_200: 28.04.2026: Spare dementelee et Expedition en cours vers EDEA ETD=28.04.2026 ETR=29/04/2026 | T39: =IF(ISNA(VLOOKUP([5]!Table4[[#This Row],[Site ID]],[5]PMO!A:A,1,0)),"No","Yes") -> Yes | U39: =VLOOKUP(Table4[[#This Row],[Site ID]],'[6]URH & URZ'!$A:$C,3,0) -> #N/A | V39: =VLOOKUP(Table4[[#This Row],[Site ID]],[6]NSB!$A:$C,3,0) -> #N/A | W39: =VLOOKUP(Table4[[#This Row],[Site ID]],[7]OCTOBRE_25!$J:$L,3,0) -> Songloulou
C40: Kanga_G9U9U21_LIT_510 | D40: LIT_510 | E40: =VLOOKUP(D40,[2]ACTIF!$A:$D,4,0) -> IHS | F40: =VLOOKUP(D40,[2]ACTIF!$A:$C,3,0) -> Grid-Gen | G40: =VLOOKUP(Table4[[#This Row],[Site ID]],Extract!D:G,4,0) -> 46133.929 | H40: =NOW() - G40 + TIME(1,0,0) -> 6.9028853 | I40: TX MW | J40: Impacted by Songloulou-IHS_LIT_200 (TX issue) | K40: OCM SPMS | L40: =IF(NOT(ISERROR(SEARCH("_URH_",Table4[[#This Row],[Site Name]]))), "Huawei_Rural", IF(NOT(ISERROR(SEARCH("_H_",Table4[[#This Row],[Site Name]]))), "Huawei",IF(NOT(ISERROR(SEARCH("_Z_",Table4[[#This Row],[Site Name]]))), "ZTE","Nokia"))) -> Nokia | M40: =IF(H40 < 1/24, "T<1H", IF(AND(H40<2/24, H40>1/24), "1H<T<2H", IF(AND(H40<4/24, H40>2/24), "2H<T<4H", IF(AND(H40<8/24, H40>4/24), "4H<T<8H", IF(AND(H40<16/24, H40>8/24), "8H<T<16H",IF(AND(H40<24/24, H40>16/24),"16H<T<24H", IF(AND(H40<48/24, H40>24/24),"24H<T<48H", "T>48H"))))))) -> T>48H | N40: NE3SWS AGENT NOT RESPONDING TO REQUESTS | O40: =IF(J40="Power Status check Ongoing", "En Attente status Power", IF(J40<>"Power Status check Ongoing", _xlfn.CONCAT(K40, " ", "Ongoing"))) -> OCM SPMS Ongoing | P40: =VLOOKUP(D40,'[3]SBC And PowerCO Info'!A:C,3,0) -> LIT | Q40: =LEFT(D40,3) -> LIT | R40: =VLOOKUP(D40,'[4]SBC And PowerCO Info'!A:N,12,0) -> H-TELI | S40: =_xlfn.CONCAT(Table4[[#This Row],[Site Name]], ": ", IF(ISNUMBER(SEARCH(CHAR(10),J40)), LEFT(J40, SEARCH(CHAR(10),J40)-1), J40)) -> Kanga_G9U9U21_LIT_510: Impacted by Songloulou-IHS_LIT_200 (TX issue) | T40: =IF(ISNA(VLOOKUP([5]!Table4[[#This Row],[Site ID]],[5]PMO!A:A,1,0)),"No","Yes") -> Yes | U40: =VLOOKUP(Table4[[#This Row],[Site ID]],'[6]URH & URZ'!$A:$C,3,0) -> #N/A | V40: =VLOOKUP(Table4[[#This Row],[Site ID]],[6]NSB!$A:$C,3,0) -> #N/A | W40: =VLOOKUP(Table4[[#This Row],[Site ID]],[7]OCTOBRE_25!$J:$L,3,0) -> Massock-Songloulou
C41: Akonolinga-New-HIS_G9U9U21_CTR_938 | D41: CTR_938 | E41: =VLOOKUP(D41,[2]ACTIF!$A:$D,4,0) -> #N/A | F41: =VLOOKUP(D41,[2]ACTIF!$A:$C,3,0) -> #N/A | G41: =VLOOKUP(Table4[[#This Row],[Site ID]],Extract!D:G,4,0) -> 46134.072 | H41: =NOW() - G41 + TIME(1,0,0) -> 6.7598297 | I41: New site | J41: New site not yet transferred to MSP | K41: OCM ING | L41: =IF(NOT(ISERROR(SEARCH("_URH_",Table4[[#This Row],[Site Name]]))), "Huawei_Rural", IF(NOT(ISERROR(SEARCH("_H_",Table4[[#This Row],[Site Name]]))), "Huawei",IF(NOT(ISERROR(SEARCH("_Z_",Table4[[#This Row],[Site Name]]))), "ZTE","Nokia"))) -> Nokia | M41: =IF(H41 < 1/24, "T<1H", IF(AND(H41<2/24, H41>1/24), "1H<T<2H", IF(AND(H41<4/24, H41>2/24), "2H<T<4H", IF(AND(H41<8/24, H41>4/24), "4H<T<8H", IF(AND(H41<16/24, H41>8/24), "8H<T<16H",IF(AND(H41<24/24, H41>16/24),"16H<T<24H", IF(AND(H41<48/24, H41>24/24),"24H<T<48H", "T>48H"))))))) -> T>48H | N41: NE3SWS AGENT NOT RESPONDING TO REQUESTS | O41: =IF(J41="Power Status check Ongoing", "En Attente status Power", IF(J41<>"Power Status check Ongoing", _xlfn.CONCAT(K41, " ", "Ongoing"))) -> OCM ING Ongoing | P41: =VLOOKUP(D41,'[3]SBC And PowerCO Info'!A:C,3,0) -> #N/A | Q41: =LEFT(D41,3) -> CTR | R41: =VLOOKUP(D41,'[4]SBC And PowerCO Info'!A:N,12,0) -> #N/A | S41: =_xlfn.CONCAT(Table4[[#This Row],[Site Name]], ": ", IF(ISNUMBER(SEARCH(CHAR(10),J41)), LEFT(J41, SEARCH(CHAR(10),J41)-1), J41)) -> Akonolinga-New-HIS_G9U9U21_CTR_938: New site not yet transferred to MSP | T41: =IF(ISNA(VLOOKUP([5]!Table4[[#This Row],[Site ID]],[5]PMO!A:A,1,0)),"No","Yes") -> Yes | U41: =VLOOKUP(Table4[[#This Row],[Site ID]],'[6]URH & URZ'!$A:$C,3,0) -> #N/A | V41: =VLOOKUP(Table4[[#This Row],[Site ID]],[6]NSB!$A:$C,3,0) -> #N/A | W41: =VLOOKUP(Table4[[#This Row],[Site ID]],[7]OCTOBRE_25!$J:$L,3,0) -> #N/A
C42: SUO_232_H_Buea-Bwitingui-Road | D42: SUO_232 | E42: =VLOOKUP(D42,[2]ACTIF!$A:$D,4,0) -> Camusat | F42: =VLOOKUP(D42,[2]ACTIF!$A:$C,3,0) -> Medium Grid + GE | G42: =VLOOKUP(Table4[[#This Row],[Site ID]],Extract!D:G,4,0) -> 2026-04-23 09:08:04 | H42: =NOW() - G42 + TIME(1,0,0) -> 5.4512649 | I42: VENDALIZED | J42: 27/04/2026 Generateur vendalisé restauration en cours 27/04/2026 Remplacemet du cable prevue pour Mardi / NB: Lundi ghost Townn 26/04/2026 Remplacemet du cable prevue pour Mardi / NB: Lundi ghost Townn 25/04/2026 C'est le Générateur qui a été vandalisé. Pas de câble sectionné de notre côté.Camusat doit être interpellé point transmis a camusat 24.04.26: Site vendalisé et FME sera sur le site après l'intervention sur Ekata, ETA=18H UTC 23/04/2026 Site vandalisé inventaire demain 24/04/2026 23.04.26; Camusat; investigations ongoing/Technician is trying to manage with level0 | K42: camusat | L42: =IF(NOT(ISERROR(SEARCH("_URH_",Table4[[#This Row],[Site Name]]))), "Huawei_Rural", IF(NOT(ISERROR(SEARCH("_H_",Table4[[#This Row],[Site Name]]))), "Huawei",IF(NOT(ISERROR(SEARCH("_Z_",Table4[[#This Row],[Site Name]]))), "ZTE","Nokia"))) -> Huawei | M42: =IF(H42 < 1/24, "T<1H", IF(AND(H42<2/24, H42>1/24), "1H<T<2H", IF(AND(H42<4/24, H42>2/24), "2H<T<4H", IF(AND(H42<8/24, H42>4/24), "4H<T<8H", IF(AND(H42<16/24, H42>8/24), "8H<T<16H",IF(AND(H42<24/24, H42>16/24),"16H<T<24H", IF(AND(H42<48/24, H42>24/24),"24H<T<48H", "T>48H"))))))) -> T>48H | N42: NE Is Disconnected | O42: =IF(J42="Power Status check Ongoing", "En Attente status Power", IF(J42<>"Power Status check Ongoing", _xlfn.CONCAT(K42, " ", "Ongoing"))) -> camusat Ongoing | P42: =VLOOKUP(D42,'[3]SBC And PowerCO Info'!A:C,3,0) -> SUO | Q42: =LEFT(D42,3) -> SUO | R42: =VLOOKUP(D42,'[4]SBC And PowerCO Info'!A:N,12,0) -> H-TELI | S42: =_xlfn.CONCAT(Table4[[#This Row],[Site Name]], ": ", IF(ISNUMBER(SEARCH(CHAR(10),J42)), LEFT(J42, SEARCH(CHAR(10),J42)-1), J42)) -> SUO_232_H_Buea-Bwitingui-Road: 27/04/2026 Generateur vendalisé restauration en cours | T42: =IF(ISNA(VLOOKUP([5]!Table4[[#This Row],[Site ID]],[5]PMO!A:A,1,0)),"No","Yes") -> Yes | U42: =VLOOKUP(Table4[[#This Row],[Site ID]],'[6]URH & URZ'!$A:$C,3,0) -> #N/A | V42: =VLOOKUP(Table4[[#This Row],[Site ID]],[6]NSB!$A:$C,3,0) -> #N/A | W42: =VLOOKUP(Table4[[#This Row],[Site ID]],[7]OCTOBRE_25!$J:$L,3,0) -> Buea
C43: CTR_699_N_Batchenga-Nachtigal-IHS | D43: CTR_699 | E43: =VLOOKUP(D43,[2]ACTIF!$A:$D,4,0) -> IHS | F43: =VLOOKUP(D43,[2]ACTIF!$A:$C,3,0) -> Grid-Gen | G43: =VLOOKUP(Table4[[#This Row],[Site ID]],Extract!D:G,4,0) -> 46135.454 | H43: =NOW() - G43 + TIME(1,0,0) -> 5.3779084 | I43: TX MW | J43: 27.04.26: En attente de validation de l'accès 24.04.26: En attente de validation de l'accès ce jour 23.04.26; Demande d'accès au pylone de Camtel effectué vers Orange. En attente de la validation de l'accès 22.04.26; Demande d'accès au pylone de Camtel effectué vers Orange. En attente de la validation de l'accès 21.04.26; Pylone de Camtel. Demande d'accès en cours pour des travaux en hauteur 21.04.26; Lien Ntui<>Batchenga-Nachtigal à réaligner pour gagner 20 dbm; FME Apiang en route pour le site, ETA=16H UTC 20/04/2026 Besoin d'un fme sur site pour verifier le status du MPR et la chaine antennaire de L ODU fme apiang activé | K43: Hammer | L43: =IF(NOT(ISERROR(SEARCH("_URH_",Table4[[#This Row],[Site Name]]))), "Huawei_Rural", IF(NOT(ISERROR(SEARCH("_H_",Table4[[#This Row],[Site Name]]))), "Huawei",IF(NOT(ISERROR(SEARCH("_Z_",Table4[[#This Row],[Site Name]]))), "ZTE","Nokia"))) -> Nokia | M43: =IF(H43 < 1/24, "T<1H", IF(AND(H43<2/24, H43>1/24), "1H<T<2H", IF(AND(H43<4/24, H43>2/24), "2H<T<4H", IF(AND(H43<8/24, H43>4/24), "4H<T<8H", IF(AND(H43<16/24, H43>8/24), "8H<T<16H",IF(AND(H43<24/24, H43>16/24),"16H<T<24H", IF(AND(H43<48/24, H43>24/24),"24H<T<48H", "T>48H"))))))) -> T>48H | N43: WCDMA BASE STATION OUT OF USE | O43: =IF(J43="Power Status check Ongoing", "En Attente status Power", IF(J43<>"Power Status check Ongoing", _xlfn.CONCAT(K43, " ", "Ongoing"))) -> Hammer Ongoing | P43: =VLOOKUP(D43,'[3]SBC And PowerCO Info'!A:C,3,0) -> CTR | Q43: =LEFT(D43,3) -> CTR | R43: =VLOOKUP(D43,'[4]SBC And PowerCO Info'!A:N,12,0) -> AFRO | S43: =_xlfn.CONCAT(Table4[[#This Row],[Site Name]], ": ", IF(ISNUMBER(SEARCH(CHAR(10),J43)), LEFT(J43, SEARCH(CHAR(10),J43)-1), J43)) -> CTR_699_N_Batchenga-Nachtigal-IHS: 27.04.26: En attente de validation de l'accès | T43: =IF(ISNA(VLOOKUP([5]!Table4[[#This Row],[Site ID]],[5]PMO!A:A,1,0)),"No","Yes") -> Yes | U43: =VLOOKUP(Table4[[#This Row],[Site ID]],'[6]URH & URZ'!$A:$C,3,0) -> #N/A | V43: =VLOOKUP(Table4[[#This Row],[Site ID]],[6]NSB!$A:$C,3,0) -> #N/A | W43: =VLOOKUP(Table4[[#This Row],[Site ID]],[7]OCTOBRE_25!$J:$L,3,0) -> #N/A
C44: CTR_303_N_Mbam | D44: CTR_303 | E44: =VLOOKUP(D44,[2]ACTIF!$A:$D,4,0) -> IHS | F44: =VLOOKUP(D44,[2]ACTIF!$A:$C,3,0) -> Gen-Lithium | G44: =VLOOKUP(Table4[[#This Row],[Site ID]],Extract!D:G,4,0) -> 46135.454 | H44: =NOW() - G44 + TIME(1,0,0) -> 5.3778969 | I44: TX MW | J44: 28.04.2026: Spare FSMF Faulty Commande passee au WH de Garoua et Expediee a Ngaoundere Nouvelle ETD communiques par le SPM 28.04.2026 27/04/2026 Relance SPMS en attente de retour 26/04/2026 Apres conf call effectuer avec THEO et Kingsley. Les spare seront expediee par ESICO ce Jours De Garoua pour Ngaoundere ETD=26.04.2025 25/04/2026 Apres conf call effectuer avec THEO et Kingsley. Les spare seront expediee par ESICO ce Jours De Garoua pour Ngaoundere ETD=25.04.2025 24.04.2026: Apres conf call effectuer avec THEO et Kingsley. Les spare seront expediee par ESICO ce Jours De Garoua pour Ngaoundere ETD=24.04.2025 22.04.2026: Apres conf call effectuer avec THEO et Kingsley. Les spare seront expediee par ESICO ce Jours De Garoua pour Ngaoundere ETD=23.04.2025 19.04.26; FSMF expédié de Garoua pour Ngaoundéré mais pas encore reçu, escalade faite à M. Théo et à M. Essode 18.04.26; En attente du FSMF ce jour à Tibati 17/04/2026 FSMF FAULTY expedition de Garoua vers NGAOUNDERE ETD=16/04/2026 et expedition a TIBATI ETD=17/04/2026 16/04/2026 FSMF FAULTY expedition de Garoua vers NGAOUNDERE ETD=16/04/2026 et expedition a TIBATI ETD=17/04/2026 15/04/2026 fme wili active eta asap besoin d'un fme sur site pour verifier l'interco entr ele MPR et la BTS S1P1 | K44: HW SPMS | L44: =IF(NOT(ISERROR(SEARCH("_URH_",Table4[[#This Row],[Site Name]]))), "Huawei_Rural", IF(NOT(ISERROR(SEARCH("_H_",Table4[[#This Row],[Site Name]]))), "Huawei",IF(NOT(ISERROR(SEARCH("_Z_",Table4[[#This Row],[Site Name]]))), "ZTE","Nokia"))) -> Nokia | M44: =IF(H44 < 1/24, "T<1H", IF(AND(H44<2/24, H44>1/24), "1H<T<2H", IF(AND(H44<4/24, H44>2/24), "2H<T<4H", IF(AND(H44<8/24, H44>4/24), "4H<T<8H", IF(AND(H44<16/24, H44>8/24), "8H<T<16H",IF(AND(H44<24/24, H44>16/24),"16H<T<24H", IF(AND(H44<48/24, H44>24/24),"24H<T<48H", "T>48H"))))))) -> T>48H | N44: WCDMA BASE STATION OUT OF USE | O44: =IF(J44="Power Status check Ongoing", "En Attente status Power", IF(J44<>"Power Status check Ongoing", _xlfn.CONCAT(K44, " ", "Ongoing"))) -> HW SPMS Ongoing | P44: =VLOOKUP(D44,'[3]SBC And PowerCO Info'!A:C,3,0) -> CTR | Q44: =LEFT(D44,3) -> CTR | R44: =VLOOKUP(D44,'[4]SBC And PowerCO Info'!A:N,12,0) -> I-ENG | S44: =_xlfn.CONCAT(Table4[[#This Row],[Site Name]], ": ", IF(ISNUMBER(SEARCH(CHAR(10),J44)), LEFT(J44, SEARCH(CHAR(10),J44)-1), J44)) -> CTR_303_N_Mbam: 28.04.2026: Spare FSMF Faulty Commande passee au WH de Garoua et Expediee a Ngaoundere Nouvelle ETD communiques par le SPM 28.04.2026 | T44: =IF(ISNA(VLOOKUP([5]!Table4[[#This Row],[Site ID]],[5]PMO!A:A,1,0)),"No","Yes") -> Yes | U44: =VLOOKUP(Table4[[#This Row],[Site ID]],'[6]URH & URZ'!$A:$C,3,0) -> #N/A | V44: =VLOOKUP(Table4[[#This Row],[Site ID]],[6]NSB!$A:$C,3,0) -> #N/A | W44: =VLOOKUP(Table4[[#This Row],[Site ID]],[7]OCTOBRE_25!$J:$L,3,0) -> Mbam
C45: OST_084_H_Dschang-St-Augustin | D45: OST_084 | E45: =VLOOKUP(D45,[2]ACTIF!$A:$D,4,0) -> IHS | F45: =VLOOKUP(D45,[2]ACTIF!$A:$C,3,0) -> Grid-Gen | G45: =VLOOKUP(Table4[[#This Row],[Site ID]],Extract!D:G,4,0) -> 2026-04-23 21:07:08 | H45: =NOW() - G45 + TIME(1,0,0) -> 4.9519131 | I45: Power | J45: 27.04.26: IHS : Gen and PWC Overload. - Escalated to L4 24.04.26: IHS : Gen and PWC Overload. - Escalated to L3 23/04/2026 IHS : grid outage gen overload | K45: IHS | L45: =IF(NOT(ISERROR(SEARCH("_URH_",Table4[[#This Row],[Site Name]]))), "Huawei_Rural", IF(NOT(ISERROR(SEARCH("_H_",Table4[[#This Row],[Site Name]]))), "Huawei",IF(NOT(ISERROR(SEARCH("_Z_",Table4[[#This Row],[Site Name]]))), "ZTE","Nokia"))) -> Huawei | M45: =IF(H45 < 1/24, "T<1H", IF(AND(H45<2/24, H45>1/24), "1H<T<2H", IF(AND(H45<4/24, H45>2/24), "2H<T<4H", IF(AND(H45<8/24, H45>4/24), "4H<T<8H", IF(AND(H45<16/24, H45>8/24), "8H<T<16H",IF(AND(H45<24/24, H45>16/24),"16H<T<24H", IF(AND(H45<48/24, H45>24/24),"24H<T<48H", "T>48H"))))))) -> T>48H | N45: NE Is Disconnected | O45: =IF(J45="Power Status check Ongoing", "En Attente status Power", IF(J45<>"Power Status check Ongoing", _xlfn.CONCAT(K45, " ", "Ongoing"))) -> IHS Ongoing | P45: =VLOOKUP(D45,'[3]SBC And PowerCO Info'!A:C,3,0) -> OST | Q45: =LEFT(D45,3) -> OST | R45: =VLOOKUP(D45,'[4]SBC And PowerCO Info'!A:N,12,0) -> I-ENG | S45: =_xlfn.CONCAT(Table4[[#This Row],[Site Name]], ": ", IF(ISNUMBER(SEARCH(CHAR(10),J45)), LEFT(J45, SEARCH(CHAR(10),J45)-1), J45)) -> OST_084_H_Dschang-St-Augustin: 27.04.26: IHS : Gen and PWC Overload. - Escalated to L4 | T45: =IF(ISNA(VLOOKUP([5]!Table4[[#This Row],[Site ID]],[5]PMO!A:A,1,0)),"No","Yes") -> Yes | U45: =VLOOKUP(Table4[[#This Row],[Site ID]],'[6]URH & URZ'!$A:$C,3,0) -> #N/A | V45: =VLOOKUP(Table4[[#This Row],[Site ID]],[6]NSB!$A:$C,3,0) -> #N/A | W45: =VLOOKUP(Table4[[#This Row],[Site ID]],[7]OCTOBRE_25!$J:$L,3,0) -> Dschang
C46: CTR_197_Z_Charles-Atangana | D46: CTR_197 | E46: =VLOOKUP(D46,[2]ACTIF!$A:$D,4,0) -> IHS | F46: =VLOOKUP(D46,[2]ACTIF!$A:$C,3,0) -> Grid Only | G46: =VLOOKUP(Table4[[#This Row],[Site ID]],Extract!D:G,4,0) -> 2026-04-24 03:59:35 | H46: =NOW() - G46 + TIME(1,0,0) -> 4.6654895 | I46: Power | J46: 27.04.26: IHS: Grid only, no space//awaiting grid return - Escalated to L4 24.04.26: IHS: Grid only, no space//awaiting grid return - Escalated to L2 | K46: IHS | L46: =IF(NOT(ISERROR(SEARCH("_URH_",Table4[[#This Row],[Site Name]]))), "Huawei_Rural", IF(NOT(ISERROR(SEARCH("_H_",Table4[[#This Row],[Site Name]]))), "Huawei",IF(NOT(ISERROR(SEARCH("_Z_",Table4[[#This Row],[Site Name]]))), "ZTE","Nokia"))) -> ZTE | M46: =IF(H46 < 1/24, "T<1H", IF(AND(H46<2/24, H46>1/24), "1H<T<2H", IF(AND(H46<4/24, H46>2/24), "2H<T<4H", IF(AND(H46<8/24, H46>4/24), "4H<T<8H", IF(AND(H46<16/24, H46>8/24), "8H<T<16H",IF(AND(H46<24/24, H46>16/24),"16H<T<24H", IF(AND(H46<48/24, H46>24/24),"24H<T<48H", "T>48H"))))))) -> T>48H | O46: =IF(J46="Power Status check Ongoing", "En Attente status Power", IF(J46<>"Power Status check Ongoing", _xlfn.CONCAT(K46, " ", "Ongoing"))) -> IHS Ongoing | P46: =VLOOKUP(D46,'[3]SBC And PowerCO Info'!A:C,3,0) -> CTR | Q46: =LEFT(D46,3) -> CTR | R46: =VLOOKUP(D46,'[4]SBC And PowerCO Info'!A:N,12,0) -> AFRO | S46: =_xlfn.CONCAT(Table4[[#This Row],[Site Name]], ": ", IF(ISNUMBER(SEARCH(CHAR(10),J46)), LEFT(J46, SEARCH(CHAR(10),J46)-1), J46)) -> CTR_197_Z_Charles-Atangana: 27.04.26: IHS: Grid only, no space//awaiting grid return - Escalated to L4 | T46: =IF(ISNA(VLOOKUP([5]!Table4[[#This Row],[Site ID]],[5]PMO!A:A,1,0)),"No","Yes") -> Yes | U46: =VLOOKUP(Table4[[#This Row],[Site ID]],'[6]URH & URZ'!$A:$C,3,0) -> #N/A | V46: =VLOOKUP(Table4[[#This Row],[Site ID]],[6]NSB!$A:$C,3,0) -> #N/A | W46: =VLOOKUP(Table4[[#This Row],[Site ID]],[7]OCTOBRE_25!$J:$L,3,0) -> Yaounde
C47: CTR_321_Z_Briqueterie | D47: CTR_321 | E47: =VLOOKUP(D47,[2]ACTIF!$A:$D,4,0) -> IHS | F47: =VLOOKUP(D47,[2]ACTIF!$A:$C,3,0) -> Grid-Lithium | G47: =VLOOKUP(Table4[[#This Row],[Site ID]],Extract!D:G,4,0) -> 2026-04-24 10:59:31 | H47: =NOW() - G47 + TIME(1,0,0) -> 4.3738691 | I47: Power | J47: 27.04.26: IHS: Grid only, no space//awaiting grid return - Escalated to L4 24.04.26: IHS: Grid only, no space//awaiting grid return escalade L2 IHS | K47: IHS | L47: =IF(NOT(ISERROR(SEARCH("_URH_",Table4[[#This Row],[Site Name]]))), "Huawei_Rural", IF(NOT(ISERROR(SEARCH("_H_",Table4[[#This Row],[Site Name]]))), "Huawei",IF(NOT(ISERROR(SEARCH("_Z_",Table4[[#This Row],[Site Name]]))), "ZTE","Nokia"))) -> ZTE | M47: =IF(H47 < 1/24, "T<1H", IF(AND(H47<2/24, H47>1/24), "1H<T<2H", IF(AND(H47<4/24, H47>2/24), "2H<T<4H", IF(AND(H47<8/24, H47>4/24), "4H<T<8H", IF(AND(H47<16/24, H47>8/24), "8H<T<16H",IF(AND(H47<24/24, H47>16/24),"16H<T<24H", IF(AND(H47<48/24, H47>24/24),"24H<T<48H", "T>48H"))))))) -> T>48H | O47: =IF(J47="Power Status check Ongoing", "En Attente status Power", IF(J47<>"Power Status check Ongoing", _xlfn.CONCAT(K47, " ", "Ongoing"))) -> IHS Ongoing | P47: =VLOOKUP(D47,'[3]SBC And PowerCO Info'!A:C,3,0) -> CTR | Q47: =LEFT(D47,3) -> CTR | R47: =VLOOKUP(D47,'[4]SBC And PowerCO Info'!A:N,12,0) -> AFRO | S47: =_xlfn.CONCAT(Table4[[#This Row],[Site Name]], ": ", IF(ISNUMBER(SEARCH(CHAR(10),J47)), LEFT(J47, SEARCH(CHAR(10),J47)-1), J47)) -> CTR_321_Z_Briqueterie: 27.04.26: IHS: Grid only, no space//awaiting grid return - Escalated to L4 | T47: =IF(ISNA(VLOOKUP([5]!Table4[[#This Row],[Site ID]],[5]PMO!A:A,1,0)),"No","Yes") -> Yes | U47: =VLOOKUP(Table4[[#This Row],[Site ID]],'[6]URH & URZ'!$A:$C,3,0) -> #N/A | V47: =VLOOKUP(Table4[[#This Row],[Site ID]],[6]NSB!$A:$C,3,0) -> #N/A | W47: =VLOOKUP(Table4[[#This Row],[Site ID]],[7]OCTOBRE_25!$J:$L,3,0) -> Yaounde
C48: NRO_059_H_Bda-Mankon-Palace-IHS | D48: NRO_059 | E48: =VLOOKUP(D48,[2]ACTIF!$A:$D,4,0) -> IHS | F48: =VLOOKUP(D48,[2]ACTIF!$A:$C,3,0) -> Grid-Gen | G48: =VLOOKUP(Table4[[#This Row],[Site ID]],Extract!D:G,4,0) -> 2026-04-24 18:46:20 | H48: =NOW() - G48 + TIME(1,0,0) -> 4.0496909 | I48: TX MW | J48: 28/04/2026 FME jeremiah en route pour le site 28.04.2026: Power Issue solved but site remain down. FME Linus is on the way ETA=13H 27/04/2026 power issue sur site escalade L4 IHS 25/04/2026 FME sur site power issue evidence transmis a IHS 25/04/2026 Besoin d'un fme sur site pour verifier le status du MPR et la chaine antennaire de l ODU 3/1 FME uche activé ETA=13H UTC 24/04/2026 Rectifiers hanging. // Rectifiers reset. Escalade L2 IHS | K48: Hammer | L48: =IF(NOT(ISERROR(SEARCH("_URH_",Table4[[#This Row],[Site Name]]))), "Huawei_Rural", IF(NOT(ISERROR(SEARCH("_H_",Table4[[#This Row],[Site Name]]))), "Huawei",IF(NOT(ISERROR(SEARCH("_Z_",Table4[[#This Row],[Site Name]]))), "ZTE","Nokia"))) -> Huawei | M48: =IF(H48 < 1/24, "T<1H", IF(AND(H48<2/24, H48>1/24), "1H<T<2H", IF(AND(H48<4/24, H48>2/24), "2H<T<4H", IF(AND(H48<8/24, H48>4/24), "4H<T<8H", IF(AND(H48<16/24, H48>8/24), "8H<T<16H",IF(AND(H48<24/24, H48>16/24),"16H<T<24H", IF(AND(H48<48/24, H48>24/24),"24H<T<48H", "T>48H"))))))) -> T>48H | N48: NE Is Disconnected | O48: =IF(J48="Power Status check Ongoing", "En Attente status Power", IF(J48<>"Power Status check Ongoing", _xlfn.CONCAT(K48, " ", "Ongoing"))) -> Hammer Ongoing | P48: =VLOOKUP(D48,'[3]SBC And PowerCO Info'!A:C,3,0) -> NRO | Q48: =LEFT(D48,3) -> NRO | R48: =VLOOKUP(D48,'[4]SBC And PowerCO Info'!A:N,12,0) -> I-ENG | S48: =_xlfn.CONCAT(Table4[[#This Row],[Site Name]], ": ", IF(ISNUMBER(SEARCH(CHAR(10),J48)), LEFT(J48, SEARCH(CHAR(10),J48)-1), J48)) -> NRO_059_H_Bda-Mankon-Palace-IHS: 28/04/2026 FME jeremiah en route pour le site | T48: =IF(ISNA(VLOOKUP([5]!Table4[[#This Row],[Site ID]],[5]PMO!A:A,1,0)),"No","Yes") -> Yes | U48: =VLOOKUP(Table4[[#This Row],[Site ID]],'[6]URH & URZ'!$A:$C,3,0) -> #N/A | V48: =VLOOKUP(Table4[[#This Row],[Site ID]],[6]NSB!$A:$C,3,0) -> #N/A | W48: =VLOOKUP(Table4[[#This Row],[Site ID]],[7]OCTOBRE_25!$J:$L,3,0) -> Bamenda
C49: Dumbu_G9G18U9U21L18L8_NRO_046 | D49: NRO_046 | E49: =VLOOKUP(D49,[2]ACTIF!$A:$D,4,0) -> IHS | F49: =VLOOKUP(D49,[2]ACTIF!$A:$C,3,0) -> Hybrid Gen | G49: =VLOOKUP(Table4[[#This Row],[Site ID]],Extract!D:G,4,0) -> 46137.141 | H49: =NOW() - G49 + TIME(1,0,0) -> 3.6905126 | I49: TX MW | J49: 28/04/2026 |access negotiation ongoing 27/04/2026 |access negotiation ongoing 26/04/2026 Need FME on site to check ODU 4.2 and entenna chain / FME Donald manage with L0 | K49: Hammer | L49: =IF(NOT(ISERROR(SEARCH("_URH_",Table4[[#This Row],[Site Name]]))), "Huawei_Rural", IF(NOT(ISERROR(SEARCH("_H_",Table4[[#This Row],[Site Name]]))), "Huawei",IF(NOT(ISERROR(SEARCH("_Z_",Table4[[#This Row],[Site Name]]))), "ZTE","Nokia"))) -> Nokia | M49: =IF(H49 < 1/24, "T<1H", IF(AND(H49<2/24, H49>1/24), "1H<T<2H", IF(AND(H49<4/24, H49>2/24), "2H<T<4H", IF(AND(H49<8/24, H49>4/24), "4H<T<8H", IF(AND(H49<16/24, H49>8/24), "8H<T<16H",IF(AND(H49<24/24, H49>16/24),"16H<T<24H", IF(AND(H49<48/24, H49>24/24),"24H<T<48H", "T>48H"))))))) -> T>48H | N49: NE3SWS AGENT NOT RESPONDING TO REQUESTS | O49: =IF(J49="Power Status check Ongoing", "En Attente status Power", IF(J49<>"Power Status check Ongoing", _xlfn.CONCAT(K49, " ", "Ongoing"))) -> Hammer Ongoing | P49: =VLOOKUP(D49,'[3]SBC And PowerCO Info'!A:C,3,0) -> NRO | Q49: =LEFT(D49,3) -> NRO | R49: =VLOOKUP(D49,'[4]SBC And PowerCO Info'!A:N,12,0) -> I-ENG | S49: =_xlfn.CONCAT(Table4[[#This Row],[Site Name]], ": ", IF(ISNUMBER(SEARCH(CHAR(10),J49)), LEFT(J49, SEARCH(CHAR(10),J49)-1), J49)) -> Dumbu_G9G18U9U21L18L8_NRO_046: 28/04/2026 |access negotiation ongoing | T49: =IF(ISNA(VLOOKUP([5]!Table4[[#This Row],[Site ID]],[5]PMO!A:A,1,0)),"No","Yes") -> Yes | U49: =VLOOKUP(Table4[[#This Row],[Site ID]],'[6]URH & URZ'!$A:$C,3,0) -> #N/A | V49: =VLOOKUP(Table4[[#This Row],[Site ID]],[6]NSB!$A:$C,3,0) -> #N/A | W49: =VLOOKUP(Table4[[#This Row],[Site ID]],[7]OCTOBRE_25!$J:$L,3,0) -> Dumbu
C50: CTR_1100_Z_Mendong-Marche | D50: CTR_1100 | E50: =VLOOKUP(D50,[2]ACTIF!$A:$D,4,0) -> #N/A | F50: =VLOOKUP(D50,[2]ACTIF!$A:$C,3,0) -> #N/A | G50: =VLOOKUP(Table4[[#This Row],[Site ID]],Extract!D:G,4,0) -> 2026-04-25 08:15:33 | H50: =NOW() - G50 + TIME(1,0,0) -> 3.4877348 | I50: New site | J50: New site not yet transferred to MSP | K50: OCM ING | L50: =IF(NOT(ISERROR(SEARCH("_URH_",Table4[[#This Row],[Site Name]]))), "Huawei_Rural", IF(NOT(ISERROR(SEARCH("_H_",Table4[[#This Row],[Site Name]]))), "Huawei",IF(NOT(ISERROR(SEARCH("_Z_",Table4[[#This Row],[Site Name]]))), "ZTE","Nokia"))) -> ZTE | M50: =IF(H50 < 1/24, "T<1H", IF(AND(H50<2/24, H50>1/24), "1H<T<2H", IF(AND(H50<4/24, H50>2/24), "2H<T<4H", IF(AND(H50<8/24, H50>4/24), "4H<T<8H", IF(AND(H50<16/24, H50>8/24), "8H<T<16H",IF(AND(H50<24/24, H50>16/24),"16H<T<24H", IF(AND(H50<48/24, H50>24/24),"24H<T<48H", "T>48H"))))))) -> T>48H | O50: =IF(J50="Power Status check Ongoing", "En Attente status Power", IF(J50<>"Power Status check Ongoing", _xlfn.CONCAT(K50, " ", "Ongoing"))) -> OCM ING Ongoing | P50: =VLOOKUP(D50,'[3]SBC And PowerCO Info'!A:C,3,0) -> #N/A | Q50: =LEFT(D50,3) -> CTR | R50: =VLOOKUP(D50,'[4]SBC And PowerCO Info'!A:N,12,0) -> #N/A | S50: =_xlfn.CONCAT(Table4[[#This Row],[Site Name]], ": ", IF(ISNUMBER(SEARCH(CHAR(10),J50)), LEFT(J50, SEARCH(CHAR(10),J50)-1), J50)) -> CTR_1100_Z_Mendong-Marche: New site not yet transferred to MSP | T50: =IF(ISNA(VLOOKUP([5]!Table4[[#This Row],[Site ID]],[5]PMO!A:A,1,0)),"No","Yes") -> Yes | U50: =VLOOKUP(Table4[[#This Row],[Site ID]],'[6]URH & URZ'!$A:$C,3,0) -> #N/A | V50: =VLOOKUP(Table4[[#This Row],[Site ID]],[6]NSB!$A:$C,3,0) -> Not Transferred | W50: =VLOOKUP(Table4[[#This Row],[Site ID]],[7]OCTOBRE_25!$J:$L,3,0) -> #N/A
C51: CTR_718_Z_Oyomabang-marche | D51: CTR_718 | E51: =VLOOKUP(D51,[2]ACTIF!$A:$D,4,0) -> Camusat | F51: =VLOOKUP(D51,[2]ACTIF!$A:$C,3,0) -> Good Grid no GE - 8h | G51: =VLOOKUP(Table4[[#This Row],[Site ID]],Extract!D:G,4,0) -> 2026-04-25 10:55:35 | H51: =NOW() - G51 + TIME(1,0,0) -> 3.3766006 | I51: TX MW | J51: 28/04/2026 FME sur site pour remplacer L'ODU 27/04/2026 l'AOF est Down Oyomabang-Marche_Oyomabang et ODU UBT-T faulty commande passé ETD asap 26/04/2026 l'AOF est Down lODU est HS sur le FH commande mail en cours pas disponible à Yaoundé 25/04/2026 Besoin d'un fme sur site pour verifier le status du MPR fme mouhamadou activé | K51: OCM ING | L51: =IF(NOT(ISERROR(SEARCH("_URH_",Table4[[#This Row],[Site Name]]))), "Huawei_Rural", IF(NOT(ISERROR(SEARCH("_H_",Table4[[#This Row],[Site Name]]))), "Huawei",IF(NOT(ISERROR(SEARCH("_Z_",Table4[[#This Row],[Site Name]]))), "ZTE","Nokia"))) -> ZTE | M51: =IF(H51 < 1/24, "T<1H", IF(AND(H51<2/24, H51>1/24), "1H<T<2H", IF(AND(H51<4/24, H51>2/24), "2H<T<4H", IF(AND(H51<8/24, H51>4/24), "4H<T<8H", IF(AND(H51<16/24, H51>8/24), "8H<T<16H",IF(AND(H51<24/24, H51>16/24),"16H<T<24H", IF(AND(H51<48/24, H51>24/24),"24H<T<48H", "T>48H"))))))) -> T>48H | O51: =IF(J51="Power Status check Ongoing", "En Attente status Power", IF(J51<>"Power Status check Ongoing", _xlfn.CONCAT(K51, " ", "Ongoing"))) -> OCM ING Ongoing | P51: =VLOOKUP(D51,'[3]SBC And PowerCO Info'!A:C,3,0) -> CTR | Q51: =LEFT(D51,3) -> CTR | R51: =VLOOKUP(D51,'[4]SBC And PowerCO Info'!A:N,12,0) -> AFRO | S51: =_xlfn.CONCAT(Table4[[#This Row],[Site Name]], ": ", IF(ISNUMBER(SEARCH(CHAR(10),J51)), LEFT(J51, SEARCH(CHAR(10),J51)-1), J51)) -> CTR_718_Z_Oyomabang-marche: 28/04/2026 FME sur site pour remplacer L'ODU | T51: =IF(ISNA(VLOOKUP([5]!Table4[[#This Row],[Site ID]],[5]PMO!A:A,1,0)),"No","Yes") -> Yes | U51: =VLOOKUP(Table4[[#This Row],[Site ID]],'[6]URH & URZ'!$A:$C,3,0) -> #N/A | V51: =VLOOKUP(Table4[[#This Row],[Site ID]],[6]NSB!$A:$C,3,0) -> #N/A | W51: =VLOOKUP(Table4[[#This Row],[Site ID]],[7]OCTOBRE_25!$J:$L,3,0) -> Yaounde
C52: LIT_336_Z_Bonamikengue | D52: LIT_336 | E52: =VLOOKUP(D52,[2]ACTIF!$A:$D,4,0) -> IHS | F52: =VLOOKUP(D52,[2]ACTIF!$A:$C,3,0) -> Grid-Lithium | G52: =VLOOKUP(Table4[[#This Row],[Site ID]],Extract!D:G,4,0) -> 2026-04-25 17:33:18 | H52: =NOW() - G52 + TIME(1,0,0) -> 3.1004084 | I52: TX MW | J52: 28/04/2026 En attente de l'envoi du rapport à OCM 26/04/2026 Carte core Evo faulty /not available in the system, SPM informed through an email 26/04/2026 The FME should replace the Core-ENH board at Bonaminkengue / FME activated ETA 12H UTC | K52: OCM SPMS | L52: =IF(NOT(ISERROR(SEARCH("_URH_",Table4[[#This Row],[Site Name]]))), "Huawei_Rural", IF(NOT(ISERROR(SEARCH("_H_",Table4[[#This Row],[Site Name]]))), "Huawei",IF(NOT(ISERROR(SEARCH("_Z_",Table4[[#This Row],[Site Name]]))), "ZTE","Nokia"))) -> ZTE | M52: =IF(H52 < 1/24, "T<1H", IF(AND(H52<2/24, H52>1/24), "1H<T<2H", IF(AND(H52<4/24, H52>2/24), "2H<T<4H", IF(AND(H52<8/24, H52>4/24), "4H<T<8H", IF(AND(H52<16/24, H52>8/24), "8H<T<16H",IF(AND(H52<24/24, H52>16/24),"16H<T<24H", IF(AND(H52<48/24, H52>24/24),"24H<T<48H", "T>48H"))))))) -> T>48H | O52: =IF(J52="Power Status check Ongoing", "En Attente status Power", IF(J52<>"Power Status check Ongoing", _xlfn.CONCAT(K52, " ", "Ongoing"))) -> OCM SPMS Ongoing | P52: =VLOOKUP(D52,'[3]SBC And PowerCO Info'!A:C,3,0) -> LIT | Q52: =LEFT(D52,3) -> LIT | R52: =VLOOKUP(D52,'[4]SBC And PowerCO Info'!A:N,12,0) -> H-TELI | S52: =_xlfn.CONCAT(Table4[[#This Row],[Site Name]], ": ", IF(ISNUMBER(SEARCH(CHAR(10),J52)), LEFT(J52, SEARCH(CHAR(10),J52)-1), J52)) -> LIT_336_Z_Bonamikengue: 28/04/2026 En attente de l'envoi du rapport à OCM | T52: =IF(ISNA(VLOOKUP([5]!Table4[[#This Row],[Site ID]],[5]PMO!A:A,1,0)),"No","Yes") -> Yes | U52: =VLOOKUP(Table4[[#This Row],[Site ID]],'[6]URH & URZ'!$A:$C,3,0) -> #N/A | V52: =VLOOKUP(Table4[[#This Row],[Site ID]],[6]NSB!$A:$C,3,0) -> #N/A | W52: =VLOOKUP(Table4[[#This Row],[Site ID]],[7]OCTOBRE_25!$J:$L,3,0) -> Douala
C53: OST_419_URH_KOUHOUAT, LogicRNCID=350 | D53: OST_419 | E53: Hammer | F53: Solar Only | G53: =VLOOKUP(Table4[[#This Row],[Site ID]],Extract!D:G,4,0) -> 2026-04-26 13:03:39 | H53: =NOW() - G53 + TIME(1,0,0) -> 2.2876654 | I53: P1 Impact | J53: P1 incident at Bambalang | K53: P1 Impact | L53: =IF(NOT(ISERROR(SEARCH("_URH_",Table4[[#This Row],[Site Name]]))), "Huawei_Rural", IF(NOT(ISERROR(SEARCH("_H_",Table4[[#This Row],[Site Name]]))), "Huawei",IF(NOT(ISERROR(SEARCH("_Z_",Table4[[#This Row],[Site Name]]))), "ZTE","Nokia"))) -> Huawei_Rural | M53: =IF(H53 < 1/24, "T<1H", IF(AND(H53<2/24, H53>1/24), "1H<T<2H", IF(AND(H53<4/24, H53>2/24), "2H<T<4H", IF(AND(H53<8/24, H53>4/24), "4H<T<8H", IF(AND(H53<16/24, H53>8/24), "8H<T<16H",IF(AND(H53<24/24, H53>16/24),"16H<T<24H", IF(AND(H53<48/24, H53>24/24),"24H<T<48H", "T>48H"))))))) -> T>48H | N53: NodeB Unavailable | O53: =IF(J53="Power Status check Ongoing", "En Attente status Power", IF(J53<>"Power Status check Ongoing", _xlfn.CONCAT(K53, " ", "Ongoing"))) -> P1 Impact Ongoing | P53: =VLOOKUP(D53,'[3]SBC And PowerCO Info'!A:C,3,0) -> #N/A | Q53: =LEFT(D53,3) -> OST | R53: =VLOOKUP(D53,'[4]SBC And PowerCO Info'!A:N,12,0) -> #N/A | S53: =_xlfn.CONCAT(Table4[[#This Row],[Site Name]], ": ", IF(ISNUMBER(SEARCH(CHAR(10),J53)), LEFT(J53, SEARCH(CHAR(10),J53)-1), J53)) -> OST_419_URH_KOUHOUAT, LogicRNCID=350: P1 incident at Bambalang | T53: =IF(ISNA(VLOOKUP([5]!Table4[[#This Row],[Site ID]],[5]PMO!A:A,1,0)),"No","Yes") -> Yes | U53: =VLOOKUP(Table4[[#This Row],[Site ID]],'[6]URH & URZ'!$A:$C,3,0) -> #N/A | V53: =VLOOKUP(Table4[[#This Row],[Site ID]],[6]NSB!$A:$C,3,0) -> #N/A | W53: =VLOOKUP(Table4[[#This Row],[Site ID]],[7]OCTOBRE_25!$J:$L,3,0) -> #N/A
A54: ² | C54: EXN_407_URH_IVIE | D54: EXN_407 | E54: Teleinfra | F54: Solar Only | G54: =VLOOKUP(Table4[[#This Row],[Site ID]],Extract!D:G,4,0) -> 2026-04-26 17:17:56 | H54: =NOW() - G54 + TIME(1,0,0) -> 2.1110797 | I54: TX MW | J54: Impacted by Mazera_G9U9U21_EXN_226 | K54: Teleinfra | L54: =IF(NOT(ISERROR(SEARCH("_URH_",Table4[[#This Row],[Site Name]]))), "Huawei_Rural", IF(NOT(ISERROR(SEARCH("_H_",Table4[[#This Row],[Site Name]]))), "Huawei",IF(NOT(ISERROR(SEARCH("_Z_",Table4[[#This Row],[Site Name]]))), "ZTE","Nokia"))) -> Huawei_Rural | M54: =IF(H54 < 1/24, "T<1H", IF(AND(H54<2/24, H54>1/24), "1H<T<2H", IF(AND(H54<4/24, H54>2/24), "2H<T<4H", IF(AND(H54<8/24, H54>4/24), "4H<T<8H", IF(AND(H54<16/24, H54>8/24), "8H<T<16H",IF(AND(H54<24/24, H54>16/24),"16H<T<24H", IF(AND(H54<48/24, H54>24/24),"24H<T<48H", "T>48H"))))))) -> T>48H | N54: NE Is Disconnected | O54: =IF(J54="Power Status check Ongoing", "En Attente status Power", IF(J54<>"Power Status check Ongoing", _xlfn.CONCAT(K54, " ", "Ongoing"))) -> Teleinfra Ongoing | P54: =VLOOKUP(D54,'[3]SBC And PowerCO Info'!A:C,3,0) -> #N/A | Q54: =LEFT(D54,3) -> EXN | R54: =VLOOKUP(D54,'[4]SBC And PowerCO Info'!A:N,12,0) -> #N/A | S54: =_xlfn.CONCAT(Table4[[#This Row],[Site Name]], ": ", IF(ISNUMBER(SEARCH(CHAR(10),J54)), LEFT(J54, SEARCH(CHAR(10),J54)-1), J54)) -> EXN_407_URH_IVIE: Impacted by Mazera_G9U9U21_EXN_226 | T54: =IF(ISNA(VLOOKUP([5]!Table4[[#This Row],[Site ID]],[5]PMO!A:A,1,0)),"No","Yes") -> Yes | U54: =VLOOKUP(Table4[[#This Row],[Site ID]],'[6]URH & URZ'!$A:$C,3,0) -> OK For Transfer | V54: =VLOOKUP(Table4[[#This Row],[Site ID]],[6]NSB!$A:$C,3,0) -> #N/A | W54: =VLOOKUP(Table4[[#This Row],[Site ID]],[7]OCTOBRE_25!$J:$L,3,0) -> #N/A
C55: EXN_405_URH_SAGOULOU_I | D55: EXN_405 | E55: Teleinfra | F55: Solar Only | G55: =VLOOKUP(Table4[[#This Row],[Site ID]],Extract!D:G,4,0) -> 2026-04-26 17:17:56 | H55: =NOW() - G55 + TIME(1,0,0) -> 2.1110797 | I55: New site | J55: New site not yet transferred to MSP | K55: OCM ING | L55: =IF(NOT(ISERROR(SEARCH("_URH_",Table4[[#This Row],[Site Name]]))), "Huawei_Rural", IF(NOT(ISERROR(SEARCH("_H_",Table4[[#This Row],[Site Name]]))), "Huawei",IF(NOT(ISERROR(SEARCH("_Z_",Table4[[#This Row],[Site Name]]))), "ZTE","Nokia"))) -> Huawei_Rural | M55: =IF(H55 < 1/24, "T<1H", IF(AND(H55<2/24, H55>1/24), "1H<T<2H", IF(AND(H55<4/24, H55>2/24), "2H<T<4H", IF(AND(H55<8/24, H55>4/24), "4H<T<8H", IF(AND(H55<16/24, H55>8/24), "8H<T<16H",IF(AND(H55<24/24, H55>16/24),"16H<T<24H", IF(AND(H55<48/24, H55>24/24),"24H<T<48H", "T>48H"))))))) -> T>48H | N55: NE Is Disconnected | O55: =IF(J55="Power Status check Ongoing", "En Attente status Power", IF(J55<>"Power Status check Ongoing", _xlfn.CONCAT(K55, " ", "Ongoing"))) -> OCM ING Ongoing | P55: =VLOOKUP(D55,'[3]SBC And PowerCO Info'!A:C,3,0) -> #N/A | Q55: =LEFT(D55,3) -> EXN | R55: =VLOOKUP(D55,'[4]SBC And PowerCO Info'!A:N,12,0) -> #N/A | S55: =_xlfn.CONCAT(Table4[[#This Row],[Site Name]], ": ", IF(ISNUMBER(SEARCH(CHAR(10),J55)), LEFT(J55, SEARCH(CHAR(10),J55)-1), J55)) -> EXN_405_URH_SAGOULOU_I: New site not yet transferred to MSP | T55: =IF(ISNA(VLOOKUP([5]!Table4[[#This Row],[Site ID]],[5]PMO!A:A,1,0)),"No","Yes") -> Yes | U55: =VLOOKUP(Table4[[#This Row],[Site ID]],'[6]URH & URZ'!$A:$C,3,0) -> OK For Transfer | V55: =VLOOKUP(Table4[[#This Row],[Site ID]],[6]NSB!$A:$C,3,0) -> #N/A | W55: =VLOOKUP(Table4[[#This Row],[Site ID]],[7]OCTOBRE_25!$J:$L,3,0) -> #N/A
C56: EXN_406_URH_ZILIM_I_II | D56: EXN_406 | E56: Teleinfra | F56: Solar Only | G56: =VLOOKUP(Table4[[#This Row],[Site ID]],Extract!D:G,4,0) -> 2026-04-26 17:18:14 | H56: =NOW() - G56 + TIME(1,0,0) -> 2.1108714 | I56: New site | J56: New site not yet transferred to MSP | K56: OCM ING | L56: =IF(NOT(ISERROR(SEARCH("_URH_",Table4[[#This Row],[Site Name]]))), "Huawei_Rural", IF(NOT(ISERROR(SEARCH("_H_",Table4[[#This Row],[Site Name]]))), "Huawei",IF(NOT(ISERROR(SEARCH("_Z_",Table4[[#This Row],[Site Name]]))), "ZTE","Nokia"))) -> Huawei_Rural | M56: =IF(H56 < 1/24, "T<1H", IF(AND(H56<2/24, H56>1/24), "1H<T<2H", IF(AND(H56<4/24, H56>2/24), "2H<T<4H", IF(AND(H56<8/24, H56>4/24), "4H<T<8H", IF(AND(H56<16/24, H56>8/24), "8H<T<16H",IF(AND(H56<24/24, H56>16/24),"16H<T<24H", IF(AND(H56<48/24, H56>24/24),"24H<T<48H", "T>48H"))))))) -> T>48H | N56: NE Is Disconnected | O56: =IF(J56="Power Status check Ongoing", "En Attente status Power", IF(J56<>"Power Status check Ongoing", _xlfn.CONCAT(K56, " ", "Ongoing"))) -> OCM ING Ongoing | P56: =VLOOKUP(D56,'[3]SBC And PowerCO Info'!A:C,3,0) -> #N/A | Q56: =LEFT(D56,3) -> EXN | R56: =VLOOKUP(D56,'[4]SBC And PowerCO Info'!A:N,12,0) -> #N/A | S56: =_xlfn.CONCAT(Table4[[#This Row],[Site Name]], ": ", IF(ISNUMBER(SEARCH(CHAR(10),J56)), LEFT(J56, SEARCH(CHAR(10),J56)-1), J56)) -> EXN_406_URH_ZILIM_I_II: New site not yet transferred to MSP | T56: =IF(ISNA(VLOOKUP([5]!Table4[[#This Row],[Site ID]],[5]PMO!A:A,1,0)),"No","Yes") -> Yes | U56: =VLOOKUP(Table4[[#This Row],[Site ID]],'[6]URH & URZ'!$A:$C,3,0) -> #N/A | V56: =VLOOKUP(Table4[[#This Row],[Site ID]],[6]NSB!$A:$C,3,0) -> #N/A | W56: =VLOOKUP(Table4[[#This Row],[Site ID]],[7]OCTOBRE_25!$J:$L,3,0) -> #N/A
C57: SUO_133_N_Alou-IHS | D57: SUO_133 | E57: =VLOOKUP(D57,[2]ACTIF!$A:$D,4,0) -> IHS | F57: =VLOOKUP(D57,[2]ACTIF!$A:$C,3,0) -> Grid-Gen-Lithium | G57: =VLOOKUP(Table4[[#This Row],[Site ID]],Extract!D:G,4,0) -> 46138.936 | H57: =NOW() - G57 + TIME(1,0,0) -> 1.8957094 | I57: TX MW / security | J57: 28.04.2026: Site to be visited 30/04/2026 if access possible 27/06/2026 Access banned by Separatists 24.04.26; Access banned by Separatist 23.04.26: FME en route pour le site, ETA=13H UTC // Red zone 22.04.26; Besoin d'un FME sur site pour vérifier l'état du FAN du MPR et le remplacer au besoin, PN: 3DB18134BBAD01 FME activé eta asap " | K57: Hammer | L57: =IF(NOT(ISERROR(SEARCH("_URH_",Table4[[#This Row],[Site Name]]))), "Huawei_Rural", IF(NOT(ISERROR(SEARCH("_H_",Table4[[#This Row],[Site Name]]))), "Huawei",IF(NOT(ISERROR(SEARCH("_Z_",Table4[[#This Row],[Site Name]]))), "ZTE","Nokia"))) -> Nokia | M57: =IF(H57 < 1/24, "T<1H", IF(AND(H57<2/24, H57>1/24), "1H<T<2H", IF(AND(H57<4/24, H57>2/24), "2H<T<4H", IF(AND(H57<8/24, H57>4/24), "4H<T<8H", IF(AND(H57<16/24, H57>8/24), "8H<T<16H",IF(AND(H57<24/24, H57>16/24),"16H<T<24H", IF(AND(H57<48/24, H57>24/24),"24H<T<48H", "T>48H"))))))) -> 24H<T<48H | N57: WCDMA BASE STATION OUT OF USE | O57: =IF(J57="Power Status check Ongoing", "En Attente status Power", IF(J57<>"Power Status check Ongoing", _xlfn.CONCAT(K57, " ", "Ongoing"))) -> Hammer Ongoing | P57: =VLOOKUP(D57,'[3]SBC And PowerCO Info'!A:C,3,0) -> SUO | Q57: =LEFT(D57,3) -> SUO | R57: =VLOOKUP(D57,'[4]SBC And PowerCO Info'!A:N,12,0) -> I-ENG | S57: =_xlfn.CONCAT(Table4[[#This Row],[Site Name]], ": ", IF(ISNUMBER(SEARCH(CHAR(10),J57)), LEFT(J57, SEARCH(CHAR(10),J57)-1), J57)) -> SUO_133_N_Alou-IHS: 28.04.2026: Site to be visited 30/04/2026 if access possible | T57: =IF(ISNA(VLOOKUP([5]!Table4[[#This Row],[Site ID]],[5]PMO!A:A,1,0)),"No","Yes") -> Yes | U57: =VLOOKUP(Table4[[#This Row],[Site ID]],'[6]URH & URZ'!$A:$C,3,0) -> #N/A | V57: =VLOOKUP(Table4[[#This Row],[Site ID]],[6]NSB!$A:$C,3,0) -> #N/A | W57: =VLOOKUP(Table4[[#This Row],[Site ID]],[7]OCTOBRE_25!$J:$L,3,0) -> Alou
C58: ADM_250_URH_NDONGUE | D58: ADM_250 | E58: Teleinfra | F58: Solar Only | G58: =VLOOKUP(Table4[[#This Row],[Site ID]],Extract!D:G,4,0) -> 2026-04-27 01:39:00 | H58: =NOW() - G58 + TIME(1,0,0) -> 1.7631168 | I58: TX MW | J58: 28.04.2026: D'apres le FME Il y'aurait des cables crames dans la DC-BOX(Dans laquelle la RTN est alimentee). Le Vis-avis IHS activee est en route ETA=14H 27/04/2026 Besoin d'un fme sur site de Batoua-Godole pour verifier l'interco entre le MPR et RTN manage avec level 0 27/04/2026 Power issue site solar only awaited sunshine return | K58: Teleinfra | L58: =IF(NOT(ISERROR(SEARCH("_URH_",Table4[[#This Row],[Site Name]]))), "Huawei_Rural", IF(NOT(ISERROR(SEARCH("_H_",Table4[[#This Row],[Site Name]]))), "Huawei",IF(NOT(ISERROR(SEARCH("_Z_",Table4[[#This Row],[Site Name]]))), "ZTE","Nokia"))) -> Huawei_Rural | M58: =IF(H58 < 1/24, "T<1H", IF(AND(H58<2/24, H58>1/24), "1H<T<2H", IF(AND(H58<4/24, H58>2/24), "2H<T<4H", IF(AND(H58<8/24, H58>4/24), "4H<T<8H", IF(AND(H58<16/24, H58>8/24), "8H<T<16H",IF(AND(H58<24/24, H58>16/24),"16H<T<24H", IF(AND(H58<48/24, H58>24/24),"24H<T<48H", "T>48H"))))))) -> 24H<T<48H | N58: NE Is Disconnected | O58: =IF(J58="Power Status check Ongoing", "En Attente status Power", IF(J58<>"Power Status check Ongoing", _xlfn.CONCAT(K58, " ", "Ongoing"))) -> Teleinfra Ongoing | P58: =VLOOKUP(D58,'[3]SBC And PowerCO Info'!A:C,3,0) -> #N/A | Q58: =LEFT(D58,3) -> ADM | R58: =VLOOKUP(D58,'[4]SBC And PowerCO Info'!A:N,12,0) -> #N/A | S58: =_xlfn.CONCAT(Table4[[#This Row],[Site Name]], ": ", IF(ISNUMBER(SEARCH(CHAR(10),J58)), LEFT(J58, SEARCH(CHAR(10),J58)-1), J58)) -> ADM_250_URH_NDONGUE: 28.04.2026: D'apres le FME Il y'aurait des cables crames dans la DC-BOX(Dans laquelle la RTN est alimentee). Le Vis-avis IHS activee est en route ETA=14H | T58: =IF(ISNA(VLOOKUP([5]!Table4[[#This Row],[Site ID]],[5]PMO!A:A,1,0)),"No","Yes") -> Yes | U58: =VLOOKUP(Table4[[#This Row],[Site ID]],'[6]URH & URZ'!$A:$C,3,0) -> NOK | V58: =VLOOKUP(Table4[[#This Row],[Site ID]],[6]NSB!$A:$C,3,0) -> #N/A | W58: =VLOOKUP(Table4[[#This Row],[Site ID]],[7]OCTOBRE_25!$J:$L,3,0) -> #N/A
C59: Baikwa-Bere_G18L18L8_NRD_056 | D59: NRD_056 | E59: =VLOOKUP(D59,[2]ACTIF!$A:$D,4,0) -> IHS | F59: =VLOOKUP(D59,[2]ACTIF!$A:$C,3,0) -> Solar-Gen-Lithium | G59: =VLOOKUP(Table4[[#This Row],[Site ID]],Extract!D:G,4,0) -> 46139.091 | H59: =NOW() - G59 + TIME(1,0,0) -> 1.740883 | I59: TX MW | J59: 28.04.2026: FME Seydou is currently at Basheo will be on the site at 16H 27/04/2026 Besoin d'un fme sur site pour verifier l'interco entre le MPR et la BTS S1P1 FME seydou bachirou activé manage avec le levle 0 | K59: Teleinfra | L59: =IF(NOT(ISERROR(SEARCH("_URH_",Table4[[#This Row],[Site Name]]))), "Huawei_Rural", IF(NOT(ISERROR(SEARCH("_H_",Table4[[#This Row],[Site Name]]))), "Huawei",IF(NOT(ISERROR(SEARCH("_Z_",Table4[[#This Row],[Site Name]]))), "ZTE","Nokia"))) -> Nokia | M59: =IF(H59 < 1/24, "T<1H", IF(AND(H59<2/24, H59>1/24), "1H<T<2H", IF(AND(H59<4/24, H59>2/24), "2H<T<4H", IF(AND(H59<8/24, H59>4/24), "4H<T<8H", IF(AND(H59<16/24, H59>8/24), "8H<T<16H",IF(AND(H59<24/24, H59>16/24),"16H<T<24H", IF(AND(H59<48/24, H59>24/24),"24H<T<48H", "T>48H"))))))) -> 24H<T<48H | N59: NE3SWS AGENT NOT RESPONDING TO REQUESTS | O59: =IF(J59="Power Status check Ongoing", "En Attente status Power", IF(J59<>"Power Status check Ongoing", _xlfn.CONCAT(K59, " ", "Ongoing"))) -> Teleinfra Ongoing | P59: =VLOOKUP(D59,'[3]SBC And PowerCO Info'!A:C,3,0) -> NRD | Q59: =LEFT(D59,3) -> NRD | R59: =VLOOKUP(D59,'[4]SBC And PowerCO Info'!A:N,12,0) -> TIF NORD | S59: =_xlfn.CONCAT(Table4[[#This Row],[Site Name]], ": ", IF(ISNUMBER(SEARCH(CHAR(10),J59)), LEFT(J59, SEARCH(CHAR(10),J59)-1), J59)) -> Baikwa-Bere_G18L18L8_NRD_056: 28.04.2026: FME Seydou is currently at Basheo will be on the site at 16H | T59: =IF(ISNA(VLOOKUP([5]!Table4[[#This Row],[Site ID]],[5]PMO!A:A,1,0)),"No","Yes") -> Yes | U59: =VLOOKUP(Table4[[#This Row],[Site ID]],'[6]URH & URZ'!$A:$C,3,0) -> #N/A | V59: =VLOOKUP(Table4[[#This Row],[Site ID]],[6]NSB!$A:$C,3,0) -> #N/A | W59: =VLOOKUP(Table4[[#This Row],[Site ID]],[7]OCTOBRE_25!$J:$L,3,0) -> Baikwa-Bere
