Workbook

Sheet RAPPORT
G10: oprationnel | H10: Operationnel
D12: oprationnel | E12: Operationnel | G12: Row Labels | H12: Sum of NUR DU 05/03/2026
G13: ACCESS-ISSUE | H13: 21.736591
A14: oprationnel | B14: Operationnel | D14: Row Labels | E14: Sum of NUR DU 05/03/2026 | G14: AKTIVCO | H14: 204.99122
D15: ACCESS-ISSUE | E15: 21.736591 | G15: AKTIVCO GRID ONLY | H15: 358.67596
A16: Row Labels | B16: Sum of NUR DU 05/03/2026 | D16: ENVTECH | E16: 23.112121 | G16: BSS | H16: 181.43322
A17: ACCESS-ISSUE | B17: 21.736591 | D17: Exclu | E17: 35.103108 | G17: ENVTECH | H17: 23.112121
A18: ACTIVE | B18: 518.31809 | D18: no impacts | E18: 34.280657 | G18: Exclu | H18: 35.103108
A19: Exclu | B19: 35.103108 | D19: No root cause | E19: 197.25816 | G19: Fiber AOF | H19: 0
A20: no impacts | B20: 34.280657 | D20: POWER ISSUE | E20: 1036.1963 | G20: IHS | H20: 352.63806
A21: No root cause | B21: 197.25816 | D21: RAN ISSUE | E21: 181.43322 | G21: IHS GRID ONLY | H21: 92.070631
A22: PASSIVE | B22: 1059.3084 | D22: SPARE-ISSUE | E22: 59.887942 | G22: no impacts | H22: 34.280657
A23: PLANNED WORKS | B23: 9.2457046 | D23: TRAVAUX OCM | E23: 9.2457046 | G23: No root cause | H23: 197.25816
A24: SPARE-ISSUE | B24: 59.887942 | D24: TRAVAUX-HUAWEI | E24: 0 | G24: Partners | H24: 27.820404
A25: Grand Total | B25: 1935.1387 | D25: TX ISSUE | E25: 336.88488 | G25: PDH | H25: 336.88488
D26: Grand Total | E26: 1935.1387 | G26: SPARE-ISSUE | H26: 59.887942
G27: TRAVAUX OCM | H27: 9.2457046
G28: TRAVAUX-HUAWEI | H28: 0
G29: Grand Total | H29: 1935.1387
E39: NUR DAILY RECAP - NUR1935
B40: RCA | C40: NUR | E40: RCA | F40: NUR | H40: RCA | I40: NUR
B41: ACCESS-ISSUE | C41: =GETPIVOTDATA("NUR DU 05/03/2026",$A$16,"CATEGORIE","ACCESS-ISSUE") -> 21.736591 | E41: ACCESS-ISSUE | F41: =GETPIVOTDATA("NUR DU 05/03/2026",$D$14,"SUB RCA","ACCESS-ISSUE") -> 21.736591 | H41: ACCESS-ISSUE | I41: =GETPIVOTDATA("NUR DU 05/03/2026",$G$12,"OCM NOMENCLATURE","ACCESS-ISSUE") -> 21.736591
B42: ACTIVE | C42: =GETPIVOTDATA("NUR DU 05/03/2026",$A$16,"CATEGORIE","ACTIVE") -> 518.31809 | E42: ENV TCH OCM | F42: =GETPIVOTDATA("NUR DU 05/03/2026",$D$14,"SUB RCA","ENVTECH") -> 23.112121 | H42: AKTIVCO With Backup | I42: =GETPIVOTDATA("NUR DU 05/03/2026",$G$12,"OCM NOMENCLATURE","AKTIVCO") -> 204.99122
B43: No root cause | C43: =GETPIVOTDATA("NUR DU 05/03/2026",$A$16,"CATEGORIE","No root cause") -> 197.25816 | E43: No root cause | F43: =GETPIVOTDATA("NUR DU 05/03/2026",$D$14,"SUB RCA","No root cause") -> 197.25816 | H43: AKTIVCO GRID ONLY | I43: =GETPIVOTDATA("NUR DU 05/03/2026",$G$12,"OCM NOMENCLATURE","AKTIVCO GRID ONLY") -> 358.67596
B44: PASSIVE | C44: =GETPIVOTDATA("NUR DU 05/03/2026",$A$16,"CATEGORIE","PASSIVE") -> 1059.3084 | E44: POWER ISSUE | F44: =GETPIVOTDATA("NUR DU 05/03/2026",$D$14,"SUB RCA","POWER ISSUE") -> 1036.1963 | H44: Hardware issue | I44: =GETPIVOTDATA("NUR DU 05/03/2026",$G$12,"OCM NOMENCLATURE","BSS") -> 181.43322
B45: PLANNED WORKS | C45: =GETPIVOTDATA("NUR DU 05/03/2026",$A$16,"CATEGORIE","PLANNED WORKS") -> 9.2457046 | E45: RAN ISSUE | F45: =GETPIVOTDATA("NUR DU 05/03/2026",$D$14,"SUB RCA","RAN ISSUE") -> 181.43322 | H45: ENVTECH | I45: =GETPIVOTDATA("NUR DU 05/03/2026",$G$12,"OCM NOMENCLATURE","ENVTECH") -> 23.112121
B46: SPARE-ISSUE | C46: =GETPIVOTDATA("NUR DU 05/03/2026",$A$16,"CATEGORIE","SPARE-ISSUE") -> 59.887942 | E46: SPARE-ISSUE | F46: =GETPIVOTDATA("NUR DU 05/03/2026",$D$14,"SUB RCA","SPARE-ISSUE") -> 59.887942 | H46: Fiber AOF | I46: =GETPIVOTDATA("NUR DU 05/03/2026",$G$12,"OCM NOMENCLATURE","Fiber AOF") -> 0
B47: Grand Total | C47: =GETPIVOTDATA("NUR DU 05/03/2026",$A$16) -> 1935.1387 | E47: PLANNED WORKS | F47: =GETPIVOTDATA("NUR DU 05/03/2026",$D$14,"SUB RCA","TRAVAUX OCM") -> 9.2457046 | H47: IHS | I47: =GETPIVOTDATA("NUR DU 05/03/2026",$G$12,"OCM NOMENCLATURE","IHS") -> 352.63806
E48: TX ISSUE | F48: =GETPIVOTDATA("NUR DU 05/03/2026",$D$14,"SUB RCA","TX ISSUE") -> 336.88488 | H48: IHS GRID ONLY | I48: =GETPIVOTDATA("NUR DU 05/03/2026",$G$12,"OCM NOMENCLATURE","IHS GRID ONLY") -> 92.070631
E49: Grand Total | F49: =GETPIVOTDATA("NUR DU 05/03/2026",$D$14) -> 1935.1387 | H49: No root cause | I49: =GETPIVOTDATA("NUR DU 05/03/2026",$G$12,"OCM NOMENCLATURE","No root cause") -> 197.25816
H50: Power MTN | I50: =GETPIVOTDATA("NUR DU 05/03/2026",$G$12,"OCM NOMENCLATURE","Partners") -> 27.820404
H51: TX issue MPR / ODU -- | I51: =GETPIVOTDATA("NUR DU 05/03/2026",$G$12,"OCM NOMENCLATURE","PDH") -> 336.88488
H52: SPARE-ISSUE | I52: =GETPIVOTDATA("NUR DU 05/03/2026",$G$12,"OCM NOMENCLATURE","SPARE-ISSUE") -> 59.887942
H53: PLANNED WORKS | I53: =GETPIVOTDATA("NUR DU 05/03/2026",$G$12,"OCM NOMENCLATURE","TRAVAUX OCM") -> 9.2457046
H54: Grand Total | I54: =GETPIVOTDATA("NUR DU 05/03/2026",$G$12) -> 1935.1387
B57: CTR_211

Sheet daily break down
I1: =SUBTOTAL(9,I3:I2458) -> 2961.4907 | J1: =SUBTOTAL(9,J3:J2458) -> 3313.6944 | K1: =SUBTOTAL(9,K3:K2458) -> 3288.5808 | L1: =SUBTOTAL(9,L3:L2458) -> 2931.9362 | M1: =SUBTOTAL(9,M3:M2458) -> 3209.912 | N1: =SUBTOTAL(9,N3:N2458) -> 2613.8488 | O1: =SUBTOTAL(9,O3:O2458) -> 2422.1886 | P1: =SUBTOTAL(9,P3:P2458) -> 2845.6173 | ... S1: =SUBTOTAL(9,S3:S2458) -> 2735.102 | T1: 42426084 | V1: 2818.6536 | W1: 3224.5484 | X1: 2912.9428 | Y1: =SUBTOTAL(9,Y3:Y2458) -> 2722.6223 | Z1: =SUBTOTAL(9,Z3:Z2458) -> 2436.7911 | AD1: =SUBTOTAL(9,AD3:AD2458) -> 2267.0744
A2: Nom du Physique | B2: Codesite | C2: CLUSTER | D2: Owner | E2: Topology | F2: Region | G2: Ville | H2: Equipementiers | I2: NUR 11/04/2026 | J2: NUR 12/04/2026 | K2: NUR 13/04/2026 | L2: NUR 14/04/2026 | M2: NUR 15/04/2026 | N2: NUR 16/04/2026 | O2: NUR 18/04/2026 | P2: NUR 19/04/2026 | Q2: NUR 20/04/2026 | R2: NUR 21/04/2026 | S2: NUR 22/04/2026 | T2: NUR 23/04/2026 | U2: NUR DU 25/04/2026 | V2: NUR DU 26/04/2026 | W2: NUR DU 27/04/2026 | X2: NUR DU 28/04/2026 | Y2: NUR DU 29/04/2026 | Z2: NUR DU 05/02/2026 | AA2: NUR 2G | AB2: NUR 3G | AC2: NUR 4G | AD2: NUR DU 05/03/2026 | AE2: oprationnel | AF2: Raison d'exclusion | AG2: OCM NOMENCLATURE | AH2: SUB RCA | AI2: CAUSE | AJ2: CATEGORIE | AK2: Verifications 05/03/2026 | AL2: SPOF | AM2: impacts | AN2: updates BOTX | AO2: INCIDENT 05/03/2026 | AP2: top offenders05/03/2026 | AQ2: RETOUR CAMUSAT 05/03/2026 | AR2: RETOUR IHS 05/03/2026 | AS2: Hourly IHS 05/03/2026 | AT2: Cells Huawei 03052026 12h | AU2: cells down 02052026 8h50 | AV2: cells down 02052026 13h50 | AW2: cells down 02052026 13h50 | AX2: cell downs 03052026 8h40 | AY2: OCM Ran 05/03/2026 17H | AZ2: OCM Ran 05/03/2026 10H | BA2: Ticket 05/03/2026 | BB2: Dashbord suivi TOP OFFENDERS05/03/2026 | BC2: SITE WITH GPS ISSUE || 14/04/2026: hardware issue, site with GPS issue (alarm : TDD down 09Apr 02pm) | BD2: nokia number cell | BE2: HUAWEI number cell | BF2: ZTE number cell | BG2: HIS SITE | BH2: TOPO HIS SITE
A3: Babylone-dispensaire | B3: LIT_648 | C3: =_xlfn.XLOOKUP(B3,'[1]daily break down'!$D:$D,'[1]daily break down'!$E:$E,"") -> Douala | D3: CAMUSAT | E3: Good Grid no GE - 12h | F3: LITTORAL | G3: Douala | H3: =_xlfn.XLOOKUP(B3,[2]CALCULATION!$B:$B,[2]CALCULATION!$H:$H,"") -> ZTE | I3: 0 | J3: 4.9197172 | K3: 5.0473093 | L3: 0 | M3: 12.959824 | N3: 27.407629 | O3: 0 | P3: 1.3761546 | Q3: 0 | R3: 0 | S3: 0 | T3: 22.30289 | U3: 0 | V3: 0 | W3: 22.30289 | X3: 0 | Y3: 0 | Z3: 0 | AA3: 23.540071 | AB3: 20.029746 | AC3: 77.566338 | AD3: 50.535694 | AE3: Operationnel | AG3: {=IFERROR(_xlfn.IFS( AI3="MPR ISSUE","PDH", AI3="BSS Hardware Issue","BSS", AI3="Sites strategiques, MLL, Pylone, etc.","ENVTECH", AI3="AKTIVCO DEFAUT GE & POWER Cabinet","AKTIVCO", AI3="AKTIVCO Coupure ENEO & Baisse de tension","AKTIVCO GRID ONLY", AI3="Coupure ENEO & Baisse de tension","IHS GRID ONLY", AI3="Defaut GE & POWER Cabinet","IHS", AI3="Sharing","Partners", AI3="Sites strategiques & DataCenter","SST & DC", AI3="Exclu","Exclu", AI3="SAT","SAT", AI3="SPARE-ISSUE","SPARE-ISSUE", AI3="Fiber CAmtel","TRANS_FO_CAMTEL", AI3="Fiber AOF","Fiber AOF", AI3="Projet OCM (HUAWEI)","TRAVAUX-HUAWEI", AI3="Projet OCM (NOKIA)","TRAVAUX-NOKIA", AI3="ACCESS-ISSUE","ACCESS-ISSUE", AI3="Projet OCM (ZTE, NOKIA, autres projets)","TRAVAUX OCM", AI3="No root CAuse","No root cause", AI3="ODU HS","PDH", AI3="IP & VLAN","PDH", AI3="Warehouse HUAWEI","SPARE-ISSUE", AI3="SPARE-HS","SPARE-ISSUE", AI3="Power Telco","BSS",AI3="no impacts","no impacts" ),"")} -> PDH | AH3: {=IFERROR(_xlfn.IFS( AI3="MPR ISSUE","TX ISSUE", AI3="BSS Hardware Issue","RAN ISSUE", AI3="Sites strategiques, MLL, Pylone, etc.","ENVTECH", AI3="AKTIVCO DEFAUT GE & POWER Cabinet","POWER ISSUE", AI3="AKTIVCO Coupure ENEO & Baisse de tension","POWER ISSUE", AI3="Coupure ENEO & Baisse de tension","POWER ISSUE", AI3="Defaut GE & POWER Cabinet","POWER ISSUE", AI3="Sharing","POWER ISSUE", AI3="Sites strategiques & DataCenter","POWER ISSUE", AI3="Exclu","Exclu", AI3="SAT","TX ISSUE", AI3="SPARE-ISSUE","SPARE-ISSUE", AI3="Fiber CAmtel","TX ISSUE", AI3="Fiber AOF","TX ISSUE", AI3="Projet OCM (HUAWEI)","TRAVAUX-HUAWEI", AI3="Projet OCM (NOKIA)","TRAVAUX -NOKIA", AI3="ACCESS-ISSUE","ACCESS-ISSUE", AI3="Projet OCM (ZTE, NOKIA, autres projets)","TRAVAUX OCM", AI3="No root CAuse","No root cause", AI3="ODU HS","TX ISSUE", AI3="IP & VLAN","TX ISSUE", AI3="Warehouse HUAWEI","SPARE-ISSUE", AI3="SPARE-HS","SPARE-ISSUE", AI3="Power Telco","RAN ISSUE",AI3="no impacts","no impacts" ),"")} -> TX ISSUE | AI3: MPR ISSUE | AJ3: {=IFERROR(_xlfn.IFS( AI3="MPR ISSUE","ACTIVE", AI3="BSS Hardware Issue","ACTIVE", AI3="Sites strategiques, MLL, Pylone, etc.","PASSIVE", AI3="AKTIVCO DEFAUT GE & POWER Cabinet","PASSIVE", AI3="AKTIVCO Coupure ENEO & Baisse de tension","PASSIVE", AI3="Coupure ENEO & Baisse de tension","PASSIVE", AI3="Defaut GE & POWER Cabinet","PASSIVE", AI3="Sharing","PASSIVE", AI3="Sites strategiques & DataCenter","PASSIVE", AI3="Exclu","Exclu", AI3="SAT","ACTIVE", AI3="SPARE-ISSUE","SPARE-ISSUE", AI3="Fiber CAmtel","ACTIVE", AI3="Fiber AOF","ACTIVE", AI3="Projet OCM (HUAWEI)","PLANNED WORKS", AI3="Projet OCM (NOKIA)","PLANNED WORKS", AI3="ACCESS-ISSUE","ACCESS-ISSUE", AI3="Projet OCM (ZTE, NOKIA, autres projets)","PLANNED WORKS", AI3="No root CAuse","No root cause", AI3="ODU HS","ACTIVE", AI3="IP & VLAN","ACTIVE", AI3="Warehouse HUAWEI","SPARE-ISSUE", AI3="SPARE-HS","SPARE-ISSUE", AI3="Power Telco","ACTIVE", AI3="no impacts","no impacts" ),"")} -> ACTIVE | AK3: (05/03/2026 groupe whatsapp ):LIT_528_Z_Newb-Ancien-Etage-New(LIT-528) : Need FME on the site to check MPR status || (05/03/2026 com ran 17h): Impacted by LIT_528_Z_Newb-Ancien-Etage-New(LIT-528)..;..;(05/03/2026 com ran 10h): Impacted by LIT_528_Z_Newb-Ancien-Etage-New(LIT-528)..;..;(05/03/2026 ticket)..INC-20260503-00012977...Others Transmission equipement fault | AL3: =IFERROR(MID(AM3, SEARCH("CTR_", AM3), 7), IFERROR(MID(AM3, SEARCH("SUO_", AM3), 7), IFERROR(MID(AM3, SEARCH("SUD_", AM3), 7), IFERROR(MID(AM3, SEARCH("NRO_", AM3), 7), IFERROR(MID(AM3, SEARCH("ADM_", AM3), 7), IFERROR(MID(AM3, SEARCH("NRD_", AM3), 7), IFERROR(MID(AM3, SEARCH("EXN_", AM3), 7), IFERROR(MID(AM3, SEARCH("LIT_", AM3), 7), IFERROR(MID(AM3, SEARCH("EST_", AM3), 7), MID(AM3, SEARCH("OST_",AM3), 7)))))))))) -> LIT_528 | AM3: Impacted by LIT_528_Z_Newb-Ancien-Etage-New(LIT-528) | AO3: =_xlfn.XLOOKUP(B3,'INCIDENT-05-03-2026'!E:E,'INCIDENT-05-03-2026'!F:F,"") | AP3: (05/03/2026 top offenders): Impacted by LIT_528_Z_Newb-Ancien-Etage-New(LIT-528) | AS3: =_xlfn.XLOOKUP(B3,'[3]tt num | region | site id'!$C:$C,'[3]tt num | region | site id'!$Q:$Q,"") | AT3: =_xlfn.XLOOKUP(B3,'[4]Cells Huawei 03052026 12h'!$B:$B,'[4]Cells Huawei 03052026 12h'!$T:$T,"") | AU3: =_xlfn.XLOOKUP(B3,'[5]cells down 02052026 8h50'!$B:$B,'[5]cells down 02052026 8h50'!$R:$R,"") | AV3: =_xlfn.XLOOKUP(B3,'[5]cells down 02052026 13h50'!$B:$B,'[5]cells down 02052026 13h50'!$R:$R,"") | AW3: =_xlfn.XLOOKUP(B3,'[5]cells down 02052026 13h50'!$B:$B,'[5]cells down 02052026 13h50'!$R:$R,"") | AX3: =_xlfn.XLOOKUP(B3,'[6]cell downs 03052026 8h40 '!$B:$B,'[6]cell downs 03052026 8h40 '!$R:$R,"") | AY3: =_xlfn.XLOOKUP(B3,'[7]ALL SITES DOWN'!$D:$D,'[7]ALL SITES DOWN'!$J:$J,"") -> (05/03/2026 com ran 17h): Impacted by LIT_528_Z_Newb-Ancien-Etage-New(LIT-528) | AZ3: =_xlfn.XLOOKUP(B3,'[8]ALL SITES DOWN'!$D:$D,'[8]ALL SITES DOWN'!$J:$J,"") -> (05/03/2026 com ran 10h): Impacted by LIT_528_Z_Newb-Ancien-Etage-New(LIT-528) | BA3: =_xlfn.XLOOKUP(B3,[9]sheet1!$AC:$AC,[9]sheet1!$AF:$AF,"") -> (05/03/2026 ticket)..INC-20260503-00012977...Others Transmission equipement fault | BB3: (05/03/2026 dashbord): | BD3: =_xlfn.XLOOKUP(B3,'[10]cell downs 18042026 17h'!$B:$B,'[10]cell downs 18042026 17h'!$B:$B,"") | BE3: =_xlfn.XLOOKUP(B3,'[11]Cells Huawei 19042026 15h'!$B:$B,'[11]Cells Huawei 19042026 15h'!$B:$B,"") | BF3: =_xlfn.XLOOKUP(B3,'[12]cells down 19042026 9H40'!$B:$B,'[12]cells down 19042026 9H40'!$B:$B,"") | BH3: Grid-Lithium
A4: Carrefour-Diderot | B4: CTR_841 | C4: =_xlfn.XLOOKUP(B4,'[1]daily break down'!$D:$D,'[1]daily break down'!$E:$E,"") -> Yaounde | D4: CAMUSAT | E4: Good Grid no GE - 8h | F4: CENTRE | G4: Yaounde | H4: =_xlfn.XLOOKUP(B4,[2]CALCULATION!$B:$B,[2]CALCULATION!$H:$H,"") -> ZTE | I4: 0 | J4: 0 | K4: 0 | L4: 0 | M4: 0 | N4: 0 | O4: 0 | P4: 2.0062323 | Q4: 48.931037 | R4: 12.206845 | S4: 12.248722 | T4: 13.868557 | U4: 13.868557 | V4: 13.868557 | W4: 13.868557 | X4: 13.339711 | Y4: 12.010302 | Z4: 49.656122 | AA4: 30.931516 | AB4: 26.423963 | AC4: 68.921214 | AD4: 49.229471 | AE4: Operationnel | AG4: {=IFERROR(_xlfn.IFS( AI4="MPR ISSUE","PDH", AI4="BSS Hardware Issue","BSS", AI4="Sites strategiques, MLL, Pylone, etc.","ENVTECH", AI4="AKTIVCO DEFAUT GE & POWER Cabinet","AKTIVCO", AI4="AKTIVCO Coupure ENEO & Baisse de tension","AKTIVCO GRID ONLY", AI4="Coupure ENEO & Baisse de tension","IHS GRID ONLY", AI4="Defaut GE & POWER Cabinet","IHS", AI4="Sharing","Partners", AI4="Sites strategiques & DataCenter","SST & DC", AI4="Exclu","Exclu", AI4="SAT","SAT", AI4="SPARE-ISSUE","SPARE-ISSUE", AI4="Fiber CAmtel","TRANS_FO_CAMTEL", AI4="Fiber AOF","Fiber AOF", AI4="Projet OCM (HUAWEI)","TRAVAUX-HUAWEI", AI4="Projet OCM (NOKIA)","TRAVAUX-NOKIA", AI4="ACCESS-ISSUE","ACCESS-ISSUE", AI4="Projet OCM (ZTE, NOKIA, autres projets)","TRAVAUX OCM", AI4="No root CAuse","No root cause", AI4="ODU HS","PDH", AI4="IP & VLAN","PDH", AI4="Warehouse HUAWEI","SPARE-ISSUE", AI4="SPARE-HS","SPARE-ISSUE", AI4="Power Telco","BSS",AI4="no impacts","no impacts" ),"")} -> PDH | AH4: {=IFERROR(_xlfn.IFS( AI4="MPR ISSUE","TX ISSUE", AI4="BSS Hardware Issue","RAN ISSUE", AI4="Sites strategiques, MLL, Pylone, etc.","ENVTECH", AI4="AKTIVCO DEFAUT GE & POWER Cabinet","POWER ISSUE", AI4="AKTIVCO Coupure ENEO & Baisse de tension","POWER ISSUE", AI4="Coupure ENEO & Baisse de tension","POWER ISSUE", AI4="Defaut GE & POWER Cabinet","POWER ISSUE", AI4="Sharing","POWER ISSUE", AI4="Sites strategiques & DataCenter","POWER ISSUE", AI4="Exclu","Exclu", AI4="SAT","TX ISSUE", AI4="SPARE-ISSUE","SPARE-ISSUE", AI4="Fiber CAmtel","TX ISSUE", AI4="Fiber AOF","TX ISSUE", AI4="Projet OCM (HUAWEI)","TRAVAUX-HUAWEI", AI4="Projet OCM (NOKIA)","TRAVAUX -NOKIA", AI4="ACCESS-ISSUE","ACCESS-ISSUE", AI4="Projet OCM (ZTE, NOKIA, autres projets)","TRAVAUX OCM", AI4="No root CAuse","No root cause", AI4="ODU HS","TX ISSUE", AI4="IP & VLAN","TX ISSUE", AI4="Warehouse HUAWEI","SPARE-ISSUE", AI4="SPARE-HS","SPARE-ISSUE", AI4="Power Telco","RAN ISSUE",AI4="no impacts","no impacts" ),"")} -> TX ISSUE | AI4: MPR ISSUE | AJ4: {=IFERROR(_xlfn.IFS( AI4="MPR ISSUE","ACTIVE", AI4="BSS Hardware Issue","ACTIVE", AI4="Sites strategiques, MLL, Pylone, etc.","PASSIVE", AI4="AKTIVCO DEFAUT GE & POWER Cabinet","PASSIVE", AI4="AKTIVCO Coupure ENEO & Baisse de tension","PASSIVE", AI4="Coupure ENEO & Baisse de tension","PASSIVE", AI4="Defaut GE & POWER Cabinet","PASSIVE", AI4="Sharing","PASSIVE", AI4="Sites strategiques & DataCenter","PASSIVE", AI4="Exclu","Exclu", AI4="SAT","ACTIVE", AI4="SPARE-ISSUE","SPARE-ISSUE", AI4="Fiber CAmtel","ACTIVE", AI4="Fiber AOF","ACTIVE", AI4="Projet OCM (HUAWEI)","PLANNED WORKS", AI4="Projet OCM (NOKIA)","PLANNED WORKS", AI4="ACCESS-ISSUE","ACCESS-ISSUE", AI4="Projet OCM (ZTE, NOKIA, autres projets)","PLANNED WORKS", AI4="No root CAuse","No root cause", AI4="ODU HS","ACTIVE", AI4="IP & VLAN","ACTIVE", AI4="Warehouse HUAWEI","SPARE-ISSUE", AI4="SPARE-HS","SPARE-ISSUE", AI4="Power Telco","ACTIVE", AI4="no impacts","no impacts" ),"")} -> ACTIVE | AK4: (05/03/2026 com ran 17h): 03.05.2026: FME Henry activated ETA=ASAP 03.05.2026: Need FME on the site to check MPR status..;..;(05/03/2026 com ran 10h): 01.05.2026 CAMUSAT: Grid outage and grid only site / Grid return awaited 30.04.26; Power alarms; Camusat feedback awaiting..;..;(05/03/2026 ticket)..INC-20260503-00014533...2026-05-04 01:28:32...no power issue u=54v load=47A / no action done Relance 1 BO TX ANALYSE ONGOING...user:OCM_NOC.CAMUSAT | AL4: =B4 -> CTR_841 | AO4: =_xlfn.XLOOKUP(B4,'INCIDENT-05-03-2026'!E:E,'INCIDENT-05-03-2026'!F:F,"") | AP4: (05/03/2026 top offenders): | AS4: =_xlfn.XLOOKUP(B4,'[3]tt num | region | site id'!$C:$C,'[3]tt num | region | site id'!$Q:$Q,"") | AT4: =_xlfn.XLOOKUP(B4,'[4]Cells Huawei 03052026 12h'!$B:$B,'[4]Cells Huawei 03052026 12h'!$T:$T,"") | AU4: =_xlfn.XLOOKUP(B4,'[5]cells down 02052026 8h50'!$B:$B,'[5]cells down 02052026 8h50'!$R:$R,"") | AV4: =_xlfn.XLOOKUP(B4,'[5]cells down 02052026 13h50'!$B:$B,'[5]cells down 02052026 13h50'!$R:$R,"") | AW4: =_xlfn.XLOOKUP(B4,'[5]cells down 02052026 13h50'!$B:$B,'[5]cells down 02052026 13h50'!$R:$R,"") | AX4: =_xlfn.XLOOKUP(B4,'[6]cell downs 03052026 8h40 '!$B:$B,'[6]cell downs 03052026 8h40 '!$R:$R,"") | AY4: =_xlfn.XLOOKUP(B4,'[7]ALL SITES DOWN'!$D:$D,'[7]ALL SITES DOWN'!$J:$J,"") -> (05/03/2026 com ran 17h): 03.05.2026: FME Henry activated ETA=ASAP 03.05.2026: Need FME on the site to check MPR status | AZ4: =_xlfn.XLOOKUP(B4,'[8]ALL SITES DOWN'!$D:$D,'[8]ALL SITES DOWN'!$J:$J,"") -> (05/03/2026 com ran 10h): 01.05.2026 CAMUSAT: Grid outage and grid only site / Grid return awaited 30.04.26; Power alarms; Camusat feedback awaiting | BA4: =_xlfn.XLOOKUP(B4,[9]sheet1!$AC:$AC,[9]sheet1!$AF:$AF,"") -> (05/03/2026 ticket)..INC-20260503-00014533...2026-05-04 01:28:32...no power issue u=54v load=47A / no action done Relance 1 BO TX ANALYSE ONGOING...user:OCM_NOC.CAMUSAT | BB4: (05/03/2026 dashbord): | BD4: =_xlfn.XLOOKUP(B4,'[10]cell downs 18042026 17h'!$B:$B,'[10]cell downs 18042026 17h'!$B:$B,"") | BE4: =_xlfn.XLOOKUP(B4,'[11]Cells Huawei 19042026 15h'!$B:$B,'[11]Cells Huawei 19042026 15h'!$B:$B,"") | BF4: =_xlfn.XLOOKUP(B4,'[12]cells down 19042026 9H40'!$B:$B,'[12]cells down 19042026 9H40'!$B:$B,"") | BH4: Grid-Lithium
A5: Ange-raphael-II | B5: LIT_696 | C5: =_xlfn.XLOOKUP(B5,'[1]daily break down'!$D:$D,'[1]daily break down'!$E:$E,"") -> Douala | D5: CAMUSAT | E5: Good Grid no GE - 8h | F5: LITTORAL | G5: Douala | H5: =_xlfn.XLOOKUP(B5,[2]CALCULATION!$B:$B,[2]CALCULATION!$H:$H,"") -> ZTE | I5: 0 | J5: 0 | K5: 0 | L5: 11.674254 | M5: 0 | N5: 0 | O5: 0.85897304 | P5: 10.660312 | Q5: 1.0623999 | R5: 3.882215 | S5: 4.6973851 | T5: 2.8014628 | U5: 6.6491312 | V5: 1.8401342 | W5: 2.8014628 | X5: 2.3936459 | Y5: 0 | Z5: 48.40039 | AA5: 13.089307 | AB5: 16.622391 | AC5: 66.586631 | AD5: 42.173647 | AE5: Operationnel | AG5: {=IFERROR(_xlfn.IFS( AI5="MPR ISSUE","PDH", AI5="BSS Hardware Issue","BSS", AI5="Sites strategiques, MLL, Pylone, etc.","ENVTECH", AI5="AKTIVCO DEFAUT GE & POWER Cabinet","AKTIVCO", AI5="AKTIVCO Coupure ENEO & Baisse de tension","AKTIVCO GRID ONLY", AI5="Coupure ENEO & Baisse de tension","IHS GRID ONLY", AI5="Defaut GE & POWER Cabinet","IHS", AI5="Sharing","Partners", AI5="Sites strategiques & DataCenter","SST & DC", AI5="Exclu","Exclu", AI5="SAT","SAT", AI5="SPARE-ISSUE","SPARE-ISSUE", AI5="Fiber CAmtel","TRANS_FO_CAMTEL", AI5="Fiber AOF","Fiber AOF", AI5="Projet OCM (HUAWEI)","TRAVAUX-HUAWEI", AI5="Projet OCM (NOKIA)","TRAVAUX-NOKIA", AI5="ACCESS-ISSUE","ACCESS-ISSUE", AI5="Projet OCM (ZTE, NOKIA, autres projets)","TRAVAUX OCM", AI5="No root CAuse","No root cause", AI5="ODU HS","PDH", AI5="IP & VLAN","PDH", AI5="Warehouse HUAWEI","SPARE-ISSUE", AI5="SPARE-HS","SPARE-ISSUE", AI5="Power Telco","BSS",AI5="no impacts","no impacts" ),"")} -> AKTIVCO GRID ONLY | AH5: {=IFERROR(_xlfn.IFS( AI5="MPR ISSUE","TX ISSUE", AI5="BSS Hardware Issue","RAN ISSUE", AI5="Sites strategiques, MLL, Pylone, etc.","ENVTECH", AI5="AKTIVCO DEFAUT GE & POWER Cabinet","POWER ISSUE", AI5="AKTIVCO Coupure ENEO & Baisse de tension","POWER ISSUE", AI5="Coupure ENEO & Baisse de tension","POWER ISSUE", AI5="Defaut GE & POWER Cabinet","POWER ISSUE", AI5="Sharing","POWER ISSUE", AI5="Sites strategiques & DataCenter","POWER ISSUE", AI5="Exclu","Exclu", AI5="SAT","TX ISSUE", AI5="SPARE-ISSUE","SPARE-ISSUE", AI5="Fiber CAmtel","TX ISSUE", AI5="Fiber AOF","TX ISSUE", AI5="Projet OCM (HUAWEI)","TRAVAUX-HUAWEI", AI5="Projet OCM (NOKIA)","TRAVAUX -NOKIA", AI5="ACCESS-ISSUE","ACCESS-ISSUE", AI5="Projet OCM (ZTE, NOKIA, autres projets)","TRAVAUX OCM", AI5="No root CAuse","No root cause", AI5="ODU HS","TX ISSUE", AI5="IP & VLAN","TX ISSUE", AI5="Warehouse HUAWEI","SPARE-ISSUE", AI5="SPARE-HS","SPARE-ISSUE", AI5="Power Telco","RAN ISSUE",AI5="no impacts","no impacts" ),"")} -> POWER ISSUE | AI5: AKTIVCO Coupure ENEO & Baisse de tension | AJ5: {=IFERROR(_xlfn.IFS( AI5="MPR ISSUE","ACTIVE", AI5="BSS Hardware Issue","ACTIVE", AI5="Sites strategiques, MLL, Pylone, etc.","PASSIVE", AI5="AKTIVCO DEFAUT GE & POWER Cabinet","PASSIVE", AI5="AKTIVCO Coupure ENEO & Baisse de tension","PASSIVE", AI5="Coupure ENEO & Baisse de tension","PASSIVE", AI5="Defaut GE & POWER Cabinet","PASSIVE", AI5="Sharing","PASSIVE", AI5="Sites strategiques & DataCenter","PASSIVE", AI5="Exclu","Exclu", AI5="SAT","ACTIVE", AI5="SPARE-ISSUE","SPARE-ISSUE", AI5="Fiber CAmtel","ACTIVE", AI5="Fiber AOF","ACTIVE", AI5="Projet OCM (HUAWEI)","PLANNED WORKS", AI5="Projet OCM (NOKIA)","PLANNED WORKS", AI5="ACCESS-ISSUE","ACCESS-ISSUE", AI5="Projet OCM (ZTE, NOKIA, autres projets)","PLANNED WORKS", AI5="No root CAuse","No root cause", AI5="ODU HS","ACTIVE", AI5="IP & VLAN","ACTIVE", AI5="Warehouse HUAWEI","SPARE-ISSUE", AI5="SPARE-HS","SPARE-ISSUE", AI5="Power Telco","ACTIVE", AI5="no impacts","no impacts" ),"")} -> PASSIVE | AK5: (05/03/2026 cell zte): 30/04/2026 : Power issue || Mail sent to camusat || Feedback camusat : FME en route pour le site ETA 12 :15. ..;..;(05/03/2026 cell zte): 30/04/2026 : Power issue || Mail sent to camusat || Feedback camusat : FME en route pour le site ETA 12 :15. ..;..;(05/03/2026 cell zte): 30/04/2026 : Power issue || Mail sent to camusat || Feedback camusat : FME en route pour le site ETA 12 :15. ..;..;(05/03/2026 ticket)..INC-20260503-00016442...2026-05-03 22:57:02...TX FME Kingsly 675245958 Huawei is on site for works (reinstallation of OCM side on site)...user:OCM_NOC.IHS | AL5: =B5 -> LIT_696 | AO5: =_xlfn.XLOOKUP(B5,'INCIDENT-05-03-2026'!E:E,'INCIDENT-05-03-2026'!F:F,"") | AP5: (05/03/2026 top offenders): Power status check Ongoing | AS5: =_xlfn.XLOOKUP(B5,'[3]tt num | region | site id'!$C:$C,'[3]tt num | region | site id'!$Q:$Q,"") | AT5: =_xlfn.XLOOKUP(B5,'[4]Cells Huawei 03052026 12h'!$B:$B,'[4]Cells Huawei 03052026 12h'!$T:$T,"") | AU5: =_xlfn.XLOOKUP(B5,'[5]cells down 02052026 8h50'!$B:$B,'[5]cells down 02052026 8h50'!$R:$R,"") -> (05/03/2026 cell zte): 30/04/2026 : Power issue || Mail sent to camusat || Feedback camusat : FME en route pour le site ETA 12 :15. | AV5: =_xlfn.XLOOKUP(B5,'[5]cells down 02052026 13h50'!$B:$B,'[5]cells down 02052026 13h50'!$R:$R,"") -> (05/03/2026 cell zte): 30/04/2026 : Power issue || Mail sent to camusat || Feedback camusat : FME en route pour le site ETA 12 :15. | AW5: =_xlfn.XLOOKUP(B5,'[5]cells down 02052026 13h50'!$B:$B,'[5]cells down 02052026 13h50'!$R:$R,"") -> (05/03/2026 cell zte): 30/04/2026 : Power issue || Mail sent to camusat || Feedback camusat : FME en route pour le site ETA 12 :15. | AX5: =_xlfn.XLOOKUP(B5,'[6]cell downs 03052026 8h40 '!$B:$B,'[6]cell downs 03052026 8h40 '!$R:$R,"") | AY5: =_xlfn.XLOOKUP(B5,'[7]ALL SITES DOWN'!$D:$D,'[7]ALL SITES DOWN'!$J:$J,"") | AZ5: =_xlfn.XLOOKUP(B5,'[8]ALL SITES DOWN'!$D:$D,'[8]ALL SITES DOWN'!$J:$J,"") | BA5: =_xlfn.XLOOKUP(B5,[9]sheet1!$AC:$AC,[9]sheet1!$AF:$AF,"") -> (05/03/2026 ticket)..INC-20260503-00016442...2026-05-03 22:57:02...TX FME Kingsly 675245958 Huawei is on site for works (reinstallation of OCM side on site)...user:OCM_NOC.IHS | BB5: (05/03/2026 dashbord): | BD5: =_xlfn.XLOOKUP(B5,'[10]cell downs 18042026 17h'!$B:$B,'[10]cell downs 18042026 17h'!$B:$B,"") | BE5: =_xlfn.XLOOKUP(B5,'[11]Cells Huawei 19042026 15h'!$B:$B,'[11]Cells Huawei 19042026 15h'!$B:$B,"") | BF5: =_xlfn.XLOOKUP(B5,'[12]cells down 19042026 9H40'!$B:$B,'[12]cells down 19042026 9H40'!$B:$B,"")
A6: Oyomambang-Ekorezok | B6: CTR_560 | C6: =_xlfn.XLOOKUP(B6,'[1]daily break down'!$D:$D,'[1]daily break down'!$E:$E,"") -> Yaounde | D6: CAMUSAT | E6: Good Grid + GE | F6: CENTRE | G6: Yaounde | H6: =_xlfn.XLOOKUP(B6,[2]CALCULATION!$B:$B,[2]CALCULATION!$H:$H,"") -> ZTE | I6: 3.7152787 | J6: 1.0600992 | K6: 0.65361995 | L6: 0.0534874 | M6: 2.0929286 | N6: 0.053005853 | O6: 0.54500432 | P6: 6.9734621 | Q6: 4.3984692 | R6: 0.62510166 | S6: 0 | T6: 0 | U6: 0 | V6: 0 | W6: 0 | X6: 0 | Y6: 0 | Z6: 34.813823 | AA6: 21.817261 | AB6: 18.551669 | AC6: 55.80279 | AD6: 38.444029 | AE6: Operationnel | AG6: {=IFERROR(_xlfn.IFS( AI6="MPR ISSUE","PDH", AI6="BSS Hardware Issue","BSS", AI6="Sites strategiques, MLL, Pylone, etc.","ENVTECH", AI6="AKTIVCO DEFAUT GE & POWER Cabinet","AKTIVCO", AI6="AKTIVCO Coupure ENEO & Baisse de tension","AKTIVCO GRID ONLY", AI6="Coupure ENEO & Baisse de tension","IHS GRID ONLY", AI6="Defaut GE & POWER Cabinet","IHS", AI6="Sharing","Partners", AI6="Sites strategiques & DataCenter","SST & DC", AI6="Exclu","Exclu", AI6="SAT","SAT", AI6="SPARE-ISSUE","SPARE-ISSUE", AI6="Fiber CAmtel","TRANS_FO_CAMTEL", AI6="Fiber AOF","Fiber AOF", AI6="Projet OCM (HUAWEI)","TRAVAUX-HUAWEI", AI6="Projet OCM (NOKIA)","TRAVAUX-NOKIA", AI6="ACCESS-ISSUE","ACCESS-ISSUE", AI6="Projet OCM (ZTE, NOKIA, autres projets)","TRAVAUX OCM", AI6="No root CAuse","No root cause", AI6="ODU HS","PDH", AI6="IP & VLAN","PDH", AI6="Warehouse HUAWEI","SPARE-ISSUE", AI6="SPARE-HS","SPARE-ISSUE", AI6="Power Telco","BSS",AI6="no impacts","no impacts" ),"")} -> PDH | AH6: {=IFERROR(_xlfn.IFS( AI6="MPR ISSUE","TX ISSUE", AI6="BSS Hardware Issue","RAN ISSUE", AI6="Sites strategiques, MLL, Pylone, etc.","ENVTECH", AI6="AKTIVCO DEFAUT GE & POWER Cabinet","POWER ISSUE", AI6="AKTIVCO Coupure ENEO & Baisse de tension","POWER ISSUE", AI6="Coupure ENEO & Baisse de tension","POWER ISSUE", AI6="Defaut GE & POWER Cabinet","POWER ISSUE", AI6="Sharing","POWER ISSUE", AI6="Sites strategiques & DataCenter","POWER ISSUE", AI6="Exclu","Exclu", AI6="SAT","TX ISSUE", AI6="SPARE-ISSUE","SPARE-ISSUE", AI6="Fiber CAmtel","TX ISSUE", AI6="Fiber AOF","TX ISSUE", AI6="Projet OCM (HUAWEI)","TRAVAUX-HUAWEI", AI6="Projet OCM (NOKIA)","TRAVAUX -NOKIA", AI6="ACCESS-ISSUE","ACCESS-ISSUE", AI6="Projet OCM (ZTE, NOKIA, autres projets)","TRAVAUX OCM", AI6="No root CAuse","No root cause", AI6="ODU HS","TX ISSUE", AI6="IP & VLAN","TX ISSUE", AI6="Warehouse HUAWEI","SPARE-ISSUE", AI6="SPARE-HS","SPARE-ISSUE", AI6="Power Telco","RAN ISSUE",AI6="no impacts","no impacts" ),"")} -> TX ISSUE | AI6: MPR ISSUE | AJ6: {=IFERROR(_xlfn.IFS( AI6="MPR ISSUE","ACTIVE", AI6="BSS Hardware Issue","ACTIVE", AI6="Sites strategiques, MLL, Pylone, etc.","PASSIVE", AI6="AKTIVCO DEFAUT GE & POWER Cabinet","PASSIVE", AI6="AKTIVCO Coupure ENEO & Baisse de tension","PASSIVE", AI6="Coupure ENEO & Baisse de tension","PASSIVE", AI6="Defaut GE & POWER Cabinet","PASSIVE", AI6="Sharing","PASSIVE", AI6="Sites strategiques & DataCenter","PASSIVE", AI6="Exclu","Exclu", AI6="SAT","ACTIVE", AI6="SPARE-ISSUE","SPARE-ISSUE", AI6="Fiber CAmtel","ACTIVE", AI6="Fiber AOF","ACTIVE", AI6="Projet OCM (HUAWEI)","PLANNED WORKS", AI6="Projet OCM (NOKIA)","PLANNED WORKS", AI6="ACCESS-ISSUE","ACCESS-ISSUE", AI6="Projet OCM (ZTE, NOKIA, autres projets)","PLANNED WORKS", AI6="No root CAuse","No root cause", AI6="ODU HS","ACTIVE", AI6="IP & VLAN","ACTIVE", AI6="Warehouse HUAWEI","SPARE-ISSUE", AI6="SPARE-HS","SPARE-ISSUE", AI6="Power Telco","ACTIVE", AI6="no impacts","no impacts" ),"")} -> ACTIVE | AK6: (05/03/2026 com ran 10h): 03.05.2026:FME Mohamadou activated for intervention ETA=03:00 PM 03.05.2026: BV activer le FME pour check statut du chassis et refaire le ligne antennaire. interpeller le BoTx pour assistance si pas toujours OK. | AL6: =B6 -> CTR_560 | AO6: =_xlfn.XLOOKUP(B6,'INCIDENT-05-03-2026'!E:E,'INCIDENT-05-03-2026'!F:F,"") | AP6: (05/03/2026 top offenders): | AS6: =_xlfn.XLOOKUP(B6,'[3]tt num | region | site id'!$C:$C,'[3]tt num | region | site id'!$Q:$Q,"") | AT6: =_xlfn.XLOOKUP(B6,'[4]Cells Huawei 03052026 12h'!$B:$B,'[4]Cells Huawei 03052026 12h'!$T:$T,"") | AU6: =_xlfn.XLOOKUP(B6,'[5]cells down 02052026 8h50'!$B:$B,'[5]cells down 02052026 8h50'!$R:$R,"") | AV6: =_xlfn.XLOOKUP(B6,'[5]cells down 02052026 13h50'!$B:$B,'[5]cells down 02052026 13h50'!$R:$R,"") | AW6: =_xlfn.XLOOKUP(B6,'[5]cells down 02052026 13h50'!$B:$B,'[5]cells down 02052026 13h50'!$R:$R,"") | AX6: =_xlfn.XLOOKUP(B6,'[6]cell downs 03052026 8h40 '!$B:$B,'[6]cell downs 03052026 8h40 '!$R:$R,"") | AY6: =_xlfn.XLOOKUP(B6,'[7]ALL SITES DOWN'!$D:$D,'[7]ALL SITES DOWN'!$J:$J,"") | AZ6: =_xlfn.XLOOKUP(B6,'[8]ALL SITES DOWN'!$D:$D,'[8]ALL SITES DOWN'!$J:$J,"") -> (05/03/2026 com ran 10h): 03.05.2026:FME Mohamadou activated for intervention ETA=03:00 PM 03.05.2026: BV activer le FME pour check statut du chassis et refaire le ligne antennaire. interpeller le BoTx pour assistance si pas toujours OK. | BA6: =_xlfn.XLOOKUP(B6,[9]sheet1!$AC:$AC,[9]sheet1!$AF:$AF,"") | BB6: (05/03/2026 dashbord): | BD6: =_xlfn.XLOOKUP(B6,'[10]cell downs 18042026 17h'!$B:$B,'[10]cell downs 18042026 17h'!$B:$B,"") | BE6: =_xlfn.XLOOKUP(B6,'[11]Cells Huawei 19042026 15h'!$B:$B,'[11]Cells Huawei 19042026 15h'!$B:$B,"") | BF6: =_xlfn.XLOOKUP(B6,'[12]cells down 19042026 9H40'!$B:$B,'[12]cells down 19042026 9H40'!$B:$B,"")
A7: Lada | B7: CTR_667 | C7: =_xlfn.XLOOKUP(B7,'[1]daily break down'!$D:$D,'[1]daily break down'!$E:$E,"") -> Yaounde | D7: CAMUSAT | E7: Bad Grid + Solar + GE | F7: CENTRE | G7: Lada | H7: =_xlfn.XLOOKUP(B7,[2]CALCULATION!$B:$B,[2]CALCULATION!$H:$H,"") -> ZTE | I7: 0 | J7: 0 | K7: 0 | L7: 0 | M7: 8.6248299 | N7: 8.5509213 | O7: 0 | P7: 4.926441 | Q7: 33.85929 | R7: 36.982818 | S7: 36.982604 | T7: 36.982818 | U7: 36.982818 | V7: 36.982729 | W7: 36.982818 | X7: 36.982818 | Y7: 36.982818 | Z7: 36.982818 | AA7: 32.372936 | AB7: 27.540622 | AC7: 44.323622 | AD7: 36.982818 | AE7: Operationnel | AG7: {=IFERROR(_xlfn.IFS( AI7="MPR ISSUE","PDH", AI7="BSS Hardware Issue","BSS", AI7="Sites strategiques, MLL, Pylone, etc.","ENVTECH", AI7="AKTIVCO DEFAUT GE & POWER Cabinet","AKTIVCO", AI7="AKTIVCO Coupure ENEO & Baisse de tension","AKTIVCO GRID ONLY", AI7="Coupure ENEO & Baisse de tension","IHS GRID ONLY", AI7="Defaut GE & POWER Cabinet","IHS", AI7="Sharing","Partners", AI7="Sites strategiques & DataCenter","SST & DC", AI7="Exclu","Exclu", AI7="SAT","SAT", AI7="SPARE-ISSUE","SPARE-ISSUE", AI7="Fiber CAmtel","TRANS_FO_CAMTEL", AI7="Fiber AOF","Fiber AOF", AI7="Projet OCM (HUAWEI)","TRAVAUX-HUAWEI", AI7="Projet OCM (NOKIA)","TRAVAUX-NOKIA", AI7="ACCESS-ISSUE","ACCESS-ISSUE", AI7="Projet OCM (ZTE, NOKIA, autres projets)","TRAVAUX OCM", AI7="No root CAuse","No root cause", AI7="ODU HS","PDH", AI7="IP & VLAN","PDH", AI7="Warehouse HUAWEI","SPARE-ISSUE", AI7="SPARE-HS","SPARE-ISSUE", AI7="Power Telco","BSS",AI7="no impacts","no impacts" ),"")} -> BSS | AH7: {=IFERROR(_xlfn.IFS( AI7="MPR ISSUE","TX ISSUE", AI7="BSS Hardware Issue","RAN ISSUE", AI7="Sites strategiques, MLL, Pylone, etc.","ENVTECH", AI7="AKTIVCO DEFAUT GE & POWER Cabinet","POWER ISSUE", AI7="AKTIVCO Coupure ENEO & Baisse de tension","POWER ISSUE", AI7="Coupure ENEO & Baisse de tension","POWER ISSUE", AI7="Defaut GE & POWER Cabinet","POWER ISSUE", AI7="Sharing","POWER ISSUE", AI7="Sites strategiques & DataCenter","POWER ISSUE", AI7="Exclu","Exclu", AI7="SAT","TX ISSUE", AI7="SPARE-ISSUE","SPARE-ISSUE", AI7="Fiber CAmtel","TX ISSUE", AI7="Fiber AOF","TX ISSUE", AI7="Projet OCM (HUAWEI)","TRAVAUX-HUAWEI", AI7="Projet OCM (NOKIA)","TRAVAUX -NOKIA", AI7="ACCESS-ISSUE","ACCESS-ISSUE", AI7="Projet OCM (ZTE, NOKIA, autres projets)","TRAVAUX OCM", AI7="No root CAuse","No root cause", AI7="ODU HS","TX ISSUE", AI7="IP & VLAN","TX ISSUE", AI7="Warehouse HUAWEI","SPARE-ISSUE", AI7="SPARE-HS","SPARE-ISSUE", AI7="Power Telco","RAN ISSUE",AI7="no impacts","no impacts" ),"")} -> RAN ISSUE | AI7: BSS Hardware issue | AJ7: {=IFERROR(_xlfn.IFS( AI7="MPR ISSUE","ACTIVE", AI7="BSS Hardware Issue","ACTIVE", AI7="Sites strategiques, MLL, Pylone, etc.","PASSIVE", AI7="AKTIVCO DEFAUT GE & POWER Cabinet","PASSIVE", AI7="AKTIVCO Coupure ENEO & Baisse de tension","PASSIVE", AI7="Coupure ENEO & Baisse de tension","PASSIVE", AI7="Defaut GE & POWER Cabinet","PASSIVE", AI7="Sharing","PASSIVE", AI7="Sites strategiques & DataCenter","PASSIVE", AI7="Exclu","Exclu", AI7="SAT","ACTIVE", AI7="SPARE-ISSUE","SPARE-ISSUE", AI7="Fiber CAmtel","ACTIVE", AI7="Fiber AOF","ACTIVE", AI7="Projet OCM (HUAWEI)","PLANNED WORKS", AI7="Projet OCM (NOKIA)","PLANNED WORKS", AI7="ACCESS-ISSUE","ACCESS-ISSUE", AI7="Projet OCM (ZTE, NOKIA, autres projets)","PLANNED WORKS", AI7="No root CAuse","No root cause", AI7="ODU HS","ACTIVE", AI7="IP & VLAN","ACTIVE", AI7="Warehouse HUAWEI","SPARE-ISSUE", AI7="SPARE-HS","SPARE-ISSUE", AI7="Power Telco","ACTIVE", AI7="no impacts","no impacts" ),"")} -> ACTIVE | AK7: (05/03/2026 ticket)..INC-20260503-00010751...Others Transmission equipement fault || (05/04/2026 BOTX): Probable probleme de connectique | AL7: =B7 -> CTR_667 | AN7: (05/04/2026 BOTX): Probable probleme de connectique | AO7: =_xlfn.XLOOKUP(B7,'INCIDENT-05-03-2026'!E:E,'INCIDENT-05-03-2026'!F:F,"") | AP7: (05/03/2026 top offenders): | AS7: =_xlfn.XLOOKUP(B7,'[3]tt num | region | site id'!$C:$C,'[3]tt num | region | site id'!$Q:$Q,"") | AT7: =_xlfn.XLOOKUP(B7,'[4]Cells Huawei 03052026 12h'!$B:$B,'[4]Cells Huawei 03052026 12h'!$T:$T,"") | AU7: =_xlfn.XLOOKUP(B7,'[5]cells down 02052026 8h50'!$B:$B,'[5]cells down 02052026 8h50'!$R:$R,"") | AV7: =_xlfn.XLOOKUP(B7,'[5]cells down 02052026 13h50'!$B:$B,'[5]cells down 02052026 13h50'!$R:$R,"") | AW7: =_xlfn.XLOOKUP(B7,'[5]cells down 02052026 13h50'!$B:$B,'[5]cells down 02052026 13h50'!$R:$R,"") | AX7: =_xlfn.XLOOKUP(B7,'[6]cell downs 03052026 8h40 '!$B:$B,'[6]cell downs 03052026 8h40 '!$R:$R,"") | AY7: =_xlfn.XLOOKUP(B7,'[7]ALL SITES DOWN'!$D:$D,'[7]ALL SITES DOWN'!$J:$J,"") | AZ7: =_xlfn.XLOOKUP(B7,'[8]ALL SITES DOWN'!$D:$D,'[8]ALL SITES DOWN'!$J:$J,"") | BA7: =_xlfn.XLOOKUP(B7,[9]sheet1!$AC:$AC,[9]sheet1!$AF:$AF,"") -> (05/03/2026 ticket)..INC-20260503-00010751...Others Transmission equipement fault | BB7: (05/03/2026 dashbord): | BD7: =_xlfn.XLOOKUP(B7,'[10]cell downs 18042026 17h'!$B:$B,'[10]cell downs 18042026 17h'!$B:$B,"") | BE7: =_xlfn.XLOOKUP(B7,'[11]Cells Huawei 19042026 15h'!$B:$B,'[11]Cells Huawei 19042026 15h'!$B:$B,"") | BF7: =_xlfn.XLOOKUP(B7,'[12]cells down 19042026 9H40'!$B:$B,'[12]cells down 19042026 9H40'!$B:$B,"") | BH7: Grid-Gen
A8: Fin-goudron-Mbangue | B8: LIT_844 | C8: =_xlfn.XLOOKUP(B8,'[1]daily break down'!$D:$D,'[1]daily break down'!$E:$E,"") -> Douala | D8: CAMUSAT | E8: Bad-Grid-GE | F8: LITTORAL | G8: Douala | H8: =_xlfn.XLOOKUP(B8,[2]CALCULATION!$B:$B,[2]CALCULATION!$H:$H,"") -> ZTE | I8: 0 | J8: 0 | K8: 0 | L8: 0 | M8: 0 | N8: 0 | O8: 0.2306254 | P8: 3.535947 | Q8: 0.11619554 | R8: 29.782441 | S8: 0 | T8: 4.4848623 | U8: 0 | V8: 0 | W8: 4.4848623 | X8: 7.3005396 | Y8: 3.0113816 | Z8: 1.4239883 | AA8: 16.795459 | AB8: 14.292117 | AC8: 56.087371 | AD8: 36.44534 | AE8: Operationnel | AG8: {=IFERROR(_xlfn.IFS( AI8="MPR ISSUE","PDH", AI8="BSS Hardware Issue","BSS", AI8="Sites strategiques, MLL, Pylone, etc.","ENVTECH", AI8="AKTIVCO DEFAUT GE & POWER Cabinet","AKTIVCO", AI8="AKTIVCO Coupure ENEO & Baisse de tension","AKTIVCO GRID ONLY", AI8="Coupure ENEO & Baisse de tension","IHS GRID ONLY", AI8="Defaut GE & POWER Cabinet","IHS", AI8="Sharing","Partners", AI8="Sites strategiques & DataCenter","SST & DC", AI8="Exclu","Exclu", AI8="SAT","SAT", AI8="SPARE-ISSUE","SPARE-ISSUE", AI8="Fiber CAmtel","TRANS_FO_CAMTEL", AI8="Fiber AOF","Fiber AOF", AI8="Projet OCM (HUAWEI)","TRAVAUX-HUAWEI", AI8="Projet OCM (NOKIA)","TRAVAUX-NOKIA", AI8="ACCESS-ISSUE","ACCESS-ISSUE", AI8="Projet OCM (ZTE, NOKIA, autres projets)","TRAVAUX OCM", AI8="No root CAuse","No root cause", AI8="ODU HS","PDH", AI8="IP & VLAN","PDH", AI8="Warehouse HUAWEI","SPARE-ISSUE", AI8="SPARE-HS","SPARE-ISSUE", AI8="Power Telco","BSS",AI8="no impacts","no impacts" ),"")} -> AKTIVCO GRID ONLY | AH8: {=IFERROR(_xlfn.IFS( AI8="MPR ISSUE","TX ISSUE", AI8="BSS Hardware Issue","RAN ISSUE", AI8="Sites strategiques, MLL, Pylone, etc.","ENVTECH", AI8="AKTIVCO DEFAUT GE & POWER Cabinet","POWER ISSUE", AI8="AKTIVCO Coupure ENEO & Baisse de tension","POWER ISSUE", AI8="Coupure ENEO & Baisse de tension","POWER ISSUE", AI8="Defaut GE & POWER Cabinet","POWER ISSUE", AI8="Sharing","POWER ISSUE", AI8="Sites strategiques & DataCenter","POWER ISSUE", AI8="Exclu","Exclu", AI8="SAT","TX ISSUE", AI8="SPARE-ISSUE","SPARE-ISSUE", AI8="Fiber CAmtel","TX ISSUE", AI8="Fiber AOF","TX ISSUE", AI8="Projet OCM (HUAWEI)","TRAVAUX-HUAWEI", AI8="Projet OCM (NOKIA)","TRAVAUX -NOKIA", AI8="ACCESS-ISSUE","ACCESS-ISSUE", AI8="Projet OCM (ZTE, NOKIA, autres projets)","TRAVAUX OCM", AI8="No root CAuse","No root cause", AI8="ODU HS","TX ISSUE", AI8="IP & VLAN","TX ISSUE", AI8="Warehouse HUAWEI","SPARE-ISSUE", AI8="SPARE-HS","SPARE-ISSUE", AI8="Power Telco","RAN ISSUE",AI8="no impacts","no impacts" ),"")} -> POWER ISSUE | AI8: AKTIVCO Coupure ENEO & Baisse de tension | AJ8: {=IFERROR(_xlfn.IFS( AI8="MPR ISSUE","ACTIVE", AI8="BSS Hardware Issue","ACTIVE", AI8="Sites strategiques, MLL, Pylone, etc.","PASSIVE", AI8="AKTIVCO DEFAUT GE & POWER Cabinet","PASSIVE", AI8="AKTIVCO Coupure ENEO & Baisse de tension","PASSIVE", AI8="Coupure ENEO & Baisse de tension","PASSIVE", AI8="Defaut GE & POWER Cabinet","PASSIVE", AI8="Sharing","PASSIVE", AI8="Sites strategiques & DataCenter","PASSIVE", AI8="Exclu","Exclu", AI8="SAT","ACTIVE", AI8="SPARE-ISSUE","SPARE-ISSUE", AI8="Fiber CAmtel","ACTIVE", AI8="Fiber AOF","ACTIVE", AI8="Projet OCM (HUAWEI)","PLANNED WORKS", AI8="Projet OCM (NOKIA)","PLANNED WORKS", AI8="ACCESS-ISSUE","ACCESS-ISSUE", AI8="Projet OCM (ZTE, NOKIA, autres projets)","PLANNED WORKS", AI8="No root CAuse","No root cause", AI8="ODU HS","ACTIVE", AI8="IP & VLAN","ACTIVE", AI8="Warehouse HUAWEI","SPARE-ISSUE", AI8="SPARE-HS","SPARE-ISSUE", AI8="Power Telco","ACTIVE", AI8="no impacts","no impacts" ),"")} -> PASSIVE | AK8: (05/03/2026 com ran 17h): Impacted by LIT_713_Z_Kotto-Baden-Baden(LIT-713) || (035/03/2026 groupe whatssapp ): INC-20260503-00006521 LIT_713_Z_Kotto-Baden-Baden(LIT-713) ,Delestage prolongé dans la zone retour de notre FME | AL8: =IFERROR(MID(AM8, SEARCH("CTR_", AM8), 7), IFERROR(MID(AM8, SEARCH("SUO_", AM8), 7), IFERROR(MID(AM8, SEARCH("SUD_", AM8), 7), IFERROR(MID(AM8, SEARCH("NRO_", AM8), 7), IFERROR(MID(AM8, SEARCH("ADM_", AM8), 7), IFERROR(MID(AM8, SEARCH("NRD_", AM8), 7), IFERROR(MID(AM8, SEARCH("EXN_", AM8), 7), IFERROR(MID(AM8, SEARCH("LIT_", AM8), 7), IFERROR(MID(AM8, SEARCH("EST_", AM8), 7), MID(AM8, SEARCH("OST_",AM8), 7)))))))))) -> LIT_713 | AM8: Impacted by LIT_713_Z_Kotto-Baden-Baden(LIT-713) | AO8: =_xlfn.XLOOKUP(B8,'INCIDENT-05-03-2026'!E:E,'INCIDENT-05-03-2026'!F:F,"") | AP8: (05/03/2026 top offenders): Impacted by LIT_713_Z_Kotto-Baden-Baden(LIT-713) | AS8: =_xlfn.XLOOKUP(B8,'[3]tt num | region | site id'!$C:$C,'[3]tt num | region | site id'!$Q:$Q,"") | AT8: =_xlfn.XLOOKUP(B8,'[4]Cells Huawei 03052026 12h'!$B:$B,'[4]Cells Huawei 03052026 12h'!$T:$T,"") | AU8: =_xlfn.XLOOKUP(B8,'[5]cells down 02052026 8h50'!$B:$B,'[5]cells down 02052026 8h50'!$R:$R,"") | AV8: =_xlfn.XLOOKUP(B8,'[5]cells down 02052026 13h50'!$B:$B,'[5]cells down 02052026 13h50'!$R:$R,"") | AW8: =_xlfn.XLOOKUP(B8,'[5]cells down 02052026 13h50'!$B:$B,'[5]cells down 02052026 13h50'!$R:$R,"") | AX8: =_xlfn.XLOOKUP(B8,'[6]cell downs 03052026 8h40 '!$B:$B,'[6]cell downs 03052026 8h40 '!$R:$R,"") | AY8: =_xlfn.XLOOKUP(B8,'[7]ALL SITES DOWN'!$D:$D,'[7]ALL SITES DOWN'!$J:$J,"") -> (05/03/2026 com ran 17h): Impacted by LIT_713_Z_Kotto-Baden-Baden(LIT-713) | AZ8: =_xlfn.XLOOKUP(B8,'[8]ALL SITES DOWN'!$D:$D,'[8]ALL SITES DOWN'!$J:$J,"") | BA8: =_xlfn.XLOOKUP(B8,[9]sheet1!$AC:$AC,[9]sheet1!$AF:$AF,"") | BB8: (05/03/2026 dashbord): | BD8: =_xlfn.XLOOKUP(B8,'[10]cell downs 18042026 17h'!$B:$B,'[10]cell downs 18042026 17h'!$B:$B,"") | BE8: =_xlfn.XLOOKUP(B8,'[11]Cells Huawei 19042026 15h'!$B:$B,'[11]Cells Huawei 19042026 15h'!$B:$B,"") | BF8: =_xlfn.XLOOKUP(B8,'[12]cells down 19042026 9H40'!$B:$B,'[12]cells down 19042026 9H40'!$B:$B,"")
A9: NR-Omnisport-Qtier-Yambassa | B9: CTR_566 | C9: =_xlfn.XLOOKUP(B9,'[1]daily break down'!$D:$D,'[1]daily break down'!$E:$E,"") -> Yaounde | D9: CAMUSAT | E9: Good Grid no GE - 8h | F9: CENTRE | G9: Yaounde | H9: =_xlfn.XLOOKUP(B9,[2]CALCULATION!$B:$B,[2]CALCULATION!$H:$H,"") -> ZTE | I9: 3.4843679 | J9: 9.1953205 | K9: 9.1744535 | L9: 9.2277625 | M9: 13.025207 | N9: 24.078158 | O9: 0 | P9: 2.9564853 | Q9: 2.8731241 | R9: 3.2196775 | S9: 0.76334135 | T9: 2.9626919 | U9: 16.532975 | V9: 17.700887 | W9: 2.9626919 | X9: 6.7759743 | Y9: 4.5641036 | Z9: 22.417338 | AA9: 17.123934 | AB9: 14.81796 | AC9: 54.324036 | AD9: 35.74922 | AE9: Operationnel | AG9: {=IFERROR(_xlfn.IFS( AI9="MPR ISSUE","PDH", AI9="BSS Hardware Issue","BSS", AI9="Sites strategiques, MLL, Pylone, etc.","ENVTECH", AI9="AKTIVCO DEFAUT GE & POWER Cabinet","AKTIVCO", AI9="AKTIVCO Coupure ENEO & Baisse de tension","AKTIVCO GRID ONLY", AI9="Coupure ENEO & Baisse de tension","IHS GRID ONLY", AI9="Defaut GE & POWER Cabinet","IHS", AI9="Sharing","Partners", AI9="Sites strategiques & DataCenter","SST & DC", AI9="Exclu","Exclu", AI9="SAT","SAT", AI9="SPARE-ISSUE","SPARE-ISSUE", AI9="Fiber CAmtel","TRANS_FO_CAMTEL", AI9="Fiber AOF","Fiber AOF", AI9="Projet OCM (HUAWEI)","TRAVAUX-HUAWEI", AI9="Projet OCM (NOKIA)","TRAVAUX-NOKIA", AI9="ACCESS-ISSUE","ACCESS-ISSUE", AI9="Projet OCM (ZTE, NOKIA, autres projets)","TRAVAUX OCM", AI9="No root CAuse","No root cause", AI9="ODU HS","PDH", AI9="IP & VLAN","PDH", AI9="Warehouse HUAWEI","SPARE-ISSUE", AI9="SPARE-HS","SPARE-ISSUE", AI9="Power Telco","BSS",AI9="no impacts","no impacts" ),"")} -> AKTIVCO GRID ONLY | AH9: {=IFERROR(_xlfn.IFS( AI9="MPR ISSUE","TX ISSUE", AI9="BSS Hardware Issue","RAN ISSUE", AI9="Sites strategiques, MLL, Pylone, etc.","ENVTECH", AI9="AKTIVCO DEFAUT GE & POWER Cabinet","POWER ISSUE", AI9="AKTIVCO Coupure ENEO & Baisse de tension","POWER ISSUE", AI9="Coupure ENEO & Baisse de tension","POWER ISSUE", AI9="Defaut GE & POWER Cabinet","POWER ISSUE", AI9="Sharing","POWER ISSUE", AI9="Sites strategiques & DataCenter","POWER ISSUE", AI9="Exclu","Exclu", AI9="SAT","TX ISSUE", AI9="SPARE-ISSUE","SPARE-ISSUE", AI9="Fiber CAmtel","TX ISSUE", AI9="Fiber AOF","TX ISSUE", AI9="Projet OCM (HUAWEI)","TRAVAUX-HUAWEI", AI9="Projet OCM (NOKIA)","TRAVAUX -NOKIA", AI9="ACCESS-ISSUE","ACCESS-ISSUE", AI9="Projet OCM (ZTE, NOKIA, autres projets)","TRAVAUX OCM", AI9="No root CAuse","No root cause", AI9="ODU HS","TX ISSUE", AI9="IP & VLAN","TX ISSUE", AI9="Warehouse HUAWEI","SPARE-ISSUE", AI9="SPARE-HS","SPARE-ISSUE", AI9="Power Telco","RAN ISSUE",AI9="no impacts","no impacts" ),"")} -> POWER ISSUE | AI9: AKTIVCO Coupure ENEO & Baisse de tension | AJ9: {=IFERROR(_xlfn.IFS( AI9="MPR ISSUE","ACTIVE", AI9="BSS Hardware Issue","ACTIVE", AI9="Sites strategiques, MLL, Pylone, etc.","PASSIVE", AI9="AKTIVCO DEFAUT GE & POWER Cabinet","PASSIVE", AI9="AKTIVCO Coupure ENEO & Baisse de tension","PASSIVE", AI9="Coupure ENEO & Baisse de tension","PASSIVE", AI9="Defaut GE & POWER Cabinet","PASSIVE", AI9="Sharing","PASSIVE", AI9="Sites strategiques & DataCenter","PASSIVE", AI9="Exclu","Exclu", AI9="SAT","ACTIVE", AI9="SPARE-ISSUE","SPARE-ISSUE", AI9="Fiber CAmtel","ACTIVE", AI9="Fiber AOF","ACTIVE", AI9="Projet OCM (HUAWEI)","PLANNED WORKS", AI9="Projet OCM (NOKIA)","PLANNED WORKS", AI9="ACCESS-ISSUE","ACCESS-ISSUE", AI9="Projet OCM (ZTE, NOKIA, autres projets)","PLANNED WORKS", AI9="No root CAuse","No root cause", AI9="ODU HS","ACTIVE", AI9="IP & VLAN","ACTIVE", AI9="Warehouse HUAWEI","SPARE-ISSUE", AI9="SPARE-HS","SPARE-ISSUE", AI9="Power Telco","ACTIVE", AI9="no impacts","no impacts" ),"")} -> PASSIVE | AK9: (05/03/2026 com ran 17h): 03.05.2026 CAMUSAT: Grid outage and Grid only site / Grid return awaited..;..;(05/03/2026 ticket)..INC-20260503-00003219...2026-05-03 10:01:18... 01.05.2026: FSMF réçu faulty, 02 nouvelles pièces de rechange envoyées ETD 03/05/2026...user:TCHOUPOU BAUDOIN VALDAS | AL9: =B9 -> CTR_566 | AO9: =_xlfn.XLOOKUP(B9,'INCIDENT-05-03-2026'!E:E,'INCIDENT-05-03-2026'!F:F,"") | AP9: (05/03/2026 top offenders): | AS9: =_xlfn.XLOOKUP(B9,'[3]tt num | region | site id'!$C:$C,'[3]tt num | region | site id'!$Q:$Q,"") | AT9: =_xlfn.XLOOKUP(B9,'[4]Cells Huawei 03052026 12h'!$B:$B,'[4]Cells Huawei 03052026 12h'!$T:$T,"") | AU9: =_xlfn.XLOOKUP(B9,'[5]cells down 02052026 8h50'!$B:$B,'[5]cells down 02052026 8h50'!$R:$R,"") | AV9: =_xlfn.XLOOKUP(B9,'[5]cells down 02052026 13h50'!$B:$B,'[5]cells down 02052026 13h50'!$R:$R,"") | AW9: =_xlfn.XLOOKUP(B9,'[5]cells down 02052026 13h50'!$B:$B,'[5]cells down 02052026 13h50'!$R:$R,"") | AX9: =_xlfn.XLOOKUP(B9,'[6]cell downs 03052026 8h40 '!$B:$B,'[6]cell downs 03052026 8h40 '!$R:$R,"") | AY9: =_xlfn.XLOOKUP(B9,'[7]ALL SITES DOWN'!$D:$D,'[7]ALL SITES DOWN'!$J:$J,"") -> (05/03/2026 com ran 17h): 03.05.2026 CAMUSAT: Grid outage and Grid only site / Grid return awaited | AZ9: =_xlfn.XLOOKUP(B9,'[8]ALL SITES DOWN'!$D:$D,'[8]ALL SITES DOWN'!$J:$J,"") | BA9: =_xlfn.XLOOKUP(B9,[9]sheet1!$AC:$AC,[9]sheet1!$AF:$AF,"") -> (05/03/2026 ticket)..INC-20260503-00003219...2026-05-03 10:01:18... 01.05.2026: FSMF réçu faulty, 02 nouvelles pièces de rechange envoyées ETD 03/05/2026...user:TCHOUPOU BAUDOIN VALDAS | BB9: (05/03/2026 dashbord): | BD9: =_xlfn.XLOOKUP(B9,'[10]cell downs 18042026 17h'!$B:$B,'[10]cell downs 18042026 17h'!$B:$B,"") | BE9: =_xlfn.XLOOKUP(B9,'[11]Cells Huawei 19042026 15h'!$B:$B,'[11]Cells Huawei 19042026 15h'!$B:$B,"") | BF9: =_xlfn.XLOOKUP(B9,'[12]cells down 19042026 9H40'!$B:$B,'[12]cells down 19042026 9H40'!$B:$B,"")
A10: Ekoumdoum-Chatel | B10: CTR_762 | C10: =_xlfn.XLOOKUP(B10,'[1]daily break down'!$D:$D,'[1]daily break down'!$E:$E,"") -> Yaounde | D10: CAMUSAT | E10: Good Grid + GE | F10: CENTRE | G10: Yaounde | H10: =_xlfn.XLOOKUP(B10,[2]CALCULATION!$B:$B,[2]CALCULATION!$H:$H,"") -> ZTE | I10: 0 | J10: 0.67981968 | K10: 1.4655262 | L10: 1.4481727 | M10: 0.98413962 | N10: 3.1526711 | O10: 0 | P10: 1.5383112 | Q10: 2.3112478 | R10: 0 | S10: 1.2546621 | T10: 3.4888445 | U10: 2.4707469 | V10: 0 | W10: 3.4888445 | X10: 3.3742185 | Y10: 0.0036918612 | Z10: 41.605671 | AA10: 20.90852 | AB10: 20.24937 | AC10: 48.552218 | AD10: 35.103108 | AE10: Operationnel | AG10: {=IFERROR(_xlfn.IFS( AI10="MPR ISSUE","PDH", AI10="BSS Hardware Issue","BSS", AI10="Sites strategiques, MLL, Pylone, etc.","ENVTECH", AI10="AKTIVCO DEFAUT GE & POWER Cabinet","AKTIVCO", AI10="AKTIVCO Coupure ENEO & Baisse de tension","AKTIVCO GRID ONLY", AI10="Coupure ENEO & Baisse de tension","IHS GRID ONLY", AI10="Defaut GE & POWER Cabinet","IHS", AI10="Sharing","Partners", AI10="Sites strategiques & DataCenter","SST & DC", AI10="Exclu","Exclu", AI10="SAT","SAT", AI10="SPARE-ISSUE","SPARE-ISSUE", AI10="Fiber CAmtel","TRANS_FO_CAMTEL", AI10="Fiber AOF","Fiber AOF", AI10="Projet OCM (HUAWEI)","TRAVAUX-HUAWEI", AI10="Projet OCM (NOKIA)","TRAVAUX-NOKIA", AI10="ACCESS-ISSUE","ACCESS-ISSUE", AI10="Projet OCM (ZTE, NOKIA, autres projets)","TRAVAUX OCM", AI10="No root CAuse","No root cause", AI10="ODU HS","PDH", AI10="IP & VLAN","PDH", AI10="Warehouse HUAWEI","SPARE-ISSUE", AI10="SPARE-HS","SPARE-ISSUE", AI10="Power Telco","BSS",AI10="no impacts","no impacts" ),"")} -> Exclu | AH10: {=IFERROR(_xlfn.IFS( AI10="MPR ISSUE","TX ISSUE", AI10="BSS Hardware Issue","RAN ISSUE", AI10="Sites strategiques, MLL, Pylone, etc.","ENVTECH", AI10="AKTIVCO DEFAUT GE & POWER Cabinet","POWER ISSUE", AI10="AKTIVCO Coupure ENEO & Baisse de tension","POWER ISSUE", AI10="Coupure ENEO & Baisse de tension","POWER ISSUE", AI10="Defaut GE & POWER Cabinet","POWER ISSUE", AI10="Sharing","POWER ISSUE", AI10="Sites strategiques & DataCenter","POWER ISSUE", AI10="Exclu","Exclu", AI10="SAT","TX ISSUE", AI10="SPARE-ISSUE","SPARE-ISSUE", AI10="Fiber CAmtel","TX ISSUE", AI10="Fiber AOF","TX ISSUE", AI10="Projet OCM (HUAWEI)","TRAVAUX-HUAWEI", AI10="Projet OCM (NOKIA)","TRAVAUX -NOKIA", AI10="ACCESS-ISSUE","ACCESS-ISSUE", AI10="Projet OCM (ZTE, NOKIA, autres projets)","TRAVAUX OCM", AI10="No root CAuse","No root cause", AI10="ODU HS","TX ISSUE", AI10="IP & VLAN","TX ISSUE", AI10="Warehouse HUAWEI","SPARE-ISSUE", AI10="SPARE-HS","SPARE-ISSUE", AI10="Power Telco","RAN ISSUE",AI10="no impacts","no impacts" ),"")} -> Exclu | AI10: EXCLU | AJ10: {=IFERROR(_xlfn.IFS( AI10="MPR ISSUE","ACTIVE", AI10="BSS Hardware Issue","ACTIVE", AI10="Sites strategiques, MLL, Pylone, etc.","PASSIVE", AI10="AKTIVCO DEFAUT GE & POWER Cabinet","PASSIVE", AI10="AKTIVCO Coupure ENEO & Baisse de tension","PASSIVE", AI10="Coupure ENEO & Baisse de tension","PASSIVE", AI10="Defaut GE & POWER Cabinet","PASSIVE", AI10="Sharing","PASSIVE", AI10="Sites strategiques & DataCenter","PASSIVE", AI10="Exclu","Exclu", AI10="SAT","ACTIVE", AI10="SPARE-ISSUE","SPARE-ISSUE", AI10="Fiber CAmtel","ACTIVE", AI10="Fiber AOF","ACTIVE", AI10="Projet OCM (HUAWEI)","PLANNED WORKS", AI10="Projet OCM (NOKIA)","PLANNED WORKS", AI10="ACCESS-ISSUE","ACCESS-ISSUE", AI10="Projet OCM (ZTE, NOKIA, autres projets)","PLANNED WORKS", AI10="No root CAuse","No root cause", AI10="ODU HS","ACTIVE", AI10="IP & VLAN","ACTIVE", AI10="Warehouse HUAWEI","SPARE-ISSUE", AI10="SPARE-HS","SPARE-ISSUE", AI10="Power Telco","ACTIVE", AI10="no impacts","no impacts" ),"")} -> Exclu | AK10: (05/03/2026 com ran 10h): 02.05.2026: Site Vandaliser. Inventaire cote Active et Passive en cours. Update ASAP 02/05/2026 CAMUSAT: site vandilisé le regional de spider est dans le site pour investigation.note que la tension du site actuel est 53 V load 18 A ,Fme sera sur demain pour plus d'information | AL10: =B10 -> CTR_762 | AO10: =_xlfn.XLOOKUP(B10,'INCIDENT-05-03-2026'!E:E,'INCIDENT-05-03-2026'!F:F,"") | AP10: (05/03/2026 top offenders): | AS10: =_xlfn.XLOOKUP(B10,'[3]tt num | region | site id'!$C:$C,'[3]tt num | region | site id'!$Q:$Q,"") | AT10: =_xlfn.XLOOKUP(B10,'[4]Cells Huawei 03052026 12h'!$B:$B,'[4]Cells Huawei 03052026 12h'!$T:$T,"") | AU10: =_xlfn.XLOOKUP(B10,'[5]cells down 02052026 8h50'!$B:$B,'[5]cells down 02052026 8h50'!$R:$R,"") | AV10: =_xlfn.XLOOKUP(B10,'[5]cells down 02052026 13h50'!$B:$B,'[5]cells down 02052026 13h50'!$R:$R,"") | AW10: =_xlfn.XLOOKUP(B10,'[5]cells down 02052026 13h50'!$B:$B,'[5]cells down 02052026 13h50'!$R:$R,"") | AX10: =_xlfn.XLOOKUP(B10,'[6]cell downs 03052026 8h40 '!$B:$B,'[6]cell downs 03052026 8h40 '!$R:$R,"") | AY10: =_xlfn.XLOOKUP(B10,'[7]ALL SITES DOWN'!$D:$D,'[7]ALL SITES DOWN'!$J:$J,"") | AZ10: =_xlfn.XLOOKUP(B10,'[8]ALL SITES DOWN'!$D:$D,'[8]ALL SITES DOWN'!$J:$J,"") -> (05/03/2026 com ran 10h): 02.05.2026: Site Vandaliser. Inventaire cote Active et Passive en cours. Update ASAP 02/05/2026 CAMUSAT: site vandilisé le regional de spider est dans le site pour investigation.note que la tension du site actuel est 53 V load 18 A ,Fme sera sur demain pour plus d'information | BA10: =_xlfn.XLOOKUP(B10,[9]sheet1!$AC:$AC,[9]sheet1!$AF:$AF,"") | BB10: (05/03/2026 dashbord): | BD10: =_xlfn.XLOOKUP(B10,'[10]cell downs 18042026 17h'!$B:$B,'[10]cell downs 18042026 17h'!$B:$B,"") | BE10: =_xlfn.XLOOKUP(B10,'[11]Cells Huawei 19042026 15h'!$B:$B,'[11]Cells Huawei 19042026 15h'!$B:$B,"") | BF10: =_xlfn.XLOOKUP(B10,'[12]cells down 19042026 9H40'!$B:$B,'[12]cells down 19042026 9H40'!$B:$B,"")
A11: Nkolfoulou-I | B11: CTR_671 | C11: =_xlfn.XLOOKUP(B11,'[1]daily break down'!$D:$D,'[1]daily break down'!$E:$E,"") -> Yaounde | D11: CAMUSAT | E11: Good Grid + GE | F11: CENTRE | G11: Yaounde | H11: =_xlfn.XLOOKUP(B11,[2]CALCULATION!$B:$B,[2]CALCULATION!$H:$H,"") -> ZTE | I11: 0.20198226 | J11: 3.5356438 | K11: 0.21411012 | L11: 0 | M11: 0 | N11: 0 | O11: 0 | P11: 0 | Q11: 0 | R11: 0 | S11: 1.4464249 | T11: 0 | U11: 3.9678947 | V11: 0 | W11: 0 | X11: 0 | Y11: 1.2382003 | Z11: 0 | AA11: 0 | AB11: 0 | AC11: 66.292132 | AD11: 34.570588 | AE11: Operationnel | AG11: {=IFERROR(_xlfn.IFS( AI11="MPR ISSUE","PDH", AI11="BSS Hardware Issue","BSS", AI11="Sites strategiques, MLL, Pylone, etc.","ENVTECH", AI11="AKTIVCO DEFAUT GE & POWER Cabinet","AKTIVCO", AI11="AKTIVCO Coupure ENEO & Baisse de tension","AKTIVCO GRID ONLY", AI11="Coupure ENEO & Baisse de tension","IHS GRID ONLY", AI11="Defaut GE & POWER Cabinet","IHS", AI11="Sharing","Partners", AI11="Sites strategiques & DataCenter","SST & DC", AI11="Exclu","Exclu", AI11="SAT","SAT", AI11="SPARE-ISSUE","SPARE-ISSUE", AI11="Fiber CAmtel","TRANS_FO_CAMTEL", AI11="Fiber AOF","Fiber AOF", AI11="Projet OCM (HUAWEI)","TRAVAUX-HUAWEI", AI11="Projet OCM (NOKIA)","TRAVAUX-NOKIA", AI11="ACCESS-ISSUE","ACCESS-ISSUE", AI11="Projet OCM (ZTE, NOKIA, autres projets)","TRAVAUX OCM", AI11="No root CAuse","No root cause", AI11="ODU HS","PDH", AI11="IP & VLAN","PDH", AI11="Warehouse HUAWEI","SPARE-ISSUE", AI11="SPARE-HS","SPARE-ISSUE", AI11="Power Telco","BSS",AI11="no impacts","no impacts" ),"")} -> AKTIVCO | AH11: {=IFERROR(_xlfn.IFS( AI11="MPR ISSUE","TX ISSUE", AI11="BSS Hardware Issue","RAN ISSUE", AI11="Sites strategiques, MLL, Pylone, etc.","ENVTECH", AI11="AKTIVCO DEFAUT GE & POWER Cabinet","POWER ISSUE", AI11="AKTIVCO Coupure ENEO & Baisse de tension","POWER ISSUE", AI11="Coupure ENEO & Baisse de tension","POWER ISSUE", AI11="Defaut GE & POWER Cabinet","POWER ISSUE", AI11="Sharing","POWER ISSUE", AI11="Sites strategiques & DataCenter","POWER ISSUE", AI11="Exclu","Exclu", AI11="SAT","TX ISSUE", AI11="SPARE-ISSUE","SPARE-ISSUE", AI11="Fiber CAmtel","TX ISSUE", AI11="Fiber AOF","TX ISSUE", AI11="Projet OCM (HUAWEI)","TRAVAUX-HUAWEI", AI11="Projet OCM (NOKIA)","TRAVAUX -NOKIA", AI11="ACCESS-ISSUE","ACCESS-ISSUE", AI11="Projet OCM (ZTE, NOKIA, autres projets)","TRAVAUX OCM", AI11="No root CAuse","No root cause", AI11="ODU HS","TX ISSUE", AI11="IP & VLAN","TX ISSUE", AI11="Warehouse HUAWEI","SPARE-ISSUE", AI11="SPARE-HS","SPARE-ISSUE", AI11="Power Telco","RAN ISSUE",AI11="no impacts","no impacts" ),"")} -> POWER ISSUE | AI11: AKTIVCO Defaut GE & Power Cabinet | AJ11: {=IFERROR(_xlfn.IFS( AI11="MPR ISSUE","ACTIVE", AI11="BSS Hardware Issue","ACTIVE", AI11="Sites strategiques, MLL, Pylone, etc.","PASSIVE", AI11="AKTIVCO DEFAUT GE & POWER Cabinet","PASSIVE", AI11="AKTIVCO Coupure ENEO & Baisse de tension","PASSIVE", AI11="Coupure ENEO & Baisse de tension","PASSIVE", AI11="Defaut GE & POWER Cabinet","PASSIVE", AI11="Sharing","PASSIVE", AI11="Sites strategiques & DataCenter","PASSIVE", AI11="Exclu","Exclu", AI11="SAT","ACTIVE", AI11="SPARE-ISSUE","SPARE-ISSUE", AI11="Fiber CAmtel","ACTIVE", AI11="Fiber AOF","ACTIVE", AI11="Projet OCM (HUAWEI)","PLANNED WORKS", AI11="Projet OCM (NOKIA)","PLANNED WORKS", AI11="ACCESS-ISSUE","ACCESS-ISSUE", AI11="Projet OCM (ZTE, NOKIA, autres projets)","PLANNED WORKS", AI11="No root CAuse","No root cause", AI11="ODU HS","ACTIVE", AI11="IP & VLAN","ACTIVE", AI11="Warehouse HUAWEI","SPARE-ISSUE", AI11="SPARE-HS","SPARE-ISSUE", AI11="Power Telco","ACTIVE", AI11="no impacts","no impacts" ),"")} -> PASSIVE | AK11: (05/04/2026 BOTX): Impacted by power issue at fraternite adama(CTR_849) | AL11: CTR_849 | AM11: Impacted by power issue at fraternite adama(CTR_849) | AN11: (05/04/2026 BOTX): Impacted by power issue at fraternite adama | AO11: =_xlfn.XLOOKUP(B11,'INCIDENT-05-03-2026'!E:E,'INCIDENT-05-03-2026'!F:F,"") | AP11: (05/03/2026 top offenders): | AS11: =_xlfn.XLOOKUP(B11,'[3]tt num | region | site id'!$C:$C,'[3]tt num | region | site id'!$Q:$Q,"") | AT11: =_xlfn.XLOOKUP(B11,'[4]Cells Huawei 03052026 12h'!$B:$B,'[4]Cells Huawei 03052026 12h'!$T:$T,"") | AU11: =_xlfn.XLOOKUP(B11,'[5]cells down 02052026 8h50'!$B:$B,'[5]cells down 02052026 8h50'!$R:$R,"") | AV11: =_xlfn.XLOOKUP(B11,'[5]cells down 02052026 13h50'!$B:$B,'[5]cells down 02052026 13h50'!$R:$R,"") | AW11: =_xlfn.XLOOKUP(B11,'[5]cells down 02052026 13h50'!$B:$B,'[5]cells down 02052026 13h50'!$R:$R,"") | AX11: =_xlfn.XLOOKUP(B11,'[6]cell downs 03052026 8h40 '!$B:$B,'[6]cell downs 03052026 8h40 '!$R:$R,"") | AY11: =_xlfn.XLOOKUP(B11,'[7]ALL SITES DOWN'!$D:$D,'[7]ALL SITES DOWN'!$J:$J,"") | AZ11: =_xlfn.XLOOKUP(B11,'[8]ALL SITES DOWN'!$D:$D,'[8]ALL SITES DOWN'!$J:$J,"") | BA11: =_xlfn.XLOOKUP(B11,[9]sheet1!$AC:$AC,[9]sheet1!$AF:$AF,"") | BB11: (05/03/2026 dashbord): 04/05/2026 : Need BO RAN analysis | BD11: =_xlfn.XLOOKUP(B11,'[10]cell downs 18042026 17h'!$B:$B,'[10]cell downs 18042026 17h'!$B:$B,"") | BE11: =_xlfn.XLOOKUP(B11,'[11]Cells Huawei 19042026 15h'!$B:$B,'[11]Cells Huawei 19042026 15h'!$B:$B,"") | BF11: =_xlfn.XLOOKUP(B11,'[12]cells down 19042026 9H40'!$B:$B,'[12]cells down 19042026 9H40'!$B:$B,"")
A12: C-D-Palmiers-III | B12: LIT_168 | C12: =_xlfn.XLOOKUP(B12,'[1]daily break down'!$D:$D,'[1]daily break down'!$E:$E,"") -> Douala | D12: IHS | E12: GridOnly | F12: LITTORAL | G12: Douala | H12: =_xlfn.XLOOKUP(B12,[2]CALCULATION!$B:$B,[2]CALCULATION!$H:$H,"") -> ZTE | I12: 0 | J12: 16.358048 | K12: 13.868557 | L12: 17.77105 | M12: 0 | N12: 0 | O12: 0 | P12: 0 | Q12: 0 | R12: 0 | S12: 14.6706 | T12: 0 | U12: 0 | V12: 0 | W12: 0 | X12: 0 | Y12: 0 | Z12: 0 | AA12: 25.371165 | AB12: 21.587832 | AC12: 42.10744 | AD12: 32.828832 | AE12: Operationnel | AG12: {=IFERROR(_xlfn.IFS( AI12="MPR ISSUE","PDH", AI12="BSS Hardware Issue","BSS", AI12="Sites strategiques, MLL, Pylone, etc.","ENVTECH", AI12="AKTIVCO DEFAUT GE & POWER Cabinet","AKTIVCO", AI12="AKTIVCO Coupure ENEO & Baisse de tension","AKTIVCO GRID ONLY", AI12="Coupure ENEO & Baisse de tension","IHS GRID ONLY", AI12="Defaut GE & POWER Cabinet","IHS", AI12="Sharing","Partners", AI12="Sites strategiques & DataCenter","SST & DC", AI12="Exclu","Exclu", AI12="SAT","SAT", AI12="SPARE-ISSUE","SPARE-ISSUE", AI12="Fiber CAmtel","TRANS_FO_CAMTEL", AI12="Fiber AOF","Fiber AOF", AI12="Projet OCM (HUAWEI)","TRAVAUX-HUAWEI", AI12="Projet OCM (NOKIA)","TRAVAUX-NOKIA", AI12="ACCESS-ISSUE","ACCESS-ISSUE", AI12="Projet OCM (ZTE, NOKIA, autres projets)","TRAVAUX OCM", AI12="No root CAuse","No root cause", AI12="ODU HS","PDH", AI12="IP & VLAN","PDH", AI12="Warehouse HUAWEI","SPARE-ISSUE", AI12="SPARE-HS","SPARE-ISSUE", AI12="Power Telco","BSS",AI12="no impacts","no impacts" ),"")} -> IHS GRID ONLY | AH12: {=IFERROR(_xlfn.IFS( AI12="MPR ISSUE","TX ISSUE", AI12="BSS Hardware Issue","RAN ISSUE", AI12="Sites strategiques, MLL, Pylone, etc.","ENVTECH", AI12="AKTIVCO DEFAUT GE & POWER Cabinet","POWER ISSUE", AI12="AKTIVCO Coupure ENEO & Baisse de tension","POWER ISSUE", AI12="Coupure ENEO & Baisse de tension","POWER ISSUE", AI12="Defaut GE & POWER Cabinet","POWER ISSUE", AI12="Sharing","POWER ISSUE", AI12="Sites strategiques & DataCenter","POWER ISSUE", AI12="Exclu","Exclu", AI12="SAT","TX ISSUE", AI12="SPARE-ISSUE","SPARE-ISSUE", AI12="Fiber CAmtel","TX ISSUE", AI12="Fiber AOF","TX ISSUE", AI12="Projet OCM (HUAWEI)","TRAVAUX-HUAWEI", AI12="Projet OCM (NOKIA)","TRAVAUX -NOKIA", AI12="ACCESS-ISSUE","ACCESS-ISSUE", AI12="Projet OCM (ZTE, NOKIA, autres projets)","TRAVAUX OCM", AI12="No root CAuse","No root cause", AI12="ODU HS","TX ISSUE", AI12="IP & VLAN","TX ISSUE", AI12="Warehouse HUAWEI","SPARE-ISSUE", AI12="SPARE-HS","SPARE-ISSUE", AI12="Power Telco","RAN ISSUE",AI12="no impacts","no impacts" ),"")} -> POWER ISSUE | AI12: Coupure ENEO & Baisse de tension | AJ12: {=IFERROR(_xlfn.IFS( AI12="MPR ISSUE","ACTIVE", AI12="BSS Hardware Issue","ACTIVE", AI12="Sites strategiques, MLL, Pylone, etc.","PASSIVE", AI12="AKTIVCO DEFAUT GE & POWER Cabinet","PASSIVE", AI12="AKTIVCO Coupure ENEO & Baisse de tension","PASSIVE", AI12="Coupure ENEO & Baisse de tension","PASSIVE", AI12="Defaut GE & POWER Cabinet","PASSIVE", AI12="Sharing","PASSIVE", AI12="Sites strategiques & DataCenter","PASSIVE", AI12="Exclu","Exclu", AI12="SAT","ACTIVE", AI12="SPARE-ISSUE","SPARE-ISSUE", AI12="Fiber CAmtel","ACTIVE", AI12="Fiber AOF","ACTIVE", AI12="Projet OCM (HUAWEI)","PLANNED WORKS", AI12="Projet OCM (NOKIA)","PLANNED WORKS", AI12="ACCESS-ISSUE","ACCESS-ISSUE", AI12="Projet OCM (ZTE, NOKIA, autres projets)","PLANNED WORKS", AI12="No root CAuse","No root cause", AI12="ODU HS","ACTIVE", AI12="IP & VLAN","ACTIVE", AI12="Warehouse HUAWEI","SPARE-ISSUE", AI12="SPARE-HS","SPARE-ISSUE", AI12="Power Telco","ACTIVE", AI12="no impacts","no impacts" ),"")} -> PASSIVE | AK12: (hourly IHS): 03/05/2026 05:14 17:46:39 46.3V Grid outage without space for MDG. Awaiting grid return. Escalation to Cyrille Fopa..;..;(05/03/2026 com ran 17h): 03/05/2026 Feedback IHS: Grid outage without space for MDG. Awaiting grid return. ( Abdul is informed )..;..;(05/03/2026 com ran 10h): 03/05/2026 Feedback IHS: Grid outage without space for MDG. Awaiting grid return. ( Abdul is informed )..;..;(05/03/2026 ticket)..INC-20260503-00002051...2026-05-04 02:01:48...Update please Continuité du délestage dans la zone, confirmé par notre FME / En attente retour ENEO...user:OCM_NOC.CAMUSAT | AL12: =B12 -> LIT_168 | AO12: =_xlfn.XLOOKUP(B12,'INCIDENT-05-03-2026'!E:E,'INCIDENT-05-03-2026'!F:F,"") | AP12: (05/03/2026 top offenders): 04/05/2026 Feedback IHS: Grid outage without space for MDG. Awaiting grid return. ( Abdul is informed ) 03/05/2026 Feedback IHS: Grid outage without space for MDG. Awaiting grid return. ( Abdul is informed ) | AS12: =_xlfn.XLOOKUP(B12,'[3]tt num | region | site id'!$C:$C,'[3]tt num | region | site id'!$Q:$Q,"") -> (hourly IHS): 03/05/2026 05:14 17:46:39 46.3V Grid outage without space for MDG. Awaiting grid return. Escalation to Cyrille Fopa | AT12: =_xlfn.XLOOKUP(B12,'[4]Cells Huawei 03052026 12h'!$B:$B,'[4]Cells Huawei 03052026 12h'!$T:$T,"") | AU12: =_xlfn.XLOOKUP(B12,'[5]cells down 02052026 8h50'!$B:$B,'[5]cells down 02052026 8h50'!$R:$R,"") | AV12: =_xlfn.XLOOKUP(B12,'[5]cells down 02052026 13h50'!$B:$B,'[5]cells down 02052026 13h50'!$R:$R,"") | AW12: =_xlfn.XLOOKUP(B12,'[5]cells down 02052026 13h50'!$B:$B,'[5]cells down 02052026 13h50'!$R:$R,"") | AX12: =_xlfn.XLOOKUP(B12,'[6]cell downs 03052026 8h40 '!$B:$B,'[6]cell downs 03052026 8h40 '!$R:$R,"") | AY12: =_xlfn.XLOOKUP(B12,'[7]ALL SITES DOWN'!$D:$D,'[7]ALL SITES DOWN'!$J:$J,"") -> (05/03/2026 com ran 17h): 03/05/2026 Feedback IHS: Grid outage without space for MDG. Awaiting grid return. ( Abdul is informed ) | AZ12: =_xlfn.XLOOKUP(B12,'[8]ALL SITES DOWN'!$D:$D,'[8]ALL SITES DOWN'!$J:$J,"") -> (05/03/2026 com ran 10h): 03/05/2026 Feedback IHS: Grid outage without space for MDG. Awaiting grid return. ( Abdul is informed ) | BA12: =_xlfn.XLOOKUP(B12,[9]sheet1!$AC:$AC,[9]sheet1!$AF:$AF,"") -> (05/03/2026 ticket)..INC-20260503-00002051...2026-05-04 02:01:48...Update please Continuité du délestage dans la zone, confirmé par notre FME / En attente retour ENEO...user:OCM_NOC.CAMUSAT | BB12: (05/03/2026 dashbord): | BD12: =_xlfn.XLOOKUP(B12,'[10]cell downs 18042026 17h'!$B:$B,'[10]cell downs 18042026 17h'!$B:$B,"") | BE12: =_xlfn.XLOOKUP(B12,'[11]Cells Huawei 19042026 15h'!$B:$B,'[11]Cells Huawei 19042026 15h'!$B:$B,"") | BF12: =_xlfn.XLOOKUP(B12,'[12]cells down 19042026 9H40'!$B:$B,'[12]cells down 19042026 9H40'!$B:$B,"") | BG12: LIT_168 | BH12: Grid-Lithium
A13: Kotto-Baden-Baden | B13: LIT_713 | C13: =_xlfn.XLOOKUP(B13,'[1]daily break down'!$D:$D,'[1]daily break down'!$E:$E,"") -> Douala | D13: CAMUSAT | E13: Good Grid no GE - 8h | F13: LITTORAL | G13: Douala | H13: =_xlfn.XLOOKUP(B13,[2]CALCULATION!$B:$B,[2]CALCULATION!$H:$H,"") -> ZTE | I13: 0 | J13: 0 | K13: 0 | L13: 0 | M13: 0 | N13: 0 | O13: 0.99871088 | P13: 9.5685195 | Q13: 1.1345607 | R13: 0 | S13: 0 | T13: 0 | U13: 0 | V13: 0 | W13: 0 | X13: 2.3889374 | Y13: 0.056234002 | Z13: 11.687826 | AA13: 17.176765 | AB13: 14.831454 | AC13: 47.807609 | AD13: 32.363052 | AE13: Operationnel | AG13: {=IFERROR(_xlfn.IFS( AI13="MPR ISSUE","PDH", AI13="BSS Hardware Issue","BSS", AI13="Sites strategiques, MLL, Pylone, etc.","ENVTECH", AI13="AKTIVCO DEFAUT GE & POWER Cabinet","AKTIVCO", AI13="AKTIVCO Coupure ENEO & Baisse de tension","AKTIVCO GRID ONLY", AI13="Coupure ENEO & Baisse de tension","IHS GRID ONLY", AI13="Defaut GE & POWER Cabinet","IHS", AI13="Sharing","Partners", AI13="Sites strategiques & DataCenter","SST & DC", AI13="Exclu","Exclu", AI13="SAT","SAT", AI13="SPARE-ISSUE","SPARE-ISSUE", AI13="Fiber CAmtel","TRANS_FO_CAMTEL", AI13="Fiber AOF","Fiber AOF", AI13="Projet OCM (HUAWEI)","TRAVAUX-HUAWEI", AI13="Projet OCM (NOKIA)","TRAVAUX-NOKIA", AI13="ACCESS-ISSUE","ACCESS-ISSUE", AI13="Projet OCM (ZTE, NOKIA, autres projets)","TRAVAUX OCM", AI13="No root CAuse","No root cause", AI13="ODU HS","PDH", AI13="IP & VLAN","PDH", AI13="Warehouse HUAWEI","SPARE-ISSUE", AI13="SPARE-HS","SPARE-ISSUE", AI13="Power Telco","BSS",AI13="no impacts","no impacts" ),"")} -> AKTIVCO GRID ONLY | AH13: {=IFERROR(_xlfn.IFS( AI13="MPR ISSUE","TX ISSUE", AI13="BSS Hardware Issue","RAN ISSUE", AI13="Sites strategiques, MLL, Pylone, etc.","ENVTECH", AI13="AKTIVCO DEFAUT GE & POWER Cabinet","POWER ISSUE", AI13="AKTIVCO Coupure ENEO & Baisse de tension","POWER ISSUE", AI13="Coupure ENEO & Baisse de tension","POWER ISSUE", AI13="Defaut GE & POWER Cabinet","POWER ISSUE", AI13="Sharing","POWER ISSUE", AI13="Sites strategiques & DataCenter","POWER ISSUE", AI13="Exclu","Exclu", AI13="SAT","TX ISSUE", AI13="SPARE-ISSUE","SPARE-ISSUE", AI13="Fiber CAmtel","TX ISSUE", AI13="Fiber AOF","TX ISSUE", AI13="Projet OCM (HUAWEI)","TRAVAUX-HUAWEI", AI13="Projet OCM (NOKIA)","TRAVAUX -NOKIA", AI13="ACCESS-ISSUE","ACCESS-ISSUE", AI13="Projet OCM (ZTE, NOKIA, autres projets)","TRAVAUX OCM", AI13="No root CAuse","No root cause", AI13="ODU HS","TX ISSUE", AI13="IP & VLAN","TX ISSUE", AI13="Warehouse HUAWEI","SPARE-ISSUE", AI13="SPARE-HS","SPARE-ISSUE", AI13="Power Telco","RAN ISSUE",AI13="no impacts","no impacts" ),"")} -> POWER ISSUE | AI13: AKTIVCO Coupure ENEO & Baisse de tension | AJ13: {=IFERROR(_xlfn.IFS( AI13="MPR ISSUE","ACTIVE", AI13="BSS Hardware Issue","ACTIVE", AI13="Sites strategiques, MLL, Pylone, etc.","PASSIVE", AI13="AKTIVCO DEFAUT GE & POWER Cabinet","PASSIVE", AI13="AKTIVCO Coupure ENEO & Baisse de tension","PASSIVE", AI13="Coupure ENEO & Baisse de tension","PASSIVE", AI13="Defaut GE & POWER Cabinet","PASSIVE", AI13="Sharing","PASSIVE", AI13="Sites strategiques & DataCenter","PASSIVE", AI13="Exclu","Exclu", AI13="SAT","ACTIVE", AI13="SPARE-ISSUE","SPARE-ISSUE", AI13="Fiber CAmtel","ACTIVE", AI13="Fiber AOF","ACTIVE", AI13="Projet OCM (HUAWEI)","PLANNED WORKS", AI13="Projet OCM (NOKIA)","PLANNED WORKS", AI13="ACCESS-ISSUE","ACCESS-ISSUE", AI13="Projet OCM (ZTE, NOKIA, autres projets)","PLANNED WORKS", AI13="No root CAuse","No root cause", AI13="ODU HS","ACTIVE", AI13="IP & VLAN","ACTIVE", AI13="Warehouse HUAWEI","SPARE-ISSUE", AI13="SPARE-HS","SPARE-ISSUE", AI13="Power Telco","ACTIVE", AI13="no impacts","no impacts" ),"")} -> PASSIVE | AK13: (05/03/2026 com ran 17h): 03.05.2026 CAMUSAT: Grid outage and Grid only site / Grid return awaited..;..;(05/03/2026 ticket)..INC-20260503-00014289...Others Transmission equipement fault | AL13: =B13 -> LIT_713 | AO13: =_xlfn.XLOOKUP(B13,'INCIDENT-05-03-2026'!E:E,'INCIDENT-05-03-2026'!F:F,"") | AP13: (05/03/2026 top offenders): 04.05.2026 CAMUSAT: Grid outage and Grid only site / Grid return awaited 03.05.2026 CAMUSAT: Grid outage and Grid only site / Grid return awaited | AS13: =_xlfn.XLOOKUP(B13,'[3]tt num | region | site id'!$C:$C,'[3]tt num | region | site id'!$Q:$Q,"") | AT13: =_xlfn.XLOOKUP(B13,'[4]Cells Huawei 03052026 12h'!$B:$B,'[4]Cells Huawei 03052026 12h'!$T:$T,"") | AU13: =_xlfn.XLOOKUP(B13,'[5]cells down 02052026 8h50'!$B:$B,'[5]cells down 02052026 8h50'!$R:$R,"") | AV13: =_xlfn.XLOOKUP(B13,'[5]cells down 02052026 13h50'!$B:$B,'[5]cells down 02052026 13h50'!$R:$R,"") | AW13: =_xlfn.XLOOKUP(B13,'[5]cells down 02052026 13h50'!$B:$B,'[5]cells down 02052026 13h50'!$R:$R,"") | AX13: =_xlfn.XLOOKUP(B13,'[6]cell downs 03052026 8h40 '!$B:$B,'[6]cell downs 03052026 8h40 '!$R:$R,"") | AY13: =_xlfn.XLOOKUP(B13,'[7]ALL SITES DOWN'!$D:$D,'[7]ALL SITES DOWN'!$J:$J,"") -> (05/03/2026 com ran 17h): 03.05.2026 CAMUSAT: Grid outage and Grid only site / Grid return awaited | AZ13: =_xlfn.XLOOKUP(B13,'[8]ALL SITES DOWN'!$D:$D,'[8]ALL SITES DOWN'!$J:$J,"") | BA13: =_xlfn.XLOOKUP(B13,[9]sheet1!$AC:$AC,[9]sheet1!$AF:$AF,"") -> (05/03/2026 ticket)..INC-20260503-00014289...Others Transmission equipement fault | BB13: (05/03/2026 dashbord): | BD13: =_xlfn.XLOOKUP(B13,'[10]cell downs 18042026 17h'!$B:$B,'[10]cell downs 18042026 17h'!$B:$B,"") | BE13: =_xlfn.XLOOKUP(B13,'[11]Cells Huawei 19042026 15h'!$B:$B,'[11]Cells Huawei 19042026 15h'!$B:$B,"") | BF13: =_xlfn.XLOOKUP(B13,'[12]cells down 19042026 9H40'!$B:$B,'[12]cells down 19042026 9H40'!$B:$B,"") | BH13: Grid-Gen
A14: Ndogbong-Bifaka | B14: LIT_671 | C14: =_xlfn.XLOOKUP(B14,'[1]daily break down'!$D:$D,'[1]daily break down'!$E:$E,"") -> Douala | D14: CAMUSAT | E14: Good Grid no GE - 8h | F14: LITTORAL | G14: Douala | H14: =_xlfn.XLOOKUP(B14,[2]CALCULATION!$B:$B,[2]CALCULATION!$H:$H,"") -> ZTE | I14: 0 | J14: 3.4078733 | K14: 0 | L14: 0.001355466 | M14: 0 | N14: 0 | O14: 0 | P14: 0 | Q14: 1.0545703 | R14: 0 | S14: 14.176801 | T14: 0 | U14: 0 | V14: 0 | W14: 0 | X14: 0.60822968 | Y14: 0 | Z14: 0 | AA14: 26.588522 | AB14: 22.623474 | AC14: 36.474647 | AD14: 30.412911 | AE14: Operationnel | AG14: {=IFERROR(_xlfn.IFS( AI14="MPR ISSUE","PDH", AI14="BSS Hardware Issue","BSS", AI14="Sites strategiques, MLL, Pylone, etc.","ENVTECH", AI14="AKTIVCO DEFAUT GE & POWER Cabinet","AKTIVCO", AI14="AKTIVCO Coupure ENEO & Baisse de tension","AKTIVCO GRID ONLY", AI14="Coupure ENEO & Baisse de tension","IHS GRID ONLY", AI14="Defaut GE & POWER Cabinet","IHS", AI14="Sharing","Partners", AI14="Sites strategiques & DataCenter","SST & DC", AI14="Exclu","Exclu", AI14="SAT","SAT", AI14="SPARE-ISSUE","SPARE-ISSUE", AI14="Fiber CAmtel","TRANS_FO_CAMTEL", AI14="Fiber AOF","Fiber AOF", AI14="Projet OCM (HUAWEI)","TRAVAUX-HUAWEI", AI14="Projet OCM (NOKIA)","TRAVAUX-NOKIA", AI14="ACCESS-ISSUE","ACCESS-ISSUE", AI14="Projet OCM (ZTE, NOKIA, autres projets)","TRAVAUX OCM", AI14="No root CAuse","No root cause", AI14="ODU HS","PDH", AI14="IP & VLAN","PDH", AI14="Warehouse HUAWEI","SPARE-ISSUE", AI14="SPARE-HS","SPARE-ISSUE", AI14="Power Telco","BSS",AI14="no impacts","no impacts" ),"")} -> AKTIVCO GRID ONLY | AH14: {=IFERROR(_xlfn.IFS( AI14="MPR ISSUE","TX ISSUE", AI14="BSS Hardware Issue","RAN ISSUE", AI14="Sites strategiques, MLL, Pylone, etc.","ENVTECH", AI14="AKTIVCO DEFAUT GE & POWER Cabinet","POWER ISSUE", AI14="AKTIVCO Coupure ENEO & Baisse de tension","POWER ISSUE", AI14="Coupure ENEO & Baisse de tension","POWER ISSUE", AI14="Defaut GE & POWER Cabinet","POWER ISSUE", AI14="Sharing","POWER ISSUE", AI14="Sites strategiques & DataCenter","POWER ISSUE", AI14="Exclu","Exclu", AI14="SAT","TX ISSUE", AI14="SPARE-ISSUE","SPARE-ISSUE", AI14="Fiber CAmtel","TX ISSUE", AI14="Fiber AOF","TX ISSUE", AI14="Projet OCM (HUAWEI)","TRAVAUX-HUAWEI", AI14="Projet OCM (NOKIA)","TRAVAUX -NOKIA", AI14="ACCESS-ISSUE","ACCESS-ISSUE", AI14="Projet OCM (ZTE, NOKIA, autres projets)","TRAVAUX OCM", AI14="No root CAuse","No root cause", AI14="ODU HS","TX ISSUE", AI14="IP & VLAN","TX ISSUE", AI14="Warehouse HUAWEI","SPARE-ISSUE", AI14="SPARE-HS","SPARE-ISSUE", AI14="Power Telco","RAN ISSUE",AI14="no impacts","no impacts" ),"")} -> POWER ISSUE | AI14: AKTIVCO Coupure ENEO & Baisse de tension | AJ14: {=IFERROR(_xlfn.IFS( AI14="MPR ISSUE","ACTIVE", AI14="BSS Hardware Issue","ACTIVE", AI14="Sites strategiques, MLL, Pylone, etc.","PASSIVE", AI14="AKTIVCO DEFAUT GE & POWER Cabinet","PASSIVE", AI14="AKTIVCO Coupure ENEO & Baisse de tension","PASSIVE", AI14="Coupure ENEO & Baisse de tension","PASSIVE", AI14="Defaut GE & POWER Cabinet","PASSIVE", AI14="Sharing","PASSIVE", AI14="Sites strategiques & DataCenter","PASSIVE", AI14="Exclu","Exclu", AI14="SAT","ACTIVE", AI14="SPARE-ISSUE","SPARE-ISSUE", AI14="Fiber CAmtel","ACTIVE", AI14="Fiber AOF","ACTIVE", AI14="Projet OCM (HUAWEI)","PLANNED WORKS", AI14="Projet OCM (NOKIA)","PLANNED WORKS", AI14="ACCESS-ISSUE","ACCESS-ISSUE", AI14="Projet OCM (ZTE, NOKIA, autres projets)","PLANNED WORKS", AI14="No root CAuse","No root cause", AI14="ODU HS","ACTIVE", AI14="IP & VLAN","ACTIVE", AI14="Warehouse HUAWEI","SPARE-ISSUE", AI14="SPARE-HS","SPARE-ISSUE", AI14="Power Telco","ACTIVE", AI14="no impacts","no impacts" ),"")} -> PASSIVE | AK14: (05/03/2026 com ran 17h): 03/05/2026 Camusat : grid outage grid only site ..;..;(05/03/2026 com ran 10h): 03/05/2026 Camusat : grid outage grid only site ..;..;(05/03/2026 ticket)..INC-20260503-00016577 | AL14: =B14 -> LIT_671 | AO14: =_xlfn.XLOOKUP(B14,'INCIDENT-05-03-2026'!E:E,'INCIDENT-05-03-2026'!F:F,"") | AP14: (05/03/2026 top offenders): 04/05/2026 Camusat : grid outage grid only site 03/05/2026 Camusat : grid outage grid only site | AS14: =_xlfn.XLOOKUP(B14,'[3]tt num | region | site id'!$C:$C,'[3]tt num | region | site id'!$Q:$Q,"") | AT14: =_xlfn.XLOOKUP(B14,'[4]Cells Huawei 03052026 12h'!$B:$B,'[4]Cells Huawei 03052026 12h'!$T:$T,"") | AU14: =_xlfn.XLOOKUP(B14,'[5]cells down 02052026 8h50'!$B:$B,'[5]cells down 02052026 8h50'!$R:$R,"") | AV14: =_xlfn.XLOOKUP(B14,'[5]cells down 02052026 13h50'!$B:$B,'[5]cells down 02052026 13h50'!$R:$R,"") | AW14: =_xlfn.XLOOKUP(B14,'[5]cells down 02052026 13h50'!$B:$B,'[5]cells down 02052026 13h50'!$R:$R,"") | AX14: =_xlfn.XLOOKUP(B14,'[6]cell downs 03052026 8h40 '!$B:$B,'[6]cell downs 03052026 8h40 '!$R:$R,"") | AY14: =_xlfn.XLOOKUP(B14,'[7]ALL SITES DOWN'!$D:$D,'[7]ALL SITES DOWN'!$J:$J,"") -> (05/03/2026 com ran 17h): 03/05/2026 Camusat : grid outage grid only site | AZ14: =_xlfn.XLOOKUP(B14,'[8]ALL SITES DOWN'!$D:$D,'[8]ALL SITES DOWN'!$J:$J,"") -> (05/03/2026 com ran 10h): 03/05/2026 Camusat : grid outage grid only site | BA14: =_xlfn.XLOOKUP(B14,[9]sheet1!$AC:$AC,[9]sheet1!$AF:$AF,"") -> (05/03/2026 ticket)..INC-20260503-00016577 | BB14: (05/03/2026 dashbord): | BD14: =_xlfn.XLOOKUP(B14,'[10]cell downs 18042026 17h'!$B:$B,'[10]cell downs 18042026 17h'!$B:$B,"") | BE14: =_xlfn.XLOOKUP(B14,'[11]Cells Huawei 19042026 15h'!$B:$B,'[11]Cells Huawei 19042026 15h'!$B:$B,"") | BF14: =_xlfn.XLOOKUP(B14,'[12]cells down 19042026 9H40'!$B:$B,'[12]cells down 19042026 9H40'!$B:$B,"") | BH14: Grid-Gen-Lithium
A15: Newb-Ancien-Etage-New | B15: LIT_528 | C15: =_xlfn.XLOOKUP(B15,'[1]daily break down'!$D:$D,'[1]daily break down'!$E:$E,"") -> Douala | D15: IHS | E15: GridOnly | F15: LITTORAL | G15: Douala | H15: =_xlfn.XLOOKUP(B15,[2]CALCULATION!$B:$B,[2]CALCULATION!$H:$H,"") -> ZTE | I15: 1.6895526 | J15: 6.3224996 | K15: 6.464342 | L15: 0 | M15: 12.078325 | N15: 14.232178 | O15: 0 | P15: 4.2477271 | Q15: 1.1615808 | R15: 0 | S15: 0 | T15: 15.98979 | U15: 21.193566 | V15: 23.220648 | W15: 15.98979 | X15: 0 | Y15: 0 | Z15: 5.4018172 | AA15: 23.540071 | AB15: 20.029428 | AC15: 38.783169 | AD15: 30.310609 | AE15: Operationnel | AG15: {=IFERROR(_xlfn.IFS( AI15="MPR ISSUE","PDH", AI15="BSS Hardware Issue","BSS", AI15="Sites strategiques, MLL, Pylone, etc.","ENVTECH", AI15="AKTIVCO DEFAUT GE & POWER Cabinet","AKTIVCO", AI15="AKTIVCO Coupure ENEO & Baisse de tension","AKTIVCO GRID ONLY", AI15="Coupure ENEO & Baisse de tension","IHS GRID ONLY", AI15="Defaut GE & POWER Cabinet","IHS", AI15="Sharing","Partners", AI15="Sites strategiques & DataCenter","SST & DC", AI15="Exclu","Exclu", AI15="SAT","SAT", AI15="SPARE-ISSUE","SPARE-ISSUE", AI15="Fiber CAmtel","TRANS_FO_CAMTEL", AI15="Fiber AOF","Fiber AOF", AI15="Projet OCM (HUAWEI)","TRAVAUX-HUAWEI", AI15="Projet OCM (NOKIA)","TRAVAUX-NOKIA", AI15="ACCESS-ISSUE","ACCESS-ISSUE", AI15="Projet OCM (ZTE, NOKIA, autres projets)","TRAVAUX OCM", AI15="No root CAuse","No root cause", AI15="ODU HS","PDH", AI15="IP & VLAN","PDH", AI15="Warehouse HUAWEI","SPARE-ISSUE", AI15="SPARE-HS","SPARE-ISSUE", AI15="Power Telco","BSS",AI15="no impacts","no impacts" ),"")} -> IHS GRID ONLY | AH15: {=IFERROR(_xlfn.IFS( AI15="MPR ISSUE","TX ISSUE", AI15="BSS Hardware Issue","RAN ISSUE", AI15="Sites strategiques, MLL, Pylone, etc.","ENVTECH", AI15="AKTIVCO DEFAUT GE & POWER Cabinet","POWER ISSUE", AI15="AKTIVCO Coupure ENEO & Baisse de tension","POWER ISSUE", AI15="Coupure ENEO & Baisse de tension","POWER ISSUE", AI15="Defaut GE & POWER Cabinet","POWER ISSUE", AI15="Sharing","POWER ISSUE", AI15="Sites strategiques & DataCenter","POWER ISSUE", AI15="Exclu","Exclu", AI15="SAT","TX ISSUE", AI15="SPARE-ISSUE","SPARE-ISSUE", AI15="Fiber CAmtel","TX ISSUE", AI15="Fiber AOF","TX ISSUE", AI15="Projet OCM (HUAWEI)","TRAVAUX-HUAWEI", AI15="Projet OCM (NOKIA)","TRAVAUX -NOKIA", AI15="ACCESS-ISSUE","ACCESS-ISSUE", AI15="Projet OCM (ZTE, NOKIA, autres projets)","TRAVAUX OCM", AI15="No root CAuse","No root cause", AI15="ODU HS","TX ISSUE", AI15="IP & VLAN","TX ISSUE", AI15="Warehouse HUAWEI","SPARE-ISSUE", AI15="SPARE-HS","SPARE-ISSUE", AI15="Power Telco","RAN ISSUE",AI15="no impacts","no impacts" ),"")} -> POWER ISSUE | AI15: Coupure ENEO & Baisse de tension | AJ15: {=IFERROR(_xlfn.IFS( AI15="MPR ISSUE","ACTIVE", AI15="BSS Hardware Issue","ACTIVE", AI15="Sites strategiques, MLL, Pylone, etc.","PASSIVE", AI15="AKTIVCO DEFAUT GE & POWER Cabinet","PASSIVE", AI15="AKTIVCO Coupure ENEO & Baisse de tension","PASSIVE", AI15="Coupure ENEO & Baisse de tension","PASSIVE", AI15="Defaut GE & POWER Cabinet","PASSIVE", AI15="Sharing","PASSIVE", AI15="Sites strategiques & DataCenter","PASSIVE", AI15="Exclu","Exclu", AI15="SAT","ACTIVE", AI15="SPARE-ISSUE","SPARE-ISSUE", AI15="Fiber CAmtel","ACTIVE", AI15="Fiber AOF","ACTIVE", AI15="Projet OCM (HUAWEI)","PLANNED WORKS", AI15="Projet OCM (NOKIA)","PLANNED WORKS", AI15="ACCESS-ISSUE","ACCESS-ISSUE", AI15="Projet OCM (ZTE, NOKIA, autres projets)","PLANNED WORKS", AI15="No root CAuse","No root cause", AI15="ODU HS","ACTIVE", AI15="IP & VLAN","ACTIVE", AI15="Warehouse HUAWEI","SPARE-ISSUE", AI15="SPARE-HS","SPARE-ISSUE", AI15="Power Telco","ACTIVE", AI15="no impacts","no impacts" ),"")} -> PASSIVE | AK15: (hourly IHS): 03/05/2026 06:35 5:24:52 51V Grid outage without space for MDG. Awaiting grid return. ( Abdul ; Cyrille and Armel are informed )..;..;(05/03/2026 cell zte): 02/04/2026 : Power issue || Mail sent to IHS ..;..;(05/03/2026 cell zte): 02/04/2026 : Power issue || Mail sent to IHS ..;..;(05/03/2026 com ran 17h): 03/05/2026 Grid outage without space for MDG. Awaiting grid return. ( Abdul is informed )..;..;(05/03/2026 com ran 10h): 03/05/2026 Grid outage without space for MDG. Awaiting grid return. ( Abdul is informed )..;..;(05/03/2026 ticket)..INC-20260503-00014878...Others Transmission equipement fault | AL15: =B15 -> LIT_528 | AO15: =_xlfn.XLOOKUP(B15,'INCIDENT-05-03-2026'!E:E,'INCIDENT-05-03-2026'!F:F,"") | AP15: (05/03/2026 top offenders): 04.05.26: Besoin d'un FME sur site pour vérifier le statut du MPR; ETA=11H UTC 03/05/2026 Grid outage without space for MDG. Awaiting grid return. ( Abdul is informed ) | AS15: =_xlfn.XLOOKUP(B15,'[3]tt num | region | site id'!$C:$C,'[3]tt num | region | site id'!$Q:$Q,"") -> (hourly IHS): 03/05/2026 06:35 5:24:52 51V Grid outage without space for MDG. Awaiting grid return. ( Abdul ; Cyrille and Armel are informed ) | AT15: =_xlfn.XLOOKUP(B15,'[4]Cells Huawei 03052026 12h'!$B:$B,'[4]Cells Huawei 03052026 12h'!$T:$T,"") | AU15: =_xlfn.XLOOKUP(B15,'[5]cells down 02052026 8h50'!$B:$B,'[5]cells down 02052026 8h50'!$R:$R,"") | AV15: =_xlfn.XLOOKUP(B15,'[5]cells down 02052026 13h50'!$B:$B,'[5]cells down 02052026 13h50'!$R:$R,"") -> (05/03/2026 cell zte): 02/04/2026 : Power issue || Mail sent to IHS | AW15: =_xlfn.XLOOKUP(B15,'[5]cells down 02052026 13h50'!$B:$B,'[5]cells down 02052026 13h50'!$R:$R,"") -> (05/03/2026 cell zte): 02/04/2026 : Power issue || Mail sent to IHS | AX15: =_xlfn.XLOOKUP(B15,'[6]cell downs 03052026 8h40 '!$B:$B,'[6]cell downs 03052026 8h40 '!$R:$R,"") | AY15: =_xlfn.XLOOKUP(B15,'[7]ALL SITES DOWN'!$D:$D,'[7]ALL SITES DOWN'!$J:$J,"") -> (05/03/2026 com ran 17h): 03/05/2026 Grid outage without space for MDG. Awaiting grid return. ( Abdul is informed ) | AZ15: =_xlfn.XLOOKUP(B15,'[8]ALL SITES DOWN'!$D:$D,'[8]ALL SITES DOWN'!$J:$J,"") -> (05/03/2026 com ran 10h): 03/05/2026 Grid outage without space for MDG. Awaiting grid return. ( Abdul is informed ) | BA15: =_xlfn.XLOOKUP(B15,[9]sheet1!$AC:$AC,[9]sheet1!$AF:$AF,"") -> (05/03/2026 ticket)..INC-20260503-00014878...Others Transmission equipement fault | BB15: (05/03/2026 dashbord): 02/04/2026 : Power issue || Mail sent to IHS | BD15: =_xlfn.XLOOKUP(B15,'[10]cell downs 18042026 17h'!$B:$B,'[10]cell downs 18042026 17h'!$B:$B,"") | BE15: =_xlfn.XLOOKUP(B15,'[11]Cells Huawei 19042026 15h'!$B:$B,'[11]Cells Huawei 19042026 15h'!$B:$B,"") | BF15: =_xlfn.XLOOKUP(B15,'[12]cells down 19042026 9H40'!$B:$B,'[12]cells down 19042026 9H40'!$B:$B,"") | BG15: LIT_528 | BH15: Grid-Gen
A16: Makepe-Bloc-E | B16: LIT_613 | C16: =_xlfn.XLOOKUP(B16,'[1]daily break down'!$D:$D,'[1]daily break down'!$E:$E,"") -> Douala | D16: CAMUSAT | E16: Good Grid no GE - 8h | F16: LITTORAL | G16: Douala | H16: =_xlfn.XLOOKUP(B16,[2]CALCULATION!$B:$B,[2]CALCULATION!$H:$H,"") -> ZTE | I16: 28.954822 | J16: 31.42696 | K16: 27.418954 | L16: 25.985638 | M16: 39.527634 | N16: 35.308372 | O16: 29.162226 | P16: 28.579465 | Q16: 25.403768 | R16: 29.194168 | S16: 26.396237 | T16: 22.973543 | U16: 29.444626 | V16: 26.883259 | W16: 22.973543 | X16: 26.516124 | Y16: 25.787954 | Z16: 27.385103 | AA16: 11.506755 | AB16: 16.943858 | AC16: 41.817319 | AD16: 29.138666 | AE16: Operationnel | AG16: {=IFERROR(_xlfn.IFS( AI16="MPR ISSUE","PDH", AI16="BSS Hardware Issue","BSS", AI16="Sites strategiques, MLL, Pylone, etc.","ENVTECH", AI16="AKTIVCO DEFAUT GE & POWER Cabinet","AKTIVCO", AI16="AKTIVCO Coupure ENEO & Baisse de tension","AKTIVCO GRID ONLY", AI16="Coupure ENEO & Baisse de tension","IHS GRID ONLY", AI16="Defaut GE & POWER Cabinet","IHS", AI16="Sharing","Partners", AI16="Sites strategiques & DataCenter","SST & DC", AI16="Exclu","Exclu", AI16="SAT","SAT", AI16="SPARE-ISSUE","SPARE-ISSUE", AI16="Fiber CAmtel","TRANS_FO_CAMTEL", AI16="Fiber AOF","Fiber AOF", AI16="Projet OCM (HUAWEI)","TRAVAUX-HUAWEI", AI16="Projet OCM (NOKIA)","TRAVAUX-NOKIA", AI16="ACCESS-ISSUE","ACCESS-ISSUE", AI16="Projet OCM (ZTE, NOKIA, autres projets)","TRAVAUX OCM", AI16="No root CAuse","No root cause", AI16="ODU HS","PDH", AI16="IP & VLAN","PDH", AI16="Warehouse HUAWEI","SPARE-ISSUE", AI16="SPARE-HS","SPARE-ISSUE", AI16="Power Telco","BSS",AI16="no impacts","no impacts" ),"")} -> AKTIVCO GRID ONLY | AH16: {=IFERROR(_xlfn.IFS( AI16="MPR ISSUE","TX ISSUE", AI16="BSS Hardware Issue","RAN ISSUE", AI16="Sites strategiques, MLL, Pylone, etc.","ENVTECH", AI16="AKTIVCO DEFAUT GE & POWER Cabinet","POWER ISSUE", AI16="AKTIVCO Coupure ENEO & Baisse de tension","POWER ISSUE", AI16="Coupure ENEO & Baisse de tension","POWER ISSUE", AI16="Defaut GE & POWER Cabinet","POWER ISSUE", AI16="Sharing","POWER ISSUE", AI16="Sites strategiques & DataCenter","POWER ISSUE", AI16="Exclu","Exclu", AI16="SAT","TX ISSUE", AI16="SPARE-ISSUE","SPARE-ISSUE", AI16="Fiber CAmtel","TX ISSUE", AI16="Fiber AOF","TX ISSUE", AI16="Projet OCM (HUAWEI)","TRAVAUX-HUAWEI", AI16="Projet OCM (NOKIA)","TRAVAUX -NOKIA", AI16="ACCESS-ISSUE","ACCESS-ISSUE", AI16="Projet OCM (ZTE, NOKIA, autres projets)","TRAVAUX OCM", AI16="No root CAuse","No root cause", AI16="ODU HS","TX ISSUE", AI16="IP & VLAN","TX ISSUE", AI16="Warehouse HUAWEI","SPARE-ISSUE", AI16="SPARE-HS","SPARE-ISSUE", AI16="Power Telco","RAN ISSUE",AI16="no impacts","no impacts" ),"")} -> POWER ISSUE | AI16: AKTIVCO Coupure ENEO & Baisse de tension | AJ16: {=IFERROR(_xlfn.IFS( AI16="MPR ISSUE","ACTIVE", AI16="BSS Hardware Issue","ACTIVE", AI16="Sites strategiques, MLL, Pylone, etc.","PASSIVE", AI16="AKTIVCO DEFAUT GE & POWER Cabinet","PASSIVE", AI16="AKTIVCO Coupure ENEO & Baisse de tension","PASSIVE", AI16="Coupure ENEO & Baisse de tension","PASSIVE", AI16="Defaut GE & POWER Cabinet","PASSIVE", AI16="Sharing","PASSIVE", AI16="Sites strategiques & DataCenter","PASSIVE", AI16="Exclu","Exclu", AI16="SAT","ACTIVE", AI16="SPARE-ISSUE","SPARE-ISSUE", AI16="Fiber CAmtel","ACTIVE", AI16="Fiber AOF","ACTIVE", AI16="Projet OCM (HUAWEI)","PLANNED WORKS", AI16="Projet OCM (NOKIA)","PLANNED WORKS", AI16="ACCESS-ISSUE","ACCESS-ISSUE", AI16="Projet OCM (ZTE, NOKIA, autres projets)","PLANNED WORKS", AI16="No root CAuse","No root cause", AI16="ODU HS","ACTIVE", AI16="IP & VLAN","ACTIVE", AI16="Warehouse HUAWEI","SPARE-ISSUE", AI16="SPARE-HS","SPARE-ISSUE", AI16="Power Telco","ACTIVE", AI16="no impacts","no impacts" ),"")} -> PASSIVE | AK16: (05/03/2026 groupe whatsapp ): LIT_613_Z_Makepe-Bloc-E(LIT-613) INC-20260503-00013877 , grid only site grid outage / grid return || (05/03/2026 ticket)..INC-20260503-00013856 | AL16: =B16 -> LIT_613 | AO16: =_xlfn.XLOOKUP(B16,'INCIDENT-05-03-2026'!E:E,'INCIDENT-05-03-2026'!F:F,"") | AP16: (05/03/2026 top offenders): | AS16: =_xlfn.XLOOKUP(B16,'[3]tt num | region | site id'!$C:$C,'[3]tt num | region | site id'!$Q:$Q,"") | AT16: =_xlfn.XLOOKUP(B16,'[4]Cells Huawei 03052026 12h'!$B:$B,'[4]Cells Huawei 03052026 12h'!$T:$T,"") | AU16: =_xlfn.XLOOKUP(B16,'[5]cells down 02052026 8h50'!$B:$B,'[5]cells down 02052026 8h50'!$R:$R,"") | AV16: =_xlfn.XLOOKUP(B16,'[5]cells down 02052026 13h50'!$B:$B,'[5]cells down 02052026 13h50'!$R:$R,"") | AW16: =_xlfn.XLOOKUP(B16,'[5]cells down 02052026 13h50'!$B:$B,'[5]cells down 02052026 13h50'!$R:$R,"") | AX16: =_xlfn.XLOOKUP(B16,'[6]cell downs 03052026 8h40 '!$B:$B,'[6]cell downs 03052026 8h40 '!$R:$R,"") | AY16: =_xlfn.XLOOKUP(B16,'[7]ALL SITES DOWN'!$D:$D,'[7]ALL SITES DOWN'!$J:$J,"") | AZ16: =_xlfn.XLOOKUP(B16,'[8]ALL SITES DOWN'!$D:$D,'[8]ALL SITES DOWN'!$J:$J,"") | BA16: =_xlfn.XLOOKUP(B16,[9]sheet1!$AC:$AC,[9]sheet1!$AF:$AF,"") -> (05/03/2026 ticket)..INC-20260503-00013856 | BB16: (05/03/2026 dashbord): 04/05/2026 : Need BO RAN analysis 28/04/2026 : Site down | BD16: =_xlfn.XLOOKUP(B16,'[10]cell downs 18042026 17h'!$B:$B,'[10]cell downs 18042026 17h'!$B:$B,"") | BE16: =_xlfn.XLOOKUP(B16,'[11]Cells Huawei 19042026 15h'!$B:$B,'[11]Cells Huawei 19042026 15h'!$B:$B,"") | BF16: =_xlfn.XLOOKUP(B16,'[12]cells down 19042026 9H40'!$B:$B,'[12]cells down 19042026 9H40'!$B:$B,"") -> LIT_613
A17: BATA-Mokolo | B17: CTR_409 | C17: =_xlfn.XLOOKUP(B17,'[1]daily break down'!$D:$D,'[1]daily break down'!$E:$E,"") -> Yaounde | D17: IHS | E17: GridOnly | F17: CENTRE | G17: Yaounde | H17: =_xlfn.XLOOKUP(B17,[2]CALCULATION!$B:$B,[2]CALCULATION!$H:$H,"") -> ZTE | I17: 0 | J17: 0 | K17: 0 | L17: 0 | M17: 0 | N17: 0 | O17: 0 | P17: 0 | Q17: 0 | R17: 0 | S17: 0 | T17: 12.750083 | U17: 16.384141 | V17: 37.422542 | W17: 12.750083 | X17: 49.14702 | Y17: 17.519772 | Z17: 30.377169 | AA17: 14.356873 | AB17: 12.224339 | AC17: 43.677235 | AD17: 28.93119 | AE17: Operationnel | AG17: {=IFERROR(_xlfn.IFS( AI17="MPR ISSUE","PDH", AI17="BSS Hardware Issue","BSS", AI17="Sites strategiques, MLL, Pylone, etc.","ENVTECH", AI17="AKTIVCO DEFAUT GE & POWER Cabinet","AKTIVCO", AI17="AKTIVCO Coupure ENEO & Baisse de tension","AKTIVCO GRID ONLY", AI17="Coupure ENEO & Baisse de tension","IHS GRID ONLY", AI17="Defaut GE & POWER Cabinet","IHS", AI17="Sharing","Partners", AI17="Sites strategiques & DataCenter","SST & DC", AI17="Exclu","Exclu", AI17="SAT","SAT", AI17="SPARE-ISSUE","SPARE-ISSUE", AI17="Fiber CAmtel","TRANS_FO_CAMTEL", AI17="Fiber AOF","Fiber AOF", AI17="Projet OCM (HUAWEI)","TRAVAUX-HUAWEI", AI17="Projet OCM (NOKIA)","TRAVAUX-NOKIA", AI17="ACCESS-ISSUE","ACCESS-ISSUE", AI17="Projet OCM (ZTE, NOKIA, autres projets)","TRAVAUX OCM", AI17="No root CAuse","No root cause", AI17="ODU HS","PDH", AI17="IP & VLAN","PDH", AI17="Warehouse HUAWEI","SPARE-ISSUE", AI17="SPARE-HS","SPARE-ISSUE", AI17="Power Telco","BSS",AI17="no impacts","no impacts" ),"")} -> IHS GRID ONLY | AH17: {=IFERROR(_xlfn.IFS( AI17="MPR ISSUE","TX ISSUE", AI17="BSS Hardware Issue","RAN ISSUE", AI17="Sites strategiques, MLL, Pylone, etc.","ENVTECH", AI17="AKTIVCO DEFAUT GE & POWER Cabinet","POWER ISSUE", AI17="AKTIVCO Coupure ENEO & Baisse de tension","POWER ISSUE", AI17="Coupure ENEO & Baisse de tension","POWER ISSUE", AI17="Defaut GE & POWER Cabinet","POWER ISSUE", AI17="Sharing","POWER ISSUE", AI17="Sites strategiques & DataCenter","POWER ISSUE", AI17="Exclu","Exclu", AI17="SAT","TX ISSUE", AI17="SPARE-ISSUE","SPARE-ISSUE", AI17="Fiber CAmtel","TX ISSUE", AI17="Fiber AOF","TX ISSUE", AI17="Projet OCM (HUAWEI)","TRAVAUX-HUAWEI", AI17="Projet OCM (NOKIA)","TRAVAUX -NOKIA", AI17="ACCESS-ISSUE","ACCESS-ISSUE", AI17="Projet OCM (ZTE, NOKIA, autres projets)","TRAVAUX OCM", AI17="No root CAuse","No root cause", AI17="ODU HS","TX ISSUE", AI17="IP & VLAN","TX ISSUE", AI17="Warehouse HUAWEI","SPARE-ISSUE", AI17="SPARE-HS","SPARE-ISSUE", AI17="Power Telco","RAN ISSUE",AI17="no impacts","no impacts" ),"")} -> POWER ISSUE | AI17: Coupure ENEO & Baisse de tension | AJ17: {=IFERROR(_xlfn.IFS( AI17="MPR ISSUE","ACTIVE", AI17="BSS Hardware Issue","ACTIVE", AI17="Sites strategiques, MLL, Pylone, etc.","PASSIVE", AI17="AKTIVCO DEFAUT GE & POWER Cabinet","PASSIVE", AI17="AKTIVCO Coupure ENEO & Baisse de tension","PASSIVE", AI17="Coupure ENEO & Baisse de tension","PASSIVE", AI17="Defaut GE & POWER Cabinet","PASSIVE", AI17="Sharing","PASSIVE", AI17="Sites strategiques & DataCenter","PASSIVE", AI17="Exclu","Exclu", AI17="SAT","ACTIVE", AI17="SPARE-ISSUE","SPARE-ISSUE", AI17="Fiber CAmtel","ACTIVE", AI17="Fiber AOF","ACTIVE", AI17="Projet OCM (HUAWEI)","PLANNED WORKS", AI17="Projet OCM (NOKIA)","PLANNED WORKS", AI17="ACCESS-ISSUE","ACCESS-ISSUE", AI17="Projet OCM (ZTE, NOKIA, autres projets)","PLANNED WORKS", AI17="No root CAuse","No root cause", AI17="ODU HS","ACTIVE", AI17="IP & VLAN","ACTIVE", AI17="Warehouse HUAWEI","SPARE-ISSUE", AI17="SPARE-HS","SPARE-ISSUE", AI17="Power Telco","ACTIVE", AI17="no impacts","no impacts" ),"")} -> PASSIVE | AK17: (hourly IHS): 03/05/2026 13:23 2:46:25 55.6V Grid outage no space // awaiting grid return//..;..;(05/03/2026 com ran 17h): Impacted by CTR_217_Z_Madagascar-Yde-New(CTR-217)..;..;(05/03/2026 ticket)..INC-20260503-00007694...2026-05-04 02:15:48...Update please Grid outage no space // awaiting grid return...power issue ( grid outage) ...user:OCM_NOC.IHS | AL17: =IFERROR(MID(AM17, SEARCH("CTR_", AM17), 7), IFERROR(MID(AM17, SEARCH("SUO_", AM17), 7), IFERROR(MID(AM17, SEARCH("SUD_", AM17), 7), IFERROR(MID(AM17, SEARCH("NRO_", AM17), 7), IFERROR(MID(AM17, SEARCH("ADM_", AM17), 7), IFERROR(MID(AM17, SEARCH("NRD_", AM17), 7), IFERROR(MID(AM17, SEARCH("EXN_", AM17), 7), IFERROR(MID(AM17, SEARCH("LIT_", AM17), 7), IFERROR(MID(AM17, SEARCH("EST_", AM17), 7), MID(AM17, SEARCH("OST_",AM17), 7)))))))))) -> CTR_217 | AM17: Impacted by CTR_217_Z_Madagascar-Yde-New(CTR-217) | AO17: =_xlfn.XLOOKUP(B17,'INCIDENT-05-03-2026'!E:E,'INCIDENT-05-03-2026'!F:F,"") | AP17: (05/03/2026 top offenders): Impacted by CTR_217_Z_Madagascar-Yde-New(CTR-217) | AS17: =_xlfn.XLOOKUP(B17,'[3]tt num | region | site id'!$C:$C,'[3]tt num | region | site id'!$Q:$Q,"") -> (hourly IHS): 03/05/2026 13:23 2:46:25 55.6V Grid outage no space // awaiting grid return// | AT17: =_xlfn.XLOOKUP(B17,'[4]Cells Huawei 03052026 12h'!$B:$B,'[4]Cells Huawei 03052026 12h'!$T:$T,"") | AU17: =_xlfn.XLOOKUP(B17,'[5]cells down 02052026 8h50'!$B:$B,'[5]cells down 02052026 8h50'!$R:$R,"") | AV17: =_xlfn.XLOOKUP(B17,'[5]cells down 02052026 13h50'!$B:$B,'[5]cells down 02052026 13h50'!$R:$R,"") | AW17: =_xlfn.XLOOKUP(B17,'[5]cells down 02052026 13h50'!$B:$B,'[5]cells down 02052026 13h50'!$R:$R,"") | AX17: =_xlfn.XLOOKUP(B17,'[6]cell downs 03052026 8h40 '!$B:$B,'[6]cell downs 03052026 8h40 '!$R:$R,"") | AY17: =_xlfn.XLOOKUP(B17,'[7]ALL SITES DOWN'!$D:$D,'[7]ALL SITES DOWN'!$J:$J,"") -> (05/03/2026 com ran 17h): Impacted by CTR_217_Z_Madagascar-Yde-New(CTR-217) | AZ17: =_xlfn.XLOOKUP(B17,'[8]ALL SITES DOWN'!$D:$D,'[8]ALL SITES DOWN'!$J:$J,"") | BA17: =_xlfn.XLOOKUP(B17,[9]sheet1!$AC:$AC,[9]sheet1!$AF:$AF,"") -> (05/03/2026 ticket)..INC-20260503-00007694...2026-05-04 02:15:48...Update please Grid outage no space // awaiting grid return...power issue ( grid outage) ...user:OCM_NOC.IHS | BB17: (05/03/2026 dashbord): | BD17: =_xlfn.XLOOKUP(B17,'[10]cell downs 18042026 17h'!$B:$B,'[10]cell downs 18042026 17h'!$B:$B,"") | BE17: =_xlfn.XLOOKUP(B17,'[11]Cells Huawei 19042026 15h'!$B:$B,'[11]Cells Huawei 19042026 15h'!$B:$B,"") | BF17: =_xlfn.XLOOKUP(B17,'[12]cells down 19042026 9H40'!$B:$B,'[12]cells down 19042026 9H40'!$B:$B,"") | BG17: CTR_409
A18: MUTENGENE-Q12-IHS | B18: SUO_211 | C18: =_xlfn.XLOOKUP(B18,'[1]daily break down'!$D:$D,'[1]daily break down'!$E:$E,"") -> SUD-OUEST | D18: IHS | E18: Grid +Gen | F18: SUD-OUEST | G18: Mutengene | H18: =_xlfn.XLOOKUP(B18,[2]CALCULATION!$B:$B,[2]CALCULATION!$H:$H,"") -> Huawei | I18: 27.737114 | J18: 27.736579 | K18: 27.737114 | L18: 27.737114 | M18: 37.302048 | N18: 22.918522 | O18: 0 | P18: 0.0073658873 | Q18: 0 | R18: 0 | S18: 0 | T18: 20.969361 | U18: 0 | V18: 0 | W18: 20.969361 | X18: 22.725831 | Y18: 1.3598891 | Z18: 27.737114 | AA18: 64.742126 | AB18: 55.081245 | AC18: 0 | AD18: 27.736579 | AE18: Insecurity | AG18: {=IFERROR(_xlfn.IFS( AI18="MPR ISSUE","PDH", AI18="BSS Hardware Issue","BSS", AI18="Sites strategiques, MLL, Pylone, etc.","ENVTECH", AI18="AKTIVCO DEFAUT GE & POWER Cabinet","AKTIVCO", AI18="AKTIVCO Coupure ENEO & Baisse de tension","AKTIVCO GRID ONLY", AI18="Coupure ENEO & Baisse de tension","IHS GRID ONLY", AI18="Defaut GE & POWER Cabinet","IHS", AI18="Sharing","Partners", AI18="Sites strategiques & DataCenter","SST & DC", AI18="Exclu","Exclu", AI18="SAT","SAT", AI18="SPARE-ISSUE","SPARE-ISSUE", AI18="Fiber CAmtel","TRANS_FO_CAMTEL", AI18="Fiber AOF","Fiber AOF", AI18="Projet OCM (HUAWEI)","TRAVAUX-HUAWEI", AI18="Projet OCM (NOKIA)","TRAVAUX-NOKIA", AI18="ACCESS-ISSUE","ACCESS-ISSUE", AI18="Projet OCM (ZTE, NOKIA, autres projets)","TRAVAUX OCM", AI18="No root CAuse","No root cause", AI18="ODU HS","PDH", AI18="IP & VLAN","PDH", AI18="Warehouse HUAWEI","SPARE-ISSUE", AI18="SPARE-HS","SPARE-ISSUE", AI18="Power Telco","BSS",AI18="no impacts","no impacts" ),"")} -> PDH | AH18: {=IFERROR(_xlfn.IFS( AI18="MPR ISSUE","TX ISSUE", AI18="BSS Hardware Issue","RAN ISSUE", AI18="Sites strategiques, MLL, Pylone, etc.","ENVTECH", AI18="AKTIVCO DEFAUT GE & POWER Cabinet","POWER ISSUE", AI18="AKTIVCO Coupure ENEO & Baisse de tension","POWER ISSUE", AI18="Coupure ENEO & Baisse de tension","POWER ISSUE", AI18="Defaut GE & POWER Cabinet","POWER ISSUE", AI18="Sharing","POWER ISSUE", AI18="Sites strategiques & DataCenter","POWER ISSUE", AI18="Exclu","Exclu", AI18="SAT","TX ISSUE", AI18="SPARE-ISSUE","SPARE-ISSUE", AI18="Fiber CAmtel","TX ISSUE", AI18="Fiber AOF","TX ISSUE", AI18="Projet OCM (HUAWEI)","TRAVAUX-HUAWEI", AI18="Projet OCM (NOKIA)","TRAVAUX -NOKIA", AI18="ACCESS-ISSUE","ACCESS-ISSUE", AI18="Projet OCM (ZTE, NOKIA, autres projets)","TRAVAUX OCM", AI18="No root CAuse","No root cause", AI18="ODU HS","TX ISSUE", AI18="IP & VLAN","TX ISSUE", AI18="Warehouse HUAWEI","SPARE-ISSUE", AI18="SPARE-HS","SPARE-ISSUE", AI18="Power Telco","RAN ISSUE",AI18="no impacts","no impacts" ),"")} -> TX ISSUE | AI18: ODU HS | AJ18: {=IFERROR(_xlfn.IFS( AI18="MPR ISSUE","ACTIVE", AI18="BSS Hardware Issue","ACTIVE", AI18="Sites strategiques, MLL, Pylone, etc.","PASSIVE", AI18="AKTIVCO DEFAUT GE & POWER Cabinet","PASSIVE", AI18="AKTIVCO Coupure ENEO & Baisse de tension","PASSIVE", AI18="Coupure ENEO & Baisse de tension","PASSIVE", AI18="Defaut GE & POWER Cabinet","PASSIVE", AI18="Sharing","PASSIVE", AI18="Sites strategiques & DataCenter","PASSIVE", AI18="Exclu","Exclu", AI18="SAT","ACTIVE", AI18="SPARE-ISSUE","SPARE-ISSUE", AI18="Fiber CAmtel","ACTIVE", AI18="Fiber AOF","ACTIVE", AI18="Projet OCM (HUAWEI)","PLANNED WORKS", AI18="Projet OCM (NOKIA)","PLANNED WORKS", AI18="ACCESS-ISSUE","ACCESS-ISSUE", AI18="Projet OCM (ZTE, NOKIA, autres projets)","PLANNED WORKS", AI18="No root CAuse","No root cause", AI18="ODU HS","ACTIVE", AI18="IP & VLAN","ACTIVE", AI18="Warehouse HUAWEI","SPARE-ISSUE", AI18="SPARE-HS","SPARE-ISSUE", AI18="Power Telco","ACTIVE", AI18="no impacts","no impacts" ),"")} -> ACTIVE | AK18: (05/03/2026 com ran 17h): 03.05.2026: FME Sur site suite des travaux avec le BO TX. Update ASAP 02.05.2026: Travaux effectues ce Jour cote Mutengue(Check et notoyagde des ODU, Exitateur et realigmenet) la suite se fera sur Q12 demain 03.05.2026 02.05.2026: Suite des Investigation ce Jour par le FME Desmond qui est actuellement sur site 01.05.2026: FME Desmond is on the site. Work Ongoing 30.04.26: Besoin d'un FME sur le site pour reset du MPR; FME Desmond activé pour investigations, update ASAP 30/04/2026 IHS:Gen Overload. ..;..;(05/03/2026 com ran 10h): 03.05.2026: FME Sur site suite des travaux avec le BO TX. Update ASAP 02.05.2026: Travaux effectues ce Jour cote Mutengue(Check et notoyagde des ODU, Exitateur et realigmenet) la suite se fera sur Q12 demain 03.05.2026 02.05.2026: Suite des Investigation ce Jour par le FME Desmond qui est actuellement sur site 01.05.2026: FME Desmond is on the site. Work Ongoing 30.04.26: Besoin d'un FME sur le site pour reset du MPR; FME Desmond activé pour investigations, update ASAP 30/04/2026 IHS:Gen Overload. | AL18: =B18 -> SUO_211 | AO18: =_xlfn.XLOOKUP(B18,'INCIDENT-05-03-2026'!E:E,'INCIDENT-05-03-2026'!F:F,"") | AS18: =_xlfn.XLOOKUP(B18,'[3]tt num | region | site id'!$C:$C,'[3]tt num | region | site id'!$Q:$Q,"") | AT18: =_xlfn.XLOOKUP(B18,'[4]Cells Huawei 03052026 12h'!$B:$B,'[4]Cells Huawei 03052026 12h'!$T:$T,"") | AU18: =_xlfn.XLOOKUP(B18,'[5]cells down 02052026 8h50'!$B:$B,'[5]cells down 02052026 8h50'!$R:$R,"") | AV18: =_xlfn.XLOOKUP(B18,'[5]cells down 02052026 13h50'!$B:$B,'[5]cells down 02052026 13h50'!$R:$R,"") | AW18: =_xlfn.XLOOKUP(B18,'[5]cells down 02052026 13h50'!$B:$B,'[5]cells down 02052026 13h50'!$R:$R,"") | AX18: =_xlfn.XLOOKUP(B18,'[6]cell downs 03052026 8h40 '!$B:$B,'[6]cell downs 03052026 8h40 '!$R:$R,"") | AY18: =_xlfn.XLOOKUP(B18,'[7]ALL SITES DOWN'!$D:$D,'[7]ALL SITES DOWN'!$J:$J,"") -> (05/03/2026 com ran 17h): 03.05.2026: FME Sur site suite des travaux avec le BO TX. Update ASAP 02.05.2026: Travaux effectues ce Jour cote Mutengue(Check et notoyagde des ODU, Exitateur et realigmenet) la suite se fera sur Q12 demain 03.05.2026 02.05.2026: Suite des Investigation ce Jour par le FME Desmond qui est actuellement sur site 01.05.2026: FME Desmond is on the site. Work Ongoing 30.04.26: Besoin d'un FME sur le site pour reset du MPR; FME Desmond activé pour investigations, update ASAP 30/04/2026 IHS:Gen Overload. | AZ18: =_xlfn.XLOOKUP(B18,'[8]ALL SITES DOWN'!$D:$D,'[8]ALL SITES DOWN'!$J:$J,"") -> (05/03/2026 com ran 10h): 03.05.2026: FME Sur site suite des travaux avec le BO TX. Update ASAP 02.05.2026: Travaux effectues ce Jour cote Mutengue(Check et notoyagde des ODU, Exitateur et realigmenet) la suite se fera sur Q12 demain 03.05.2026 02.05.2026: Suite des Investigation ce Jour par le FME Desmond qui est actuellement sur site 01.05.2026: FME Desmond is on the site. Work Ongoing 30.04.26: Besoin d'un FME sur le site pour reset du MPR; FME Desmond activé pour investigations, update ASAP 30/04/2026 IHS:Gen Overload. | BA18: =_xlfn.XLOOKUP(B18,[9]sheet1!$AC:$AC,[9]sheet1!$AF:$AF,"") | BD18: =_xlfn.XLOOKUP(B18,'[10]cell downs 18042026 17h'!$B:$B,'[10]cell downs 18042026 17h'!$B:$B,"") | BE18: =_xlfn.XLOOKUP(B18,'[11]Cells Huawei 19042026 15h'!$B:$B,'[11]Cells Huawei 19042026 15h'!$B:$B,"") -> SUO_211 | BF18: =_xlfn.XLOOKUP(B18,'[12]cells down 19042026 9H40'!$B:$B,'[12]cells down 19042026 9H40'!$B:$B,"") | BG18: SUO_211
A19: Madagascar-Yde-New | B19: CTR_217 | C19: =_xlfn.XLOOKUP(B19,'[1]daily break down'!$D:$D,'[1]daily break down'!$E:$E,"") -> Yaounde | D19: IHS | E19: Grid-Lithium | F19: CENTRE | G19: Yaounde | H19: =_xlfn.XLOOKUP(B19,[2]CALCULATION!$B:$B,[2]CALCULATION!$H:$H,"") -> ZTE | I19: 0 | J19: 0 | K19: 0 | L19: 0 | M19: 0 | N19: 0 | O19: 0 | P19: 0 | Q19: 0 | R19: 0 | S19: 0 | T19: 0 | U19: 0.14999301 | V19: 0 | W19: 0 | X19: 0 | Y19: 0 | Z19: 28.570957 | AA19: 14.356498 | AB19: 12.224339 | AC19: 39.706578 | AD19: 26.860484 | AE19: Operationnel | AG19: {=IFERROR(_xlfn.IFS( AI19="MPR ISSUE","PDH", AI19="BSS Hardware Issue","BSS", AI19="Sites strategiques, MLL, Pylone, etc.","ENVTECH", AI19="AKTIVCO DEFAUT GE & POWER Cabinet","AKTIVCO", AI19="AKTIVCO Coupure ENEO & Baisse de tension","AKTIVCO GRID ONLY", AI19="Coupure ENEO & Baisse de tension","IHS GRID ONLY", AI19="Defaut GE & POWER Cabinet","IHS", AI19="Sharing","Partners", AI19="Sites strategiques & DataCenter","SST & DC", AI19="Exclu","Exclu", AI19="SAT","SAT", AI19="SPARE-ISSUE","SPARE-ISSUE", AI19="Fiber CAmtel","TRANS_FO_CAMTEL", AI19="Fiber AOF","Fiber AOF", AI19="Projet OCM (HUAWEI)","TRAVAUX-HUAWEI", AI19="Projet OCM (NOKIA)","TRAVAUX-NOKIA", AI19="ACCESS-ISSUE","ACCESS-ISSUE", AI19="Projet OCM (ZTE, NOKIA, autres projets)","TRAVAUX OCM", AI19="No root CAuse","No root cause", AI19="ODU HS","PDH", AI19="IP & VLAN","PDH", AI19="Warehouse HUAWEI","SPARE-ISSUE", AI19="SPARE-HS","SPARE-ISSUE", AI19="Power Telco","BSS",AI19="no impacts","no impacts" ),"")} -> IHS | AH19: {=IFERROR(_xlfn.IFS( AI19="MPR ISSUE","TX ISSUE", AI19="BSS Hardware Issue","RAN ISSUE", AI19="Sites strategiques, MLL, Pylone, etc.","ENVTECH", AI19="AKTIVCO DEFAUT GE & POWER Cabinet","POWER ISSUE", AI19="AKTIVCO Coupure ENEO & Baisse de tension","POWER ISSUE", AI19="Coupure ENEO & Baisse de tension","POWER ISSUE", AI19="Defaut GE & POWER Cabinet","POWER ISSUE", AI19="Sharing","POWER ISSUE", AI19="Sites strategiques & DataCenter","POWER ISSUE", AI19="Exclu","Exclu", AI19="SAT","TX ISSUE", AI19="SPARE-ISSUE","SPARE-ISSUE", AI19="Fiber CAmtel","TX ISSUE", AI19="Fiber AOF","TX ISSUE", AI19="Projet OCM (HUAWEI)","TRAVAUX-HUAWEI", AI19="Projet OCM (NOKIA)","TRAVAUX -NOKIA", AI19="ACCESS-ISSUE","ACCESS-ISSUE", AI19="Projet OCM (ZTE, NOKIA, autres projets)","TRAVAUX OCM", AI19="No root CAuse","No root cause", AI19="ODU HS","TX ISSUE", AI19="IP & VLAN","TX ISSUE", AI19="Warehouse HUAWEI","SPARE-ISSUE", AI19="SPARE-HS","SPARE-ISSUE", AI19="Power Telco","RAN ISSUE",AI19="no impacts","no impacts" ),"")} -> POWER ISSUE | AI19: Defaut GE & Power Cabinet | AJ19: {=IFERROR(_xlfn.IFS( AI19="MPR ISSUE","ACTIVE", AI19="BSS Hardware Issue","ACTIVE", AI19="Sites strategiques, MLL, Pylone, etc.","PASSIVE", AI19="AKTIVCO DEFAUT GE & POWER Cabinet","PASSIVE", AI19="AKTIVCO Coupure ENEO & Baisse de tension","PASSIVE", AI19="Coupure ENEO & Baisse de tension","PASSIVE", AI19="Defaut GE & POWER Cabinet","PASSIVE", AI19="Sharing","PASSIVE", AI19="Sites strategiques & DataCenter","PASSIVE", AI19="Exclu","Exclu", AI19="SAT","ACTIVE", AI19="SPARE-ISSUE","SPARE-ISSUE", AI19="Fiber CAmtel","ACTIVE", AI19="Fiber AOF","ACTIVE", AI19="Projet OCM (HUAWEI)","PLANNED WORKS", AI19="Projet OCM (NOKIA)","PLANNED WORKS", AI19="ACCESS-ISSUE","ACCESS-ISSUE", AI19="Projet OCM (ZTE, NOKIA, autres projets)","PLANNED WORKS", AI19="No root CAuse","No root cause", AI19="ODU HS","ACTIVE", AI19="IP & VLAN","ACTIVE", AI19="Warehouse HUAWEI","SPARE-ISSUE", AI19="SPARE-HS","SPARE-ISSUE", AI19="Power Telco","ACTIVE", AI19="no impacts","no impacts" ),"")} -> PASSIVE | AK19: (hourly IHS): 03/05/2026 13:23 9:37:39 53.6V Grid outage no space // awaiting grid return..;..;(05/03/2026 com ran 17h): 03.05.2026 IHS: Grid outage no space // awaiting grid return ..;..;(05/03/2026 ticket)..INC-20260503-00013046...2026-05-04 02:11:08...Relance 1 No Power Issue on Site, U = 53V and Site is on GRID. TX FME Yaya 694806622 is informed. BO TX ANALYSE ONGOING...user:OCM_NOC.IHS | AL19: =B19 -> CTR_217 | AO19: =_xlfn.XLOOKUP(B19,'INCIDENT-05-03-2026'!E:E,'INCIDENT-05-03-2026'!F:F,"") | AP19: (05/03/2026 top offenders): 04.05.2026 IHS: Grid outage no space // awaiting grid return 03.05.2026 IHS: Grid outage no space // awaiting grid return | AS19: =_xlfn.XLOOKUP(B19,'[3]tt num | region | site id'!$C:$C,'[3]tt num | region | site id'!$Q:$Q,"") -> (hourly IHS): 03/05/2026 13:23 9:37:39 53.6V Grid outage no space // awaiting grid return | AT19: =_xlfn.XLOOKUP(B19,'[4]Cells Huawei 03052026 12h'!$B:$B,'[4]Cells Huawei 03052026 12h'!$T:$T,"") | AU19: =_xlfn.XLOOKUP(B19,'[5]cells down 02052026 8h50'!$B:$B,'[5]cells down 02052026 8h50'!$R:$R,"") | AV19: =_xlfn.XLOOKUP(B19,'[5]cells down 02052026 13h50'!$B:$B,'[5]cells down 02052026 13h50'!$R:$R,"") | AW19: =_xlfn.XLOOKUP(B19,'[5]cells down 02052026 13h50'!$B:$B,'[5]cells down 02052026 13h50'!$R:$R,"") | AX19: =_xlfn.XLOOKUP(B19,'[6]cell downs 03052026 8h40 '!$B:$B,'[6]cell downs 03052026 8h40 '!$R:$R,"") | AY19: =_xlfn.XLOOKUP(B19,'[7]ALL SITES DOWN'!$D:$D,'[7]ALL SITES DOWN'!$J:$J,"") -> (05/03/2026 com ran 17h): 03.05.2026 IHS: Grid outage no space // awaiting grid return | AZ19: =_xlfn.XLOOKUP(B19,'[8]ALL SITES DOWN'!$D:$D,'[8]ALL SITES DOWN'!$J:$J,"") | BA19: =_xlfn.XLOOKUP(B19,[9]sheet1!$AC:$AC,[9]sheet1!$AF:$AF,"") -> (05/03/2026 ticket)..INC-20260503-00013046...2026-05-04 02:11:08...Relance 1 No Power Issue on Site, U = 53V and Site is on GRID. TX FME Yaya 694806622 is informed. BO TX ANALYSE ONGOING...user:OCM_NOC.IHS | BB19: (05/03/2026 dashbord): | BD19: =_xlfn.XLOOKUP(B19,'[10]cell downs 18042026 17h'!$B:$B,'[10]cell downs 18042026 17h'!$B:$B,"") | BE19: =_xlfn.XLOOKUP(B19,'[11]Cells Huawei 19042026 15h'!$B:$B,'[11]Cells Huawei 19042026 15h'!$B:$B,"") | BF19: =_xlfn.XLOOKUP(B19,'[12]cells down 19042026 9H40'!$B:$B,'[12]cells down 19042026 9H40'!$B:$B,"") | BG19: CTR_217
A20: Av-Germaine | B20: CTR_090 | C20: =_xlfn.XLOOKUP(B20,'[1]daily break down'!$D:$D,'[1]daily break down'!$E:$E,"") -> Yaounde | D20: IHS | E20: Grid-Lithium | F20: CENTRE | G20: Yaounde | H20: =_xlfn.XLOOKUP(B20,[2]CALCULATION!$B:$B,[2]CALCULATION!$H:$H,"") -> ZTE | I20: 0 | J20: 0 | K20: 0 | L20: 0 | M20: 0 | N20: 0 | O20: 1.1331874 | P20: 1.8005225 | Q20: 36.075494 | R20: 0.055752455 | S20: 0.52600996 | T20: 0 | U20: 0.38730656 | V20: 0 | W20: 0 | X20: 0 | Y20: 0 | Z20: 0 | AA20: 14.329396 | AB20: 10.172605 | AC20: 39.706578 | AD20: 26.167823 | AE20: Operationnel | AG20: {=IFERROR(_xlfn.IFS( AI20="MPR ISSUE","PDH", AI20="BSS Hardware Issue","BSS", AI20="Sites strategiques, MLL, Pylone, etc.","ENVTECH", AI20="AKTIVCO DEFAUT GE & POWER Cabinet","AKTIVCO", AI20="AKTIVCO Coupure ENEO & Baisse de tension","AKTIVCO GRID ONLY", AI20="Coupure ENEO & Baisse de tension","IHS GRID ONLY", AI20="Defaut GE & POWER Cabinet","IHS", AI20="Sharing","Partners", AI20="Sites strategiques & DataCenter","SST & DC", AI20="Exclu","Exclu", AI20="SAT","SAT", AI20="SPARE-ISSUE","SPARE-ISSUE", AI20="Fiber CAmtel","TRANS_FO_CAMTEL", AI20="Fiber AOF","Fiber AOF", AI20="Projet OCM (HUAWEI)","TRAVAUX-HUAWEI", AI20="Projet OCM (NOKIA)","TRAVAUX-NOKIA", AI20="ACCESS-ISSUE","ACCESS-ISSUE", AI20="Projet OCM (ZTE, NOKIA, autres projets)","TRAVAUX OCM", AI20="No root CAuse","No root cause", AI20="ODU HS","PDH", AI20="IP & VLAN","PDH", AI20="Warehouse HUAWEI","SPARE-ISSUE", AI20="SPARE-HS","SPARE-ISSUE", AI20="Power Telco","BSS",AI20="no impacts","no impacts" ),"")} -> IHS | AH20: {=IFERROR(_xlfn.IFS( AI20="MPR ISSUE","TX ISSUE", AI20="BSS Hardware Issue","RAN ISSUE", AI20="Sites strategiques, MLL, Pylone, etc.","ENVTECH", AI20="AKTIVCO DEFAUT GE & POWER Cabinet","POWER ISSUE", AI20="AKTIVCO Coupure ENEO & Baisse de tension","POWER ISSUE", AI20="Coupure ENEO & Baisse de tension","POWER ISSUE", AI20="Defaut GE & POWER Cabinet","POWER ISSUE", AI20="Sharing","POWER ISSUE", AI20="Sites strategiques & DataCenter","POWER ISSUE", AI20="Exclu","Exclu", AI20="SAT","TX ISSUE", AI20="SPARE-ISSUE","SPARE-ISSUE", AI20="Fiber CAmtel","TX ISSUE", AI20="Fiber AOF","TX ISSUE", AI20="Projet OCM (HUAWEI)","TRAVAUX-HUAWEI", AI20="Projet OCM (NOKIA)","TRAVAUX -NOKIA", AI20="ACCESS-ISSUE","ACCESS-ISSUE", AI20="Projet OCM (ZTE, NOKIA, autres projets)","TRAVAUX OCM", AI20="No root CAuse","No root cause", AI20="ODU HS","TX ISSUE", AI20="IP & VLAN","TX ISSUE", AI20="Warehouse HUAWEI","SPARE-ISSUE", AI20="SPARE-HS","SPARE-ISSUE", AI20="Power Telco","RAN ISSUE",AI20="no impacts","no impacts" ),"")} -> POWER ISSUE | AI20: Defaut GE & Power Cabinet | AJ20: {=IFERROR(_xlfn.IFS( AI20="MPR ISSUE","ACTIVE", AI20="BSS Hardware Issue","ACTIVE", AI20="Sites strategiques, MLL, Pylone, etc.","PASSIVE", AI20="AKTIVCO DEFAUT GE & POWER Cabinet","PASSIVE", AI20="AKTIVCO Coupure ENEO & Baisse de tension","PASSIVE", AI20="Coupure ENEO & Baisse de tension","PASSIVE", AI20="Defaut GE & POWER Cabinet","PASSIVE", AI20="Sharing","PASSIVE", AI20="Sites strategiques & DataCenter","PASSIVE", AI20="Exclu","Exclu", AI20="SAT","ACTIVE", AI20="SPARE-ISSUE","SPARE-ISSUE", AI20="Fiber CAmtel","ACTIVE", AI20="Fiber AOF","ACTIVE", AI20="Projet OCM (HUAWEI)","PLANNED WORKS", AI20="Projet OCM (NOKIA)","PLANNED WORKS", AI20="ACCESS-ISSUE","ACCESS-ISSUE", AI20="Projet OCM (ZTE, NOKIA, autres projets)","PLANNED WORKS", AI20="No root CAuse","No root cause", AI20="ODU HS","ACTIVE", AI20="IP & VLAN","ACTIVE", AI20="Warehouse HUAWEI","SPARE-ISSUE", AI20="SPARE-HS","SPARE-ISSUE", AI20="Power Telco","ACTIVE", AI20="no impacts","no impacts" ),"")} -> PASSIVE | AK20: (hourly IHS): 03/05/2026 13:23 9:37:39 47V Grid only no space // awaiting grid return..;..;(05/03/2026 com ran 17h): 03.05.2026 IHS: Grid outage no space // awaiting grid return ..;..;(05/03/2026 ticket)..INC-20260503-00007946...2026-05-03 15:20:59...investigation ongoing / Our FME is on the way to site ETA=17H...user:OCM_NOC.CAMUSAT | AL20: =B20 -> CTR_090 | AO20: =_xlfn.XLOOKUP(B20,'INCIDENT-05-03-2026'!E:E,'INCIDENT-05-03-2026'!F:F,"") | AP20: (05/03/2026 top offenders): | AS20: =_xlfn.XLOOKUP(B20,'[3]tt num | region | site id'!$C:$C,'[3]tt num | region | site id'!$Q:$Q,"") -> (hourly IHS): 03/05/2026 13:23 9:37:39 47V Grid only no space // awaiting grid return | AT20: =_xlfn.XLOOKUP(B20,'[4]Cells Huawei 03052026 12h'!$B:$B,'[4]Cells Huawei 03052026 12h'!$T:$T,"") | AU20: =_xlfn.XLOOKUP(B20,'[5]cells down 02052026 8h50'!$B:$B,'[5]cells down 02052026 8h50'!$R:$R,"") | AV20: =_xlfn.XLOOKUP(B20,'[5]cells down 02052026 13h50'!$B:$B,'[5]cells down 02052026 13h50'!$R:$R,"") | AW20: =_xlfn.XLOOKUP(B20,'[5]cells down 02052026 13h50'!$B:$B,'[5]cells down 02052026 13h50'!$R:$R,"") | AX20: =_xlfn.XLOOKUP(B20,'[6]cell downs 03052026 8h40 '!$B:$B,'[6]cell downs 03052026 8h40 '!$R:$R,"") | AY20: =_xlfn.XLOOKUP(B20,'[7]ALL SITES DOWN'!$D:$D,'[7]ALL SITES DOWN'!$J:$J,"") -> (05/03/2026 com ran 17h): 03.05.2026 IHS: Grid outage no space // awaiting grid return | AZ20: =_xlfn.XLOOKUP(B20,'[8]ALL SITES DOWN'!$D:$D,'[8]ALL SITES DOWN'!$J:$J,"") | BA20: =_xlfn.XLOOKUP(B20,[9]sheet1!$AC:$AC,[9]sheet1!$AF:$AF,"") -> (05/03/2026 ticket)..INC-20260503-00007946...2026-05-03 15:20:59...investigation ongoing / Our FME is on the way to site ETA=17H...user:OCM_NOC.CAMUSAT | BB20: (05/03/2026 dashbord): | BD20: =_xlfn.XLOOKUP(B20,'[10]cell downs 18042026 17h'!$B:$B,'[10]cell downs 18042026 17h'!$B:$B,"") | BE20: =_xlfn.XLOOKUP(B20,'[11]Cells Huawei 19042026 15h'!$B:$B,'[11]Cells Huawei 19042026 15h'!$B:$B,"") | BF20: =_xlfn.XLOOKUP(B20,'[12]cells down 19042026 9H40'!$B:$B,'[12]cells down 19042026 9H40'!$B:$B,"") -> CTR_090 | BG20: CTR_090
A21: Koweit-City | B21: CTR_258 | C21: =_xlfn.XLOOKUP(B21,'[1]daily break down'!$D:$D,'[1]daily break down'!$E:$E,"") -> Yaounde | D21: CAMUSAT | E21: Good Grid + GE | F21: CENTRE | G21: Yaounde | H21: =_xlfn.XLOOKUP(B21,[2]CALCULATION!$B:$B,[2]CALCULATION!$H:$H,"") -> ZTE | I21: 3.5090873 | J21: 1.3809701 | K21: 6.2663369 | L21: 5.6414136 | M21: 22.084607 | N21: 17.864239 | O21: 12.382485 | P21: 12.046668 | Q21: 33.366168 | R21: 33.624901 | S21: 22.248012 | T21: 0 | U21: 0 | V21: 0 | W21: 0 | X21: 21.697336 | Y21: 27.601692 | Z21: 4.2000361 | AA21: 11.358504 | AB21: 11.583424 | AC21: 39.184646 | AD21: 25.945027 | AE21: Operationnel | AG21: {=IFERROR(_xlfn.IFS( AI21="MPR ISSUE","PDH", AI21="BSS Hardware Issue","BSS", AI21="Sites strategiques, MLL, Pylone, etc.","ENVTECH", AI21="AKTIVCO DEFAUT GE & POWER Cabinet","AKTIVCO", AI21="AKTIVCO Coupure ENEO & Baisse de tension","AKTIVCO GRID ONLY", AI21="Coupure ENEO & Baisse de tension","IHS GRID ONLY", AI21="Defaut GE & POWER Cabinet","IHS", AI21="Sharing","Partners", AI21="Sites strategiques & DataCenter","SST & DC", AI21="Exclu","Exclu", AI21="SAT","SAT", AI21="SPARE-ISSUE","SPARE-ISSUE", AI21="Fiber CAmtel","TRANS_FO_CAMTEL", AI21="Fiber AOF","Fiber AOF", AI21="Projet OCM (HUAWEI)","TRAVAUX-HUAWEI", AI21="Projet OCM (NOKIA)","TRAVAUX-NOKIA", AI21="ACCESS-ISSUE","ACCESS-ISSUE", AI21="Projet OCM (ZTE, NOKIA, autres projets)","TRAVAUX OCM", AI21="No root CAuse","No root cause", AI21="ODU HS","PDH", AI21="IP & VLAN","PDH", AI21="Warehouse HUAWEI","SPARE-ISSUE", AI21="SPARE-HS","SPARE-ISSUE", AI21="Power Telco","BSS",AI21="no impacts","no impacts" ),"")} -> AKTIVCO | AH21: {=IFERROR(_xlfn.IFS( AI21="MPR ISSUE","TX ISSUE", AI21="BSS Hardware Issue","RAN ISSUE", AI21="Sites strategiques, MLL, Pylone, etc.","ENVTECH", AI21="AKTIVCO DEFAUT GE & POWER Cabinet","POWER ISSUE", AI21="AKTIVCO Coupure ENEO & Baisse de tension","POWER ISSUE", AI21="Coupure ENEO & Baisse de tension","POWER ISSUE", AI21="Defaut GE & POWER Cabinet","POWER ISSUE", AI21="Sharing","POWER ISSUE", AI21="Sites strategiques & DataCenter","POWER ISSUE", AI21="Exclu","Exclu", AI21="SAT","TX ISSUE", AI21="SPARE-ISSUE","SPARE-ISSUE", AI21="Fiber CAmtel","TX ISSUE", AI21="Fiber AOF","TX ISSUE", AI21="Projet OCM (HUAWEI)","TRAVAUX-HUAWEI", AI21="Projet OCM (NOKIA)","TRAVAUX -NOKIA", AI21="ACCESS-ISSUE","ACCESS-ISSUE", AI21="Projet OCM (ZTE, NOKIA, autres projets)","TRAVAUX OCM", AI21="No root CAuse","No root cause", AI21="ODU HS","TX ISSUE", AI21="IP & VLAN","TX ISSUE", AI21="Warehouse HUAWEI","SPARE-ISSUE", AI21="SPARE-HS","SPARE-ISSUE", AI21="Power Telco","RAN ISSUE",AI21="no impacts","no impacts" ),"")} -> POWER ISSUE | AI21: AKTIVCO Defaut GE & Power Cabinet | AJ21: {=IFERROR(_xlfn.IFS( AI21="MPR ISSUE","ACTIVE", AI21="BSS Hardware Issue","ACTIVE", AI21="Sites strategiques, MLL, Pylone, etc.","PASSIVE", AI21="AKTIVCO DEFAUT GE & POWER Cabinet","PASSIVE", AI21="AKTIVCO Coupure ENEO & Baisse de tension","PASSIVE", AI21="Coupure ENEO & Baisse de tension","PASSIVE", AI21="Defaut GE & POWER Cabinet","PASSIVE", AI21="Sharing","PASSIVE", AI21="Sites strategiques & DataCenter","PASSIVE", AI21="Exclu","Exclu", AI21="SAT","ACTIVE", AI21="SPARE-ISSUE","SPARE-ISSUE", AI21="Fiber CAmtel","ACTIVE", AI21="Fiber AOF","ACTIVE", AI21="Projet OCM (HUAWEI)","PLANNED WORKS", AI21="Projet OCM (NOKIA)","PLANNED WORKS", AI21="ACCESS-ISSUE","ACCESS-ISSUE", AI21="Projet OCM (ZTE, NOKIA, autres projets)","PLANNED WORKS", AI21="No root CAuse","No root cause", AI21="ODU HS","ACTIVE", AI21="IP & VLAN","ACTIVE", AI21="Warehouse HUAWEI","SPARE-ISSUE", AI21="SPARE-HS","SPARE-ISSUE", AI21="Power Telco","ACTIVE", AI21="no impacts","no impacts" ),"")} -> PASSIVE | AK21: (05/03/2026 ticket)..INC-20260503-00005701...2026-05-03 15:12:08...Echec de démarrage du GE dû aux Mauvaises phase ENEO / Notre FME a disjoncté et a mis le site sur GE...user:OCM_NOC.CAMUSAT | AL21: =B21 -> CTR_258 | AO21: =_xlfn.XLOOKUP(B21,'INCIDENT-05-03-2026'!E:E,'INCIDENT-05-03-2026'!F:F,"") | AP21: (05/03/2026 top offenders): | AS21: =_xlfn.XLOOKUP(B21,'[3]tt num | region | site id'!$C:$C,'[3]tt num | region | site id'!$Q:$Q,"") | AT21: =_xlfn.XLOOKUP(B21,'[4]Cells Huawei 03052026 12h'!$B:$B,'[4]Cells Huawei 03052026 12h'!$T:$T,"") | AU21: =_xlfn.XLOOKUP(B21,'[5]cells down 02052026 8h50'!$B:$B,'[5]cells down 02052026 8h50'!$R:$R,"") | AV21: =_xlfn.XLOOKUP(B21,'[5]cells down 02052026 13h50'!$B:$B,'[5]cells down 02052026 13h50'!$R:$R,"") | AW21: =_xlfn.XLOOKUP(B21,'[5]cells down 02052026 13h50'!$B:$B,'[5]cells down 02052026 13h50'!$R:$R,"") | AX21: =_xlfn.XLOOKUP(B21,'[6]cell downs 03052026 8h40 '!$B:$B,'[6]cell downs 03052026 8h40 '!$R:$R,"") | AY21: =_xlfn.XLOOKUP(B21,'[7]ALL SITES DOWN'!$D:$D,'[7]ALL SITES DOWN'!$J:$J,"") | AZ21: =_xlfn.XLOOKUP(B21,'[8]ALL SITES DOWN'!$D:$D,'[8]ALL SITES DOWN'!$J:$J,"") | BA21: =_xlfn.XLOOKUP(B21,[9]sheet1!$AC:$AC,[9]sheet1!$AF:$AF,"") -> (05/03/2026 ticket)..INC-20260503-00005701...2026-05-03 15:12:08...Echec de démarrage du GE dû aux Mauvaises phase ENEO / Notre FME a disjoncté et a mis le site sur GE...user:OCM_NOC.CAMUSAT | BB21: (05/03/2026 dashbord): | BD21: =_xlfn.XLOOKUP(B21,'[10]cell downs 18042026 17h'!$B:$B,'[10]cell downs 18042026 17h'!$B:$B,"") | BE21: =_xlfn.XLOOKUP(B21,'[11]Cells Huawei 19042026 15h'!$B:$B,'[11]Cells Huawei 19042026 15h'!$B:$B,"") | BF21: =_xlfn.XLOOKUP(B21,'[12]cells down 19042026 9H40'!$B:$B,'[12]cells down 19042026 9H40'!$B:$B,"")
A22: Lende-Kribi | B22: SUD_086 | C22: =_xlfn.XLOOKUP(B22,'[1]daily break down'!$D:$D,'[1]daily break down'!$E:$E,"") -> LITTORAL | D22: CAMUSAT | E22: HGB | F22: SUD | G22: Kribi | H22: =_xlfn.XLOOKUP(B22,[2]CALCULATION!$B:$B,[2]CALCULATION!$H:$H,"") -> ZTE | I22: 0 | J22: 0 | K22: 0 | L22: 0 | M22: 0 | N22: 0 | O22: 0 | P22: 0 | Q22: 3.2386897 | R22: 0 | S22: 0 | T22: 0.008418157 | U22: 0 | V22: 0 | W22: 0.008418157 | X22: 3.4362132 | Y22: 0 | Z22: 14.279959 | AA22: 16.394419 | AB22: 27.886155 | AC22: 26.862474 | AD22: 25.711299 | AE22: Operationnel | AG22: {=IFERROR(_xlfn.IFS( AI22="MPR ISSUE","PDH", AI22="BSS Hardware Issue","BSS", AI22="Sites strategiques, MLL, Pylone, etc.","ENVTECH", AI22="AKTIVCO DEFAUT GE & POWER Cabinet","AKTIVCO", AI22="AKTIVCO Coupure ENEO & Baisse de tension","AKTIVCO GRID ONLY", AI22="Coupure ENEO & Baisse de tension","IHS GRID ONLY", AI22="Defaut GE & POWER Cabinet","IHS", AI22="Sharing","Partners", AI22="Sites strategiques & DataCenter","SST & DC", AI22="Exclu","Exclu", AI22="SAT","SAT", AI22="SPARE-ISSUE","SPARE-ISSUE", AI22="Fiber CAmtel","TRANS_FO_CAMTEL", AI22="Fiber AOF","Fiber AOF", AI22="Projet OCM (HUAWEI)","TRAVAUX-HUAWEI", AI22="Projet OCM (NOKIA)","TRAVAUX-NOKIA", AI22="ACCESS-ISSUE","ACCESS-ISSUE", AI22="Projet OCM (ZTE, NOKIA, autres projets)","TRAVAUX OCM", AI22="No root CAuse","No root cause", AI22="ODU HS","PDH", AI22="IP & VLAN","PDH", AI22="Warehouse HUAWEI","SPARE-ISSUE", AI22="SPARE-HS","SPARE-ISSUE", AI22="Power Telco","BSS",AI22="no impacts","no impacts" ),"")} -> PDH | AH22: {=IFERROR(_xlfn.IFS( AI22="MPR ISSUE","TX ISSUE", AI22="BSS Hardware Issue","RAN ISSUE", AI22="Sites strategiques, MLL, Pylone, etc.","ENVTECH", AI22="AKTIVCO DEFAUT GE & POWER Cabinet","POWER ISSUE", AI22="AKTIVCO Coupure ENEO & Baisse de tension","POWER ISSUE", AI22="Coupure ENEO & Baisse de tension","POWER ISSUE", AI22="Defaut GE & POWER Cabinet","POWER ISSUE", AI22="Sharing","POWER ISSUE", AI22="Sites strategiques & DataCenter","POWER ISSUE", AI22="Exclu","Exclu", AI22="SAT","TX ISSUE", AI22="SPARE-ISSUE","SPARE-ISSUE", AI22="Fiber CAmtel","TX ISSUE", AI22="Fiber AOF","TX ISSUE", AI22="Projet OCM (HUAWEI)","TRAVAUX-HUAWEI", AI22="Projet OCM (NOKIA)","TRAVAUX -NOKIA", AI22="ACCESS-ISSUE","ACCESS-ISSUE", AI22="Projet OCM (ZTE, NOKIA, autres projets)","TRAVAUX OCM", AI22="No root CAuse","No root cause", AI22="ODU HS","TX ISSUE", AI22="IP & VLAN","TX ISSUE", AI22="Warehouse HUAWEI","SPARE-ISSUE", AI22="SPARE-HS","SPARE-ISSUE", AI22="Power Telco","RAN ISSUE",AI22="no impacts","no impacts" ),"")} -> TX ISSUE | AI22: MPR ISSUE | AJ22: {=IFERROR(_xlfn.IFS( AI22="MPR ISSUE","ACTIVE", AI22="BSS Hardware Issue","ACTIVE", AI22="Sites strategiques, MLL, Pylone, etc.","PASSIVE", AI22="AKTIVCO DEFAUT GE & POWER Cabinet","PASSIVE", AI22="AKTIVCO Coupure ENEO & Baisse de tension","PASSIVE", AI22="Coupure ENEO & Baisse de tension","PASSIVE", AI22="Defaut GE & POWER Cabinet","PASSIVE", AI22="Sharing","PASSIVE", AI22="Sites strategiques & DataCenter","PASSIVE", AI22="Exclu","Exclu", AI22="SAT","ACTIVE", AI22="SPARE-ISSUE","SPARE-ISSUE", AI22="Fiber CAmtel","ACTIVE", AI22="Fiber AOF","ACTIVE", AI22="Projet OCM (HUAWEI)","PLANNED WORKS", AI22="Projet OCM (NOKIA)","PLANNED WORKS", AI22="ACCESS-ISSUE","ACCESS-ISSUE", AI22="Projet OCM (ZTE, NOKIA, autres projets)","PLANNED WORKS", AI22="No root CAuse","No root cause", AI22="ODU HS","ACTIVE", AI22="IP & VLAN","ACTIVE", AI22="Warehouse HUAWEI","SPARE-ISSUE", AI22="SPARE-HS","SPARE-ISSUE", AI22="Power Telco","ACTIVE", AI22="no impacts","no impacts" ),"")} -> ACTIVE | AK22: (05/03/2026 com ran 10h): 03.05.2026: FME Lucien activated is managing ETA=ASAP 03/05/2026 Beoin d'un fme sur site pour verifier le status du MPR et la chaine antennaire de l ODU 4/1 FME lucien activé ETA=ASAP | AL22: =B22 -> SUD_086 | AO22: =_xlfn.XLOOKUP(B22,'INCIDENT-05-03-2026'!E:E,'INCIDENT-05-03-2026'!F:F,"") | AP22: (05/03/2026 top offenders): | AS22: =_xlfn.XLOOKUP(B22,'[3]tt num | region | site id'!$C:$C,'[3]tt num | region | site id'!$Q:$Q,"") | AT22: =_xlfn.XLOOKUP(B22,'[4]Cells Huawei 03052026 12h'!$B:$B,'[4]Cells Huawei 03052026 12h'!$T:$T,"") | AU22: =_xlfn.XLOOKUP(B22,'[5]cells down 02052026 8h50'!$B:$B,'[5]cells down 02052026 8h50'!$R:$R,"") | AV22: =_xlfn.XLOOKUP(B22,'[5]cells down 02052026 13h50'!$B:$B,'[5]cells down 02052026 13h50'!$R:$R,"") | AW22: =_xlfn.XLOOKUP(B22,'[5]cells down 02052026 13h50'!$B:$B,'[5]cells down 02052026 13h50'!$R:$R,"") | AX22: =_xlfn.XLOOKUP(B22,'[6]cell downs 03052026 8h40 '!$B:$B,'[6]cell downs 03052026 8h40 '!$R:$R,"") | AY22: =_xlfn.XLOOKUP(B22,'[7]ALL SITES DOWN'!$D:$D,'[7]ALL SITES DOWN'!$J:$J,"") | AZ22: =_xlfn.XLOOKUP(B22,'[8]ALL SITES DOWN'!$D:$D,'[8]ALL SITES DOWN'!$J:$J,"") -> (05/03/2026 com ran 10h): 03.05.2026: FME Lucien activated is managing ETA=ASAP 03/05/2026 Beoin d'un fme sur site pour verifier le status du MPR et la chaine antennaire de l ODU 4/1 FME lucien activé ETA=ASAP | BA22: =_xlfn.XLOOKUP(B22,[9]sheet1!$AC:$AC,[9]sheet1!$AF:$AF,"") | BB22: (05/03/2026 dashbord): | BD22: =_xlfn.XLOOKUP(B22,'[10]cell downs 18042026 17h'!$B:$B,'[10]cell downs 18042026 17h'!$B:$B,"") | BE22: =_xlfn.XLOOKUP(B22,'[11]Cells Huawei 19042026 15h'!$B:$B,'[11]Cells Huawei 19042026 15h'!$B:$B,"") | BF22: =_xlfn.XLOOKUP(B22,'[12]cells down 19042026 9H40'!$B:$B,'[12]cells down 19042026 9H40'!$B:$B,"")
A23: Dibamba-Centrale-Electrique | B23: LIT_617 | C23: =_xlfn.XLOOKUP(B23,'[1]daily break down'!$D:$D,'[1]daily break down'!$E:$E,"") -> LITTORAL | D23: CAMUSAT | E23: HGB | F23: LITTORAL | G23: Dibamba | H23: =_xlfn.XLOOKUP(B23,[2]CALCULATION!$B:$B,[2]CALCULATION!$H:$H,"") -> ZTE | I23: 0 | J23: 0 | K23: 0 | L23: 0 | M23: 0.08765941 | N23: 0 | O23: 0 | P23: 0 | Q23: 0 | R23: 0 | S23: 0 | T23: 0 | U23: 0 | V23: 0 | W23: 0 | X23: 0 | Y23: 0 | Z23: 0 | AA23: 12.018078 | AB23: 10.270995 | AC23: 37.582737 | AD23: 24.763239 | AE23: Operationnel | AG23: {=IFERROR(_xlfn.IFS( AI23="MPR ISSUE","PDH", AI23="BSS Hardware Issue","BSS", AI23="Sites strategiques, MLL, Pylone, etc.","ENVTECH", AI23="AKTIVCO DEFAUT GE & POWER Cabinet","AKTIVCO", AI23="AKTIVCO Coupure ENEO & Baisse de tension","AKTIVCO GRID ONLY", AI23="Coupure ENEO & Baisse de tension","IHS GRID ONLY", AI23="Defaut GE & POWER Cabinet","IHS", AI23="Sharing","Partners", AI23="Sites strategiques & DataCenter","SST & DC", AI23="Exclu","Exclu", AI23="SAT","SAT", AI23="SPARE-ISSUE","SPARE-ISSUE", AI23="Fiber CAmtel","TRANS_FO_CAMTEL", AI23="Fiber AOF","Fiber AOF", AI23="Projet OCM (HUAWEI)","TRAVAUX-HUAWEI", AI23="Projet OCM (NOKIA)","TRAVAUX-NOKIA", AI23="ACCESS-ISSUE","ACCESS-ISSUE", AI23="Projet OCM (ZTE, NOKIA, autres projets)","TRAVAUX OCM", AI23="No root CAuse","No root cause", AI23="ODU HS","PDH", AI23="IP & VLAN","PDH", AI23="Warehouse HUAWEI","SPARE-ISSUE", AI23="SPARE-HS","SPARE-ISSUE", AI23="Power Telco","BSS",AI23="no impacts","no impacts" ),"")} -> PDH | AH23: {=IFERROR(_xlfn.IFS( AI23="MPR ISSUE","TX ISSUE", AI23="BSS Hardware Issue","RAN ISSUE", AI23="Sites strategiques, MLL, Pylone, etc.","ENVTECH", AI23="AKTIVCO DEFAUT GE & POWER Cabinet","POWER ISSUE", AI23="AKTIVCO Coupure ENEO & Baisse de tension","POWER ISSUE", AI23="Coupure ENEO & Baisse de tension","POWER ISSUE", AI23="Defaut GE & POWER Cabinet","POWER ISSUE", AI23="Sharing","POWER ISSUE", AI23="Sites strategiques & DataCenter","POWER ISSUE", AI23="Exclu","Exclu", AI23="SAT","TX ISSUE", AI23="SPARE-ISSUE","SPARE-ISSUE", AI23="Fiber CAmtel","TX ISSUE", AI23="Fiber AOF","TX ISSUE", AI23="Projet OCM (HUAWEI)","TRAVAUX-HUAWEI", AI23="Projet OCM (NOKIA)","TRAVAUX -NOKIA", AI23="ACCESS-ISSUE","ACCESS-ISSUE", AI23="Projet OCM (ZTE, NOKIA, autres projets)","TRAVAUX OCM", AI23="No root CAuse","No root cause", AI23="ODU HS","TX ISSUE", AI23="IP & VLAN","TX ISSUE", AI23="Warehouse HUAWEI","SPARE-ISSUE", AI23="SPARE-HS","SPARE-ISSUE", AI23="Power Telco","RAN ISSUE",AI23="no impacts","no impacts" ),"")} -> TX ISSUE | AI23: MPR ISSUE | AJ23: {=IFERROR(_xlfn.IFS( AI23="MPR ISSUE","ACTIVE", AI23="BSS Hardware Issue","ACTIVE", AI23="Sites strategiques, MLL, Pylone, etc.","PASSIVE", AI23="AKTIVCO DEFAUT GE & POWER Cabinet","PASSIVE", AI23="AKTIVCO Coupure ENEO & Baisse de tension","PASSIVE", AI23="Coupure ENEO & Baisse de tension","PASSIVE", AI23="Defaut GE & POWER Cabinet","PASSIVE", AI23="Sharing","PASSIVE", AI23="Sites strategiques & DataCenter","PASSIVE", AI23="Exclu","Exclu", AI23="SAT","ACTIVE", AI23="SPARE-ISSUE","SPARE-ISSUE", AI23="Fiber CAmtel","ACTIVE", AI23="Fiber AOF","ACTIVE", AI23="Projet OCM (HUAWEI)","PLANNED WORKS", AI23="Projet OCM (NOKIA)","PLANNED WORKS", AI23="ACCESS-ISSUE","ACCESS-ISSUE", AI23="Projet OCM (ZTE, NOKIA, autres projets)","PLANNED WORKS", AI23="No root CAuse","No root cause", AI23="ODU HS","ACTIVE", AI23="IP & VLAN","ACTIVE", AI23="Warehouse HUAWEI","SPARE-ISSUE", AI23="SPARE-HS","SPARE-ISSUE", AI23="Power Telco","ACTIVE", AI23="no impacts","no impacts" ),"")} -> ACTIVE | AK23: (05/03/2026 groupe whatsapp ):LIT_617_Z_Dibamba-Centrale-Electrique(LIT-617) -{ BO TX ANALYSE ONGOING } || (05/03/2026 com ran 17h): Power status check Ongoing..;..;(05/03/2026 ticket)..INC-20260503-00018096...Others Transmission equipement fault ||(05/04/2026 groupe whatsapp ) LIT_617_Z_Dibamba-Centrale-Electrique: Need FME on the site to check MPR status | AL23: =B23 -> LIT_617 | AO23: =_xlfn.XLOOKUP(B23,'INCIDENT-05-03-2026'!E:E,'INCIDENT-05-03-2026'!F:F,"") | AP23: (05/03/2026 top offenders): 04.05.26: Besoin d'un FME sur site pour vérifier le statut du MPR; FME activé, ETA=11H UTC | AS23: =_xlfn.XLOOKUP(B23,'[3]tt num | region | site id'!$C:$C,'[3]tt num | region | site id'!$Q:$Q,"") | AT23: =_xlfn.XLOOKUP(B23,'[4]Cells Huawei 03052026 12h'!$B:$B,'[4]Cells Huawei 03052026 12h'!$T:$T,"") | AU23: =_xlfn.XLOOKUP(B23,'[5]cells down 02052026 8h50'!$B:$B,'[5]cells down 02052026 8h50'!$R:$R,"") | AV23: =_xlfn.XLOOKUP(B23,'[5]cells down 02052026 13h50'!$B:$B,'[5]cells down 02052026 13h50'!$R:$R,"") | AW23: =_xlfn.XLOOKUP(B23,'[5]cells down 02052026 13h50'!$B:$B,'[5]cells down 02052026 13h50'!$R:$R,"") | AX23: =_xlfn.XLOOKUP(B23,'[6]cell downs 03052026 8h40 '!$B:$B,'[6]cell downs 03052026 8h40 '!$R:$R,"") | AY23: =_xlfn.XLOOKUP(B23,'[7]ALL SITES DOWN'!$D:$D,'[7]ALL SITES DOWN'!$J:$J,"") -> (05/03/2026 com ran 17h): Power status check Ongoing | AZ23: =_xlfn.XLOOKUP(B23,'[8]ALL SITES DOWN'!$D:$D,'[8]ALL SITES DOWN'!$J:$J,"") | BA23: =_xlfn.XLOOKUP(B23,[9]sheet1!$AC:$AC,[9]sheet1!$AF:$AF,"") -> (05/03/2026 ticket)..INC-20260503-00018096...Others Transmission equipement fault | BB23: (05/03/2026 dashbord): | BD23: =_xlfn.XLOOKUP(B23,'[10]cell downs 18042026 17h'!$B:$B,'[10]cell downs 18042026 17h'!$B:$B,"") | BE23: =_xlfn.XLOOKUP(B23,'[11]Cells Huawei 19042026 15h'!$B:$B,'[11]Cells Huawei 19042026 15h'!$B:$B,"") | BF23: =_xlfn.XLOOKUP(B23,'[12]cells down 19042026 9H40'!$B:$B,'[12]cells down 19042026 9H40'!$B:$B,"")
A24: Logpom-Akanji-Immeuble | B24: LIT_618 | C24: =_xlfn.XLOOKUP(B24,'[1]daily break down'!$D:$D,'[1]daily break down'!$E:$E,"") -> Douala | D24: CAMUSAT | E24: Good Grid no GE - 8h | F24: LITTORAL | G24: Douala | H24: =_xlfn.XLOOKUP(B24,[2]CALCULATION!$B:$B,[2]CALCULATION!$H:$H,"") -> ZTE | I24: 33.805464 | J24: 13.868557 | K24: 26.73027 | L24: 22.349672 | M24: 13.868557 | N24: 13.868557 | O24: 59.033735 | P24: 28.947902 | Q24: 9.9759976 | R24: 13.868557 | S24: 13.868557 | T24: 0 | U24: 0 | V24: 0 | W24: 0 | X24: 1.3828428 | Y24: 0 | Z24: 13.530475 | AA24: 11.136315 | AB24: 9.5215964 | AC24: 36.578411 | AD24: 23.861997 | AE24: Operationnel | AG24: {=IFERROR(_xlfn.IFS( AI24="MPR ISSUE","PDH", AI24="BSS Hardware Issue","BSS", AI24="Sites strategiques, MLL, Pylone, etc.","ENVTECH", AI24="AKTIVCO DEFAUT GE & POWER Cabinet","AKTIVCO", AI24="AKTIVCO Coupure ENEO & Baisse de tension","AKTIVCO GRID ONLY", AI24="Coupure ENEO & Baisse de tension","IHS GRID ONLY", AI24="Defaut GE & POWER Cabinet","IHS", AI24="Sharing","Partners", AI24="Sites strategiques & DataCenter","SST & DC", AI24="Exclu","Exclu", AI24="SAT","SAT", AI24="SPARE-ISSUE","SPARE-ISSUE", AI24="Fiber CAmtel","TRANS_FO_CAMTEL", AI24="Fiber AOF","Fiber AOF", AI24="Projet OCM (HUAWEI)","TRAVAUX-HUAWEI", AI24="Projet OCM (NOKIA)","TRAVAUX-NOKIA", AI24="ACCESS-ISSUE","ACCESS-ISSUE", AI24="Projet OCM (ZTE, NOKIA, autres projets)","TRAVAUX OCM", AI24="No root CAuse","No root cause", AI24="ODU HS","PDH", AI24="IP & VLAN","PDH", AI24="Warehouse HUAWEI","SPARE-ISSUE", AI24="SPARE-HS","SPARE-ISSUE", AI24="Power Telco","BSS",AI24="no impacts","no impacts" ),"")} -> AKTIVCO GRID ONLY | AH24: {=IFERROR(_xlfn.IFS( AI24="MPR ISSUE","TX ISSUE", AI24="BSS Hardware Issue","RAN ISSUE", AI24="Sites strategiques, MLL, Pylone, etc.","ENVTECH", AI24="AKTIVCO DEFAUT GE & POWER Cabinet","POWER ISSUE", AI24="AKTIVCO Coupure ENEO & Baisse de tension","POWER ISSUE", AI24="Coupure ENEO & Baisse de tension","POWER ISSUE", AI24="Defaut GE & POWER Cabinet","POWER ISSUE", AI24="Sharing","POWER ISSUE", AI24="Sites strategiques & DataCenter","POWER ISSUE", AI24="Exclu","Exclu", AI24="SAT","TX ISSUE", AI24="SPARE-ISSUE","SPARE-ISSUE", AI24="Fiber CAmtel","TX ISSUE", AI24="Fiber AOF","TX ISSUE", AI24="Projet OCM (HUAWEI)","TRAVAUX-HUAWEI", AI24="Projet OCM (NOKIA)","TRAVAUX -NOKIA", AI24="ACCESS-ISSUE","ACCESS-ISSUE", AI24="Projet OCM (ZTE, NOKIA, autres projets)","TRAVAUX OCM", AI24="No root CAuse","No root cause", AI24="ODU HS","TX ISSUE", AI24="IP & VLAN","TX ISSUE", AI24="Warehouse HUAWEI","SPARE-ISSUE", AI24="SPARE-HS","SPARE-ISSUE", AI24="Power Telco","RAN ISSUE",AI24="no impacts","no impacts" ),"")} -> POWER ISSUE | AI24: AKTIVCO Coupure ENEO & Baisse de tension | AJ24: {=IFERROR(_xlfn.IFS( AI24="MPR ISSUE","ACTIVE", AI24="BSS Hardware Issue","ACTIVE", AI24="Sites strategiques, MLL, Pylone, etc.","PASSIVE", AI24="AKTIVCO DEFAUT GE & POWER Cabinet","PASSIVE", AI24="AKTIVCO Coupure ENEO & Baisse de tension","PASSIVE", AI24="Coupure ENEO & Baisse de tension","PASSIVE", AI24="Defaut GE & POWER Cabinet","PASSIVE", AI24="Sharing","PASSIVE", AI24="Sites strategiques & DataCenter","PASSIVE", AI24="Exclu","Exclu", AI24="SAT","ACTIVE", AI24="SPARE-ISSUE","SPARE-ISSUE", AI24="Fiber CAmtel","ACTIVE", AI24="Fiber AOF","ACTIVE", AI24="Projet OCM (HUAWEI)","PLANNED WORKS", AI24="Projet OCM (NOKIA)","PLANNED WORKS", AI24="ACCESS-ISSUE","ACCESS-ISSUE", AI24="Projet OCM (ZTE, NOKIA, autres projets)","PLANNED WORKS", AI24="No root CAuse","No root cause", AI24="ODU HS","ACTIVE", AI24="IP & VLAN","ACTIVE", AI24="Warehouse HUAWEI","SPARE-ISSUE", AI24="SPARE-HS","SPARE-ISSUE", AI24="Power Telco","ACTIVE", AI24="no impacts","no impacts" ),"")} -> PASSIVE | AK24: (05/043/2026 groupe whatsapp ): INC-20260502-00014886 // LIT_618_Z_Logpom-Akanji-Immeuble(LIT-618) ,Grid Outage, Grid Only Site/Awaiting Grid Return | AL24: =B24 -> LIT_618 | AO24: =_xlfn.XLOOKUP(B24,'INCIDENT-05-03-2026'!E:E,'INCIDENT-05-03-2026'!F:F,"") | AP24: (05/03/2026 top offenders): | AS24: =_xlfn.XLOOKUP(B24,'[3]tt num | region | site id'!$C:$C,'[3]tt num | region | site id'!$Q:$Q,"") | AT24: =_xlfn.XLOOKUP(B24,'[4]Cells Huawei 03052026 12h'!$B:$B,'[4]Cells Huawei 03052026 12h'!$T:$T,"") | AU24: =_xlfn.XLOOKUP(B24,'[5]cells down 02052026 8h50'!$B:$B,'[5]cells down 02052026 8h50'!$R:$R,"") | AV24: =_xlfn.XLOOKUP(B24,'[5]cells down 02052026 13h50'!$B:$B,'[5]cells down 02052026 13h50'!$R:$R,"") | AW24: =_xlfn.XLOOKUP(B24,'[5]cells down 02052026 13h50'!$B:$B,'[5]cells down 02052026 13h50'!$R:$R,"") | AX24: =_xlfn.XLOOKUP(B24,'[6]cell downs 03052026 8h40 '!$B:$B,'[6]cell downs 03052026 8h40 '!$R:$R,"") | AY24: =_xlfn.XLOOKUP(B24,'[7]ALL SITES DOWN'!$D:$D,'[7]ALL SITES DOWN'!$J:$J,"") | AZ24: =_xlfn.XLOOKUP(B24,'[8]ALL SITES DOWN'!$D:$D,'[8]ALL SITES DOWN'!$J:$J,"") | BA24: =_xlfn.XLOOKUP(B24,[9]sheet1!$AC:$AC,[9]sheet1!$AF:$AF,"") | BB24: (05/03/2026 dashbord): | BD24: =_xlfn.XLOOKUP(B24,'[10]cell downs 18042026 17h'!$B:$B,'[10]cell downs 18042026 17h'!$B:$B,"") | BE24: =_xlfn.XLOOKUP(B24,'[11]Cells Huawei 19042026 15h'!$B:$B,'[11]Cells Huawei 19042026 15h'!$B:$B,"") | BF24: =_xlfn.XLOOKUP(B24,'[12]cells down 19042026 9H40'!$B:$B,'[12]cells down 19042026 9H40'!$B:$B,"") -> LIT_618 | BH24: Grid-Gen-Lithium
A25: Wonya-Mavio-IHS | B25: SUO_195 | C25: =_xlfn.XLOOKUP(B25,'[1]daily break down'!$D:$D,'[1]daily break down'!$E:$E,"") -> SUD-OUEST | D25: IHS | E25: Grid-Gen | F25: SUD-OUEST | G25: Buea | H25: =_xlfn.XLOOKUP(B25,[2]CALCULATION!$B:$B,[2]CALCULATION!$H:$H,"") -> Huawei | I25: 0.77484498 | J25: 0.060728442 | K25: 3.5627887 | L25: 0.14482084 | M25: 1.3247539 | N25: 0 | O25: 1.0472758 | P25: 12.334633 | Q25: 23.114261 | R25: 23.113994 | S25: 23.114261 | T25: 23.114261 | U25: 23.114261 | V25: 23.113994 | W25: 23.114261 | X25: 23.114261 | Y25: 23.113994 | Z25: 23.113994 | AA25: 32.372936 | AB25: 55.081245 | AC25: 0 | AD25: 23.114261 | AE25: Operationnel | AG25: {=IFERROR(_xlfn.IFS( AI25="MPR ISSUE","PDH", AI25="BSS Hardware Issue","BSS", AI25="Sites strategiques, MLL, Pylone, etc.","ENVTECH", AI25="AKTIVCO DEFAUT GE & POWER Cabinet","AKTIVCO", AI25="AKTIVCO Coupure ENEO & Baisse de tension","AKTIVCO GRID ONLY", AI25="Coupure ENEO & Baisse de tension","IHS GRID ONLY", AI25="Defaut GE & POWER Cabinet","IHS", AI25="Sharing","Partners", AI25="Sites strategiques & DataCenter","SST & DC", AI25="Exclu","Exclu", AI25="SAT","SAT", AI25="SPARE-ISSUE","SPARE-ISSUE", AI25="Fiber CAmtel","TRANS_FO_CAMTEL", AI25="Fiber AOF","Fiber AOF", AI25="Projet OCM (HUAWEI)","TRAVAUX-HUAWEI", AI25="Projet OCM (NOKIA)","TRAVAUX-NOKIA", AI25="ACCESS-ISSUE","ACCESS-ISSUE", AI25="Projet OCM (ZTE, NOKIA, autres projets)","TRAVAUX OCM", AI25="No root CAuse","No root cause", AI25="ODU HS","PDH", AI25="IP & VLAN","PDH", AI25="Warehouse HUAWEI","SPARE-ISSUE", AI25="SPARE-HS","SPARE-ISSUE", AI25="Power Telco","BSS",AI25="no impacts","no impacts" ),"")} -> SPARE-ISSUE | AH25: {=IFERROR(_xlfn.IFS( AI25="MPR ISSUE","TX ISSUE", AI25="BSS Hardware Issue","RAN ISSUE", AI25="Sites strategiques, MLL, Pylone, etc.","ENVTECH", AI25="AKTIVCO DEFAUT GE & POWER Cabinet","POWER ISSUE", AI25="AKTIVCO Coupure ENEO & Baisse de tension","POWER ISSUE", AI25="Coupure ENEO & Baisse de tension","POWER ISSUE", AI25="Defaut GE & POWER Cabinet","POWER ISSUE", AI25="Sharing","POWER ISSUE", AI25="Sites strategiques & DataCenter","POWER ISSUE", AI25="Exclu","Exclu", AI25="SAT","TX ISSUE", AI25="SPARE-ISSUE","SPARE-ISSUE", AI25="Fiber CAmtel","TX ISSUE", AI25="Fiber AOF","TX ISSUE", AI25="Projet OCM (HUAWEI)","TRAVAUX-HUAWEI", AI25="Projet OCM (NOKIA)","TRAVAUX -NOKIA", AI25="ACCESS-ISSUE","ACCESS-ISSUE", AI25="Projet OCM (ZTE, NOKIA, autres projets)","TRAVAUX OCM", AI25="No root CAuse","No root cause", AI25="ODU HS","TX ISSUE", AI25="IP & VLAN","TX ISSUE", AI25="Warehouse HUAWEI","SPARE-ISSUE", AI25="SPARE-HS","SPARE-ISSUE", AI25="Power Telco","RAN ISSUE",AI25="no impacts","no impacts" ),"")} -> SPARE-ISSUE | AI25: SPARE-ISSUE | AJ25: {=IFERROR(_xlfn.IFS( AI25="MPR ISSUE","ACTIVE", AI25="BSS Hardware Issue","ACTIVE", AI25="Sites strategiques, MLL, Pylone, etc.","PASSIVE", AI25="AKTIVCO DEFAUT GE & POWER Cabinet","PASSIVE", AI25="AKTIVCO Coupure ENEO & Baisse de tension","PASSIVE", AI25="Coupure ENEO & Baisse de tension","PASSIVE", AI25="Defaut GE & POWER Cabinet","PASSIVE", AI25="Sharing","PASSIVE", AI25="Sites strategiques & DataCenter","PASSIVE", AI25="Exclu","Exclu", AI25="SAT","ACTIVE", AI25="SPARE-ISSUE","SPARE-ISSUE", AI25="Fiber CAmtel","ACTIVE", AI25="Fiber AOF","ACTIVE", AI25="Projet OCM (HUAWEI)","PLANNED WORKS", AI25="Projet OCM (NOKIA)","PLANNED WORKS", AI25="ACCESS-ISSUE","ACCESS-ISSUE", AI25="Projet OCM (ZTE, NOKIA, autres projets)","PLANNED WORKS", AI25="No root CAuse","No root cause", AI25="ODU HS","ACTIVE", AI25="IP & VLAN","ACTIVE", AI25="Warehouse HUAWEI","SPARE-ISSUE", AI25="SPARE-HS","SPARE-ISSUE", AI25="Power Telco","ACTIVE", AI25="no impacts","no impacts" ),"")} -> SPARE-ISSUE | AK25: (05/03/2026 com ran 17h): 20.04.26; Carte EAC 3DB19417AA faulty, commande passée vers OCM 19.04.26; Besoin d'un FME sur SUO_077_H_Buea-David-Square pour vérifier la chaine antennaire de l'ODU 3.2; FME Fabien activé pour investigations, update ASAP 19.04.26; Reste down après l'incident P2 sur Buea-David..;..;(05/03/2026 com ran 10h): 20.04.26; Carte EAC 3DB19417AA faulty, commande passée vers OCM 19.04.26; Besoin d'un FME sur SUO_077_H_Buea-David-Square pour vérifier la chaine antennaire de l'ODU 3.2; FME Fabien activé pour investigations, update ASAP 19.04.26; Reste down après l'incident P2 sur Buea-David | AL25: =B25 -> SUO_195 | AO25: =_xlfn.XLOOKUP(B25,'INCIDENT-05-03-2026'!E:E,'INCIDENT-05-03-2026'!F:F,"") | AP25: (05/03/2026 top offenders): 20.04.26; Carte EAC 3DB19417AA faulty, commande passée vers OCM 19.04.26; Besoin d'un FME sur SUO_077_H_Buea-David-Square pour vérifier la chaine antennaire de l'ODU 3.2; FME Fabien activé pour investigations, update ASAP 19.04.26; Reste down après l'incident P2 sur Buea-David | AS25: =_xlfn.XLOOKUP(B25,'[3]tt num | region | site id'!$C:$C,'[3]tt num | region | site id'!$Q:$Q,"") | AT25: =_xlfn.XLOOKUP(B25,'[4]Cells Huawei 03052026 12h'!$B:$B,'[4]Cells Huawei 03052026 12h'!$T:$T,"") | AU25: =_xlfn.XLOOKUP(B25,'[5]cells down 02052026 8h50'!$B:$B,'[5]cells down 02052026 8h50'!$R:$R,"") | AV25: =_xlfn.XLOOKUP(B25,'[5]cells down 02052026 13h50'!$B:$B,'[5]cells down 02052026 13h50'!$R:$R,"") | AW25: =_xlfn.XLOOKUP(B25,'[5]cells down 02052026 13h50'!$B:$B,'[5]cells down 02052026 13h50'!$R:$R,"") | AX25: =_xlfn.XLOOKUP(B25,'[6]cell downs 03052026 8h40 '!$B:$B,'[6]cell downs 03052026 8h40 '!$R:$R,"") | AY25: =_xlfn.XLOOKUP(B25,'[7]ALL SITES DOWN'!$D:$D,'[7]ALL SITES DOWN'!$J:$J,"") -> (05/03/2026 com ran 17h): 20.04.26; Carte EAC 3DB19417AA faulty, commande passée vers OCM 19.04.26; Besoin d'un FME sur SUO_077_H_Buea-David-Square pour vérifier la chaine antennaire de l'ODU 3.2; FME Fabien activé pour investigations, update ASAP 19.04.26; Reste down après l'incident P2 sur Buea-David | AZ25: =_xlfn.XLOOKUP(B25,'[8]ALL SITES DOWN'!$D:$D,'[8]ALL SITES DOWN'!$J:$J,"") -> (05/03/2026 com ran 10h): 20.04.26; Carte EAC 3DB19417AA faulty, commande passée vers OCM 19.04.26; Besoin d'un FME sur SUO_077_H_Buea-David-Square pour vérifier la chaine antennaire de l'ODU 3.2; FME Fabien activé pour investigations, update ASAP 19.04.26; Reste down après l'incident P2 sur Buea-David | BA25: =_xlfn.XLOOKUP(B25,[9]sheet1!$AC:$AC,[9]sheet1!$AF:$AF,"") | BB25: (05/03/2026 dashbord): | BD25: =_xlfn.XLOOKUP(B25,'[10]cell downs 18042026 17h'!$B:$B,'[10]cell downs 18042026 17h'!$B:$B,"") | BE25: =_xlfn.XLOOKUP(B25,'[11]Cells Huawei 19042026 15h'!$B:$B,'[11]Cells Huawei 19042026 15h'!$B:$B,"") | BF25: =_xlfn.XLOOKUP(B25,'[12]cells down 19042026 9H40'!$B:$B,'[12]cells down 19042026 9H40'!$B:$B,"") | BG25: SUO_195 | BH25: Grid-Gen
A26: Bda-Chinde | B26: NRO_227 | C26: =_xlfn.XLOOKUP(B26,'[1]daily break down'!$D:$D,'[1]daily break down'!$E:$E,"") -> NORD-OUEST | D26: IHS | E26: Hybrid-Gen-Lithium | F26: NORD-OUEST | G26: Bamenda | H26: =_xlfn.XLOOKUP(B26,[2]CALCULATION!$B:$B,[2]CALCULATION!$H:$H,"") -> Huawei | I26: 6.5439399 | J26: 0.19162008 | K26: 4.0902077 | L26: 0.0074728978 | M26: 0.0073837224 | N26: 0.0075620732 | O26: 0 | P26: 0 | Q26: 0.81732813 | R26: 0 | S26: 0.0029427879 | T26: 0 | U26: 3.4362845 | V26: 4.9809807 | W26: 0 | X26: 0 | Y26: 0 | Z26: 1.6573425 | AA26: 32.372936 | AB26: 55.081245 | AC26: 0 | AD26: 23.114261 | AE26: Operationnel | AG26: {=IFERROR(_xlfn.IFS( AI26="MPR ISSUE","PDH", AI26="BSS Hardware Issue","BSS", AI26="Sites strategiques, MLL, Pylone, etc.","ENVTECH", AI26="AKTIVCO DEFAUT GE & POWER Cabinet","AKTIVCO", AI26="AKTIVCO Coupure ENEO & Baisse de tension","AKTIVCO GRID ONLY", AI26="Coupure ENEO & Baisse de tension","IHS GRID ONLY", AI26="Defaut GE & POWER Cabinet","IHS", AI26="Sharing","Partners", AI26="Sites strategiques & DataCenter","SST & DC", AI26="Exclu","Exclu", AI26="SAT","SAT", AI26="SPARE-ISSUE","SPARE-ISSUE", AI26="Fiber CAmtel","TRANS_FO_CAMTEL", AI26="Fiber AOF","Fiber AOF", AI26="Projet OCM (HUAWEI)","TRAVAUX-HUAWEI", AI26="Projet OCM (NOKIA)","TRAVAUX-NOKIA", AI26="ACCESS-ISSUE","ACCESS-ISSUE", AI26="Projet OCM (ZTE, NOKIA, autres projets)","TRAVAUX OCM", AI26="No root CAuse","No root cause", AI26="ODU HS","PDH", AI26="IP & VLAN","PDH", AI26="Warehouse HUAWEI","SPARE-ISSUE", AI26="SPARE-HS","SPARE-ISSUE", AI26="Power Telco","BSS",AI26="no impacts","no impacts" ),"")} -> IHS | AH26: {=IFERROR(_xlfn.IFS( AI26="MPR ISSUE","TX ISSUE", AI26="BSS Hardware Issue","RAN ISSUE", AI26="Sites strategiques, MLL, Pylone, etc.","ENVTECH", AI26="AKTIVCO DEFAUT GE & POWER Cabinet","POWER ISSUE", AI26="AKTIVCO Coupure ENEO & Baisse de tension","POWER ISSUE", AI26="Coupure ENEO & Baisse de tension","POWER ISSUE", AI26="Defaut GE & POWER Cabinet","POWER ISSUE", AI26="Sharing","POWER ISSUE", AI26="Sites strategiques & DataCenter","POWER ISSUE", AI26="Exclu","Exclu", AI26="SAT","TX ISSUE", AI26="SPARE-ISSUE","SPARE-ISSUE", AI26="Fiber CAmtel","TX ISSUE", AI26="Fiber AOF","TX ISSUE", AI26="Projet OCM (HUAWEI)","TRAVAUX-HUAWEI", AI26="Projet OCM (NOKIA)","TRAVAUX -NOKIA", AI26="ACCESS-ISSUE","ACCESS-ISSUE", AI26="Projet OCM (ZTE, NOKIA, autres projets)","TRAVAUX OCM", AI26="No root CAuse","No root cause", AI26="ODU HS","TX ISSUE", AI26="IP & VLAN","TX ISSUE", AI26="Warehouse HUAWEI","SPARE-ISSUE", AI26="SPARE-HS","SPARE-ISSUE", AI26="Power Telco","RAN ISSUE",AI26="no impacts","no impacts" ),"")} -> POWER ISSUE | AI26: Defaut GE & Power Cabinet | AJ26: {=IFERROR(_xlfn.IFS( AI26="MPR ISSUE","ACTIVE", AI26="BSS Hardware Issue","ACTIVE", AI26="Sites strategiques, MLL, Pylone, etc.","PASSIVE", AI26="AKTIVCO DEFAUT GE & POWER Cabinet","PASSIVE", AI26="AKTIVCO Coupure ENEO & Baisse de tension","PASSIVE", AI26="Coupure ENEO & Baisse de tension","PASSIVE", AI26="Defaut GE & POWER Cabinet","PASSIVE", AI26="Sharing","PASSIVE", AI26="Sites strategiques & DataCenter","PASSIVE", AI26="Exclu","Exclu", AI26="SAT","ACTIVE", AI26="SPARE-ISSUE","SPARE-ISSUE", AI26="Fiber CAmtel","ACTIVE", AI26="Fiber AOF","ACTIVE", AI26="Projet OCM (HUAWEI)","PLANNED WORKS", AI26="Projet OCM (NOKIA)","PLANNED WORKS", AI26="ACCESS-ISSUE","ACCESS-ISSUE", AI26="Projet OCM (ZTE, NOKIA, autres projets)","PLANNED WORKS", AI26="No root CAuse","No root cause", AI26="ODU HS","ACTIVE", AI26="IP & VLAN","ACTIVE", AI26="Warehouse HUAWEI","SPARE-ISSUE", AI26="SPARE-HS","SPARE-ISSUE", AI26="Power Telco","ACTIVE", AI26="no impacts","no impacts" ),"")} -> PASSIVE | AK26: (05/03/2026 com ran 17h): 03/05/2026 Feedback IHS: fme Pascal is informed and will manage in the morning..;..;(05/03/2026 com ran 10h): 03/05/2026 Feedback IHS: fme Pascal is informed and will manage in the morning | AL26: =B26 -> NRO_227 | AO26: =_xlfn.XLOOKUP(B26,'INCIDENT-05-03-2026'!E:E,'INCIDENT-05-03-2026'!F:F,"") | AP26: (05/03/2026 top offenders): 04.05.26: IHS: DG faulty - ghost town 03/05/2026 Feedback IHS: fme Pascal is informed and will manage in the morning | AT26: =_xlfn.XLOOKUP(B26,'[4]Cells Huawei 03052026 12h'!$B:$B,'[4]Cells Huawei 03052026 12h'!$T:$T,"") | AU26: =_xlfn.XLOOKUP(B26,'[5]cells down 02052026 8h50'!$B:$B,'[5]cells down 02052026 8h50'!$R:$R,"") | AV26: =_xlfn.XLOOKUP(B26,'[5]cells down 02052026 13h50'!$B:$B,'[5]cells down 02052026 13h50'!$R:$R,"") | AW26: =_xlfn.XLOOKUP(B26,'[5]cells down 02052026 13h50'!$B:$B,'[5]cells down 02052026 13h50'!$R:$R,"") | AX26: =_xlfn.XLOOKUP(B26,'[6]cell downs 03052026 8h40 '!$B:$B,'[6]cell downs 03052026 8h40 '!$R:$R,"") | AY26: =_xlfn.XLOOKUP(B26,'[7]ALL SITES DOWN'!$D:$D,'[7]ALL SITES DOWN'!$J:$J,"") -> (05/03/2026 com ran 17h): 03/05/2026 Feedback IHS: fme Pascal is informed and will manage in the morning | AZ26: =_xlfn.XLOOKUP(B26,'[8]ALL SITES DOWN'!$D:$D,'[8]ALL SITES DOWN'!$J:$J,"") -> (05/03/2026 com ran 10h): 03/05/2026 Feedback IHS: fme Pascal is informed and will manage in the morning | BA26: =_xlfn.XLOOKUP(B26,[9]sheet1!$AC:$AC,[9]sheet1!$AF:$AF,"") | BB26: (05/03/2026 dashbord): | BD26: =_xlfn.XLOOKUP(B26,'[10]cell downs 18042026 17h'!$B:$B,'[10]cell downs 18042026 17h'!$B:$B,"") | BE26: =_xlfn.XLOOKUP(B26,'[11]Cells Huawei 19042026 15h'!$B:$B,'[11]Cells Huawei 19042026 15h'!$B:$B,"") | BF26: =_xlfn.XLOOKUP(B26,'[12]cells down 19042026 9H40'!$B:$B,'[12]cells down 19042026 9H40'!$B:$B,"") | BG26: NRO_227
A27: OST_406_H_Chefferie-Bangangte | B27: OST_406 | C27: =_xlfn.XLOOKUP(B27,'[1]daily break down'!$D:$D,'[1]daily break down'!$E:$E,"") -> OUEST | D27: ESCO | E27: Hybrid Solar - S1 | F27: OST | G27: Bangante | H27: =_xlfn.XLOOKUP(B27,[2]CALCULATION!$B:$B,[2]CALCULATION!$H:$H,"") -> Huawei | I27: 23.113994 | J27: 23.114261 | K27: 23.114261 | L27: 23.113994 | M27: 23.114261 | N27: 23.114261 | O27: 23.114261 | P27: 23.114261 | Q27: 23.113994 | R27: 23.114261 | S27: 23.114261 | T27: 23.114261 | U27: 23.114261 | V27: 23.113994 | W27: 23.114261 | X27: 23.114261 | Y27: 23.114261 | Z27: 23.114261 | AA27: 32.371063 | AB27: 55.081245 | AC27: 0 | AD27: 23.113994 | AE27: EXCLU | AG27: {=IFERROR(_xlfn.IFS( AI27="MPR ISSUE","PDH", AI27="BSS Hardware Issue","BSS", AI27="Sites strategiques, MLL, Pylone, etc.","ENVTECH", AI27="AKTIVCO DEFAUT GE & POWER Cabinet","AKTIVCO", AI27="AKTIVCO Coupure ENEO & Baisse de tension","AKTIVCO GRID ONLY", AI27="Coupure ENEO & Baisse de tension","IHS GRID ONLY", AI27="Defaut GE & POWER Cabinet","IHS", AI27="Sharing","Partners", AI27="Sites strategiques & DataCenter","SST & DC", AI27="Exclu","Exclu", AI27="SAT","SAT", AI27="SPARE-ISSUE","SPARE-ISSUE", AI27="Fiber CAmtel","TRANS_FO_CAMTEL", AI27="Fiber AOF","Fiber AOF", AI27="Projet OCM (HUAWEI)","TRAVAUX-HUAWEI", AI27="Projet OCM (NOKIA)","TRAVAUX-NOKIA", AI27="ACCESS-ISSUE","ACCESS-ISSUE", AI27="Projet OCM (ZTE, NOKIA, autres projets)","TRAVAUX OCM", AI27="No root CAuse","No root cause", AI27="ODU HS","PDH", AI27="IP & VLAN","PDH", AI27="Warehouse HUAWEI","SPARE-ISSUE", AI27="SPARE-HS","SPARE-ISSUE", AI27="Power Telco","BSS",AI27="no impacts","no impacts" ),"")} -> Exclu | AH27: {=IFERROR(_xlfn.IFS( AI27="MPR ISSUE","TX ISSUE", AI27="BSS Hardware Issue","RAN ISSUE", AI27="Sites strategiques, MLL, Pylone, etc.","ENVTECH", AI27="AKTIVCO DEFAUT GE & POWER Cabinet","POWER ISSUE", AI27="AKTIVCO Coupure ENEO & Baisse de tension","POWER ISSUE", AI27="Coupure ENEO & Baisse de tension","POWER ISSUE", AI27="Defaut GE & POWER Cabinet","POWER ISSUE", AI27="Sharing","POWER ISSUE", AI27="Sites strategiques & DataCenter","POWER ISSUE", AI27="Exclu","Exclu", AI27="SAT","TX ISSUE", AI27="SPARE-ISSUE","SPARE-ISSUE", AI27="Fiber CAmtel","TX ISSUE", AI27="Fiber AOF","TX ISSUE", AI27="Projet OCM (HUAWEI)","TRAVAUX-HUAWEI", AI27="Projet OCM (NOKIA)","TRAVAUX -NOKIA", AI27="ACCESS-ISSUE","ACCESS-ISSUE", AI27="Projet OCM (ZTE, NOKIA, autres projets)","TRAVAUX OCM", AI27="No root CAuse","No root cause", AI27="ODU HS","TX ISSUE", AI27="IP & VLAN","TX ISSUE", AI27="Warehouse HUAWEI","SPARE-ISSUE", AI27="SPARE-HS","SPARE-ISSUE", AI27="Power Telco","RAN ISSUE",AI27="no impacts","no impacts" ),"")} -> Exclu | AI27: EXCLU | AJ27: {=IFERROR(_xlfn.IFS( AI27="MPR ISSUE","ACTIVE", AI27="BSS Hardware Issue","ACTIVE", AI27="Sites strategiques, MLL, Pylone, etc.","PASSIVE", AI27="AKTIVCO DEFAUT GE & POWER Cabinet","PASSIVE", AI27="AKTIVCO Coupure ENEO & Baisse de tension","PASSIVE", AI27="Coupure ENEO & Baisse de tension","PASSIVE", AI27="Defaut GE & POWER Cabinet","PASSIVE", AI27="Sharing","PASSIVE", AI27="Sites strategiques & DataCenter","PASSIVE", AI27="Exclu","Exclu", AI27="SAT","ACTIVE", AI27="SPARE-ISSUE","SPARE-ISSUE", AI27="Fiber CAmtel","ACTIVE", AI27="Fiber AOF","ACTIVE", AI27="Projet OCM (HUAWEI)","PLANNED WORKS", AI27="Projet OCM (NOKIA)","PLANNED WORKS", AI27="ACCESS-ISSUE","ACCESS-ISSUE", AI27="Projet OCM (ZTE, NOKIA, autres projets)","PLANNED WORKS", AI27="No root CAuse","No root cause", AI27="ODU HS","ACTIVE", AI27="IP & VLAN","ACTIVE", AI27="Warehouse HUAWEI","SPARE-ISSUE", AI27="SPARE-HS","SPARE-ISSUE", AI27="Power Telco","ACTIVE", AI27="no impacts","no impacts" ),"")} -> Exclu | AL27: =B27 -> OST_406 | AO27: =_xlfn.XLOOKUP(B27,'INCIDENT-05-03-2026'!E:E,'INCIDENT-05-03-2026'!F:F,"") | AS27: =_xlfn.XLOOKUP(B27,'[3]tt num | region | site id'!$C:$C,'[3]tt num | region | site id'!$Q:$Q,"") | AT27: =_xlfn.XLOOKUP(B27,'[4]Cells Huawei 03052026 12h'!$B:$B,'[4]Cells Huawei 03052026 12h'!$T:$T,"") | AU27: =_xlfn.XLOOKUP(B27,'[5]cells down 02052026 8h50'!$B:$B,'[5]cells down 02052026 8h50'!$R:$R,"") | AV27: =_xlfn.XLOOKUP(B27,'[5]cells down 02052026 13h50'!$B:$B,'[5]cells down 02052026 13h50'!$R:$R,"") | AW27: =_xlfn.XLOOKUP(B27,'[5]cells down 02052026 13h50'!$B:$B,'[5]cells down 02052026 13h50'!$R:$R,"") | AX27: =_xlfn.XLOOKUP(B27,'[6]cell downs 03052026 8h40 '!$B:$B,'[6]cell downs 03052026 8h40 '!$R:$R,"") | AY27: =_xlfn.XLOOKUP(B27,'[7]ALL SITES DOWN'!$D:$D,'[7]ALL SITES DOWN'!$J:$J,"") | AZ27: =_xlfn.XLOOKUP(B27,'[8]ALL SITES DOWN'!$D:$D,'[8]ALL SITES DOWN'!$J:$J,"") | BA27: =_xlfn.XLOOKUP(B27,[9]sheet1!$AC:$AC,[9]sheet1!$AF:$AF,"") | BD27: =_xlfn.XLOOKUP(B27,'[10]cell downs 18042026 17h'!$B:$B,'[10]cell downs 18042026 17h'!$B:$B,"") | BE27: =_xlfn.XLOOKUP(B27,'[11]Cells Huawei 19042026 15h'!$B:$B,'[11]Cells Huawei 19042026 15h'!$B:$B,"") | BF27: =_xlfn.XLOOKUP(B27,'[12]cells down 19042026 9H40'!$B:$B,'[12]cells down 19042026 9H40'!$B:$B,"") | BH27: Grid-Gen
A28: Galim-Tignere | B28: ADM_024 | C28: =_xlfn.XLOOKUP(B28,'[1]daily break down'!$D:$D,'[1]daily break down'!$E:$E,"") -> ADAMAOUA | D28: IHS | E28: Hybrid-Gen | F28: ADAMAOUA | G28: Galim-Tignere | H28: =_xlfn.XLOOKUP(B28,[2]CALCULATION!$B:$B,[2]CALCULATION!$H:$H,"") -> NOKIA | I28: 15.92726 | J28: 13.164207 | K28: 19.063677 | L28: 11.608613 | M28: 4.6783619 | N28: 0.49776258 | O28: 5.1030204 | P28: 7.0765152 | Q28: 6.7234368 | R28: 14.918096 | S28: 10.729919 | T28: 84289.684 | U28: 1.8878299 | V28: 4.2159554 | W28: 13.362162 | X28: 8.9171714 | Y28: 6.477886 | Z28: 15.591217 | AA28: 29.990928 | AB28: 54.443125 | AC28: 0 | AD28: 22.559887 | AE28: Operationnel | AG28: {=IFERROR(_xlfn.IFS( AI28="MPR ISSUE","PDH", AI28="BSS Hardware Issue","BSS", AI28="Sites strategiques, MLL, Pylone, etc.","ENVTECH", AI28="AKTIVCO DEFAUT GE & POWER Cabinet","AKTIVCO", AI28="AKTIVCO Coupure ENEO & Baisse de tension","AKTIVCO GRID ONLY", AI28="Coupure ENEO & Baisse de tension","IHS GRID ONLY", AI28="Defaut GE & POWER Cabinet","IHS", AI28="Sharing","Partners", AI28="Sites strategiques & DataCenter","SST & DC", AI28="Exclu","Exclu", AI28="SAT","SAT", AI28="SPARE-ISSUE","SPARE-ISSUE", AI28="Fiber CAmtel","TRANS_FO_CAMTEL", AI28="Fiber AOF","Fiber AOF", AI28="Projet OCM (HUAWEI)","TRAVAUX-HUAWEI", AI28="Projet OCM (NOKIA)","TRAVAUX-NOKIA", AI28="ACCESS-ISSUE","ACCESS-ISSUE", AI28="Projet OCM (ZTE, NOKIA, autres projets)","TRAVAUX OCM", AI28="No root CAuse","No root cause", AI28="ODU HS","PDH", AI28="IP & VLAN","PDH", AI28="Warehouse HUAWEI","SPARE-ISSUE", AI28="SPARE-HS","SPARE-ISSUE", AI28="Power Telco","BSS",AI28="no impacts","no impacts" ),"")} -> PDH | AH28: {=IFERROR(_xlfn.IFS( AI28="MPR ISSUE","TX ISSUE", AI28="BSS Hardware Issue","RAN ISSUE", AI28="Sites strategiques, MLL, Pylone, etc.","ENVTECH", AI28="AKTIVCO DEFAUT GE & POWER Cabinet","POWER ISSUE", AI28="AKTIVCO Coupure ENEO & Baisse de tension","POWER ISSUE", AI28="Coupure ENEO & Baisse de tension","POWER ISSUE", AI28="Defaut GE & POWER Cabinet","POWER ISSUE", AI28="Sharing","POWER ISSUE", AI28="Sites strategiques & DataCenter","POWER ISSUE", AI28="Exclu","Exclu", AI28="SAT","TX ISSUE", AI28="SPARE-ISSUE","SPARE-ISSUE", AI28="Fiber CAmtel","TX ISSUE", AI28="Fiber AOF","TX ISSUE", AI28="Projet OCM (HUAWEI)","TRAVAUX-HUAWEI", AI28="Projet OCM (NOKIA)","TRAVAUX -NOKIA", AI28="ACCESS-ISSUE","ACCESS-ISSUE", AI28="Projet OCM (ZTE, NOKIA, autres projets)","TRAVAUX OCM", AI28="No root CAuse","No root cause", AI28="ODU HS","TX ISSUE", AI28="IP & VLAN","TX ISSUE", AI28="Warehouse HUAWEI","SPARE-ISSUE", AI28="SPARE-HS","SPARE-ISSUE", AI28="Power Telco","RAN ISSUE",AI28="no impacts","no impacts" ),"")} -> TX ISSUE | AI28: MPR ISSUE | AJ28: {=IFERROR(_xlfn.IFS( AI28="MPR ISSUE","ACTIVE", AI28="BSS Hardware Issue","ACTIVE", AI28="Sites strategiques, MLL, Pylone, etc.","PASSIVE", AI28="AKTIVCO DEFAUT GE & POWER Cabinet","PASSIVE", AI28="AKTIVCO Coupure ENEO & Baisse de tension","PASSIVE", AI28="Coupure ENEO & Baisse de tension","PASSIVE", AI28="Defaut GE & POWER Cabinet","PASSIVE", AI28="Sharing","PASSIVE", AI28="Sites strategiques & DataCenter","PASSIVE", AI28="Exclu","Exclu", AI28="SAT","ACTIVE", AI28="SPARE-ISSUE","SPARE-ISSUE", AI28="Fiber CAmtel","ACTIVE", AI28="Fiber AOF","ACTIVE", AI28="Projet OCM (HUAWEI)","PLANNED WORKS", AI28="Projet OCM (NOKIA)","PLANNED WORKS", AI28="ACCESS-ISSUE","ACCESS-ISSUE", AI28="Projet OCM (ZTE, NOKIA, autres projets)","PLANNED WORKS", AI28="No root CAuse","No root cause", AI28="ODU HS","ACTIVE", AI28="IP & VLAN","ACTIVE", AI28="Warehouse HUAWEI","SPARE-ISSUE", AI28="SPARE-HS","SPARE-ISSUE", AI28="Power Telco","ACTIVE", AI28="no impacts","no impacts" ),"")} -> ACTIVE | AK28: (05/03/2026 com ran 17h): 03/05/2026 FME willy activé ETA asap 03.05.2026: Need FME on the site to check MPR status as it's not supervised..;..;(05/03/2026 com ran 10h): 03/05/2026 FME willy activé ETA asap 03.05.2026: Need FME on the site to check MPR status as it's not supervised..;..;(05/03/2026 ticket)..INC-20260503-00016943...power ...Others Transmission equipement fault | AL28: =B28 -> ADM_024 | AO28: =_xlfn.XLOOKUP(B28,'INCIDENT-05-03-2026'!E:E,'INCIDENT-05-03-2026'!F:F,"") | AP28: (05/03/2026 top offenders): 04/05/2026 FME willy activé ETA asap 03.05.2026: Need FME on the site to check MPR status as it's not supervised | AS28: =_xlfn.XLOOKUP(B28,'[3]tt num | region | site id'!$C:$C,'[3]tt num | region | site id'!$Q:$Q,"") | AT28: =_xlfn.XLOOKUP(B28,'[4]Cells Huawei 03052026 12h'!$B:$B,'[4]Cells Huawei 03052026 12h'!$T:$T,"") | AU28: =_xlfn.XLOOKUP(B28,'[5]cells down 02052026 8h50'!$B:$B,'[5]cells down 02052026 8h50'!$R:$R,"") | AV28: =_xlfn.XLOOKUP(B28,'[5]cells down 02052026 13h50'!$B:$B,'[5]cells down 02052026 13h50'!$R:$R,"") | AW28: =_xlfn.XLOOKUP(B28,'[5]cells down 02052026 13h50'!$B:$B,'[5]cells down 02052026 13h50'!$R:$R,"") | AX28: =_xlfn.XLOOKUP(B28,'[6]cell downs 03052026 8h40 '!$B:$B,'[6]cell downs 03052026 8h40 '!$R:$R,"") | AY28: =_xlfn.XLOOKUP(B28,'[7]ALL SITES DOWN'!$D:$D,'[7]ALL SITES DOWN'!$J:$J,"") -> (05/03/2026 com ran 17h): 03/05/2026 FME willy activé ETA asap 03.05.2026: Need FME on the site to check MPR status as it's not supervised | AZ28: =_xlfn.XLOOKUP(B28,'[8]ALL SITES DOWN'!$D:$D,'[8]ALL SITES DOWN'!$J:$J,"") -> (05/03/2026 com ran 10h): 03/05/2026 FME willy activé ETA asap 03.05.2026: Need FME on the site to check MPR status as it's not supervised | BA28: =_xlfn.XLOOKUP(B28,[9]sheet1!$AC:$AC,[9]sheet1!$AF:$AF,"") -> (05/03/2026 ticket)..INC-20260503-00016943...power ...Others Transmission equipement fault | BB28: (05/03/2026 dashbord): | BD28: =_xlfn.XLOOKUP(B28,'[10]cell downs 18042026 17h'!$B:$B,'[10]cell downs 18042026 17h'!$B:$B,"") | BE28: =_xlfn.XLOOKUP(B28,'[11]Cells Huawei 19042026 15h'!$B:$B,'[11]Cells Huawei 19042026 15h'!$B:$B,"") | BF28: =_xlfn.XLOOKUP(B28,'[12]cells down 19042026 9H40'!$B:$B,'[12]cells down 19042026 9H40'!$B:$B,"") | BG28: ADM_024
A29: Kotto-Denver | B29: LIT_657 | C29: =_xlfn.XLOOKUP(B29,'[1]daily break down'!$D:$D,'[1]daily break down'!$E:$E,"") -> Douala | D29: CAMUSAT | E29: Good Grid no GE - 12h | F29: LITTORAL | G29: Douala | H29: =_xlfn.XLOOKUP(B29,[2]CALCULATION!$B:$B,[2]CALCULATION!$H:$H,"") -> ZTE | I29: 0 | J29: 0 | K29: 0 | L29: 0 | M29: 0 | N29: 0 | O29: 0.11084501 | P29: 1.8771777 | Q29: 0.44414696 | R29: 16.078769 | S29: 0 | T29: 2.5879412 | U29: 0 | V29: 0 | W29: 2.5879412 | X29: 3.8850329 | Y29: 1.7994881 | Z29: 0.69499733 | AA29: 16.778848 | AB29: 14.276498 | AC29: 23.35099 | AD29: 19.366077 | AE29: Operationnel | AG29: {=IFERROR(_xlfn.IFS( AI29="MPR ISSUE","PDH", AI29="BSS Hardware Issue","BSS", AI29="Sites strategiques, MLL, Pylone, etc.","ENVTECH", AI29="AKTIVCO DEFAUT GE & POWER Cabinet","AKTIVCO", AI29="AKTIVCO Coupure ENEO & Baisse de tension","AKTIVCO GRID ONLY", AI29="Coupure ENEO & Baisse de tension","IHS GRID ONLY", AI29="Defaut GE & POWER Cabinet","IHS", AI29="Sharing","Partners", AI29="Sites strategiques & DataCenter","SST & DC", AI29="Exclu","Exclu", AI29="SAT","SAT", AI29="SPARE-ISSUE","SPARE-ISSUE", AI29="Fiber CAmtel","TRANS_FO_CAMTEL", AI29="Fiber AOF","Fiber AOF", AI29="Projet OCM (HUAWEI)","TRAVAUX-HUAWEI", AI29="Projet OCM (NOKIA)","TRAVAUX-NOKIA", AI29="ACCESS-ISSUE","ACCESS-ISSUE", AI29="Projet OCM (ZTE, NOKIA, autres projets)","TRAVAUX OCM", AI29="No root CAuse","No root cause", AI29="ODU HS","PDH", AI29="IP & VLAN","PDH", AI29="Warehouse HUAWEI","SPARE-ISSUE", AI29="SPARE-HS","SPARE-ISSUE", AI29="Power Telco","BSS",AI29="no impacts","no impacts" ),"")} -> AKTIVCO GRID ONLY | AH29: {=IFERROR(_xlfn.IFS( AI29="MPR ISSUE","TX ISSUE", AI29="BSS Hardware Issue","RAN ISSUE", AI29="Sites strategiques, MLL, Pylone, etc.","ENVTECH", AI29="AKTIVCO DEFAUT GE & POWER Cabinet","POWER ISSUE", AI29="AKTIVCO Coupure ENEO & Baisse de tension","POWER ISSUE", AI29="Coupure ENEO & Baisse de tension","POWER ISSUE", AI29="Defaut GE & POWER Cabinet","POWER ISSUE", AI29="Sharing","POWER ISSUE", AI29="Sites strategiques & DataCenter","POWER ISSUE", AI29="Exclu","Exclu", AI29="SAT","TX ISSUE", AI29="SPARE-ISSUE","SPARE-ISSUE", AI29="Fiber CAmtel","TX ISSUE", AI29="Fiber AOF","TX ISSUE", AI29="Projet OCM (HUAWEI)","TRAVAUX-HUAWEI", AI29="Projet OCM (NOKIA)","TRAVAUX -NOKIA", AI29="ACCESS-ISSUE","ACCESS-ISSUE", AI29="Projet OCM (ZTE, NOKIA, autres projets)","TRAVAUX OCM", AI29="No root CAuse","No root cause", AI29="ODU HS","TX ISSUE", AI29="IP & VLAN","TX ISSUE", AI29="Warehouse HUAWEI","SPARE-ISSUE", AI29="SPARE-HS","SPARE-ISSUE", AI29="Power Telco","RAN ISSUE",AI29="no impacts","no impacts" ),"")} -> POWER ISSUE | AI29: AKTIVCO Coupure ENEO & Baisse de tension | AJ29: {=IFERROR(_xlfn.IFS( AI29="MPR ISSUE","ACTIVE", AI29="BSS Hardware Issue","ACTIVE", AI29="Sites strategiques, MLL, Pylone, etc.","PASSIVE", AI29="AKTIVCO DEFAUT GE & POWER Cabinet","PASSIVE", AI29="AKTIVCO Coupure ENEO & Baisse de tension","PASSIVE", AI29="Coupure ENEO & Baisse de tension","PASSIVE", AI29="Defaut GE & POWER Cabinet","PASSIVE", AI29="Sharing","PASSIVE", AI29="Sites strategiques & DataCenter","PASSIVE", AI29="Exclu","Exclu", AI29="SAT","ACTIVE", AI29="SPARE-ISSUE","SPARE-ISSUE", AI29="Fiber CAmtel","ACTIVE", AI29="Fiber AOF","ACTIVE", AI29="Projet OCM (HUAWEI)","PLANNED WORKS", AI29="Projet OCM (NOKIA)","PLANNED WORKS", AI29="ACCESS-ISSUE","ACCESS-ISSUE", AI29="Projet OCM (ZTE, NOKIA, autres projets)","PLANNED WORKS", AI29="No root CAuse","No root cause", AI29="ODU HS","ACTIVE", AI29="IP & VLAN","ACTIVE", AI29="Warehouse HUAWEI","SPARE-ISSUE", AI29="SPARE-HS","SPARE-ISSUE", AI29="Power Telco","ACTIVE", AI29="no impacts","no impacts" ),"")} -> PASSIVE | AK29: (05/03/2026 groupe whatsapp ):INC-20260503-00006521 LIT_713_Z_Kotto-Baden-Baden(LIT-713) ,Delestage prolongé dans la zone retour de notre FME|| (05/03/2026 com ran 17h): Impacted by LIT_713_Z_Kotto-Baden-Baden(LIT-713)..;..;(05/03/2026 ticket)..INC-20260503-00006511...2026-05-03 17:25:07...Relance 1 no power issue u=53.4v load=53A / no action done BO TX ANALYSE ONGOING...Instabilité Power suspecté... l'équipe maintenance power se déploie sur site pour examiner et nous faire un retour....user:OCM_NOC.CAMUSAT | AL29: =IFERROR(MID(AM29, SEARCH("CTR_", AM29), 7), IFERROR(MID(AM29, SEARCH("SUO_", AM29), 7), IFERROR(MID(AM29, SEARCH("SUD_", AM29), 7), IFERROR(MID(AM29, SEARCH("NRO_", AM29), 7), IFERROR(MID(AM29, SEARCH("ADM_", AM29), 7), IFERROR(MID(AM29, SEARCH("NRD_", AM29), 7), IFERROR(MID(AM29, SEARCH("EXN_", AM29), 7), IFERROR(MID(AM29, SEARCH("LIT_", AM29), 7), IFERROR(MID(AM29, SEARCH("EST_", AM29), 7), MID(AM29, SEARCH("OST_",AM29), 7)))))))))) -> LIT_713 | AM29: LIT_713_Z_Kotto-Baden-Baden(LIT-713) | AO29: =_xlfn.XLOOKUP(B29,'INCIDENT-05-03-2026'!E:E,'INCIDENT-05-03-2026'!F:F,"") | AP29: (05/03/2026 top offenders): Impacted by LIT_713_Z_Kotto-Baden-Baden(LIT-713) | AS29: =_xlfn.XLOOKUP(B29,'[3]tt num | region | site id'!$C:$C,'[3]tt num | region | site id'!$Q:$Q,"") | AT29: =_xlfn.XLOOKUP(B29,'[4]Cells Huawei 03052026 12h'!$B:$B,'[4]Cells Huawei 03052026 12h'!$T:$T,"") | AU29: =_xlfn.XLOOKUP(B29,'[5]cells down 02052026 8h50'!$B:$B,'[5]cells down 02052026 8h50'!$R:$R,"") | AV29: =_xlfn.XLOOKUP(B29,'[5]cells down 02052026 13h50'!$B:$B,'[5]cells down 02052026 13h50'!$R:$R,"") | AW29: =_xlfn.XLOOKUP(B29,'[5]cells down 02052026 13h50'!$B:$B,'[5]cells down 02052026 13h50'!$R:$R,"") | AX29: =_xlfn.XLOOKUP(B29,'[6]cell downs 03052026 8h40 '!$B:$B,'[6]cell downs 03052026 8h40 '!$R:$R,"") | AY29: =_xlfn.XLOOKUP(B29,'[7]ALL SITES DOWN'!$D:$D,'[7]ALL SITES DOWN'!$J:$J,"") -> (05/03/2026 com ran 17h): Impacted by LIT_713_Z_Kotto-Baden-Baden(LIT-713) | AZ29: =_xlfn.XLOOKUP(B29,'[8]ALL SITES DOWN'!$D:$D,'[8]ALL SITES DOWN'!$J:$J,"") | BA29: =_xlfn.XLOOKUP(B29,[9]sheet1!$AC:$AC,[9]sheet1!$AF:$AF,"") -> (05/03/2026 ticket)..INC-20260503-00006511...2026-05-03 17:25:07...Relance 1 no power issue u=53.4v load=53A / no action done BO TX ANALYSE ONGOING...Instabilité Power suspecté... l'équipe maintenance power se déploie sur site pour examiner et nous faire un retour....user:OCM_NOC.CAMUSAT | BB29: (05/03/2026 dashbord): | BD29: =_xlfn.XLOOKUP(B29,'[10]cell downs 18042026 17h'!$B:$B,'[10]cell downs 18042026 17h'!$B:$B,"") | BE29: =_xlfn.XLOOKUP(B29,'[11]Cells Huawei 19042026 15h'!$B:$B,'[11]Cells Huawei 19042026 15h'!$B:$B,"") | BF29: =_xlfn.XLOOKUP(B29,'[12]cells down 19042026 9H40'!$B:$B,'[12]cells down 19042026 9H40'!$B:$B,"") | BH29: Grid-Gen
A30: Garoua-Ngalbidje-II | B30: NRD_158 | C30: =_xlfn.XLOOKUP(B30,'[1]daily break down'!$D:$D,'[1]daily break down'!$E:$E,"") -> Garoua | D30: CAMUSAT | E30: Good Grid + Solar + GE | F30: NORD | G30: Garoua | H30: =_xlfn.XLOOKUP(B30,[2]CALCULATION!$B:$B,[2]CALCULATION!$H:$H,"") -> Huawei | I30: 3.0291454 | J30: 2.7602281 | K30: 8.1076304 | L30: 4.493334 | M30: 3.6705126 | N30: 3.1779791 | O30: 2.5667175 | P30: 3.5901478 | Q30: 2.5879234 | R30: 0.15851818 | S30: 0.3192479 | T30: 0.4779801 | U30: 4.7293277 | V30: 3.4440428 | W30: 0.4779801 | X30: 7.6120471 | Y30: 15.478298 | Z30: 8.2526831 | AA30: 21.701857 | AB30: 18.663712 | AC30: 19.068562 | AD30: 19.308684 | AE30: Operationnel | AG30: {=IFERROR(_xlfn.IFS( AI30="MPR ISSUE","PDH", AI30="BSS Hardware Issue","BSS", AI30="Sites strategiques, MLL, Pylone, etc.","ENVTECH", AI30="AKTIVCO DEFAUT GE & POWER Cabinet","AKTIVCO", AI30="AKTIVCO Coupure ENEO & Baisse de tension","AKTIVCO GRID ONLY", AI30="Coupure ENEO & Baisse de tension","IHS GRID ONLY", AI30="Defaut GE & POWER Cabinet","IHS", AI30="Sharing","Partners", AI30="Sites strategiques & DataCenter","SST & DC", AI30="Exclu","Exclu", AI30="SAT","SAT", AI30="SPARE-ISSUE","SPARE-ISSUE", AI30="Fiber CAmtel","TRANS_FO_CAMTEL", AI30="Fiber AOF","Fiber AOF", AI30="Projet OCM (HUAWEI)","TRAVAUX-HUAWEI", AI30="Projet OCM (NOKIA)","TRAVAUX-NOKIA", AI30="ACCESS-ISSUE","ACCESS-ISSUE", AI30="Projet OCM (ZTE, NOKIA, autres projets)","TRAVAUX OCM", AI30="No root CAuse","No root cause", AI30="ODU HS","PDH", AI30="IP & VLAN","PDH", AI30="Warehouse HUAWEI","SPARE-ISSUE", AI30="SPARE-HS","SPARE-ISSUE", AI30="Power Telco","BSS",AI30="no impacts","no impacts" ),"")} -> AKTIVCO | AH30: {=IFERROR(_xlfn.IFS( AI30="MPR ISSUE","TX ISSUE", AI30="BSS Hardware Issue","RAN ISSUE", AI30="Sites strategiques, MLL, Pylone, etc.","ENVTECH", AI30="AKTIVCO DEFAUT GE & POWER Cabinet","POWER ISSUE", AI30="AKTIVCO Coupure ENEO & Baisse de tension","POWER ISSUE", AI30="Coupure ENEO & Baisse de tension","POWER ISSUE", AI30="Defaut GE & POWER Cabinet","POWER ISSUE", AI30="Sharing","POWER ISSUE", AI30="Sites strategiques & DataCenter","POWER ISSUE", AI30="Exclu","Exclu", AI30="SAT","TX ISSUE", AI30="SPARE-ISSUE","SPARE-ISSUE", AI30="Fiber CAmtel","TX ISSUE", AI30="Fiber AOF","TX ISSUE", AI30="Projet OCM (HUAWEI)","TRAVAUX-HUAWEI", AI30="Projet OCM (NOKIA)","TRAVAUX -NOKIA", AI30="ACCESS-ISSUE","ACCESS-ISSUE", AI30="Projet OCM (ZTE, NOKIA, autres projets)","TRAVAUX OCM", AI30="No root CAuse","No root cause", AI30="ODU HS","TX ISSUE", AI30="IP & VLAN","TX ISSUE", AI30="Warehouse HUAWEI","SPARE-ISSUE", AI30="SPARE-HS","SPARE-ISSUE", AI30="Power Telco","RAN ISSUE",AI30="no impacts","no impacts" ),"")} -> POWER ISSUE | AI30: AKTIVCO Defaut GE & Power Cabinet | AJ30: {=IFERROR(_xlfn.IFS( AI30="MPR ISSUE","ACTIVE", AI30="BSS Hardware Issue","ACTIVE", AI30="Sites strategiques, MLL, Pylone, etc.","PASSIVE", AI30="AKTIVCO DEFAUT GE & POWER Cabinet","PASSIVE", AI30="AKTIVCO Coupure ENEO & Baisse de tension","PASSIVE", AI30="Coupure ENEO & Baisse de tension","PASSIVE", AI30="Defaut GE & POWER Cabinet","PASSIVE", AI30="Sharing","PASSIVE", AI30="Sites strategiques & DataCenter","PASSIVE", AI30="Exclu","Exclu", AI30="SAT","ACTIVE", AI30="SPARE-ISSUE","SPARE-ISSUE", AI30="Fiber CAmtel","ACTIVE", AI30="Fiber AOF","ACTIVE", AI30="Projet OCM (HUAWEI)","PLANNED WORKS", AI30="Projet OCM (NOKIA)","PLANNED WORKS", AI30="ACCESS-ISSUE","ACCESS-ISSUE", AI30="Projet OCM (ZTE, NOKIA, autres projets)","PLANNED WORKS", AI30="No root CAuse","No root cause", AI30="ODU HS","ACTIVE", AI30="IP & VLAN","ACTIVE", AI30="Warehouse HUAWEI","SPARE-ISSUE", AI30="SPARE-HS","SPARE-ISSUE", AI30="Power Telco","ACTIVE", AI30="no impacts","no impacts" ),"")} -> PASSIVE | AK30: (05/03/2026 com ran 10h): 03/05/2026 power issue and power alarm awaiting camusat | AL30: =B30 -> NRD_158 | AO30: =_xlfn.XLOOKUP(B30,'INCIDENT-05-03-2026'!E:E,'INCIDENT-05-03-2026'!F:F,"") | AP30: (05/03/2026 top offenders): | AS30: =_xlfn.XLOOKUP(B30,'[3]tt num | region | site id'!$C:$C,'[3]tt num | region | site id'!$Q:$Q,"") | AT30: =_xlfn.XLOOKUP(B30,'[4]Cells Huawei 03052026 12h'!$B:$B,'[4]Cells Huawei 03052026 12h'!$T:$T,"") | AU30: =_xlfn.XLOOKUP(B30,'[5]cells down 02052026 8h50'!$B:$B,'[5]cells down 02052026 8h50'!$R:$R,"") | AV30: =_xlfn.XLOOKUP(B30,'[5]cells down 02052026 13h50'!$B:$B,'[5]cells down 02052026 13h50'!$R:$R,"") | AW30: =_xlfn.XLOOKUP(B30,'[5]cells down 02052026 13h50'!$B:$B,'[5]cells down 02052026 13h50'!$R:$R,"") | AX30: =_xlfn.XLOOKUP(B30,'[6]cell downs 03052026 8h40 '!$B:$B,'[6]cell downs 03052026 8h40 '!$R:$R,"") | AY30: =_xlfn.XLOOKUP(B30,'[7]ALL SITES DOWN'!$D:$D,'[7]ALL SITES DOWN'!$J:$J,"") | AZ30: =_xlfn.XLOOKUP(B30,'[8]ALL SITES DOWN'!$D:$D,'[8]ALL SITES DOWN'!$J:$J,"") -> (05/03/2026 com ran 10h): 03/05/2026 power issue and power alarm awaiting camusat | BA30: =_xlfn.XLOOKUP(B30,[9]sheet1!$AC:$AC,[9]sheet1!$AF:$AF,"") | BB30: (05/03/2026 dashbord): | BD30: =_xlfn.XLOOKUP(B30,'[10]cell downs 18042026 17h'!$B:$B,'[10]cell downs 18042026 17h'!$B:$B,"") | BE30: =_xlfn.XLOOKUP(B30,'[11]Cells Huawei 19042026 15h'!$B:$B,'[11]Cells Huawei 19042026 15h'!$B:$B,"") | BF30: =_xlfn.XLOOKUP(B30,'[12]cells down 19042026 9H40'!$B:$B,'[12]cells down 19042026 9H40'!$B:$B,"") | BH30: Grid-Gen
A31: Nkolbisson-Ayene-Bar | B31: CTR_657 | C31: =_xlfn.XLOOKUP(B31,'[1]daily break down'!$D:$D,'[1]daily break down'!$E:$E,"") -> Yaounde | D31: CAMUSAT | E31: Good Grid + GE | F31: CENTRE | G31: Yaounde | H31: =_xlfn.XLOOKUP(B31,[2]CALCULATION!$B:$B,[2]CALCULATION!$H:$H,"") -> ZTE | I31: 0 | J31: 0 | K31: 0 | L31: 0 | M31: 0 | N31: 0 | O31: 0 | P31: 0.2020536 | Q31: 0 | R31: 0 | S31: 4.906323 | T31: 0 | U31: 0 | V31: 0 | W31: 0 | X31: 22.891822 | Y31: 0.87852029 | Z31: 53.01782 | AA31: 8.1381965 | AB31: 7.2366385 | AC31: 29.95757 | AD31: 19.214087 | AE31: Operationnel | AG31: {=IFERROR(_xlfn.IFS( AI31="MPR ISSUE","PDH", AI31="BSS Hardware Issue","BSS", AI31="Sites strategiques, MLL, Pylone, etc.","ENVTECH", AI31="AKTIVCO DEFAUT GE & POWER Cabinet","AKTIVCO", AI31="AKTIVCO Coupure ENEO & Baisse de tension","AKTIVCO GRID ONLY", AI31="Coupure ENEO & Baisse de tension","IHS GRID ONLY", AI31="Defaut GE & POWER Cabinet","IHS", AI31="Sharing","Partners", AI31="Sites strategiques & DataCenter","SST & DC", AI31="Exclu","Exclu", AI31="SAT","SAT", AI31="SPARE-ISSUE","SPARE-ISSUE", AI31="Fiber CAmtel","TRANS_FO_CAMTEL", AI31="Fiber AOF","Fiber AOF", AI31="Projet OCM (HUAWEI)","TRAVAUX-HUAWEI", AI31="Projet OCM (NOKIA)","TRAVAUX-NOKIA", AI31="ACCESS-ISSUE","ACCESS-ISSUE", AI31="Projet OCM (ZTE, NOKIA, autres projets)","TRAVAUX OCM", AI31="No root CAuse","No root cause", AI31="ODU HS","PDH", AI31="IP & VLAN","PDH", AI31="Warehouse HUAWEI","SPARE-ISSUE", AI31="SPARE-HS","SPARE-ISSUE", AI31="Power Telco","BSS",AI31="no impacts","no impacts" ),"")} -> AKTIVCO | AH31: {=IFERROR(_xlfn.IFS( AI31="MPR ISSUE","TX ISSUE", AI31="BSS Hardware Issue","RAN ISSUE", AI31="Sites strategiques, MLL, Pylone, etc.","ENVTECH", AI31="AKTIVCO DEFAUT GE & POWER Cabinet","POWER ISSUE", AI31="AKTIVCO Coupure ENEO & Baisse de tension","POWER ISSUE", AI31="Coupure ENEO & Baisse de tension","POWER ISSUE", AI31="Defaut GE & POWER Cabinet","POWER ISSUE", AI31="Sharing","POWER ISSUE", AI31="Sites strategiques & DataCenter","POWER ISSUE", AI31="Exclu","Exclu", AI31="SAT","TX ISSUE", AI31="SPARE-ISSUE","SPARE-ISSUE", AI31="Fiber CAmtel","TX ISSUE", AI31="Fiber AOF","TX ISSUE", AI31="Projet OCM (HUAWEI)","TRAVAUX-HUAWEI", AI31="Projet OCM (NOKIA)","TRAVAUX -NOKIA", AI31="ACCESS-ISSUE","ACCESS-ISSUE", AI31="Projet OCM (ZTE, NOKIA, autres projets)","TRAVAUX OCM", AI31="No root CAuse","No root cause", AI31="ODU HS","TX ISSUE", AI31="IP & VLAN","TX ISSUE", AI31="Warehouse HUAWEI","SPARE-ISSUE", AI31="SPARE-HS","SPARE-ISSUE", AI31="Power Telco","RAN ISSUE",AI31="no impacts","no impacts" ),"")} -> POWER ISSUE | AI31: AKTIVCO Defaut GE & Power Cabinet | AJ31: {=IFERROR(_xlfn.IFS( AI31="MPR ISSUE","ACTIVE", AI31="BSS Hardware Issue","ACTIVE", AI31="Sites strategiques, MLL, Pylone, etc.","PASSIVE", AI31="AKTIVCO DEFAUT GE & POWER Cabinet","PASSIVE", AI31="AKTIVCO Coupure ENEO & Baisse de tension","PASSIVE", AI31="Coupure ENEO & Baisse de tension","PASSIVE", AI31="Defaut GE & POWER Cabinet","PASSIVE", AI31="Sharing","PASSIVE", AI31="Sites strategiques & DataCenter","PASSIVE", AI31="Exclu","Exclu", AI31="SAT","ACTIVE", AI31="SPARE-ISSUE","SPARE-ISSUE", AI31="Fiber CAmtel","ACTIVE", AI31="Fiber AOF","ACTIVE", AI31="Projet OCM (HUAWEI)","PLANNED WORKS", AI31="Projet OCM (NOKIA)","PLANNED WORKS", AI31="ACCESS-ISSUE","ACCESS-ISSUE", AI31="Projet OCM (ZTE, NOKIA, autres projets)","PLANNED WORKS", AI31="No root CAuse","No root cause", AI31="ODU HS","ACTIVE", AI31="IP & VLAN","ACTIVE", AI31="Warehouse HUAWEI","SPARE-ISSUE", AI31="SPARE-HS","SPARE-ISSUE", AI31="Power Telco","ACTIVE", AI31="no impacts","no impacts" ),"")} -> PASSIVE | AK31: (05/03/2026 com ran 10h): Power status check Ongoing..;..;(05/03/2026 ticket)..INC-20260503-00006172...generator issue on site ...Others Transmission equipement fault | AL31: =B31 -> CTR_657 | AO31: =_xlfn.XLOOKUP(B31,'INCIDENT-05-03-2026'!E:E,'INCIDENT-05-03-2026'!F:F,"") | AP31: (05/03/2026 top offenders): 04.05.26: Camusat: The technician will be on site ETA 08h | AS31: =_xlfn.XLOOKUP(B31,'[3]tt num | region | site id'!$C:$C,'[3]tt num | region | site id'!$Q:$Q,"") | AT31: =_xlfn.XLOOKUP(B31,'[4]Cells Huawei 03052026 12h'!$B:$B,'[4]Cells Huawei 03052026 12h'!$T:$T,"") | AU31: =_xlfn.XLOOKUP(B31,'[5]cells down 02052026 8h50'!$B:$B,'[5]cells down 02052026 8h50'!$R:$R,"") | AV31: =_xlfn.XLOOKUP(B31,'[5]cells down 02052026 13h50'!$B:$B,'[5]cells down 02052026 13h50'!$R:$R,"") | AW31: =_xlfn.XLOOKUP(B31,'[5]cells down 02052026 13h50'!$B:$B,'[5]cells down 02052026 13h50'!$R:$R,"") | AX31: =_xlfn.XLOOKUP(B31,'[6]cell downs 03052026 8h40 '!$B:$B,'[6]cell downs 03052026 8h40 '!$R:$R,"") | AY31: =_xlfn.XLOOKUP(B31,'[7]ALL SITES DOWN'!$D:$D,'[7]ALL SITES DOWN'!$J:$J,"") | AZ31: =_xlfn.XLOOKUP(B31,'[8]ALL SITES DOWN'!$D:$D,'[8]ALL SITES DOWN'!$J:$J,"") -> (05/03/2026 com ran 10h): Power status check Ongoing | BA31: =_xlfn.XLOOKUP(B31,[9]sheet1!$AC:$AC,[9]sheet1!$AF:$AF,"") -> (05/03/2026 ticket)..INC-20260503-00006172...generator issue on site ...Others Transmission equipement fault | BB31: (05/03/2026 dashbord): | BD31: =_xlfn.XLOOKUP(B31,'[10]cell downs 18042026 17h'!$B:$B,'[10]cell downs 18042026 17h'!$B:$B,"") | BE31: =_xlfn.XLOOKUP(B31,'[11]Cells Huawei 19042026 15h'!$B:$B,'[11]Cells Huawei 19042026 15h'!$B:$B,"") | BF31: =_xlfn.XLOOKUP(B31,'[12]cells down 19042026 9H40'!$B:$B,'[12]cells down 19042026 9H40'!$B:$B,"") | BH31: Solar-Grid-Gen-Lithium
A32: Ngd-University-II-IHS | B32: ADM_127 | C32: =_xlfn.XLOOKUP(B32,'[1]daily break down'!$D:$D,'[1]daily break down'!$E:$E,"") -> Ngaoundere | D32: IHS | E32: Grid-Gen | F32: ADAMAOUA | G32: Ngaoundere | H32: =_xlfn.XLOOKUP(B32,[2]CALCULATION!$B:$B,[2]CALCULATION!$H:$H,"") -> Huawei | I32: 0 | J32: 0.0046192853 | K32: 0 | L32: 0 | M32: 0 | N32: 0 | O32: 0 | P32: 0 | Q32: 0.035812837 | R32: 0 | S32: 0 | T32: 0 | U32: 0 | V32: 0 | W32: 0 | X32: 0.010165995 | Y32: 3.3488927 | Z32: 1.77311 | AA32: 0.80495206 | AB32: 18.587636 | AC32: 24.634836 | AD32: 19.201816 | AE32: Operationnel | AG32: {=IFERROR(_xlfn.IFS( AI32="MPR ISSUE","PDH", AI32="BSS Hardware Issue","BSS", AI32="Sites strategiques, MLL, Pylone, etc.","ENVTECH", AI32="AKTIVCO DEFAUT GE & POWER Cabinet","AKTIVCO", AI32="AKTIVCO Coupure ENEO & Baisse de tension","AKTIVCO GRID ONLY", AI32="Coupure ENEO & Baisse de tension","IHS GRID ONLY", AI32="Defaut GE & POWER Cabinet","IHS", AI32="Sharing","Partners", AI32="Sites strategiques & DataCenter","SST & DC", AI32="Exclu","Exclu", AI32="SAT","SAT", AI32="SPARE-ISSUE","SPARE-ISSUE", AI32="Fiber CAmtel","TRANS_FO_CAMTEL", AI32="Fiber AOF","Fiber AOF", AI32="Projet OCM (HUAWEI)","TRAVAUX-HUAWEI", AI32="Projet OCM (NOKIA)","TRAVAUX-NOKIA", AI32="ACCESS-ISSUE","ACCESS-ISSUE", AI32="Projet OCM (ZTE, NOKIA, autres projets)","TRAVAUX OCM", AI32="No root CAuse","No root cause", AI32="ODU HS","PDH", AI32="IP & VLAN","PDH", AI32="Warehouse HUAWEI","SPARE-ISSUE", AI32="SPARE-HS","SPARE-ISSUE", AI32="Power Telco","BSS",AI32="no impacts","no impacts" ),"")} -> IHS | AH32: {=IFERROR(_xlfn.IFS( AI32="MPR ISSUE","TX ISSUE", AI32="BSS Hardware Issue","RAN ISSUE", AI32="Sites strategiques, MLL, Pylone, etc.","ENVTECH", AI32="AKTIVCO DEFAUT GE & POWER Cabinet","POWER ISSUE", AI32="AKTIVCO Coupure ENEO & Baisse de tension","POWER ISSUE", AI32="Coupure ENEO & Baisse de tension","POWER ISSUE", AI32="Defaut GE & POWER Cabinet","POWER ISSUE", AI32="Sharing","POWER ISSUE", AI32="Sites strategiques & DataCenter","POWER ISSUE", AI32="Exclu","Exclu", AI32="SAT","TX ISSUE", AI32="SPARE-ISSUE","SPARE-ISSUE", AI32="Fiber CAmtel","TX ISSUE", AI32="Fiber AOF","TX ISSUE", AI32="Projet OCM (HUAWEI)","TRAVAUX-HUAWEI", AI32="Projet OCM (NOKIA)","TRAVAUX -NOKIA", AI32="ACCESS-ISSUE","ACCESS-ISSUE", AI32="Projet OCM (ZTE, NOKIA, autres projets)","TRAVAUX OCM", AI32="No root CAuse","No root cause", AI32="ODU HS","TX ISSUE", AI32="IP & VLAN","TX ISSUE", AI32="Warehouse HUAWEI","SPARE-ISSUE", AI32="SPARE-HS","SPARE-ISSUE", AI32="Power Telco","RAN ISSUE",AI32="no impacts","no impacts" ),"")} -> POWER ISSUE | AI32: Defaut GE & Power Cabinet | AJ32: {=IFERROR(_xlfn.IFS( AI32="MPR ISSUE","ACTIVE", AI32="BSS Hardware Issue","ACTIVE", AI32="Sites strategiques, MLL, Pylone, etc.","PASSIVE", AI32="AKTIVCO DEFAUT GE & POWER Cabinet","PASSIVE", AI32="AKTIVCO Coupure ENEO & Baisse de tension","PASSIVE", AI32="Coupure ENEO & Baisse de tension","PASSIVE", AI32="Defaut GE & POWER Cabinet","PASSIVE", AI32="Sharing","PASSIVE", AI32="Sites strategiques & DataCenter","PASSIVE", AI32="Exclu","Exclu", AI32="SAT","ACTIVE", AI32="SPARE-ISSUE","SPARE-ISSUE", AI32="Fiber CAmtel","ACTIVE", AI32="Fiber AOF","ACTIVE", AI32="Projet OCM (HUAWEI)","PLANNED WORKS", AI32="Projet OCM (NOKIA)","PLANNED WORKS", AI32="ACCESS-ISSUE","ACCESS-ISSUE", AI32="Projet OCM (ZTE, NOKIA, autres projets)","PLANNED WORKS", AI32="No root CAuse","No root cause", AI32="ODU HS","ACTIVE", AI32="IP & VLAN","ACTIVE", AI32="Warehouse HUAWEI","SPARE-ISSUE", AI32="SPARE-HS","SPARE-ISSUE", AI32="Power Telco","ACTIVE", AI32="no impacts","no impacts" ),"")} -> PASSIVE | AK32: (05/04/2026 BOTX): Power issue on site ||(05/03/2026 groupe whatsapp ):NRO_122_H_Nitob-IHS: Impacted by NRO_227_H_Bda-Chinde || (05/03/2026 cell huawei): 03/05/2026 : Besoin d'analyse BO RAN | AL32: =IFERROR(MID(AM32, SEARCH("CTR_", AM32), 7), IFERROR(MID(AM32, SEARCH("SUO_", AM32), 7), IFERROR(MID(AM32, SEARCH("SUD_", AM32), 7), IFERROR(MID(AM32, SEARCH("NRO_", AM32), 7), IFERROR(MID(AM32, SEARCH("ADM_", AM32), 7), IFERROR(MID(AM32, SEARCH("NRD_", AM32), 7), IFERROR(MID(AM32, SEARCH("EXN_", AM32), 7), IFERROR(MID(AM32, SEARCH("LIT_", AM32), 7), IFERROR(MID(AM32, SEARCH("EST_", AM32), 7), MID(AM32, SEARCH("OST_",AM32), 7)))))))))) -> NRO_227 | AM32: : Impacted by NRO_227_H_Bda-Chinde | AN32: (05/04/2026 BOTX): Power issue on site | AO32: =_xlfn.XLOOKUP(B32,'INCIDENT-05-03-2026'!E:E,'INCIDENT-05-03-2026'!F:F,"") | AP32: (05/03/2026 top offenders): | AS32: =_xlfn.XLOOKUP(B32,'[3]tt num | region | site id'!$C:$C,'[3]tt num | region | site id'!$Q:$Q,"") | AT32: =_xlfn.XLOOKUP(B32,'[4]Cells Huawei 03052026 12h'!$B:$B,'[4]Cells Huawei 03052026 12h'!$T:$T,"") -> (05/03/2026 cell huawei): 03/05/2026 : Besoin d'analyse BO RAN | AU32: =_xlfn.XLOOKUP(B32,'[5]cells down 02052026 8h50'!$B:$B,'[5]cells down 02052026 8h50'!$R:$R,"") | AV32: =_xlfn.XLOOKUP(B32,'[5]cells down 02052026 13h50'!$B:$B,'[5]cells down 02052026 13h50'!$R:$R,"") | AW32: =_xlfn.XLOOKUP(B32,'[5]cells down 02052026 13h50'!$B:$B,'[5]cells down 02052026 13h50'!$R:$R,"") | AX32: =_xlfn.XLOOKUP(B32,'[6]cell downs 03052026 8h40 '!$B:$B,'[6]cell downs 03052026 8h40 '!$R:$R,"") | AY32: =_xlfn.XLOOKUP(B32,'[7]ALL SITES DOWN'!$D:$D,'[7]ALL SITES DOWN'!$J:$J,"") | AZ32: =_xlfn.XLOOKUP(B32,'[8]ALL SITES DOWN'!$D:$D,'[8]ALL SITES DOWN'!$J:$J,"") | BA32: =_xlfn.XLOOKUP(B32,[9]sheet1!$AC:$AC,[9]sheet1!$AF:$AF,"") | BB32: (05/03/2026 dashbord): 03/05/2026 : Besoin d'analyse BO RAN | BD32: =_xlfn.XLOOKUP(B32,'[10]cell downs 18042026 17h'!$B:$B,'[10]cell downs 18042026 17h'!$B:$B,"") | BE32: =_xlfn.XLOOKUP(B32,'[11]Cells Huawei 19042026 15h'!$B:$B,'[11]Cells Huawei 19042026 15h'!$B:$B,"") | BF32: =_xlfn.XLOOKUP(B32,'[12]cells down 19042026 9H40'!$B:$B,'[12]cells down 19042026 9H40'!$B:$B,"") | BG32: ADM_127 | BH32: Grid-Gen
A33: KOTTO-MBANGUE-II | B33: LIT_712 | C33: =_xlfn.XLOOKUP(B33,'[1]daily break down'!$D:$D,'[1]daily break down'!$E:$E,"") -> Douala | D33: CAMUSAT | E33: Good Grid no GE - 8h | F33: LITTORAL | G33: Douala | H33: =_xlfn.XLOOKUP(B33,[2]CALCULATION!$B:$B,[2]CALCULATION!$H:$H,"") -> ZTE | I33: 0 | J33: 0 | K33: 0 | L33: 0 | M33: 0 | N33: 0 | O33: 0 | P33: 0 | Q33: 0 | R33: 0 | S33: 0 | T33: 0 | U33: 0 | V33: 0 | W33: 0 | X33: 0 | Y33: 0 | Z33: 0 | AA33: 14.565573 | AB33: 12.395193 | AC33: 24.377992 | AD33: 18.954015 | AE33: Operationnel | AG33: {=IFERROR(_xlfn.IFS( AI33="MPR ISSUE","PDH", AI33="BSS Hardware Issue","BSS", AI33="Sites strategiques, MLL, Pylone, etc.","ENVTECH", AI33="AKTIVCO DEFAUT GE & POWER Cabinet","AKTIVCO", AI33="AKTIVCO Coupure ENEO & Baisse de tension","AKTIVCO GRID ONLY", AI33="Coupure ENEO & Baisse de tension","IHS GRID ONLY", AI33="Defaut GE & POWER Cabinet","IHS", AI33="Sharing","Partners", AI33="Sites strategiques & DataCenter","SST & DC", AI33="Exclu","Exclu", AI33="SAT","SAT", AI33="SPARE-ISSUE","SPARE-ISSUE", AI33="Fiber CAmtel","TRANS_FO_CAMTEL", AI33="Fiber AOF","Fiber AOF", AI33="Projet OCM (HUAWEI)","TRAVAUX-HUAWEI", AI33="Projet OCM (NOKIA)","TRAVAUX-NOKIA", AI33="ACCESS-ISSUE","ACCESS-ISSUE", AI33="Projet OCM (ZTE, NOKIA, autres projets)","TRAVAUX OCM", AI33="No root CAuse","No root cause", AI33="ODU HS","PDH", AI33="IP & VLAN","PDH", AI33="Warehouse HUAWEI","SPARE-ISSUE", AI33="SPARE-HS","SPARE-ISSUE", AI33="Power Telco","BSS",AI33="no impacts","no impacts" ),"")} -> AKTIVCO GRID ONLY | AH33: {=IFERROR(_xlfn.IFS( AI33="MPR ISSUE","TX ISSUE", AI33="BSS Hardware Issue","RAN ISSUE", AI33="Sites strategiques, MLL, Pylone, etc.","ENVTECH", AI33="AKTIVCO DEFAUT GE & POWER Cabinet","POWER ISSUE", AI33="AKTIVCO Coupure ENEO & Baisse de tension","POWER ISSUE", AI33="Coupure ENEO & Baisse de tension","POWER ISSUE", AI33="Defaut GE & POWER Cabinet","POWER ISSUE", AI33="Sharing","POWER ISSUE", AI33="Sites strategiques & DataCenter","POWER ISSUE", AI33="Exclu","Exclu", AI33="SAT","TX ISSUE", AI33="SPARE-ISSUE","SPARE-ISSUE", AI33="Fiber CAmtel","TX ISSUE", AI33="Fiber AOF","TX ISSUE", AI33="Projet OCM (HUAWEI)","TRAVAUX-HUAWEI", AI33="Projet OCM (NOKIA)","TRAVAUX -NOKIA", AI33="ACCESS-ISSUE","ACCESS-ISSUE", AI33="Projet OCM (ZTE, NOKIA, autres projets)","TRAVAUX OCM", AI33="No root CAuse","No root cause", AI33="ODU HS","TX ISSUE", AI33="IP & VLAN","TX ISSUE", AI33="Warehouse HUAWEI","SPARE-ISSUE", AI33="SPARE-HS","SPARE-ISSUE", AI33="Power Telco","RAN ISSUE",AI33="no impacts","no impacts" ),"")} -> POWER ISSUE | AI33: AKTIVCO Coupure ENEO & Baisse de tension | AJ33: {=IFERROR(_xlfn.IFS( AI33="MPR ISSUE","ACTIVE", AI33="BSS Hardware Issue","ACTIVE", AI33="Sites strategiques, MLL, Pylone, etc.","PASSIVE", AI33="AKTIVCO DEFAUT GE & POWER Cabinet","PASSIVE", AI33="AKTIVCO Coupure ENEO & Baisse de tension","PASSIVE", AI33="Coupure ENEO & Baisse de tension","PASSIVE", AI33="Defaut GE & POWER Cabinet","PASSIVE", AI33="Sharing","PASSIVE", AI33="Sites strategiques & DataCenter","PASSIVE", AI33="Exclu","Exclu", AI33="SAT","ACTIVE", AI33="SPARE-ISSUE","SPARE-ISSUE", AI33="Fiber CAmtel","ACTIVE", AI33="Fiber AOF","ACTIVE", AI33="Projet OCM (HUAWEI)","PLANNED WORKS", AI33="Projet OCM (NOKIA)","PLANNED WORKS", AI33="ACCESS-ISSUE","ACCESS-ISSUE", AI33="Projet OCM (ZTE, NOKIA, autres projets)","PLANNED WORKS", AI33="No root CAuse","No root cause", AI33="ODU HS","ACTIVE", AI33="IP & VLAN","ACTIVE", AI33="Warehouse HUAWEI","SPARE-ISSUE", AI33="SPARE-HS","SPARE-ISSUE", AI33="Power Telco","ACTIVE", AI33="no impacts","no impacts" ),"")} -> PASSIVE | AK33: (05/03/2026 com ran 17h): 03.05.2026 CAMUSAT: Grid outage and Grid only site / Grid return awaited..;..;(05/03/2026 ticket)..INC-20260503-00005479...Others Transmission equipement fault | AL33: =B33 -> LIT_712 | AO33: =_xlfn.XLOOKUP(B33,'INCIDENT-05-03-2026'!E:E,'INCIDENT-05-03-2026'!F:F,"") | AP33: (05/03/2026 top offenders): 04.05.2026 CAMUSAT: Grid outage and Grid only site / Grid return awaited 03.05.2026 CAMUSAT: Grid outage and Grid only site / Grid return awaited | AS33: =_xlfn.XLOOKUP(B33,'[3]tt num | region | site id'!$C:$C,'[3]tt num | region | site id'!$Q:$Q,"") | AT33: =_xlfn.XLOOKUP(B33,'[4]Cells Huawei 03052026 12h'!$B:$B,'[4]Cells Huawei 03052026 12h'!$T:$T,"") | AU33: =_xlfn.XLOOKUP(B33,'[5]cells down 02052026 8h50'!$B:$B,'[5]cells down 02052026 8h50'!$R:$R,"") | AV33: =_xlfn.XLOOKUP(B33,'[5]cells down 02052026 13h50'!$B:$B,'[5]cells down 02052026 13h50'!$R:$R,"") | AW33: =_xlfn.XLOOKUP(B33,'[5]cells down 02052026 13h50'!$B:$B,'[5]cells down 02052026 13h50'!$R:$R,"") | AX33: =_xlfn.XLOOKUP(B33,'[6]cell downs 03052026 8h40 '!$B:$B,'[6]cell downs 03052026 8h40 '!$R:$R,"") | AY33: =_xlfn.XLOOKUP(B33,'[7]ALL SITES DOWN'!$D:$D,'[7]ALL SITES DOWN'!$J:$J,"") -> (05/03/2026 com ran 17h): 03.05.2026 CAMUSAT: Grid outage and Grid only site / Grid return awaited | AZ33: =_xlfn.XLOOKUP(B33,'[8]ALL SITES DOWN'!$D:$D,'[8]ALL SITES DOWN'!$J:$J,"") | BA33: =_xlfn.XLOOKUP(B33,[9]sheet1!$AC:$AC,[9]sheet1!$AF:$AF,"") -> (05/03/2026 ticket)..INC-20260503-00005479...Others Transmission equipement fault | BB33: (05/03/2026 dashbord): | BD33: =_xlfn.XLOOKUP(B33,'[10]cell downs 18042026 17h'!$B:$B,'[10]cell downs 18042026 17h'!$B:$B,"") | BE33: =_xlfn.XLOOKUP(B33,'[11]Cells Huawei 19042026 15h'!$B:$B,'[11]Cells Huawei 19042026 15h'!$B:$B,"") | BF33: =_xlfn.XLOOKUP(B33,'[12]cells down 19042026 9H40'!$B:$B,'[12]cells down 19042026 9H40'!$B:$B,"")
A34: Zileng-HIS | B34: EXN_174 | C34: =_xlfn.XLOOKUP(B34,'[1]daily break down'!$D:$D,'[1]daily break down'!$E:$E,"") -> EXTREME-NORD | D34: IHS | E34: Grid-Gen | F34: EXTREME-NORD | G34: Zileng | H34: =_xlfn.XLOOKUP(B34,[2]CALCULATION!$B:$B,[2]CALCULATION!$H:$H,"") -> NOKIA | I34: 15.903667 | J34: 3.0737402 | K34: 0.17469681 | L34: 0 | M34: 0 | N34: 0 | O34: 13.968481 | P34: 13.498932 | Q34: 9.665911 | R34: 7.8209222 | S34: 0 | T34: 106616 | U34: 13.788672 | V34: 13.164165 | W34: 23.113405 | X34: 23.113566 | Y34: 23.113459 | Z34: 23.113084 | AA34: 31.63318 | AB34: 42.90189 | AC34: 0 | AD34: 18.919874 | AE34: Insecurity | AG34: {=IFERROR(_xlfn.IFS( AI34="MPR ISSUE","PDH", AI34="BSS Hardware Issue","BSS", AI34="Sites strategiques, MLL, Pylone, etc.","ENVTECH", AI34="AKTIVCO DEFAUT GE & POWER Cabinet","AKTIVCO", AI34="AKTIVCO Coupure ENEO & Baisse de tension","AKTIVCO GRID ONLY", AI34="Coupure ENEO & Baisse de tension","IHS GRID ONLY", AI34="Defaut GE & POWER Cabinet","IHS", AI34="Sharing","Partners", AI34="Sites strategiques & DataCenter","SST & DC", AI34="Exclu","Exclu", AI34="SAT","SAT", AI34="SPARE-ISSUE","SPARE-ISSUE", AI34="Fiber CAmtel","TRANS_FO_CAMTEL", AI34="Fiber AOF","Fiber AOF", AI34="Projet OCM (HUAWEI)","TRAVAUX-HUAWEI", AI34="Projet OCM (NOKIA)","TRAVAUX-NOKIA", AI34="ACCESS-ISSUE","ACCESS-ISSUE", AI34="Projet OCM (ZTE, NOKIA, autres projets)","TRAVAUX OCM", AI34="No root CAuse","No root cause", AI34="ODU HS","PDH", AI34="IP & VLAN","PDH", AI34="Warehouse HUAWEI","SPARE-ISSUE", AI34="SPARE-HS","SPARE-ISSUE", AI34="Power Telco","BSS",AI34="no impacts","no impacts" ),"")} -> IHS | AH34: {=IFERROR(_xlfn.IFS( AI34="MPR ISSUE","TX ISSUE", AI34="BSS Hardware Issue","RAN ISSUE", AI34="Sites strategiques, MLL, Pylone, etc.","ENVTECH", AI34="AKTIVCO DEFAUT GE & POWER Cabinet","POWER ISSUE", AI34="AKTIVCO Coupure ENEO & Baisse de tension","POWER ISSUE", AI34="Coupure ENEO & Baisse de tension","POWER ISSUE", AI34="Defaut GE & POWER Cabinet","POWER ISSUE", AI34="Sharing","POWER ISSUE", AI34="Sites strategiques & DataCenter","POWER ISSUE", AI34="Exclu","Exclu", AI34="SAT","TX ISSUE", AI34="SPARE-ISSUE","SPARE-ISSUE", AI34="Fiber CAmtel","TX ISSUE", AI34="Fiber AOF","TX ISSUE", AI34="Projet OCM (HUAWEI)","TRAVAUX-HUAWEI", AI34="Projet OCM (NOKIA)","TRAVAUX -NOKIA", AI34="ACCESS-ISSUE","ACCESS-ISSUE", AI34="Projet OCM (ZTE, NOKIA, autres projets)","TRAVAUX OCM", AI34="No root CAuse","No root cause", AI34="ODU HS","TX ISSUE", AI34="IP & VLAN","TX ISSUE", AI34="Warehouse HUAWEI","SPARE-ISSUE", AI34="SPARE-HS","SPARE-ISSUE", AI34="Power Telco","RAN ISSUE",AI34="no impacts","no impacts" ),"")} -> POWER ISSUE | AI34: Defaut GE & Power Cabinet | AJ34: {=IFERROR(_xlfn.IFS( AI34="MPR ISSUE","ACTIVE", AI34="BSS Hardware Issue","ACTIVE", AI34="Sites strategiques, MLL, Pylone, etc.","PASSIVE", AI34="AKTIVCO DEFAUT GE & POWER Cabinet","PASSIVE", AI34="AKTIVCO Coupure ENEO & Baisse de tension","PASSIVE", AI34="Coupure ENEO & Baisse de tension","PASSIVE", AI34="Defaut GE & POWER Cabinet","PASSIVE", AI34="Sharing","PASSIVE", AI34="Sites strategiques & DataCenter","PASSIVE", AI34="Exclu","Exclu", AI34="SAT","ACTIVE", AI34="SPARE-ISSUE","SPARE-ISSUE", AI34="Fiber CAmtel","ACTIVE", AI34="Fiber AOF","ACTIVE", AI34="Projet OCM (HUAWEI)","PLANNED WORKS", AI34="Projet OCM (NOKIA)","PLANNED WORKS", AI34="ACCESS-ISSUE","ACCESS-ISSUE", AI34="Projet OCM (ZTE, NOKIA, autres projets)","PLANNED WORKS", AI34="No root CAuse","No root cause", AI34="ODU HS","ACTIVE", AI34="IP & VLAN","ACTIVE", AI34="Warehouse HUAWEI","SPARE-ISSUE", AI34="SPARE-HS","SPARE-ISSUE", AI34="Power Telco","ACTIVE", AI34="no impacts","no impacts" ),"")} -> PASSIVE | AK34: (05/03/2026 cell nokia): 30/04/2026 : Power issue | AL34: =B34 -> EXN_174 | AO34: =_xlfn.XLOOKUP(B34,'INCIDENT-05-03-2026'!E:E,'INCIDENT-05-03-2026'!F:F,"") | AS34: =_xlfn.XLOOKUP(B34,'[3]tt num | region | site id'!$C:$C,'[3]tt num | region | site id'!$Q:$Q,"") | AT34: =_xlfn.XLOOKUP(B34,'[4]Cells Huawei 03052026 12h'!$B:$B,'[4]Cells Huawei 03052026 12h'!$T:$T,"") | AU34: =_xlfn.XLOOKUP(B34,'[5]cells down 02052026 8h50'!$B:$B,'[5]cells down 02052026 8h50'!$R:$R,"") | AV34: =_xlfn.XLOOKUP(B34,'[5]cells down 02052026 13h50'!$B:$B,'[5]cells down 02052026 13h50'!$R:$R,"") | AW34: =_xlfn.XLOOKUP(B34,'[5]cells down 02052026 13h50'!$B:$B,'[5]cells down 02052026 13h50'!$R:$R,"") | AX34: =_xlfn.XLOOKUP(B34,'[6]cell downs 03052026 8h40 '!$B:$B,'[6]cell downs 03052026 8h40 '!$R:$R,"") -> (05/03/2026 cell nokia): 30/04/2026 : Power issue | AY34: =_xlfn.XLOOKUP(B34,'[7]ALL SITES DOWN'!$D:$D,'[7]ALL SITES DOWN'!$J:$J,"") | AZ34: =_xlfn.XLOOKUP(B34,'[8]ALL SITES DOWN'!$D:$D,'[8]ALL SITES DOWN'!$J:$J,"") | BA34: =_xlfn.XLOOKUP(B34,[9]sheet1!$AC:$AC,[9]sheet1!$AF:$AF,"") | BD34: =_xlfn.XLOOKUP(B34,'[10]cell downs 18042026 17h'!$B:$B,'[10]cell downs 18042026 17h'!$B:$B,"") -> EXN_174 | BE34: =_xlfn.XLOOKUP(B34,'[11]Cells Huawei 19042026 15h'!$B:$B,'[11]Cells Huawei 19042026 15h'!$B:$B,"") | BF34: =_xlfn.XLOOKUP(B34,'[12]cells down 19042026 9H40'!$B:$B,'[12]cells down 19042026 9H40'!$B:$B,"") | BG34: EXN_174
A35: Bobongo-II | B35: LIT_568 | C35: =_xlfn.XLOOKUP(B35,'[1]daily break down'!$D:$D,'[1]daily break down'!$E:$E,"") -> Douala | D35: CAMUSAT | E35: Good Grid + GE | F35: LITTORAL | G35: Douala | H35: =_xlfn.XLOOKUP(B35,[2]CALCULATION!$B:$B,[2]CALCULATION!$H:$H,"") -> ZTE | I35: 0.34382464 | J35: 19.009197 | K35: 7.3239036 | L35: 17.354762 | M35: 6.6103399 | N35: 5.9929252 | O35: 3.8014399 | P35: 9.5327959 | Q35: 1.8696334 | R35: 8.703108 | S35: 2.3639683 | T35: 0 | U35: 0 | V35: 3.9015304 | W35: 0 | X35: 10.663754 | Y35: 49.104715 | Z35: 4.4858789 | AA35: 11.801009 | AB35: 10.117885 | AC35: 26.027063 | AD35: 18.654689 | AE35: Operationnel | AG35: {=IFERROR(_xlfn.IFS( AI35="MPR ISSUE","PDH", AI35="BSS Hardware Issue","BSS", AI35="Sites strategiques, MLL, Pylone, etc.","ENVTECH", AI35="AKTIVCO DEFAUT GE & POWER Cabinet","AKTIVCO", AI35="AKTIVCO Coupure ENEO & Baisse de tension","AKTIVCO GRID ONLY", AI35="Coupure ENEO & Baisse de tension","IHS GRID ONLY", AI35="Defaut GE & POWER Cabinet","IHS", AI35="Sharing","Partners", AI35="Sites strategiques & DataCenter","SST & DC", AI35="Exclu","Exclu", AI35="SAT","SAT", AI35="SPARE-ISSUE","SPARE-ISSUE", AI35="Fiber CAmtel","TRANS_FO_CAMTEL", AI35="Fiber AOF","Fiber AOF", AI35="Projet OCM (HUAWEI)","TRAVAUX-HUAWEI", AI35="Projet OCM (NOKIA)","TRAVAUX-NOKIA", AI35="ACCESS-ISSUE","ACCESS-ISSUE", AI35="Projet OCM (ZTE, NOKIA, autres projets)","TRAVAUX OCM", AI35="No root CAuse","No root cause", AI35="ODU HS","PDH", AI35="IP & VLAN","PDH", AI35="Warehouse HUAWEI","SPARE-ISSUE", AI35="SPARE-HS","SPARE-ISSUE", AI35="Power Telco","BSS",AI35="no impacts","no impacts" ),"")} -> ACCESS-ISSUE | AH35: {=IFERROR(_xlfn.IFS( AI35="MPR ISSUE","TX ISSUE", AI35="BSS Hardware Issue","RAN ISSUE", AI35="Sites strategiques, MLL, Pylone, etc.","ENVTECH", AI35="AKTIVCO DEFAUT GE & POWER Cabinet","POWER ISSUE", AI35="AKTIVCO Coupure ENEO & Baisse de tension","POWER ISSUE", AI35="Coupure ENEO & Baisse de tension","POWER ISSUE", AI35="Defaut GE & POWER Cabinet","POWER ISSUE", AI35="Sharing","POWER ISSUE", AI35="Sites strategiques & DataCenter","POWER ISSUE", AI35="Exclu","Exclu", AI35="SAT","TX ISSUE", AI35="SPARE-ISSUE","SPARE-ISSUE", AI35="Fiber CAmtel","TX ISSUE", AI35="Fiber AOF","TX ISSUE", AI35="Projet OCM (HUAWEI)","TRAVAUX-HUAWEI", AI35="Projet OCM (NOKIA)","TRAVAUX -NOKIA", AI35="ACCESS-ISSUE","ACCESS-ISSUE", AI35="Projet OCM (ZTE, NOKIA, autres projets)","TRAVAUX OCM", AI35="No root CAuse","No root cause", AI35="ODU HS","TX ISSUE", AI35="IP & VLAN","TX ISSUE", AI35="Warehouse HUAWEI","SPARE-ISSUE", AI35="SPARE-HS","SPARE-ISSUE", AI35="Power Telco","RAN ISSUE",AI35="no impacts","no impacts" ),"")} -> ACCESS-ISSUE | AI35: ACCESS-ISSUE | AJ35: {=IFERROR(_xlfn.IFS( AI35="MPR ISSUE","ACTIVE", AI35="BSS Hardware Issue","ACTIVE", AI35="Sites strategiques, MLL, Pylone, etc.","PASSIVE", AI35="AKTIVCO DEFAUT GE & POWER Cabinet","PASSIVE", AI35="AKTIVCO Coupure ENEO & Baisse de tension","PASSIVE", AI35="Coupure ENEO & Baisse de tension","PASSIVE", AI35="Defaut GE & POWER Cabinet","PASSIVE", AI35="Sharing","PASSIVE", AI35="Sites strategiques & DataCenter","PASSIVE", AI35="Exclu","Exclu", AI35="SAT","ACTIVE", AI35="SPARE-ISSUE","SPARE-ISSUE", AI35="Fiber CAmtel","ACTIVE", AI35="Fiber AOF","ACTIVE", AI35="Projet OCM (HUAWEI)","PLANNED WORKS", AI35="Projet OCM (NOKIA)","PLANNED WORKS", AI35="ACCESS-ISSUE","ACCESS-ISSUE", AI35="Projet OCM (ZTE, NOKIA, autres projets)","PLANNED WORKS", AI35="No root CAuse","No root cause", AI35="ODU HS","ACTIVE", AI35="IP & VLAN","ACTIVE", AI35="Warehouse HUAWEI","SPARE-ISSUE", AI35="SPARE-HS","SPARE-ISSUE", AI35="Power Telco","ACTIVE", AI35="no impacts","no impacts" ),"")} -> ACCESS-ISSUE | AK35: (05/043/2026 groupe whatsapp ):LIT_568_Z_Bobongo-II(LIT-568): 03/05/2026 Unknow /FME signal l'insécurité dans cette zone située derrière l'aéroport. il ira sur site le matin | AL35: =B35 -> LIT_568 | AO35: =_xlfn.XLOOKUP(B35,'INCIDENT-05-03-2026'!E:E,'INCIDENT-05-03-2026'!F:F,"") | AP35: (05/03/2026 top offenders): | AS35: =_xlfn.XLOOKUP(B35,'[3]tt num | region | site id'!$C:$C,'[3]tt num | region | site id'!$Q:$Q,"") | AT35: =_xlfn.XLOOKUP(B35,'[4]Cells Huawei 03052026 12h'!$B:$B,'[4]Cells Huawei 03052026 12h'!$T:$T,"") | AU35: =_xlfn.XLOOKUP(B35,'[5]cells down 02052026 8h50'!$B:$B,'[5]cells down 02052026 8h50'!$R:$R,"") | AV35: =_xlfn.XLOOKUP(B35,'[5]cells down 02052026 13h50'!$B:$B,'[5]cells down 02052026 13h50'!$R:$R,"") | AW35: =_xlfn.XLOOKUP(B35,'[5]cells down 02052026 13h50'!$B:$B,'[5]cells down 02052026 13h50'!$R:$R,"") | AX35: =_xlfn.XLOOKUP(B35,'[6]cell downs 03052026 8h40 '!$B:$B,'[6]cell downs 03052026 8h40 '!$R:$R,"") | AY35: =_xlfn.XLOOKUP(B35,'[7]ALL SITES DOWN'!$D:$D,'[7]ALL SITES DOWN'!$J:$J,"") | AZ35: =_xlfn.XLOOKUP(B35,'[8]ALL SITES DOWN'!$D:$D,'[8]ALL SITES DOWN'!$J:$J,"") | BA35: =_xlfn.XLOOKUP(B35,[9]sheet1!$AC:$AC,[9]sheet1!$AF:$AF,"") | BB35: (05/03/2026 dashbord): | BD35: =_xlfn.XLOOKUP(B35,'[10]cell downs 18042026 17h'!$B:$B,'[10]cell downs 18042026 17h'!$B:$B,"") | BE35: =_xlfn.XLOOKUP(B35,'[11]Cells Huawei 19042026 15h'!$B:$B,'[11]Cells Huawei 19042026 15h'!$B:$B,"") | BF35: =_xlfn.XLOOKUP(B35,'[12]cells down 19042026 9H40'!$B:$B,'[12]cells down 19042026 9H40'!$B:$B,"")
